market,corp,date,item,variety,unit,grade,origin,qty,price,price_min,price_max,price_avg,granularity
구리,농협공판장,20250701,오이,백다다기,10.00kg,특,강원 춘천시 신북읍,2,14500,,,,trade
구리,농협공판장,20250701,오이,백다다기,10.00kg,특,경기 포천시 일동면 사직리,10,5500,,,,trade
구리,농협공판장,20250701,오이,백다다기,10.00kg,상,경기 포천시 일동면 사직리,7,1500,,,,trade
구리,농협공판장,20250701,오이,백다다기,8.00kg,등외,경기 연천군 군남면 삼거리,2,2500,,,,trade
구리,농협공판장,20250701,오이,백다다기,8.00kg,특,경기 연천군 군남면 삼거리,6,4500,,,,trade
구리,농협공판장,20250701,오이,백다다기,8.00kg,특,경기 연천군 군남면 삼거리,10,7200,,,,trade
구리,농협공판장,20250701,오이,백다다기,8.00kg,등외,경기 연천군 군남면 삼거리,11,3000,,,,trade
구리,농협공판장,20250701,오이,백다다기,8.00kg,특,경기 연천군 군남면 삼거리,22,7000,,,,trade
구리,농협공판장,20250701,오이,백다다기,8.00kg,특,경기 연천군 군남면 삼거리,39,8800,,,,trade
구리,농협공판장,20250701,오이,백다다기,8.00kg,특,경기 연천군 군남면 삼거리,1,4000,,,,trade
구리,농협공판장,20250701,오이,백다다기,8.00kg,특,경기 연천군 군남면 삼거리,2,6200,,,,trade
구리,농협공판장,20250701,오이,백다다기,8.00kg,특,경기 연천군 군남면 삼거리,7,8000,,,,trade
구리,농협공판장,20250701,오이,백다다기,8.00kg,특,경기 연천군 군남면 삼거리,20,12100,,,,trade
구리,농협공판장,20250701,오이,백다다기,8.00kg,상,경기 연천군 군남면 삼거리,3,8000,,,,trade
구리,농협공판장,20250701,오이,백다다기,8.00kg,특,경기 연천군 군남면 삼거리,3,10000,,,,trade
구리,농협공판장,20250701,오이,백다다기,8.00kg,상,경기 연천군 군남면 삼거리,4,7200,,,,trade
구리,농협공판장,20250701,오이,백다다기,8.00kg,특,경기 연천군 군남면 삼거리,5,12600,,,,trade
구리,농협공판장,20250701,오이,백다다기,8.00kg,특,경기 연천군 군남면 삼거리,11,13600,,,,trade
구리,농협공판장,20250701,오이,백다다기,8.00kg,특,경기 연천군 군남면 삼거리,28,13000,,,,trade
구리,농협공판장,20250701,오이,백다다기,8.00kg,특,경기 연천군 군남면 삼거리,1,6200,,,,trade
구리,농협공판장,20250701,오이,백다다기,8.00kg,특,경기 연천군 군남면 삼거리,30,12300,,,,trade
구리,농협공판장,20250701,오이,백다다기,8.00kg,특,경기 수원시 팔달구 인계동1111∼1140,50,8000,,,,trade
구리,농협공판장,20250701,오이,백다다기,8.00kg,특,경기 수원시 팔달구 인계동1111∼1140,50,8500,,,,trade
구리,농협공판장,20250701,오이,백다다기,8.00kg,등외,경기 포천시 가산면,8,2500,,,,trade
구리,농협공판장,20250701,오이,백다다기,8.00kg,특,경기 포천시 가산면,24,10100,,,,trade
구리,농협공판장,20250701,오이,백다다기,8.00kg,특,경기 파주시 법원읍,13,10100,,,,trade
구리,농협공판장,20250701,오이,백다다기,8.00kg,특,경기 파주시 법원읍,9,10600,,,,trade
구리,농협공판장,20250701,오이,백다다기,8.00kg,특,경기 파주시 법원읍,20,10600,,,,trade
구리,농협공판장,20250701,오이,백다다기,8.00kg,특,경기 파주시 법원읍,12,10000,,,,trade
구리,농협공판장,20250701,오이,백다다기,8.00kg,특,경기 파주시 법원읍,9,10000,,,,trade
구리,농협공판장,20250701,오이,백다다기,8.00kg,특,경기 파주시 법원읍,78,9100,,,,trade
구리,농협공판장,20250701,오이,백다다기,8.00kg,특,경기 파주시 법원읍,78,9000,,,,trade
구리,농협공판장,20250701,오이,백다다기,10.00kg,특,경기 파주시 법원읍,18,10000,,,,trade
구리,농협공판장,20250701,오이,백다다기,10.00kg,특,경기 파주시 법원읍,17,10000,,,,trade
구리,농협공판장,20250701,오이,백다다기,10.00kg,특,충남 천안시 동남구 천안우체국사서함,23,11000,,,,trade
구리,농협공판장,20250701,오이,백다다기,10.00kg,특,충남 천안시 동남구 천안우체국사서함,38,12500,,,,trade
구리,농협공판장,20250701,오이,백다다기,10.00kg,특,충남 천안시 동남구 천안우체국사서함,1,2000,,,,trade
구리,농협공판장,20250701,오이,백다다기,10.00kg,특,충남 천안시 동남구 천안우체국사서함,63,11000,,,,trade
구리,농협공판장,20250701,오이,백다다기,10.00kg,특,충남 천안시 동남구 천안우체국사서함,37,12000,,,,trade
구리,농협공판장,20250701,오이,백다다기,10.00kg,특,충남 천안시 동남구 천안우체국사서함,36,12000,,,,trade
구리,농협공판장,20250701,오이,백다다기,10.00kg,특,충남 천안시 동남구 천안우체국사서함,41,12000,,,,trade
구리,농협공판장,20250701,오이,백다다기,10.00kg,특,충남 천안시 동남구 천안우체국사서함,60,12000,,,,trade
구리,농협공판장,20250701,오이,백다다기,10.00kg,특,충남 천안시 동남구 천안우체국사서함,47,11500,,,,trade
구리,농협공판장,20250701,오이,백다다기,10.00kg,특,충남 천안시 동남구 천안우체국사서함,50,11500,,,,trade
구리,농협공판장,20250701,오이,백다다기,10.00kg,특,충남 천안시 동남구 천안우체국사서함,55,9000,,,,trade
구리,농협공판장,20250701,오이,백다다기,10.00kg,특,경기 양평군 청운면,1,5000,,,,trade
구리,농협공판장,20250701,오이,백다다기,10.00kg,특,경기 양평군 청운면,35,12000,,,,trade
구리,농협공판장,20250701,오이,백다다기,10.00kg,특,경기 양평군 청운면,35,12500,,,,trade
구리,농협공판장,20250701,오이,백다다기,10.00kg,특,경기 양평군 청운면,32,12000,,,,trade
구리,농협공판장,20250701,오이,백다다기,10.00kg,특,경기 양평군 청운면,40,11000,,,,trade
구리,농협공판장,20250701,오이,백다다기,10.00kg,특,경기 양평군 청운면,40,11000,,,,trade
구리,농협공판장,20250701,오이,백다다기,10.00kg,특,경기 양평군 청운면,37,11000,,,,trade
구리,농협공판장,20250701,오이,백다다기,18.00kg,상,강원 춘천시 신북읍,9,11000,,,,trade
구리,농협공판장,20250701,오이,백다다기,10.00kg,특,강원 춘천시 신북읍,52,14500,,,,trade
구리,농협공판장,20250701,오이,백다다기,10.00kg,상,경기 수원시 팔달구 인계동1111∼1140,2,4000,,,,trade
구리,농협공판장,20250701,오이,백다다기,10.00kg,특,경기 수원시 팔달구 인계동1111∼1140,4,10000,,,,trade
구리,농협공판장,20250701,오이,백다다기,10.00kg,특,경기 남양주시 별내면 광전2리,5,6000,,,,trade
구리,농협공판장,20250701,오이,백다다기,10.00kg,특,경기 남양주시 별내면 광전2리,17,14000,,,,trade
구리,농협공판장,20250701,오이,백다다기,18.00kg,특,강원 춘천시 춘천우체국사서함,13,9000,,,,trade
구리,농협공판장,20250701,오이,백다다기,18.00kg,상,강원 홍천군 서석면 풍암리,2,11000,,,,trade
구리,농협공판장,20250701,오이,백다다기,18.00kg,상,강원 홍천군 서석면 풍암리,2,12000,,,,trade
구리,농협공판장,20250701,오이,백다다기,18.00kg,상,강원 홍천군 서석면 풍암리,2,11000,,,,trade
구리,농협공판장,20250701,오이,백다다기,18.00kg,상,강원 홍천군 서석면 풍암리,4,11000,,,,trade
구리,농협공판장,20250701,오이,백다다기,18.00kg,상,강원 홍천군 서석면 풍암리,3,11000,,,,trade
구리,농협공판장,20250701,오이,백다다기,18.00kg,상,강원 홍천군 서석면 풍암리,1,4000,,,,trade
구리,농협공판장,20250701,오이,백다다기,18.00kg,상,강원 홍천군 서석면 풍암리,1,12000,,,,trade
구리,농협공판장,20250701,오이,백다다기,18.00kg,상,강원 홍천군 서석면 풍암리,2,12000,,,,trade
구리,농협공판장,20250701,오이,백다다기,18.00kg,상,강원 홍천군 서석면 풍암리,2,12000,,,,trade
구리,농협공판장,20250701,오이,백다다기,18.00kg,상,강원 홍천군 서석면 풍암리,1,11000,,,,trade
구리,농협공판장,20250701,오이,백다다기,18.00kg,특,강원 홍천군 서석면 풍암리,1,14000,,,,trade
구리,농협공판장,20250701,오이,백다다기,18.00kg,특,강원 홍천군 서석면 풍암리,1,12000,,,,trade
구리,농협공판장,20250701,오이,백다다기,18.00kg,특,강원 홍천군 서석면 풍암리,5,16000,,,,trade
구리,농협공판장,20250701,오이,백다다기,18.00kg,특,강원 홍천군 서석면 풍암리,4,13000,,,,trade
구리,농협공판장,20250701,오이,백다다기,18.00kg,특,강원 홍천군 서석면 풍암리,10,13000,,,,trade
구리,농협공판장,20250701,오이,백다다기,18.00kg,특,강원 홍천군 서석면 풍암리,14,18000,,,,trade
구리,농협공판장,20250701,오이,백다다기,18.00kg,특,강원 홍천군 서석면 풍암리,12,17000,,,,trade
구리,농협공판장,20250701,오이,백다다기,18.00kg,특,강원 홍천군 서석면 풍암리,15,22000,,,,trade
구리,농협공판장,20250701,오이,백다다기,18.00kg,특,강원 홍천군 서석면 풍암리,3,16000,,,,trade
구리,농협공판장,20250701,오이,백다다기,18.00kg,특,강원 홍천군 서석면 풍암리,4,24000,,,,trade
구리,농협공판장,20250701,오이,백다다기,18.00kg,특,강원 홍천군 서석면 풍암리,8,18000,,,,trade
구리,농협공판장,20250701,오이,백다다기,18.00kg,특,강원 홍천군 서석면 풍암리,11,17000,,,,trade
구리,농협공판장,20250701,오이,백다다기,18.00kg,특,강원 홍천군 서석면 풍암리,23,14000,,,,trade
구리,농협공판장,20250701,오이,백다다기,10.00kg,상,강원 홍천군 서석면 풍암리,2,6000,,,,trade
구리,농협공판장,20250701,오이,백다다기,10.00kg,상,강원 홍천군 서석면 풍암리,6,6000,,,,trade
구리,농협공판장,20250701,오이,백다다기,10.00kg,특,강원 홍천군 서석면 풍암리,7,8000,,,,trade
구리,농협공판장,20250701,오이,백다다기,10.00kg,특,강원 홍천군 서석면 풍암리,6,16000,,,,trade
구리,농협공판장,20250701,오이,백다다기,10.00kg,특,강원 홍천군 서석면 풍암리,21,16500,,,,trade
구리,농협공판장,20250701,오이,백다다기,10.00kg,특,강원 홍천군 서석면 풍암리,16,17500,,,,trade
구리,농협공판장,20250701,오이,백다다기,10.00kg,특,강원 홍천군 서석면 풍암리,1,8000,,,,trade
구리,농협공판장,20250701,오이,백다다기,10.00kg,특,강원 홍천군 서석면 풍암리,2,14000,,,,trade
구리,농협공판장,20250701,오이,백다다기,10.00kg,특,강원 홍천군 서석면 풍암리,9,17500,,,,trade
구리,농협공판장,20250701,오이,백다다기,10.00kg,특,강원 홍천군 서석면 풍암리,5,10500,,,,trade
구리,농협공판장,20250701,오이,백다다기,10.00kg,특,강원 홍천군 서석면 풍암리,1,11000,,,,trade
구리,농협공판장,20250701,오이,백다다기,10.00kg,특,강원 홍천군 서석면 풍암리,8,12500,,,,trade
구리,농협공판장,20250701,오이,백다다기,10.00kg,특,강원 홍천군 서석면 풍암리,16,15000,,,,trade
구리,농협공판장,20250701,오이,백다다기,10.00kg,특,강원 홍천군 서석면 풍암리,12,12000,,,,trade
구리,농협공판장,20250701,오이,백다다기,10.00kg,특,강원 홍천군 서석면 풍암리,48,13500,,,,trade
구리,농협공판장,20250701,오이,백다다기,10.00kg,특,강원 홍천군 서석면 풍암리,2,11000,,,,trade
구리,농협공판장,20250701,오이,백다다기,10.00kg,특,강원 홍천군 서석면 풍암리,3,14000,,,,trade
구리,농협공판장,20250701,오이,백다다기,10.00kg,특,강원 홍천군 서석면 풍암리,7,14000,,,,trade
구리,농협공판장,20250701,오이,백다다기,10.00kg,특,강원 홍천군 서석면 풍암리,1,14000,,,,trade
구리,농협공판장,20250701,오이,백다다기,10.00kg,특,강원 홍천군 서석면 풍암리,41,17500,,,,trade
구리,농협공판장,20250701,오이,백다다기,10.00kg,특,충남 천안시 동남구 천안우체국사서함,31,13000,,,,trade
구리,농협공판장,20250703,오이,백다다기,18.00kg,상,경기도 남양주시,4,4000,,,,trade
구리,농협공판장,20250703,오이,백다다기,8.00kg,특,경기 연천군 군남면 삼거리,10,14500,,,,trade
구리,농협공판장,20250703,오이,백다다기,8.00kg,특,경기 연천군 군남면 삼거리,2,9000,,,,trade
구리,농협공판장,20250703,오이,백다다기,8.00kg,특,경기 연천군 군남면 삼거리,24,13000,,,,trade
구리,농협공판장,20250703,오이,백다다기,8.00kg,상,경기 연천군 군남면 삼거리,2,9600,,,,trade
구리,농협공판장,20250703,오이,백다다기,8.00kg,특,경기 연천군 군남면 삼거리,4,11600,,,,trade
구리,농협공판장,20250703,오이,백다다기,8.00kg,특,경기 연천군 군남면 삼거리,11,13000,,,,trade
구리,농협공판장,20250703,오이,백다다기,8.00kg,등외,경기 연천군 군남면 삼거리,2,3000,,,,trade
구리,농협공판장,20250703,오이,백다다기,8.00kg,특,경기 연천군 군남면 삼거리,1,3000,,,,trade
구리,농협공판장,20250703,오이,백다다기,8.00kg,특,경기 연천군 군남면 삼거리,3,3000,,,,trade
구리,농협공판장,20250703,오이,백다다기,8.00kg,특,경기 연천군 군남면 삼거리,4,3000,,,,trade
구리,농협공판장,20250703,오이,백다다기,8.00kg,상,경기 연천군 군남면 삼거리,6,10000,,,,trade
구리,농협공판장,20250703,오이,백다다기,8.00kg,특,경기 연천군 군남면 삼거리,10,13000,,,,trade
구리,농협공판장,20250703,오이,백다다기,8.00kg,등외,경기 연천군 군남면 삼거리,9,3000,,,,trade
구리,농협공판장,20250703,오이,백다다기,8.00kg,특,경기 연천군 군남면 삼거리,11,5600,,,,trade
구리,농협공판장,20250703,오이,백다다기,8.00kg,특,경기 연천군 군남면 삼거리,28,9000,,,,trade
구리,농협공판장,20250703,오이,백다다기,8.00kg,특,경기 연천군 군남면 삼거리,28,13200,,,,trade
구리,농협공판장,20250703,오이,백다다기,8.00kg,특,경기 연천군 군남면 삼거리,16,14000,,,,trade
구리,농협공판장,20250703,오이,백다다기,8.00kg,특,경기 구리시 인창동  구리농수산물시장,8,7000,,,,trade
구리,농협공판장,20250703,오이,백다다기,8.00kg,특,경기 파주시 법원읍,22,12600,,,,trade
구리,농협공판장,20250703,오이,백다다기,8.00kg,특,경기 파주시 법원읍,8,11500,,,,trade
구리,농협공판장,20250703,오이,백다다기,8.00kg,특,경기 파주시 법원읍,68,11000,,,,trade
구리,농협공판장,20250703,오이,백다다기,10.00kg,특,경기 파주시 법원읍,6,10500,,,,trade
구리,농협공판장,20250703,오이,백다다기,10.00kg,상,경기 남양주시 별내면 광전2리,5,9000,,,,trade
구리,농협공판장,20250703,오이,백다다기,10.00kg,특,경기 남양주시 별내면 광전2리,7,18000,,,,trade
구리,농협공판장,20250703,오이,백다다기,10.00kg,상,경기 양평군 청운면,16,5000,,,,trade
구리,농협공판장,20250703,오이,백다다기,10.00kg,특,경기 양평군 청운면,25,13000,,,,trade
구리,농협공판장,20250703,오이,백다다기,18.00kg,특,경기 양평군 청운면,1,11000,,,,trade
구리,농협공판장,20250703,오이,백다다기,10.00kg,특,경기 양평군 청운면,29,13000,,,,trade
구리,농협공판장,20250703,오이,백다다기,10.00kg,특,경기 양평군 청운면,30,13000,,,,trade
구리,농협공판장,20250703,오이,백다다기,10.00kg,특,경기 양평군 청운면,50,12000,,,,trade
구리,농협공판장,20250703,오이,백다다기,18.00kg,상,강원 춘천시 신북읍,6,8000,,,,trade
구리,농협공판장,20250703,오이,백다다기,10.00kg,특,강원 춘천시 신북읍,25,11000,,,,trade
구리,농협공판장,20250703,오이,백다다기,18.00kg,상,강원 홍천군 북방면 하화계리 주하이트맥주,8,7000,,,,trade
구리,농협공판장,20250703,오이,백다다기,10.00kg,특,강원 홍천군 북방면 하화계리 주하이트맥주,41,13500,,,,trade
구리,농협공판장,20250703,오이,백다다기,10.00kg,특,경기 남양주시 별내면 광전2리,1,3000,,,,trade
구리,농협공판장,20250703,오이,백다다기,10.00kg,특,경기 남양주시 별내면 광전2리,5,3000,,,,trade
구리,농협공판장,20250703,오이,백다다기,10.00kg,특,경기 남양주시 별내면 광전2리,20,13000,,,,trade
구리,농협공판장,20250703,오이,백다다기,18.00kg,특,강원 춘천시 춘천우체국사서함,19,11000,,,,trade
구리,농협공판장,20250703,오이,백다다기,18.00kg,상,강원 홍천군 서석면 풍암리,2,12000,,,,trade
구리,농협공판장,20250703,오이,백다다기,18.00kg,상,강원 홍천군 서석면 풍암리,4,12000,,,,trade
구리,농협공판장,20250703,오이,백다다기,18.00kg,상,강원 홍천군 서석면 풍암리,6,9000,,,,trade
구리,농협공판장,20250703,오이,백다다기,18.00kg,상,강원 홍천군 서석면 풍암리,3,12000,,,,trade
구리,농협공판장,20250703,오이,백다다기,18.00kg,상,강원 홍천군 서석면 풍암리,2,12000,,,,trade
구리,농협공판장,20250703,오이,백다다기,18.00kg,상,강원 홍천군 서석면 풍암리,3,9000,,,,trade
구리,농협공판장,20250703,오이,백다다기,18.00kg,상,강원 홍천군 서석면 풍암리,5,11000,,,,trade
구리,농협공판장,20250703,오이,백다다기,18.00kg,상,강원 홍천군 서석면 풍암리,1,10000,,,,trade
구리,농협공판장,20250703,오이,백다다기,18.00kg,상,강원 홍천군 서석면 풍암리,6,9000,,,,trade
구리,농협공판장,20250703,오이,백다다기,10.00kg,상,강원 홍천군 서석면 풍암리,7,6000,,,,trade
구리,농협공판장,20250703,오이,백다다기,10.00kg,상,강원 홍천군 서석면 풍암리,12,6000,,,,trade
구리,농협공판장,20250703,오이,백다다기,18.00kg,특,강원 홍천군 서석면 풍암리,4,14000,,,,trade
구리,농협공판장,20250703,오이,백다다기,18.00kg,특,강원 홍천군 서석면 풍암리,4,16000,,,,trade
구리,농협공판장,20250703,오이,백다다기,18.00kg,특,강원 홍천군 서석면 풍암리,2,16000,,,,trade
구리,농협공판장,20250703,오이,백다다기,18.00kg,특,강원 홍천군 서석면 풍암리,7,15000,,,,trade
구리,농협공판장,20250703,오이,백다다기,18.00kg,특,강원 홍천군 서석면 풍암리,5,15000,,,,trade
구리,농협공판장,20250703,오이,백다다기,18.00kg,특,강원 홍천군 서석면 풍암리,2,18000,,,,trade
구리,농협공판장,20250703,오이,백다다기,18.00kg,특,강원 홍천군 서석면 풍암리,26,12000,,,,trade
구리,농협공판장,20250703,오이,백다다기,18.00kg,특,강원 홍천군 서석면 풍암리,16,20000,,,,trade
구리,농협공판장,20250703,오이,백다다기,18.00kg,특,강원 홍천군 서석면 풍암리,22,20000,,,,trade
구리,농협공판장,20250703,오이,백다다기,18.00kg,특,강원 홍천군 서석면 풍암리,21,12000,,,,trade
구리,농협공판장,20250703,오이,백다다기,18.00kg,특,강원 홍천군 서석면 풍암리,6,23000,,,,trade
구리,농협공판장,20250703,오이,백다다기,18.00kg,특,강원 홍천군 서석면 풍암리,12,19000,,,,trade
구리,농협공판장,20250703,오이,백다다기,10.00kg,특,강원 홍천군 서석면 풍암리,2,11000,,,,trade
구리,농협공판장,20250703,오이,백다다기,10.00kg,특,강원 홍천군 서석면 풍암리,16,18000,,,,trade
구리,농협공판장,20250703,오이,백다다기,10.00kg,특,강원 홍천군 서석면 풍암리,16,13000,,,,trade
구리,농협공판장,20250703,오이,백다다기,10.00kg,특,강원 홍천군 서석면 풍암리,12,15000,,,,trade
구리,농협공판장,20250703,오이,백다다기,10.00kg,특,강원 홍천군 서석면 풍암리,1,10000,,,,trade
구리,농협공판장,20250703,오이,백다다기,10.00kg,특,강원 홍천군 서석면 풍암리,1,10500,,,,trade
구리,농협공판장,20250703,오이,백다다기,10.00kg,특,강원 홍천군 서석면 풍암리,5,7000,,,,trade
구리,농협공판장,20250703,오이,백다다기,10.00kg,특,강원 홍천군 서석면 풍암리,35,14500,,,,trade
구리,농협공판장,20250703,오이,백다다기,10.00kg,특,강원 홍천군 서석면 풍암리,21,14000,,,,trade
구리,농협공판장,20250703,오이,백다다기,10.00kg,특,강원 홍천군 서석면 풍암리,7,8000,,,,trade
구리,농협공판장,20250703,오이,백다다기,10.00kg,특,강원 홍천군 서석면 풍암리,4,13000,,,,trade
구리,농협공판장,20250703,오이,백다다기,10.00kg,특,강원 홍천군 서석면 풍암리,21,10000,,,,trade
구리,농협공판장,20250703,오이,백다다기,10.00kg,특,강원 홍천군 서석면 풍암리,1,13000,,,,trade
구리,농협공판장,20250703,오이,백다다기,10.00kg,특,강원 홍천군 서석면 풍암리,8,16000,,,,trade
구리,농협공판장,20250703,오이,백다다기,10.00kg,특,강원 홍천군 서석면 풍암리,28,12000,,,,trade
구리,농협공판장,20250703,오이,백다다기,10.00kg,특,강원 홍천군 서석면 풍암리,1,12000,,,,trade
구리,농협공판장,20250703,오이,백다다기,10.00kg,특,강원 홍천군 서석면 풍암리,11,12500,,,,trade
구리,농협공판장,20250703,오이,백다다기,10.00kg,특,강원 홍천군 서석면 풍암리,20,16500,,,,trade
구리,농협공판장,20250703,오이,백다다기,10.00kg,특,강원 홍천군 서석면 풍암리,4,10000,,,,trade
구리,농협공판장,20250703,오이,백다다기,10.00kg,특,강원 홍천군 서석면 풍암리,30,13000,,,,trade
구리,농협공판장,20250703,오이,백다다기,10.00kg,특,강원 홍천군 서석면 풍암리,2,11000,,,,trade
구리,농협공판장,20250703,오이,백다다기,10.00kg,특,강원 홍천군 서석면 풍암리,6,13000,,,,trade
구리,농협공판장,20250703,오이,백다다기,18.00kg,특,서울특별시,1,36400,,,,trade
구리,농협공판장,20250708,오이,백다다기,8.00kg,특,경기 연천군 군남면 삼거리,3,4000,,,,trade
구리,농협공판장,20250708,오이,백다다기,8.00kg,특,경기 연천군 군남면 삼거리,10,5000,,,,trade
구리,농협공판장,20250708,오이,백다다기,8.00kg,등외,경기 연천군 군남면 삼거리,18,3000,,,,trade
구리,농협공판장,20250708,오이,백다다기,8.00kg,특,경기 연천군 군남면 삼거리,24,6600,,,,trade
구리,농협공판장,20250708,오이,백다다기,8.00kg,특,경기 연천군 군남면 삼거리,43,8000,,,,trade
구리,농협공판장,20250708,오이,백다다기,8.00kg,특,경기 연천군 군남면 삼거리,37,11000,,,,trade
구리,농협공판장,20250708,오이,백다다기,8.00kg,특,경기 연천군 군남면 삼거리,13,13000,,,,trade
구리,농협공판장,20250708,오이,백다다기,8.00kg,특,경기 연천군 군남면 삼거리,1,14500,,,,trade
구리,농협공판장,20250708,오이,백다다기,8.00kg,상,경기 연천군 군남면 삼거리,3,7200,,,,trade
구리,농협공판장,20250708,오이,백다다기,8.00kg,특,경기 연천군 군남면 삼거리,6,10700,,,,trade
구리,농협공판장,20250708,오이,백다다기,8.00kg,특,경기 연천군 군남면 삼거리,2,9500,,,,trade
구리,농협공판장,20250708,오이,백다다기,8.00kg,특,경기 연천군 군남면 삼거리,6,12000,,,,trade
구리,농협공판장,20250708,오이,백다다기,8.00kg,특,경기 연천군 군남면 삼거리,12,14200,,,,trade
구리,농협공판장,20250708,오이,백다다기,8.00kg,특,경기 연천군 군남면 삼거리,33,12500,,,,trade
구리,농협공판장,20250708,오이,백다다기,8.00kg,특,경기 연천군 군남면 삼거리,13,12000,,,,trade
구리,농협공판장,20250708,오이,백다다기,8.00kg,상,경기 연천군 군남면 삼거리,3,6500,,,,trade
구리,농협공판장,20250708,오이,백다다기,8.00kg,특,경기 연천군 군남면 삼거리,6,10000,,,,trade
구리,농협공판장,20250708,오이,백다다기,8.00kg,특,경기 연천군 군남면 삼거리,15,11300,,,,trade
구리,농협공판장,20250708,오이,백다다기,8.00kg,특,경기도,22,8200,,,,trade
구리,농협공판장,20250708,오이,백다다기,8.00kg,특,경기 양주시 은현면 봉암리,64,8000,,,,trade
구리,농협공판장,20250708,오이,백다다기,8.00kg,특,경기 양주시 은현면 봉암리,80,8000,,,,trade
구리,농협공판장,20250708,오이,백다다기,8.00kg,특,경기 파주시 법원읍,60,7100,,,,trade
구리,농협공판장,20250708,오이,백다다기,8.00kg,특,경기 파주시 법원읍,70,7100,,,,trade
구리,농협공판장,20250708,오이,백다다기,8.00kg,특,경기 파주시 법원읍,70,7000,,,,trade
구리,농협공판장,20250708,오이,백다다기,8.00kg,특,경기 파주시 법원읍,15,10600,,,,trade
구리,농협공판장,20250708,오이,백다다기,8.00kg,특,경기 파주시 법원읍,10,10500,,,,trade
구리,농협공판장,20250708,오이,백다다기,8.00kg,특,경기 파주시 법원읍,33,9400,,,,trade
구리,농협공판장,20250708,오이,백다다기,10.00kg,특,경기 파주시 법원읍,3,16500,,,,trade
구리,농협공판장,20250708,오이,백다다기,10.00kg,특,경기 연천군 군남면 삼거리,5,17000,,,,trade
구리,농협공판장,20250708,오이,백다다기,18.00kg,상,경기도 남양주시,5,5000,,,,trade
구리,농협공판장,20250708,오이,백다다기,18.00kg,상,강원 춘천시 신북읍,8,18000,,,,trade
구리,농협공판장,20250708,오이,백다다기,10.00kg,특,강원 춘천시 신북읍,36,18500,,,,trade
구리,농협공판장,20250708,오이,백다다기,10.00kg,상,경기 남양주시 별내면 광전2리,1,12000,,,,trade
구리,농협공판장,20250708,오이,백다다기,10.00kg,특,경기 남양주시 별내면 광전2리,5,14500,,,,trade
구리,농협공판장,20250708,오이,백다다기,10.00kg,상,경기 양평군 청운면,8,13000,,,,trade
구리,농협공판장,20250708,오이,백다다기,10.00kg,특,경기 양평군 청운면,29,22000,,,,trade
구리,농협공판장,20250708,오이,백다다기,10.00kg,특,경기 양평군 청운면,40,21500,,,,trade
구리,농협공판장,20250708,오이,백다다기,10.00kg,특,경기 양평군 청운면,40,21500,,,,trade
구리,농협공판장,20250708,오이,백다다기,10.00kg,특,경기 양평군 청운면,40,21000,,,,trade
구리,농협공판장,20250708,오이,백다다기,10.00kg,특,경기 양평군 청운면,45,19000,,,,trade
구리,농협공판장,20250708,오이,백다다기,10.00kg,특,경기 양평군 청운면,46,19000,,,,trade
구리,농협공판장,20250708,오이,백다다기,10.00kg,특,경기 양평군 청운면,46,19000,,,,trade
구리,농협공판장,20250708,오이,백다다기,8.00kg,특,경기 양평군 청운면,3,11500,,,,trade
구리,농협공판장,20250708,오이,백다다기,10.00kg,상,경기 양평군 청운면,11,11000,,,,trade
구리,농협공판장,20250708,오이,백다다기,10.00kg,특,경기 양평군 청운면,12,22000,,,,trade
구리,농협공판장,20250708,오이,백다다기,10.00kg,특,경기 양주시 은현면 봉암리,5,14000,,,,trade
구리,농협공판장,20250708,오이,백다다기,10.00kg,특,경기 남양주시 별내면 광전2리,1,2000,,,,trade
구리,농협공판장,20250708,오이,백다다기,10.00kg,특,경기 남양주시 별내면 광전2리,9,11000,,,,trade
구리,농협공판장,20250708,오이,백다다기,10.00kg,특,경기 남양주시 별내면 광전2리,19,18000,,,,trade
구리,농협공판장,20250708,오이,백다다기,10.00kg,특,강원 홍천군 서석면 풍암리,20,22500,,,,trade
구리,농협공판장,20250708,오이,백다다기,18.00kg,특,강원 춘천시 춘천우체국사서함,10,16000,,,,trade
구리,농협공판장,20250708,오이,백다다기,18.00kg,상,강원 홍천군 서석면 풍암리,1,16000,,,,trade
구리,농협공판장,20250708,오이,백다다기,18.00kg,상,강원 홍천군 서석면 풍암리,1,16000,,,,trade
구리,농협공판장,20250708,오이,백다다기,18.00kg,상,강원 홍천군 서석면 풍암리,3,17000,,,,trade
구리,농협공판장,20250708,오이,백다다기,18.00kg,상,강원 홍천군 서석면 풍암리,1,16000,,,,trade
구리,농협공판장,20250708,오이,백다다기,18.00kg,상,강원 홍천군 서석면 풍암리,3,12000,,,,trade
구리,농협공판장,20250708,오이,백다다기,10.00kg,특,강원 홍천군 서석면 풍암리,2,16000,,,,trade
구리,농협공판장,20250708,오이,백다다기,10.00kg,특,강원 홍천군 서석면 풍암리,42,24500,,,,trade
구리,농협공판장,20250708,오이,백다다기,18.00kg,특,강원 홍천군 서석면 풍암리,24,36000,,,,trade
구리,농협공판장,20250708,오이,백다다기,18.00kg,특,강원 홍천군 서석면 풍암리,33,37000,,,,trade
구리,농협공판장,20250708,오이,백다다기,18.00kg,특,강원 홍천군 서석면 풍암리,20,25000,,,,trade
구리,농협공판장,20250708,오이,백다다기,18.00kg,특,강원 홍천군 서석면 풍암리,3,38000,,,,trade
구리,농협공판장,20250708,오이,백다다기,18.00kg,특,강원 홍천군 서석면 풍암리,14,42000,,,,trade
구리,농협공판장,20250708,오이,백다다기,18.00kg,특,강원 홍천군 서석면 풍암리,10,50000,,,,trade
구리,농협공판장,20250708,오이,백다다기,18.00kg,특,강원 철원군 근남면 육단리,1,18000,,,,trade
구리,농협공판장,20250708,오이,백다다기,10.00kg,특,강원 철원군 근남면 육단리,1,13000,,,,trade
구리,농협공판장,20250710,오이,백다다기,8.00kg,특,경기 연천군 군남면 삼거리,3,3000,,,,trade
구리,농협공판장,20250710,오이,백다다기,8.00kg,특,경기 연천군 군남면 삼거리,7,3000,,,,trade
구리,농협공판장,20250710,오이,백다다기,8.00kg,등외,경기 연천군 군남면 삼거리,13,2000,,,,trade
구리,농협공판장,20250710,오이,백다다기,8.00kg,특,경기 연천군 군남면 삼거리,20,5200,,,,trade
구리,농협공판장,20250710,오이,백다다기,8.00kg,특,경기 연천군 군남면 삼거리,40,12200,,,,trade
구리,농협공판장,20250710,오이,백다다기,8.00kg,특,경기 연천군 군남면 삼거리,33,14500,,,,trade
구리,농협공판장,20250710,오이,백다다기,8.00kg,특,경기 연천군 군남면 삼거리,12,15200,,,,trade
구리,농협공판장,20250710,오이,백다다기,8.00kg,특,경기 연천군 군남면 삼거리,1,12000,,,,trade
구리,농협공판장,20250710,오이,백다다기,8.00kg,등외,경기 연천군 군남면 삼거리,1,3000,,,,trade
구리,농협공판장,20250710,오이,백다다기,8.00kg,특,경기 연천군 군남면 삼거리,1,10000,,,,trade
구리,농협공판장,20250710,오이,백다다기,8.00kg,특,경기 연천군 군남면 삼거리,2,15000,,,,trade
구리,농협공판장,20250710,오이,백다다기,8.00kg,상,경기 연천군 군남면 삼거리,4,5200,,,,trade
구리,농협공판장,20250710,오이,백다다기,8.00kg,특,경기 연천군 군남면 삼거리,4,12000,,,,trade
구리,농협공판장,20250710,오이,백다다기,8.00kg,특,경기 연천군 군남면 삼거리,2,12500,,,,trade
구리,농협공판장,20250710,오이,백다다기,8.00kg,특,경기 연천군 군남면 삼거리,12,15000,,,,trade
구리,농협공판장,20250710,오이,백다다기,8.00kg,특,경기 연천군 군남면 삼거리,14,16000,,,,trade
구리,농협공판장,20250710,오이,백다다기,8.00kg,상,경기 연천군 군남면 삼거리,4,8500,,,,trade
구리,농협공판장,20250710,오이,백다다기,8.00kg,특,경기 연천군 군남면 삼거리,4,11000,,,,trade
구리,농협공판장,20250710,오이,백다다기,8.00kg,특,경기 연천군 군남면 삼거리,7,13000,,,,trade
구리,농협공판장,20250710,오이,백다다기,8.00kg,특,경기도,14,6100,,,,trade
구리,농협공판장,20250710,오이,백다다기,8.00kg,특,경기 파주시 법원읍,53,8100,,,,trade
구리,농협공판장,20250710,오이,백다다기,8.00kg,특,경기 파주시 법원읍,53,9000,,,,trade
구리,농협공판장,20250710,오이,백다다기,8.00kg,특,경기 파주시 법원읍,3,12200,,,,trade
구리,농협공판장,20250710,오이,백다다기,8.00kg,특,경기 파주시 법원읍,10,12200,,,,trade
구리,농협공판장,20250710,오이,백다다기,8.00kg,특,경기 파주시 법원읍,16,14000,,,,trade
구리,농협공판장,20250710,오이,백다다기,8.00kg,특,경기 파주시 법원읍,7,12000,,,,trade
구리,농협공판장,20250710,오이,백다다기,8.00kg,특,경기 파주시 법원읍,13,12000,,,,trade
구리,농협공판장,20250710,오이,백다다기,10.00kg,특,경기 파주시 법원읍,4,17000,,,,trade
구리,농협공판장,20250710,오이,백다다기,10.00kg,특,경기 파주시 법원읍,7,15000,,,,trade
구리,농협공판장,20250710,오이,백다다기,10.00kg,특,경기 파주시 법원읍,6,15000,,,,trade
구리,농협공판장,20250710,오이,백다다기,18.00kg,특,강원 철원군 근남면 육단리,2,12000,,,,trade
구리,농협공판장,20250710,오이,백다다기,10.00kg,특,강원 철원군 근남면 육단리,3,14000,,,,trade
구리,농협공판장,20250710,오이,백다다기,18.00kg,상,강원 춘천시 신북읍,7,14000,,,,trade
구리,농협공판장,20250710,오이,백다다기,10.00kg,특,강원 춘천시 신북읍,21,20000,,,,trade
구리,농협공판장,20250710,오이,백다다기,10.00kg,특,경기 남양주시 별내면 광전2리,2,18000,,,,trade
구리,농협공판장,20250710,오이,백다다기,10.00kg,상,경기 남양주시 별내면 광전2리,3,12000,,,,trade
구리,농협공판장,20250710,오이,백다다기,10.00kg,특,경기 남양주시 별내면 광전2리,2,15500,,,,trade
구리,농협공판장,20250710,오이,백다다기,10.00kg,특,경기 남양주시 별내면 광전2리,34,25000,,,,trade
구리,농협공판장,20250710,오이,백다다기,10.00kg,특,경기 연천군 군남면 삼거리,22,15000,,,,trade
구리,농협공판장,20250710,오이,백다다기,10.00kg,상,경기 양평군 청운면,20,13000,,,,trade
구리,농협공판장,20250710,오이,백다다기,10.00kg,특,경기 양평군 청운면,30,24000,,,,trade
구리,농협공판장,20250710,오이,백다다기,10.00kg,상,경기 양평군 청운면,7,11000,,,,trade
구리,농협공판장,20250710,오이,백다다기,10.00kg,특,경기 양평군 청운면,37,22000,,,,trade
구리,농협공판장,20250710,오이,백다다기,10.00kg,특,경기 양평군 청운면,38,21000,,,,trade
구리,농협공판장,20250710,오이,백다다기,10.00kg,특,경기 양평군 청운면,46,19000,,,,trade
구리,농협공판장,20250710,오이,백다다기,18.00kg,상,강원 홍천군 서석면 풍암리,1,10000,,,,trade
구리,농협공판장,20250710,오이,백다다기,18.00kg,상,강원 홍천군 서석면 풍암리,3,10000,,,,trade
구리,농협공판장,20250710,오이,백다다기,18.00kg,상,강원 홍천군 서석면 풍암리,1,14000,,,,trade
구리,농협공판장,20250710,오이,백다다기,18.00kg,상,강원 홍천군 서석면 풍암리,1,10000,,,,trade
구리,농협공판장,20250710,오이,백다다기,18.00kg,상,강원 홍천군 서석면 풍암리,3,19000,,,,trade
구리,농협공판장,20250710,오이,백다다기,18.00kg,특,강원 홍천군 서석면 풍암리,15,22000,,,,trade
구리,농협공판장,20250710,오이,백다다기,18.00kg,특,강원 홍천군 서석면 풍암리,29,22000,,,,trade
구리,농협공판장,20250710,오이,백다다기,18.00kg,특,강원 홍천군 서석면 풍암리,30,41000,,,,trade
구리,농협공판장,20250710,오이,백다다기,18.00kg,특,강원 홍천군 서석면 풍암리,21,36000,,,,trade
구리,농협공판장,20250710,오이,백다다기,18.00kg,특,강원 홍천군 서석면 풍암리,20,39000,,,,trade
구리,농협공판장,20250710,오이,백다다기,18.00kg,특,강원 홍천군 서석면 풍암리,20,38000,,,,trade
구리,농협공판장,20250710,오이,백다다기,18.00kg,특,강원 홍천군 서석면 풍암리,10,40000,,,,trade
구리,농협공판장,20250710,오이,백다다기,10.00kg,특,강원 홍천군 서석면 풍암리,59,24000,,,,trade
구리,농협공판장,20250710,오이,백다다기,18.00kg,특,강원 춘천시 춘천우체국사서함,11,15000,,,,trade
구리,농협공판장,20250710,오이,백다다기,10.00kg,특,경기 남양주시 별내면 광전2리,1,2000,,,,trade
구리,농협공판장,20250710,오이,백다다기,10.00kg,특,경기 남양주시 별내면 광전2리,11,12000,,,,trade
구리,농협공판장,20250710,오이,백다다기,10.00kg,특,경기 남양주시 별내면 광전2리,29,23000,,,,trade
구리,농협공판장,20250710,오이,백다다기,18.00kg,특,서울특별시,75,20500,,,,trade
구리,농협공판장,20250715,오이,백다다기,8.00kg,상,경기도 연천군,8,2000,,,,trade
구리,농협공판장,20250715,오이,백다다기,8.00kg,특,경기도 연천군,37,7500,,,,trade
구리,농협공판장,20250715,오이,백다다기,8.00kg,특,경기도 연천군,41,8300,,,,trade
구리,농협공판장,20250715,오이,백다다기,8.00kg,특,경기도 연천군,24,10800,,,,trade
구리,농협공판장,20250715,오이,백다다기,8.00kg,특,경기도 연천군,2,13000,,,,trade
구리,농협공판장,20250715,오이,백다다기,8.00kg,특,경기 연천군 군남면 삼거리,11,4000,,,,trade
구리,농협공판장,20250715,오이,백다다기,8.00kg,특,경기 연천군 군남면 삼거리,11,4000,,,,trade
구리,농협공판장,20250715,오이,백다다기,8.00kg,상,경기 연천군 군남면 삼거리,7,3000,,,,trade
구리,농협공판장,20250715,오이,백다다기,8.00kg,특,경기 연천군 군남면 삼거리,23,7500,,,,trade
구리,농협공판장,20250715,오이,백다다기,8.00kg,특,경기 연천군 군남면 삼거리,43,9400,,,,trade
구리,농협공판장,20250715,오이,백다다기,8.00kg,특,경기 연천군 군남면 삼거리,4,11000,,,,trade
구리,농협공판장,20250715,오이,백다다기,8.00kg,특,경기 연천군 군남면 삼거리,3,13000,,,,trade
구리,농협공판장,20250715,오이,백다다기,8.00kg,특,경기 연천군 군남면 삼거리,9,6600,,,,trade
구리,농협공판장,20250715,오이,백다다기,8.00kg,특,경기 연천군 군남면 삼거리,13,12300,,,,trade
구리,농협공판장,20250715,오이,백다다기,8.00kg,특,경기 연천군 군남면 삼거리,3,13000,,,,trade
구리,농협공판장,20250715,오이,백다다기,8.00kg,특,경기 연천군 군남면 삼거리,1,7000,,,,trade
구리,농협공판장,20250715,오이,백다다기,8.00kg,특,경기 연천군 군남면 삼거리,42,12200,,,,trade
구리,농협공판장,20250715,오이,백다다기,8.00kg,상,경기 연천군 군남면 삼거리,3,5000,,,,trade
구리,농협공판장,20250715,오이,백다다기,8.00kg,특,경기 연천군 군남면 삼거리,8,9200,,,,trade
구리,농협공판장,20250715,오이,백다다기,8.00kg,특,경기 연천군 군남면 삼거리,9,10600,,,,trade
구리,농협공판장,20250715,오이,백다다기,8.00kg,보통,경기 연천군 군남면 삼거리,1,3000,,,,trade
구리,농협공판장,20250715,오이,백다다기,8.00kg,보통,경기 연천군 군남면 삼거리,1,9500,,,,trade
구리,농협공판장,20250715,오이,백다다기,8.00kg,상,경기 연천군 군남면 삼거리,10,8800,,,,trade
구리,농협공판장,20250715,오이,백다다기,10.00kg,특,경기 파주시 법원읍,2,14000,,,,trade
구리,농협공판장,20250715,오이,백다다기,8.00kg,특,경기 파주시 법원읍,5,9300,,,,trade
구리,농협공판장,20250715,오이,백다다기,8.00kg,특,경기 파주시 법원읍,10,8500,,,,trade
구리,농협공판장,20250715,오이,백다다기,8.00kg,특,경기 파주시 법원읍,13,9500,,,,trade
구리,농협공판장,20250715,오이,백다다기,8.00kg,특,경기 파주시 법원읍,80,7600,,,,trade
구리,농협공판장,20250715,오이,백다다기,8.00kg,특,경기 파주시 법원읍,85,7700,,,,trade
구리,농협공판장,20250715,오이,백다다기,8.00kg,특,경기 파주시 법원읍,85,7600,,,,trade
구리,농협공판장,20250715,오이,백다다기,8.00kg,특,경기 파주시 법원읍,85,7500,,,,trade
구리,농협공판장,20250715,오이,백다다기,8.00kg,특,경기 파주시 법원읍,85,7500,,,,trade
구리,농협공판장,20250715,오이,백다다기,10.00kg,특,충남 예산군 예산읍 간량리,4,14000,,,,trade
구리,농협공판장,20250715,오이,백다다기,18.00kg,상,강원 춘천시 신북읍,6,14000,,,,trade
구리,농협공판장,20250715,오이,백다다기,10.00kg,특,강원 춘천시 신북읍,15,21000,,,,trade
구리,농협공판장,20250715,오이,백다다기,10.00kg,특,경기 연천군 군남면 삼거리,27,20000,,,,trade
구리,농협공판장,20250715,오이,백다다기,10.00kg,특,경기 연천군 군남면 삼거리,7,20000,,,,trade
구리,농협공판장,20250715,오이,백다다기,10.00kg,특,경기 연천군 군남면 삼거리,1,13000,,,,trade
구리,농협공판장,20250715,오이,백다다기,10.00kg,상,강원 철원군 근남면 육단리,1,9000,,,,trade
구리,농협공판장,20250715,오이,백다다기,10.00kg,특,강원 철원군 근남면 육단리,14,21000,,,,trade
구리,농협공판장,20250715,오이,백다다기,18.00kg,특,강원 철원군 근남면 육단리,2,36000,,,,trade
구리,농협공판장,20250715,오이,백다다기,10.00kg,특,경기 양평군 청운면,2,7000,,,,trade
구리,농협공판장,20250715,오이,백다다기,10.00kg,상,경기 양평군 청운면,12,15500,,,,trade
구리,농협공판장,20250715,오이,백다다기,10.00kg,특,경기 양평군 청운면,30,22500,,,,trade
구리,농협공판장,20250715,오이,백다다기,10.00kg,특,경기 양평군 청운면,30,22000,,,,trade
구리,농협공판장,20250715,오이,백다다기,10.00kg,특,경기 양평군 청운면,36,26000,,,,trade
구리,농협공판장,20250715,오이,백다다기,10.00kg,특,경기 양평군 청운면,36,26000,,,,trade
구리,농협공판장,20250715,오이,백다다기,10.00kg,특,경기 양평군 청운면,35,26000,,,,trade
구리,농협공판장,20250715,오이,백다다기,10.00kg,상,경기 양평군 청운면,20,18500,,,,trade
구리,농협공판장,20250715,오이,백다다기,10.00kg,특,경기 양평군 청운면,7,24000,,,,trade
구리,농협공판장,20250715,오이,백다다기,18.00kg,상,경기 남양주시 별내면 광전2리,3,14000,,,,trade
구리,농협공판장,20250715,오이,백다다기,10.00kg,상,경기 남양주시 별내면 광전2리,4,12000,,,,trade
구리,농협공판장,20250715,오이,백다다기,10.00kg,특,경기 남양주시 별내면 광전2리,2,18500,,,,trade
구리,농협공판장,20250715,오이,백다다기,10.00kg,특,경기 남양주시 별내면 광전2리,12,26000,,,,trade
구리,농협공판장,20250715,오이,백다다기,10.00kg,특,경기 양주시 은현면 봉암리,27,23000,,,,trade
구리,농협공판장,20250715,오이,백다다기,10.00kg,특,경기 남양주시 별내면 광전2리,1,4000,,,,trade
구리,농협공판장,20250715,오이,백다다기,10.00kg,특,경기 남양주시 별내면 광전2리,5,11000,,,,trade
구리,농협공판장,20250715,오이,백다다기,10.00kg,특,경기 남양주시 별내면 광전2리,5,14000,,,,trade
구리,농협공판장,20250715,오이,백다다기,10.00kg,특,경기 남양주시 별내면 광전2리,17,24000,,,,trade
구리,농협공판장,20250715,오이,백다다기,18.00kg,상,강원 춘천시 춘천우체국사서함,8,14000,,,,trade
구리,농협공판장,20250715,오이,백다다기,18.00kg,특,강원 춘천시 춘천우체국사서함,9,16000,,,,trade
구리,농협공판장,20250715,오이,백다다기,18.00kg,상,강원 홍천군 서석면 풍암리,1,18000,,,,trade
구리,농협공판장,20250715,오이,백다다기,18.00kg,상,강원 홍천군 서석면 풍암리,1,18000,,,,trade
구리,농협공판장,20250715,오이,백다다기,18.00kg,상,강원 홍천군 서석면 풍암리,2,17000,,,,trade
구리,농협공판장,20250715,오이,백다다기,18.00kg,상,강원 홍천군 서석면 풍암리,2,18000,,,,trade
구리,농협공판장,20250715,오이,백다다기,18.00kg,상,강원 홍천군 서석면 풍암리,2,13000,,,,trade
구리,농협공판장,20250715,오이,백다다기,18.00kg,특,강원 홍천군 서석면 풍암리,20,33000,,,,trade
구리,농협공판장,20250715,오이,백다다기,18.00kg,특,강원 홍천군 서석면 풍암리,9,48000,,,,trade
구리,농협공판장,20250715,오이,백다다기,18.00kg,특,강원 홍천군 서석면 풍암리,13,41000,,,,trade
구리,농협공판장,20250715,오이,백다다기,18.00kg,특,강원 홍천군 서석면 풍암리,26,44000,,,,trade
구리,농협공판장,20250715,오이,백다다기,18.00kg,특,강원 홍천군 서석면 풍암리,30,40000,,,,trade
구리,농협공판장,20250715,오이,백다다기,10.00kg,특,강원 홍천군 서석면 풍암리,3,16500,,,,trade
구리,농협공판장,20250715,오이,백다다기,10.00kg,특,강원 홍천군 서석면 풍암리,7,25000,,,,trade
구리,농협공판장,20250715,오이,백다다기,18.00kg,상,강원 홍천군 서석면 풍암리,3,17000,,,,trade
구리,농협공판장,20250715,오이,백다다기,18.00kg,상,강원 홍천군 서석면 풍암리,1,15000,,,,trade
구리,농협공판장,20250715,오이,백다다기,18.00kg,특,강원 홍천군 서석면 풍암리,3,46000,,,,trade
구리,농협공판장,20250715,오이,백다다기,18.00kg,특,강원 홍천군 서석면 풍암리,7,42000,,,,trade
구리,농협공판장,20250715,오이,백다다기,10.00kg,특,강원 홍천군 서석면 풍암리,3,30000,,,,trade
구리,농협공판장,20250715,오이,백다다기,10.00kg,특,강원 홍천군 서석면 풍암리,30,26500,,,,trade
구리,농협공판장,20250717,오이,백다다기,18.00kg,특,경기도 남양주시,8,28500,,,,trade
구리,농협공판장,20250717,오이,백다다기,10.00kg,특,강원 홍천군 서석면 풍암리,1,12000,,,,trade
구리,농협공판장,20250717,오이,백다다기,8.00kg,상,경기도 연천군,5,2200,,,,trade
구리,농협공판장,20250717,오이,백다다기,8.00kg,특,경기도 연천군,2,3200,,,,trade
구리,농협공판장,20250717,오이,백다다기,8.00kg,특,경기도 연천군,20,4200,,,,trade
구리,농협공판장,20250717,오이,백다다기,8.00kg,특,경기도 연천군,37,6500,,,,trade
구리,농협공판장,20250717,오이,백다다기,8.00kg,특,경기도 연천군,31,7500,,,,trade
구리,농협공판장,20250717,오이,백다다기,8.00kg,특,경기도 연천군,13,8000,,,,trade
구리,농협공판장,20250717,오이,백다다기,8.00kg,특,경기도 연천군,1,5000,,,,trade
구리,농협공판장,20250717,오이,백다다기,8.00kg,보통,경기 연천군 군남면 삼거리,1,4200,,,,trade
구리,농협공판장,20250717,오이,백다다기,8.00kg,상,경기 연천군 군남면 삼거리,7,7500,,,,trade
구리,농협공판장,20250717,오이,백다다기,8.00kg,특,경기 연천군 군남면 삼거리,5,8200,,,,trade
구리,농협공판장,20250717,오이,백다다기,8.00kg,특,경기 연천군 군남면 삼거리,2,4000,,,,trade
구리,농협공판장,20250717,오이,백다다기,8.00kg,특,경기 연천군 군남면 삼거리,4,4000,,,,trade
구리,농협공판장,20250717,오이,백다다기,8.00kg,상,경기 연천군 군남면 삼거리,1,3000,,,,trade
구리,농협공판장,20250717,오이,백다다기,8.00kg,특,경기 연천군 군남면 삼거리,15,8000,,,,trade
구리,농협공판장,20250717,오이,백다다기,8.00kg,특,경기 연천군 군남면 삼거리,30,10800,,,,trade
구리,농협공판장,20250717,오이,백다다기,8.00kg,상,경기 연천군 군남면 삼거리,3,3000,,,,trade
구리,농협공판장,20250717,오이,백다다기,8.00kg,특,경기 연천군 군남면 삼거리,2,3000,,,,trade
구리,농협공판장,20250717,오이,백다다기,8.00kg,특,경기 연천군 군남면 삼거리,5,7000,,,,trade
구리,농협공판장,20250717,오이,백다다기,8.00kg,특,경기 연천군 군남면 삼거리,2,5000,,,,trade
구리,농협공판장,20250717,오이,백다다기,8.00kg,특,경기 연천군 군남면 삼거리,29,10000,,,,trade
구리,농협공판장,20250717,오이,백다다기,8.00kg,특,경기 연천군 군남면 삼거리,13,11500,,,,trade
구리,농협공판장,20250717,오이,백다다기,8.00kg,특,경기 연천군 군남면 삼거리,3,12000,,,,trade
구리,농협공판장,20250717,오이,백다다기,8.00kg,특,경기 연천군 군남면 삼거리,23,11700,,,,trade
구리,농협공판장,20250717,오이,백다다기,10.00kg,특,경기 파주시 법원읍,2,12000,,,,trade
구리,농협공판장,20250717,오이,백다다기,10.00kg,특,경기 파주시 법원읍,5,13000,,,,trade
구리,농협공판장,20250717,오이,백다다기,8.00kg,특,경기 파주시 법원읍,4,8000,,,,trade
구리,농협공판장,20250717,오이,백다다기,8.00kg,특,경기 파주시 법원읍,13,8300,,,,trade
구리,농협공판장,20250717,오이,백다다기,8.00kg,특,경기 파주시 법원읍,60,8200,,,,trade
구리,농협공판장,20250717,오이,백다다기,8.00kg,특,경기 파주시 법원읍,65,7800,,,,trade
구리,농협공판장,20250717,오이,백다다기,8.00kg,특,경기 파주시 법원읍,65,7600,,,,trade
구리,농협공판장,20250717,오이,백다다기,10.00kg,특,충남 예산군 예산읍 간량리,3,11500,,,,trade
구리,농협공판장,20250717,오이,백다다기,10.00kg,특,경기 연천군 군남면 삼거리,16,14000,,,,trade
구리,농협공판장,20250717,오이,백다다기,18.00kg,상,경기도 남양주시,5,7000,,,,trade
구리,농협공판장,20250717,오이,백다다기,10.00kg,상,경기 양평군 청운면,12,7000,,,,trade
구리,농협공판장,20250717,오이,백다다기,10.00kg,상,경기 양평군 청운면,21,9000,,,,trade
구리,농협공판장,20250717,오이,백다다기,10.00kg,특,경기 양평군 청운면,42,18500,,,,trade
구리,농협공판장,20250717,오이,백다다기,10.00kg,특,경기 양평군 청운면,28,18500,,,,trade
구리,농협공판장,20250717,오이,백다다기,10.00kg,특,경기 양평군 청운면,29,18500,,,,trade
구리,농협공판장,20250717,오이,백다다기,10.00kg,상,강원 철원군 근남면 육단리,1,8000,,,,trade
구리,농협공판장,20250717,오이,백다다기,18.00kg,특,강원 철원군 근남면 육단리,1,20000,,,,trade
구리,농협공판장,20250717,오이,백다다기,10.00kg,특,강원 철원군 근남면 육단리,8,14000,,,,trade
구리,농협공판장,20250717,오이,백다다기,10.00kg,상,경기 양주시 은현면 봉암리,19,7000,,,,trade
구리,농협공판장,20250717,오이,백다다기,10.00kg,특,경기 양주시 은현면 봉암리,7,14000,,,,trade
구리,농협공판장,20250717,오이,백다다기,18.00kg,상,강원 춘천시 춘천우체국사서함,10,11000,,,,trade
구리,농협공판장,20250717,오이,백다다기,18.00kg,특,강원 춘천시 춘천우체국사서함,11,13000,,,,trade
구리,농협공판장,20250717,오이,백다다기,18.00kg,상,강원 홍천군 서석면 풍암리,1,12000,,,,trade
구리,농협공판장,20250717,오이,백다다기,18.00kg,상,강원 홍천군 서석면 풍암리,3,15000,,,,trade
구리,농협공판장,20250717,오이,백다다기,18.00kg,상,강원 홍천군 서석면 풍암리,1,13000,,,,trade
구리,농협공판장,20250717,오이,백다다기,18.00kg,상,강원 홍천군 서석면 풍암리,2,11000,,,,trade
구리,농협공판장,20250717,오이,백다다기,18.00kg,특,강원 홍천군 서석면 풍암리,2,32000,,,,trade
구리,농협공판장,20250717,오이,백다다기,18.00kg,특,강원 홍천군 서석면 풍암리,3,32000,,,,trade
구리,농협공판장,20250717,오이,백다다기,18.00kg,특,강원 홍천군 서석면 풍암리,4,32000,,,,trade
구리,농협공판장,20250717,오이,백다다기,18.00kg,특,강원 홍천군 서석면 풍암리,16,30000,,,,trade
구리,농협공판장,20250717,오이,백다다기,18.00kg,특,강원 홍천군 서석면 풍암리,17,36000,,,,trade
구리,농협공판장,20250717,오이,백다다기,18.00kg,특,강원 홍천군 서석면 풍암리,31,35000,,,,trade
구리,농협공판장,20250717,오이,백다다기,10.00kg,특,강원 홍천군 서석면 풍암리,6,23000,,,,trade
구리,농협공판장,20250717,오이,백다다기,18.00kg,상,강원 홍천군 서석면 풍암리,2,15000,,,,trade
구리,농협공판장,20250717,오이,백다다기,18.00kg,상,강원 홍천군 서석면 풍암리,1,14000,,,,trade
구리,농협공판장,20250717,오이,백다다기,18.00kg,특,강원 홍천군 서석면 풍암리,5,36000,,,,trade
구리,농협공판장,20250717,오이,백다다기,18.00kg,특,강원 홍천군 서석면 풍암리,6,33000,,,,trade
구리,농협공판장,20250717,오이,백다다기,10.00kg,특,강원 홍천군 서석면 풍암리,2,12000,,,,trade
구리,농협공판장,20250717,오이,백다다기,10.00kg,특,강원 홍천군 서석면 풍암리,17,20000,,,,trade
구리,농협공판장,20250717,오이,백다다기,10.00kg,특,강원 홍천군 서석면 풍암리,22,20000,,,,trade
구리,농협공판장,20250717,오이,백다다기,10.00kg,특,강원 홍천군 서석면 풍암리,21,18000,,,,trade
구리,농협공판장,20250717,오이,백다다기,10.00kg,특,경기도 가평군,2,13000,,,,trade
구리,농협공판장,20250722,오이,백다다기,10.00kg,상,강원 홍천군 북방면 하화계리 주하이트맥주,1,8000,,,,trade
구리,농협공판장,20250722,오이,백다다기,10.00kg,특,강원 홍천군 북방면 하화계리 주하이트맥주,5,12000,,,,trade
구리,농협공판장,20250722,오이,백다다기,10.00kg,특,강원 춘천시 동면,4,7000,,,,trade
구리,농협공판장,20250722,오이,백다다기,10.00kg,특,강원 춘천시 동면,7,14000,,,,trade
구리,농협공판장,20250722,오이,백다다기,10.00kg,특,강원 춘천시 동면,6,17000,,,,trade
구리,농협공판장,20250722,오이,백다다기,10.00kg,특,강원 춘천시 동면,3,13000,,,,trade
구리,농협공판장,20250722,오이,백다다기,10.00kg,특,강원 춘천시 동면,20,12500,,,,trade
구리,농협공판장,20250722,오이,백다다기,18.00kg,상,강원 춘천시 춘천우체국사서함,8,10000,,,,trade
구리,농협공판장,20250722,오이,백다다기,18.00kg,특,강원 춘천시 춘천우체국사서함,16,12000,,,,trade
구리,농협공판장,20250722,오이,백다다기,18.00kg,상,강원 홍천군 서석면 풍암리,1,8000,,,,trade
구리,농협공판장,20250722,오이,백다다기,18.00kg,상,강원 홍천군 서석면 풍암리,2,9000,,,,trade
구리,농협공판장,20250722,오이,백다다기,18.00kg,특,강원 홍천군 서석면 풍암리,6,21000,,,,trade
구리,농협공판장,20250722,오이,백다다기,18.00kg,특,강원 홍천군 서석면 풍암리,3,20000,,,,trade
구리,농협공판장,20250722,오이,백다다기,18.00kg,특,강원 홍천군 서석면 풍암리,1,22000,,,,trade
구리,농협공판장,20250722,오이,백다다기,10.00kg,특,강원 홍천군 서석면 풍암리,1,7000,,,,trade
구리,농협공판장,20250722,오이,백다다기,10.00kg,특,강원 홍천군 서석면 풍암리,12,15000,,,,trade
구리,농협공판장,20250722,오이,백다다기,10.00kg,특,강원 홍천군 서석면 풍암리,11,13000,,,,trade
구리,농협공판장,20250722,오이,백다다기,10.00kg,특,강원 홍천군 서석면 풍암리,5,17000,,,,trade
구리,농협공판장,20250722,오이,백다다기,10.00kg,특,강원 홍천군 서석면 풍암리,10,12000,,,,trade
구리,농협공판장,20250722,오이,백다다기,10.00kg,특,강원 홍천군 서석면 풍암리,2,15000,,,,trade
구리,농협공판장,20250722,오이,백다다기,10.00kg,특,강원 홍천군 서석면 풍암리,2,10000,,,,trade
구리,농협공판장,20250722,오이,백다다기,18.00kg,상,강원 홍천군 서석면 풍암리,1,12000,,,,trade
구리,농협공판장,20250722,오이,백다다기,18.00kg,상,강원 홍천군 서석면 풍암리,1,12000,,,,trade
구리,농협공판장,20250722,오이,백다다기,18.00kg,상,강원 홍천군 서석면 풍암리,1,12000,,,,trade
구리,농협공판장,20250722,오이,백다다기,18.00kg,상,강원 홍천군 서석면 풍암리,2,13000,,,,trade
구리,농협공판장,20250722,오이,백다다기,18.00kg,상,강원 홍천군 서석면 풍암리,2,12000,,,,trade
구리,농협공판장,20250722,오이,백다다기,18.00kg,특,강원 홍천군 서석면 풍암리,9,16000,,,,trade
구리,농협공판장,20250722,오이,백다다기,18.00kg,특,강원 홍천군 서석면 풍암리,7,24000,,,,trade
구리,농협공판장,20250722,오이,백다다기,18.00kg,특,강원 홍천군 서석면 풍암리,3,24000,,,,trade
구리,농협공판장,20250722,오이,백다다기,18.00kg,특,강원 홍천군 서석면 풍암리,10,28000,,,,trade
구리,농협공판장,20250722,오이,백다다기,18.00kg,특,강원 홍천군 서석면 풍암리,15,26000,,,,trade
구리,농협공판장,20250722,오이,백다다기,18.00kg,특,강원 홍천군 서석면 풍암리,20,24000,,,,trade
구리,농협공판장,20250722,오이,백다다기,10.00kg,특,서울특별시,60,14200,,,,trade
구리,농협공판장,20250724,오이,백다다기,18.00kg,특,강원 홍천군 서석면 풍암리,12,55000,,,,trade
구리,농협공판장,20250724,오이,백다다기,18.00kg,특,강원 홍천군 서석면 풍암리,15,47000,,,,trade
구리,농협공판장,20250724,오이,백다다기,10.00kg,상,경기도 가평군,3,7000,,,,trade
구리,농협공판장,20250724,오이,백다다기,10.00kg,특,경기도 가평군,1,10000,,,,trade
구리,농협공판장,20250729,오이,백다다기,10.00kg,특,강원 홍천군 서석면 풍암리,23,15000,,,,trade
구리,농협공판장,20250729,오이,백다다기,10.00kg,특,강원 홍천군 서석면 풍암리,42,14500,,,,trade
구리,농협공판장,20250729,오이,백다다기,18.00kg,상,강원 홍천군 서석면 풍암리,7,8000,,,,trade
구리,농협공판장,20250729,오이,백다다기,18.00kg,상,강원 홍천군 서석면 풍암리,2,6000,,,,trade
구리,농협공판장,20250729,오이,백다다기,18.00kg,상,강원 홍천군 서석면 풍암리,3,5000,,,,trade
구리,농협공판장,20250729,오이,백다다기,18.00kg,상,강원 홍천군 서석면 풍암리,1,7000,,,,trade
구리,농협공판장,20250729,오이,백다다기,18.00kg,상,강원 홍천군 서석면 풍암리,1,7000,,,,trade
구리,농협공판장,20250729,오이,백다다기,18.00kg,특,강원 홍천군 서석면 풍암리,1,10000,,,,trade
구리,농협공판장,20250729,오이,백다다기,18.00kg,특,강원 홍천군 서석면 풍암리,5,24000,,,,trade
구리,농협공판장,20250729,오이,백다다기,18.00kg,특,강원 홍천군 서석면 풍암리,12,28000,,,,trade
구리,농협공판장,20250729,오이,백다다기,18.00kg,특,강원 홍천군 서석면 풍암리,8,28000,,,,trade
구리,농협공판장,20250729,오이,백다다기,18.00kg,특,강원 홍천군 서석면 풍암리,14,23000,,,,trade
구리,농협공판장,20250729,오이,백다다기,18.00kg,특,강원 홍천군 서석면 풍암리,8,37000,,,,trade
구리,농협공판장,20250729,오이,백다다기,18.00kg,특,강원 홍천군 서석면 풍암리,30,24000,,,,trade
구리,농협공판장,20250729,오이,백다다기,10.00kg,특,강원 홍천군 서석면 풍암리,10,13500,,,,trade
구리,농협공판장,20250729,오이,백다다기,10.00kg,특,강원 홍천군 서석면 풍암리,1,10000,,,,trade
구리,농협공판장,20250729,오이,백다다기,10.00kg,특,강원 홍천군 서석면 풍암리,10,12500,,,,trade
구리,농협공판장,20250729,오이,백다다기,18.00kg,상,강원 홍천군 서석면 풍암리,2,7000,,,,trade
구리,농협공판장,20250729,오이,백다다기,18.00kg,특,강원 홍천군 서석면 풍암리,4,10000,,,,trade
구리,농협공판장,20250729,오이,백다다기,18.00kg,특,강원 홍천군 서석면 풍암리,20,10000,,,,trade
구리,농협공판장,20250729,오이,백다다기,10.00kg,상,강원 춘천시 동면,5,8500,,,,trade
구리,농협공판장,20250729,오이,백다다기,10.00kg,특,강원 춘천시 동면,8,16500,,,,trade
구리,농협공판장,20250729,오이,백다다기,10.00kg,특,강원 춘천시 동면,30,11000,,,,trade
구리,농협공판장,20250729,오이,백다다기,10.00kg,특,강원 춘천시 동면,7,10000,,,,trade
구리,농협공판장,20250729,오이,백다다기,10.00kg,특,강원 춘천시 동면,12,9000,,,,trade
구리,농협공판장,20250729,오이,백다다기,10.00kg,특,강원 춘천시 동면,5,7000,,,,trade
구리,농협공판장,20250729,오이,백다다기,10.00kg,특,강원 춘천시 동면,8,14500,,,,trade
구리,농협공판장,20250729,오이,백다다기,10.00kg,특,강원 춘천시 동면,50,8500,,,,trade
구리,농협공판장,20250729,오이,백다다기,10.00kg,상,경기도 가평군,1,4000,,,,trade
구리,농협공판장,20250729,오이,백다다기,10.00kg,특,경기도 가평군,4,10000,,,,trade
구리,농협공판장,20250729,오이,백다다기,10.00kg,특,경기 양평군 청운면,29,13000,,,,trade
구리,농협공판장,20250731,오이,백다다기,10.00kg,특,강원 춘천시 동면,1,8500,,,,trade
구리,농협공판장,20250731,오이,백다다기,10.00kg,특,강원 춘천시 동면,6,14000,,,,trade
구리,농협공판장,20250731,오이,백다다기,10.00kg,특,강원 춘천시 동면,4,15500,,,,trade
구리,농협공판장,20250731,오이,백다다기,10.00kg,특,강원 춘천시 동면,5,10500,,,,trade
구리,농협공판장,20250731,오이,백다다기,10.00kg,특,강원 춘천시 동면,11,7500,,,,trade
구리,농협공판장,20250731,오이,백다다기,10.00kg,특,강원 춘천시 동면,27,10000,,,,trade
구리,농협공판장,20250731,오이,백다다기,10.00kg,특,강원 춘천시 동면,32,12000,,,,trade
구리,농협공판장,20250731,오이,백다다기,18.00kg,상,강원 홍천군 내면 창촌리,30,10000,,,,trade
구리,농협공판장,20250731,오이,백다다기,18.00kg,특,강원 홍천군 내면 창촌리,30,19000,,,,trade
구리,농협공판장,20250731,오이,백다다기,18.00kg,특,강원 홍천군 내면 창촌리,30,18000,,,,trade
구리,농협공판장,20250731,오이,백다다기,18.00kg,상,강원 춘천시 춘천우체국사서함,13,10000,,,,trade
구리,농협공판장,20250731,오이,백다다기,18.00kg,특,강원 춘천시 춘천우체국사서함,23,8000,,,,trade
구리,농협공판장,20250731,오이,백다다기,18.00kg,상,강원 홍천군 서석면 풍암리,1,3000,,,,trade
구리,농협공판장,20250731,오이,백다다기,18.00kg,상,강원 홍천군 서석면 풍암리,3,7000,,,,trade
구리,농협공판장,20250731,오이,백다다기,18.00kg,상,강원 홍천군 서석면 풍암리,2,7000,,,,trade
구리,농협공판장,20250731,오이,백다다기,18.00kg,특,강원 홍천군 서석면 풍암리,3,22000,,,,trade
구리,농협공판장,20250731,오이,백다다기,18.00kg,특,강원 홍천군 서석면 풍암리,7,18000,,,,trade
구리,농협공판장,20250731,오이,백다다기,18.00kg,특,강원 홍천군 서석면 풍암리,10,23000,,,,trade
구리,농협공판장,20250731,오이,백다다기,18.00kg,특,강원 홍천군 서석면 풍암리,22,27000,,,,trade
구리,농협공판장,20250731,오이,백다다기,18.00kg,특,강원 홍천군 서석면 풍암리,29,23000,,,,trade
구리,농협공판장,20250731,오이,백다다기,10.00kg,상,강원 홍천군 서석면 풍암리,1,2000,,,,trade
구리,농협공판장,20250731,오이,백다다기,10.00kg,특,강원 홍천군 서석면 풍암리,2,8000,,,,trade
구리,농협공판장,20250731,오이,백다다기,10.00kg,특,강원 홍천군 서석면 풍암리,15,23500,,,,trade
구리,농협공판장,20250731,오이,백다다기,10.00kg,특,강원 홍천군 서석면 풍암리,16,22000,,,,trade
구리,농협공판장,20250731,오이,백다다기,10.00kg,특,강원 홍천군 서석면 풍암리,4,16000,,,,trade
구리,농협공판장,20250731,오이,백다다기,10.00kg,특,경기도 가평군,2,10000,,,,trade
구리,농협공판장,20250731,오이,백다다기,18.00kg,특,서울특별시,1,170800,,,,trade
구리,농협공판장,20250805,오이,백다다기,8.00kg,특,경기 연천군 군남면 삼거리,10,15000,,,,trade
구리,농협공판장,20250805,오이,백다다기,8.00kg,특,경기 연천군 군남면 삼거리,15,16000,,,,trade
구리,농협공판장,20250805,오이,백다다기,8.00kg,특,경기 연천군 군남면 삼거리,11,19500,,,,trade
구리,농협공판장,20250805,오이,백다다기,8.00kg,특,경기 연천군 군남면 삼거리,4,17000,,,,trade
구리,농협공판장,20250805,오이,백다다기,10.00kg,특,강원 홍천군 내면 창촌리,30,21000,,,,trade
구리,농협공판장,20250805,오이,백다다기,10.00kg,특,강원 홍천군 내면 창촌리,30,21000,,,,trade
구리,농협공판장,20250805,오이,백다다기,10.00kg,특,강원 홍천군 북방면 하화계리 주하이트맥주,5,14000,,,,trade
구리,농협공판장,20250805,오이,백다다기,10.00kg,특,강원 춘천시 동면,7,16000,,,,trade
구리,농협공판장,20250805,오이,백다다기,10.00kg,특,강원 춘천시 동면,9,28000,,,,trade
구리,농협공판장,20250805,오이,백다다기,10.00kg,특,강원 춘천시 동면,4,7000,,,,trade
구리,농협공판장,20250805,오이,백다다기,10.00kg,특,강원 춘천시 동면,10,17000,,,,trade
구리,농협공판장,20250805,오이,백다다기,10.00kg,특,강원 춘천시 동면,1,14000,,,,trade
구리,농협공판장,20250805,오이,백다다기,10.00kg,특,강원 춘천시 동면,4,16000,,,,trade
구리,농협공판장,20250805,오이,백다다기,10.00kg,특,강원 춘천시 동면,6,17000,,,,trade
구리,농협공판장,20250805,오이,백다다기,18.00kg,상,강원 춘천시 춘천우체국사서함,2,15000,,,,trade
구리,농협공판장,20250805,오이,백다다기,18.00kg,상,강원 춘천시 춘천우체국사서함,10,15000,,,,trade
구리,농협공판장,20250805,오이,백다다기,18.00kg,특,강원 춘천시 춘천우체국사서함,21,15000,,,,trade
구리,농협공판장,20250805,오이,백다다기,18.00kg,상,강원 홍천군 서석면 풍암리,1,11000,,,,trade
구리,농협공판장,20250805,오이,백다다기,18.00kg,상,강원 홍천군 서석면 풍암리,2,10000,,,,trade
구리,농협공판장,20250805,오이,백다다기,18.00kg,상,강원 홍천군 서석면 풍암리,5,15000,,,,trade
구리,농협공판장,20250805,오이,백다다기,18.00kg,상,강원 홍천군 서석면 풍암리,1,12000,,,,trade
구리,농협공판장,20250805,오이,백다다기,18.00kg,상,강원 홍천군 서석면 풍암리,2,12000,,,,trade
구리,농협공판장,20250805,오이,백다다기,18.00kg,특,강원 홍천군 서석면 풍암리,5,33000,,,,trade
구리,농협공판장,20250805,오이,백다다기,18.00kg,특,강원 홍천군 서석면 풍암리,10,40000,,,,trade
구리,농협공판장,20250805,오이,백다다기,18.00kg,특,강원 홍천군 서석면 풍암리,10,35000,,,,trade
구리,농협공판장,20250805,오이,백다다기,18.00kg,특,강원 홍천군 서석면 풍암리,14,40000,,,,trade
구리,농협공판장,20250805,오이,백다다기,18.00kg,특,강원 홍천군 서석면 풍암리,22,38000,,,,trade
구리,농협공판장,20250805,오이,백다다기,18.00kg,특,강원 홍천군 서석면 풍암리,32,30000,,,,trade
구리,농협공판장,20250805,오이,백다다기,10.00kg,상,강원 홍천군 서석면 풍암리,1,3000,,,,trade
구리,농협공판장,20250805,오이,백다다기,10.00kg,특,강원 홍천군 서석면 풍암리,2,8000,,,,trade
구리,농협공판장,20250805,오이,백다다기,10.00kg,특,강원 홍천군 서석면 풍암리,5,22500,,,,trade
구리,농협공판장,20250805,오이,백다다기,10.00kg,특,강원 홍천군 서석면 풍암리,4,15000,,,,trade
구리,농협공판장,20250805,오이,백다다기,10.00kg,특,강원 홍천군 서석면 풍암리,22,17000,,,,trade
구리,농협공판장,20250805,오이,백다다기,10.00kg,상,경기도 가평군,2,8000,,,,trade
구리,농협공판장,20250805,오이,백다다기,10.00kg,특,경기도 가평군,3,13000,,,,trade
구리,농협공판장,20250805,오이,백다다기,18.00kg,특,서울특별시,32,48000,,,,trade
구리,농협공판장,20250805,오이,백다다기,18.00kg,특,서울특별시,50,70000,,,,trade
구리,농협공판장,20250805,오이,백다다기,10.00kg,특,서울특별시,12,24000,,,,trade
구리,농협공판장,20250807,오이,백다다기,10.00kg,특,경기 양평군 청운면,4,13500,,,,trade
구리,농협공판장,20250807,오이,백다다기,10.00kg,특,강원 홍천군 북방면 하화계리 주하이트맥주,2,14000,,,,trade
구리,농협공판장,20250807,오이,백다다기,10.00kg,특,강원 춘천시 동면,2,8000,,,,trade
구리,농협공판장,20250807,오이,백다다기,10.00kg,특,강원 춘천시 동면,9,14000,,,,trade
구리,농협공판장,20250807,오이,백다다기,10.00kg,특,강원 춘천시 동면,12,18500,,,,trade
구리,농협공판장,20250807,오이,백다다기,10.00kg,특,강원 춘천시 동면,12,30000,,,,trade
구리,농협공판장,20250807,오이,백다다기,10.00kg,특,강원 춘천시 동면,9,16000,,,,trade
구리,농협공판장,20250807,오이,백다다기,10.00kg,특,강원 춘천시 동면,8,18500,,,,trade
구리,농협공판장,20250807,오이,백다다기,10.00kg,특,강원 춘천시 동면,13,19000,,,,trade
구리,농협공판장,20250807,오이,백다다기,10.00kg,특,강원 춘천시 동면,6,18500,,,,trade
구리,농협공판장,20250807,오이,백다다기,18.00kg,특,강원 홍천군 내면 창촌리,2,40000,,,,trade
구리,농협공판장,20250807,오이,백다다기,18.00kg,특,강원 홍천군 내면 창촌리,28,48000,,,,trade
구리,농협공판장,20250807,오이,백다다기,18.00kg,상,강원 춘천시 춘천우체국사서함,2,14000,,,,trade
구리,농협공판장,20250807,오이,백다다기,18.00kg,상,강원 춘천시 춘천우체국사서함,15,11000,,,,trade
구리,농협공판장,20250807,오이,백다다기,18.00kg,특,강원 춘천시 춘천우체국사서함,15,11000,,,,trade
구리,농협공판장,20250807,오이,백다다기,18.00kg,특,강원 춘천시 춘천우체국사서함,15,10000,,,,trade
구리,농협공판장,20250807,오이,백다다기,18.00kg,상,강원 홍천군 서석면 풍암리,1,11000,,,,trade
구리,농협공판장,20250807,오이,백다다기,18.00kg,상,강원 홍천군 서석면 풍암리,2,11000,,,,trade
구리,농협공판장,20250807,오이,백다다기,18.00kg,상,강원 홍천군 서석면 풍암리,3,18000,,,,trade
구리,농협공판장,20250807,오이,백다다기,18.00kg,상,강원 홍천군 서석면 풍암리,2,8000,,,,trade
구리,농협공판장,20250807,오이,백다다기,18.00kg,상,강원 홍천군 서석면 풍암리,1,8000,,,,trade
구리,농협공판장,20250807,오이,백다다기,18.00kg,특,강원 홍천군 서석면 풍암리,6,26000,,,,trade
구리,농협공판장,20250807,오이,백다다기,18.00kg,특,강원 홍천군 서석면 풍암리,20,35000,,,,trade
구리,농협공판장,20250807,오이,백다다기,18.00kg,특,강원 홍천군 서석면 풍암리,12,33000,,,,trade
구리,농협공판장,20250807,오이,백다다기,18.00kg,특,강원 홍천군 서석면 풍암리,20,35000,,,,trade
구리,농협공판장,20250807,오이,백다다기,18.00kg,특,강원 홍천군 서석면 풍암리,12,28000,,,,trade
구리,농협공판장,20250807,오이,백다다기,10.00kg,특,강원 홍천군 서석면 풍암리,1,6000,,,,trade
구리,농협공판장,20250807,오이,백다다기,10.00kg,특,강원 홍천군 서석면 풍암리,2,15500,,,,trade
구리,농협공판장,20250807,오이,백다다기,10.00kg,특,강원 홍천군 서석면 풍암리,4,22500,,,,trade
구리,농협공판장,20250807,오이,백다다기,10.00kg,특,강원 홍천군 서석면 풍암리,22,13000,,,,trade
구리,농협공판장,20250807,오이,백다다기,10.00kg,상,경기도 가평군,1,9000,,,,trade
구리,농협공판장,20250807,오이,백다다기,10.00kg,특,경기도 가평군,2,18000,,,,trade
구리,농협공판장,20250812,오이,백다다기,10.00kg,특,경기 남양주시 별내면 광전2리,3,8000,,,,trade
구리,농협공판장,20250812,오이,백다다기,10.00kg,상,경기 남양주시 별내면 광전2리,7,15000,,,,trade
구리,농협공판장,20250812,오이,백다다기,10.00kg,특,경기 남양주시 별내면 광전2리,3,19000,,,,trade
구리,농협공판장,20250812,오이,백다다기,10.00kg,특,경기 남양주시 별내면 광전2리,20,33500,,,,trade
구리,농협공판장,20250812,오이,백다다기,10.00kg,특,강원 홍천군 북방면 하화계리 주하이트맥주,2,18500,,,,trade
구리,농협공판장,20250812,오이,백다다기,10.00kg,상,강원 춘천시 동면,1,13000,,,,trade
구리,농협공판장,20250812,오이,백다다기,10.00kg,특,강원 춘천시 동면,1,21000,,,,trade
구리,농협공판장,20250812,오이,백다다기,10.00kg,특,강원 춘천시 동면,2,22000,,,,trade
구리,농협공판장,20250812,오이,백다다기,10.00kg,특,강원 춘천시 동면,1,20000,,,,trade
구리,농협공판장,20250812,오이,백다다기,10.00kg,특,강원 춘천시 동면,7,16000,,,,trade
구리,농협공판장,20250812,오이,백다다기,10.00kg,특,강원 춘천시 동면,4,32500,,,,trade
구리,농협공판장,20250812,오이,백다다기,10.00kg,특,강원 춘천시 동면,12,32000,,,,trade
구리,농협공판장,20250812,오이,백다다기,10.00kg,특,강원 춘천시 동면,15,20000,,,,trade
구리,농협공판장,20250812,오이,백다다기,18.00kg,상,강원 춘천시 춘천우체국사서함,2,18000,,,,trade
구리,농협공판장,20250812,오이,백다다기,18.00kg,상,강원 춘천시 춘천우체국사서함,8,21000,,,,trade
구리,농협공판장,20250812,오이,백다다기,18.00kg,특,강원 춘천시 춘천우체국사서함,9,21000,,,,trade
구리,농협공판장,20250812,오이,백다다기,18.00kg,상,강원 홍천군 서석면 풍암리,1,18000,,,,trade
구리,농협공판장,20250812,오이,백다다기,18.00kg,상,강원 홍천군 서석면 풍암리,3,19000,,,,trade
구리,농협공판장,20250812,오이,백다다기,18.00kg,특,강원 홍천군 서석면 풍암리,8,52000,,,,trade
구리,농협공판장,20250812,오이,백다다기,18.00kg,특,강원 홍천군 서석면 풍암리,7,58000,,,,trade
구리,농협공판장,20250812,오이,백다다기,18.00kg,특,강원 홍천군 서석면 풍암리,13,52000,,,,trade
구리,농협공판장,20250812,오이,백다다기,18.00kg,특,강원 홍천군 서석면 풍암리,1,25000,,,,trade
구리,농협공판장,20250812,오이,백다다기,10.00kg,특,강원 홍천군 서석면 풍암리,2,22500,,,,trade
구리,농협공판장,20250812,오이,백다다기,10.00kg,특,강원 홍천군 서석면 풍암리,8,22000,,,,trade
구리,농협공판장,20250814,오이,백다다기,8.00kg,특,경기 연천군 군남면 삼거리,5,14600,,,,trade
구리,농협공판장,20250814,오이,백다다기,10.00kg,특,경기 남양주시 별내면 광전2리,2,14000,,,,trade
구리,농협공판장,20250814,오이,백다다기,10.00kg,특,경기 남양주시 별내면 광전2리,2,18000,,,,trade
구리,농협공판장,20250814,오이,백다다기,10.00kg,상,경기 남양주시 별내면 광전2리,8,16000,,,,trade
구리,농협공판장,20250814,오이,백다다기,10.00kg,특,경기 남양주시 별내면 광전2리,18,30000,,,,trade
구리,농협공판장,20250814,오이,백다다기,10.00kg,상,강원 춘천시 동면,1,17000,,,,trade
구리,농협공판장,20250814,오이,백다다기,10.00kg,특,강원 춘천시 동면,10,27000,,,,trade
구리,농협공판장,20250814,오이,백다다기,10.00kg,특,강원 춘천시 동면,1,16000,,,,trade
구리,농협공판장,20250814,오이,백다다기,10.00kg,특,강원 춘천시 동면,3,26000,,,,trade
구리,농협공판장,20250814,오이,백다다기,10.00kg,특,강원 춘천시 동면,4,18000,,,,trade
구리,농협공판장,20250814,오이,백다다기,10.00kg,특,강원 춘천시 동면,10,31000,,,,trade
구리,농협공판장,20250814,오이,백다다기,18.00kg,상,강원 춘천시 춘천우체국사서함,3,31000,,,,trade
구리,농협공판장,20250814,오이,백다다기,18.00kg,상,강원 춘천시 춘천우체국사서함,5,23000,,,,trade
구리,농협공판장,20250814,오이,백다다기,18.00kg,특,강원 춘천시 춘천우체국사서함,7,34000,,,,trade
구리,농협공판장,20250814,오이,백다다기,10.00kg,특,강원 홍천군 서석면 풍암리,1,29000,,,,trade
구리,농협공판장,20250814,오이,백다다기,10.00kg,특,강원 홍천군 서석면 풍암리,12,27000,,,,trade
구리,농협공판장,20250814,오이,백다다기,18.00kg,상,강원 홍천군 서석면 풍암리,1,20000,,,,trade
구리,농협공판장,20250814,오이,백다다기,18.00kg,특,강원 홍천군 서석면 풍암리,8,50000,,,,trade
구리,농협공판장,20250814,오이,백다다기,18.00kg,특,강원 홍천군 서석면 풍암리,10,56000,,,,trade
구리,농협공판장,20250814,오이,백다다기,18.00kg,특,강원 홍천군 서석면 풍암리,2,57000,,,,trade
구리,농협공판장,20250814,오이,백다다기,18.00kg,특,강원 홍천군 서석면 풍암리,12,55000,,,,trade
구리,농협공판장,20250814,오이,백다다기,10.00kg,특,서울특별시,1,30000,,,,trade
구리,농협공판장,20250814,오이,백다다기,18.00kg,특,서울특별시,8,77000,,,,trade
구리,농협공판장,20250814,오이,백다다기,18.00kg,특,서울특별시,15,89000,,,,trade
구리,농협공판장,20250814,오이,백다다기,18.00kg,특,서울특별시,1,78040,,,,trade
구리,농협공판장,20250814,오이,백다다기,18.00kg,특,서울특별시,16,103000,,,,trade
구리,농협공판장,20250814,오이,백다다기,18.00kg,특,서울특별시,1,65920,,,,trade
구리,농협공판장,20250819,오이,백다다기,18.00kg,상,강원 춘천시 춘천우체국사서함,5,24000,,,,trade
구리,농협공판장,20250819,오이,백다다기,18.00kg,상,강원 춘천시 춘천우체국사서함,5,18000,,,,trade
구리,농협공판장,20250819,오이,백다다기,18.00kg,특,강원 춘천시 춘천우체국사서함,22,25000,,,,trade
구리,농협공판장,20250819,오이,백다다기,18.00kg,특,강원 홍천군 서석면 풍암리,3,41000,,,,trade
구리,농협공판장,20250819,오이,백다다기,18.00kg,상,강원 홍천군 서석면 풍암리,1,23000,,,,trade
구리,농협공판장,20250819,오이,백다다기,18.00kg,상,강원 홍천군 서석면 풍암리,1,12000,,,,trade
구리,농협공판장,20250819,오이,백다다기,18.00kg,상,강원 홍천군 서석면 풍암리,1,15000,,,,trade
구리,농협공판장,20250819,오이,백다다기,18.00kg,상,강원 홍천군 서석면 풍암리,2,22000,,,,trade
구리,농협공판장,20250819,오이,백다다기,18.00kg,특,강원 홍천군 서석면 풍암리,5,44000,,,,trade
구리,농협공판장,20250819,오이,백다다기,18.00kg,특,강원 홍천군 서석면 풍암리,11,45000,,,,trade
구리,농협공판장,20250819,오이,백다다기,18.00kg,특,강원 홍천군 서석면 풍암리,12,51000,,,,trade
구리,농협공판장,20250819,오이,백다다기,10.00kg,특,강원 홍천군 서석면 풍암리,16,20000,,,,trade
구리,농협공판장,20250821,오이,백다다기,8.00kg,특,경기도 연천군,8,8500,,,,trade
구리,농협공판장,20250821,오이,백다다기,8.00kg,특,경기도 연천군,22,12000,,,,trade
구리,농협공판장,20250821,오이,백다다기,8.00kg,특,경기도 연천군,11,19000,,,,trade
구리,농협공판장,20250821,오이,백다다기,8.00kg,특,경기도 연천군,4,21000,,,,trade
구리,농협공판장,20250821,오이,백다다기,8.00kg,특,경기 연천군 군남면 삼거리,40,16000,,,,trade
구리,농협공판장,20250821,오이,백다다기,8.00kg,상,경기 연천군 군남면 삼거리,1,8000,,,,trade
구리,농협공판장,20250821,오이,백다다기,8.00kg,특,경기 연천군 군남면 삼거리,2,12600,,,,trade
구리,농협공판장,20250821,오이,백다다기,8.00kg,특,경기 연천군 군남면 삼거리,5,20000,,,,trade
구리,농협공판장,20250821,오이,백다다기,18.00kg,상,강원 춘천시 신북읍,1,28000,,,,trade
구리,농협공판장,20250821,오이,백다다기,10.00kg,특,강원 춘천시 신북읍,4,28000,,,,trade
구리,농협공판장,20250821,오이,백다다기,10.00kg,특,강원 춘천시 동면,1,25000,,,,trade
구리,농협공판장,20250821,오이,백다다기,10.00kg,특,강원 춘천시 동면,3,25000,,,,trade
구리,농협공판장,20250821,오이,백다다기,10.00kg,특,강원 춘천시 동면,7,27000,,,,trade
구리,농협공판장,20250821,오이,백다다기,10.00kg,특,강원 춘천시 동면,8,22000,,,,trade
구리,농협공판장,20250821,오이,백다다기,10.00kg,특,강원 춘천시 동면,12,29000,,,,trade
구리,농협공판장,20250821,오이,백다다기,10.00kg,특,강원 춘천시 동면,22,41000,,,,trade
구리,농협공판장,20250821,오이,백다다기,18.00kg,상,강원 춘천시 춘천우체국사서함,2,27000,,,,trade
구리,농협공판장,20250821,오이,백다다기,18.00kg,특,강원 춘천시 춘천우체국사서함,8,26000,,,,trade
구리,농협공판장,20250821,오이,백다다기,18.00kg,상,강원 춘천시 춘천우체국사서함,2,22000,,,,trade
구리,농협공판장,20250821,오이,백다다기,18.00kg,상,강원 홍천군 서석면 풍암리,1,24000,,,,trade
구리,농협공판장,20250821,오이,백다다기,18.00kg,상,강원 홍천군 서석면 풍암리,1,24000,,,,trade
구리,농협공판장,20250821,오이,백다다기,18.00kg,특,강원 홍천군 서석면 풍암리,9,64000,,,,trade
구리,농협공판장,20250821,오이,백다다기,18.00kg,특,강원 홍천군 서석면 풍암리,8,57000,,,,trade
구리,농협공판장,20250821,오이,백다다기,18.00kg,특,강원 홍천군 서석면 풍암리,3,46000,,,,trade
구리,농협공판장,20250821,오이,백다다기,10.00kg,특,강원 홍천군 서석면 풍암리,10,26000,,,,trade
구리,농협공판장,20250821,오이,백다다기,10.00kg,상,경기도 가평군,3,22000,,,,trade
구리,농협공판장,20250821,오이,백다다기,10.00kg,특,경기도 가평군,1,30000,,,,trade
구리,농협공판장,20250826,오이,백다다기,10.00kg,특,경기 양평군 청운면,18,28000,,,,trade
구리,농협공판장,20250826,오이,백다다기,10.00kg,상,경기 양평군 청운면,5,6000,,,,trade
구리,농협공판장,20250826,오이,백다다기,10.00kg,특,경기 양평군 청운면,44,32000,,,,trade
구리,농협공판장,20250826,오이,백다다기,10.00kg,특,경기 양평군 청운면,45,32000,,,,trade
구리,농협공판장,20250826,오이,백다다기,10.00kg,특,경기 양평군 청운면,45,32000,,,,trade
구리,농협공판장,20250826,오이,백다다기,10.00kg,특,강원 춘천시 동면,5,10000,,,,trade
구리,농협공판장,20250826,오이,백다다기,10.00kg,특,강원 춘천시 동면,17,9000,,,,trade
구리,농협공판장,20250826,오이,백다다기,10.00kg,특,강원 춘천시 동면,1,11000,,,,trade
구리,농협공판장,20250826,오이,백다다기,10.00kg,특,강원 춘천시 동면,7,17000,,,,trade
구리,농협공판장,20250826,오이,백다다기,10.00kg,특,강원 춘천시 동면,6,32000,,,,trade
구리,농협공판장,20250826,오이,백다다기,10.00kg,특,강원 춘천시 동면,20,34500,,,,trade
구리,농협공판장,20250826,오이,백다다기,10.00kg,특,강원 춘천시 동면,21,24000,,,,trade
구리,농협공판장,20250826,오이,백다다기,10.00kg,5등,경기도 가평군,1,3000,,,,trade
구리,농협공판장,20250826,오이,백다다기,10.00kg,상,경기도 가평군,2,10000,,,,trade
구리,농협공판장,20250826,오이,백다다기,18.00kg,상,강원 춘천시 춘천우체국사서함,4,21000,,,,trade
구리,농협공판장,20250826,오이,백다다기,18.00kg,상,강원 춘천시 춘천우체국사서함,8,18000,,,,trade
구리,농협공판장,20250826,오이,백다다기,18.00kg,특,강원 춘천시 춘천우체국사서함,12,26000,,,,trade
구리,농협공판장,20250826,오이,백다다기,18.00kg,상,강원 홍천군 서석면 풍암리,1,20000,,,,trade
구리,농협공판장,20250826,오이,백다다기,18.00kg,특,강원 홍천군 서석면 풍암리,9,50000,,,,trade
구리,농협공판장,20250826,오이,백다다기,18.00kg,상,강원 홍천군 서석면 풍암리,1,18000,,,,trade
구리,농협공판장,20250826,오이,백다다기,18.00kg,특,강원 홍천군 서석면 풍암리,9,44000,,,,trade
구리,농협공판장,20250826,오이,백다다기,18.00kg,상,강원 홍천군 서석면 풍암리,1,13000,,,,trade
구리,농협공판장,20250826,오이,백다다기,18.00kg,특,강원 홍천군 서석면 풍암리,4,34000,,,,trade
구리,농협공판장,20250826,오이,백다다기,18.00kg,특,서울특별시,23,80000,,,,trade
구리,농협공판장,20250826,오이,백다다기,18.00kg,특,서울특별시,10,87000,,,,trade
구리,농협공판장,20250828,오이,백다다기,18.00kg,상,강원 춘천시 춘천우체국사서함,7,22000,,,,trade
구리,농협공판장,20250828,오이,백다다기,18.00kg,특,강원 춘천시 춘천우체국사서함,27,25000,,,,trade
구리,농협공판장,20250828,오이,백다다기,18.00kg,상,강원 홍천군 서석면 풍암리,1,19000,,,,trade
구리,농협공판장,20250828,오이,백다다기,18.00kg,상,강원 홍천군 서석면 풍암리,2,22000,,,,trade
구리,농협공판장,20250828,오이,백다다기,18.00kg,특,강원 홍천군 서석면 풍암리,11,42000,,,,trade
구리,농협공판장,20250828,오이,백다다기,18.00kg,특,강원 홍천군 서석면 풍암리,2,38000,,,,trade
구리,농협공판장,20250828,오이,백다다기,18.00kg,특,강원 홍천군 서석면 풍암리,7,40000,,,,trade
구리,농협공판장,20251218,오이,백다다기,18.00kg,특,서울특별시,1,79000,,,,trade
구리,농협공판장,20251218,오이,백다다기,10.00kg,특,서울특별시,3,41000,,,,trade
구리,농협공판장,20260113,오이,백다다기,10.00kg,특,서울특별시,5,46000,,,,trade
구리,농협공판장,20260113,오이,백다다기,10.00kg,특,서울특별시,1,54900,,,,trade
구리,농협공판장,20260113,오이,백다다기,10.00kg,특,서울특별시,50,32000,,,,trade
구리,농협공판장,20260120,오이,백다다기,10.00kg,특,서울특별시,1,25680,,,,trade
구리,농협공판장,20260120,오이,백다다기,10.00kg,특,서울특별시,1,13380,,,,trade
구리,농협공판장,20260120,오이,백다다기,18.00kg,특,경기도 구리시,30,51000,,,,trade
구리,농협공판장,20260205,오이,백다다기,18.00kg,특,서울특별시,1,30225,,,,trade
구리,농협공판장,20260210,오이,백다다기,18.00kg,특,경북 상주시 상주우체국사서함,25,53000,,,,trade
구리,농협공판장,20260210,오이,백다다기,18.00kg,특,경북 상주시 상주우체국사서함,25,52000,,,,trade
구리,농협공판장,20260210,오이,백다다기,18.00kg,특,서울특별시,48,34600,,,,trade
구리,농협공판장,20260212,오이,백다다기,18.00kg,특,경북 상주시 상주우체국사서함,26,70000,,,,trade
구리,농협공판장,20260212,오이,백다다기,18.00kg,특,서울특별시,81,41600,,,,trade
구리,농협공판장,20260219,오이,백다다기,10.00kg,5등,경북 상주시 상주우체국사서함,5,12000,,,,trade
구리,농협공판장,20260219,오이,백다다기,10.00kg,상,경북 상주시 상주우체국사서함,16,20000,,,,trade
구리,농협공판장,20260219,오이,백다다기,10.00kg,상,경북 상주시 상주우체국사서함,10,20000,,,,trade
구리,농협공판장,20260219,오이,백다다기,10.00kg,상,경북 상주시 상주우체국사서함,3,22500,,,,trade
구리,농협공판장,20260219,오이,백다다기,10.00kg,상,경북 상주시 상주우체국사서함,6,20000,,,,trade
구리,농협공판장,20260219,오이,백다다기,10.00kg,상,경북 상주시 상주우체국사서함,4,23000,,,,trade
구리,농협공판장,20260219,오이,백다다기,10.00kg,상,경북 상주시 상주우체국사서함,1,19000,,,,trade
구리,농협공판장,20260219,오이,백다다기,10.00kg,상,경북 상주시 상주우체국사서함,4,21000,,,,trade
구리,농협공판장,20260219,오이,백다다기,10.00kg,상,경북 상주시 상주우체국사서함,3,18000,,,,trade
구리,농협공판장,20260219,오이,백다다기,10.00kg,상,경북 상주시 상주우체국사서함,3,22000,,,,trade
구리,농협공판장,20260219,오이,백다다기,10.00kg,상,경북 상주시 상주우체국사서함,10,20000,,,,trade
구리,농협공판장,20260219,오이,백다다기,10.00kg,상,경북 상주시 상주우체국사서함,2,19000,,,,trade
구리,농협공판장,20260219,오이,백다다기,10.00kg,상,경북 상주시 상주우체국사서함,12,18500,,,,trade
구리,농협공판장,20260219,오이,백다다기,10.00kg,상,경북 상주시 상주우체국사서함,20,22500,,,,trade
구리,농협공판장,20260219,오이,백다다기,10.00kg,상,경북 상주시 상주우체국사서함,3,19500,,,,trade
구리,농협공판장,20260219,오이,백다다기,10.00kg,상,경북 상주시 상주우체국사서함,8,19000,,,,trade
구리,농협공판장,20260219,오이,백다다기,10.00kg,상,경북 상주시 상주우체국사서함,14,19000,,,,trade
구리,농협공판장,20260219,오이,백다다기,10.00kg,상,경북 상주시 상주우체국사서함,17,19000,,,,trade
구리,농협공판장,20260219,오이,백다다기,10.00kg,상,경북 상주시 상주우체국사서함,8,18500,,,,trade
구리,농협공판장,20260219,오이,백다다기,10.00kg,상,경북 상주시 상주우체국사서함,11,19500,,,,trade
구리,농협공판장,20260219,오이,백다다기,10.00kg,상,경북 상주시 상주우체국사서함,10,18000,,,,trade
구리,농협공판장,20260219,오이,백다다기,10.00kg,특,경북 상주시 상주우체국사서함,28,23500,,,,trade
구리,농협공판장,20260219,오이,백다다기,10.00kg,특,경북 상주시 상주우체국사서함,50,28500,,,,trade
구리,농협공판장,20260219,오이,백다다기,10.00kg,특,경북 상주시 상주우체국사서함,24,27500,,,,trade
구리,농협공판장,20260219,오이,백다다기,10.00kg,특,경북 상주시 상주우체국사서함,3,28000,,,,trade
구리,농협공판장,20260219,오이,백다다기,10.00kg,특,경북 상주시 상주우체국사서함,9,34000,,,,trade
구리,농협공판장,20260219,오이,백다다기,10.00kg,특,경북 상주시 상주우체국사서함,11,28500,,,,trade
구리,농협공판장,20260219,오이,백다다기,10.00kg,특,경북 상주시 상주우체국사서함,32,29000,,,,trade
구리,농협공판장,20260219,오이,백다다기,10.00kg,상,경북 상주시 상주우체국사서함,2,19000,,,,trade
구리,농협공판장,20260219,오이,백다다기,10.00kg,특,경북 상주시 상주우체국사서함,20,23500,,,,trade
구리,농협공판장,20260219,오이,백다다기,10.00kg,특,경북 상주시 상주우체국사서함,27,28500,,,,trade
구리,농협공판장,20260219,오이,백다다기,10.00kg,특,경북 상주시 상주우체국사서함,44,31000,,,,trade
구리,농협공판장,20260219,오이,백다다기,10.00kg,특,경북 상주시 상주우체국사서함,30,28000,,,,trade
구리,농협공판장,20260219,오이,백다다기,10.00kg,특,경북 상주시 상주우체국사서함,31,23500,,,,trade
구리,농협공판장,20260219,오이,백다다기,10.00kg,특,경북 상주시 상주우체국사서함,20,27000,,,,trade
구리,농협공판장,20260219,오이,백다다기,10.00kg,특,경북 상주시 상주우체국사서함,52,26500,,,,trade
구리,농협공판장,20260219,오이,백다다기,10.00kg,특,경북 상주시 상주우체국사서함,23,28000,,,,trade
구리,농협공판장,20260219,오이,백다다기,10.00kg,특,경북 상주시 상주우체국사서함,4,28500,,,,trade
구리,농협공판장,20260219,오이,백다다기,10.00kg,특,경북 상주시 상주우체국사서함,10,26000,,,,trade
구리,농협공판장,20260219,오이,백다다기,10.00kg,특,경북 상주시 상주우체국사서함,4,22000,,,,trade
구리,농협공판장,20260219,오이,백다다기,10.00kg,특,경북 상주시 상주우체국사서함,40,28000,,,,trade
구리,농협공판장,20260219,오이,백다다기,10.00kg,특,경북 상주시 상주우체국사서함,24,30000,,,,trade
구리,농협공판장,20260219,오이,백다다기,10.00kg,특,경북 상주시 상주우체국사서함,16,23500,,,,trade
구리,농협공판장,20260219,오이,백다다기,10.00kg,특,경북 상주시 상주우체국사서함,35,26500,,,,trade
구리,농협공판장,20260219,오이,백다다기,10.00kg,특,경북 상주시 상주우체국사서함,23,28500,,,,trade
구리,농협공판장,20260219,오이,백다다기,10.00kg,특,경북 상주시 상주우체국사서함,22,26500,,,,trade
구리,농협공판장,20260219,오이,백다다기,10.00kg,특,경북 상주시 상주우체국사서함,30,28500,,,,trade
구리,농협공판장,20260219,오이,백다다기,10.00kg,상,경북 상주시 상주우체국사서함,5,23000,,,,trade
구리,농협공판장,20260219,오이,백다다기,10.00kg,특,경북 상주시 상주우체국사서함,30,31000,,,,trade
구리,농협공판장,20260219,오이,백다다기,10.00kg,특,경북 상주시 상주우체국사서함,10,29000,,,,trade
구리,농협공판장,20260219,오이,백다다기,10.00kg,특,경북 상주시 상주우체국사서함,10,30000,,,,trade
구리,농협공판장,20260219,오이,백다다기,10.00kg,상,경북 상주시 상주우체국사서함,6,26000,,,,trade
구리,농협공판장,20260219,오이,백다다기,10.00kg,특,경북 상주시 상주우체국사서함,40,28000,,,,trade
구리,농협공판장,20260219,오이,백다다기,10.00kg,특,경북 상주시 상주우체국사서함,28,32500,,,,trade
구리,농협공판장,20260219,오이,백다다기,10.00kg,특,경북 상주시 상주우체국사서함,62,33500,,,,trade
구리,농협공판장,20260219,오이,백다다기,10.00kg,특,경북 상주시 상주우체국사서함,33,31500,,,,trade
구리,농협공판장,20260219,오이,백다다기,10.00kg,특,경북 상주시 상주우체국사서함,56,33000,,,,trade
구리,농협공판장,20260219,오이,백다다기,18.00kg,특,서울특별시,1,22320,,,,trade
구리,농협공판장,20260224,오이,백다다기,18.00kg,특,서울특별시,1,31980,,,,trade
구리,농협공판장,20260226,오이,백다다기,10.00kg,상,충남 천안시 동남구 목천읍 신계리,7,25000,,,,trade
구리,농협공판장,20260226,오이,백다다기,10.00kg,상,충남 천안시 동남구 목천읍 신계리,13,24000,,,,trade
구리,농협공판장,20260226,오이,백다다기,10.00kg,특,충남 천안시 동남구 목천읍 신계리,27,36000,,,,trade
구리,농협공판장,20260226,오이,백다다기,10.00kg,특,충남 천안시 동남구 목천읍 신계리,18,30000,,,,trade
구리,농협공판장,20260702,오이,백다다기,8.00kg,특,경기 양주시 백석읍,56,5000,,,,trade
구리,농협공판장,20260702,오이,백다다기,8.00kg,특,경기 파주시 법원읍,82,5300,,,,trade
구리,농협공판장,20260702,오이,백다다기,8.00kg,특,경기 파주시 법원읍,82,5100,,,,trade
구리,농협공판장,20260702,오이,백다다기,8.00kg,특,경기 파주시 법원읍,82,5000,,,,trade
구리,농협공판장,20260702,오이,백다다기,8.00kg,특,경기 파주시 법원읍,82,5700,,,,trade
구리,농협공판장,20260702,오이,백다다기,8.00kg,특,경기 파주시 법원읍,82,5600,,,,trade
구리,농협공판장,20260702,오이,백다다기,8.00kg,특,경기 파주시 법원읍,79,5500,,,,trade
구리,농협공판장,20260702,오이,백다다기,8.00kg,특,경기 파주시 법원읍,7,5600,,,,trade
구리,농협공판장,20260702,오이,백다다기,8.00kg,특,경기 파주시 법원읍,8,5600,,,,trade
구리,농협공판장,20260702,오이,백다다기,8.00kg,특,경기 파주시 법원읍,30,5900,,,,trade
구리,농협공판장,20260702,오이,백다다기,8.00kg,특,경기 파주시 법원읍,49,5700,,,,trade
구리,농협공판장,20260702,오이,백다다기,8.00kg,특,경기 파주시 법원읍,50,5600,,,,trade
구리,농협공판장,20260702,오이,백다다기,8.00kg,특,경기도 파주시,39,5400,,,,trade
구리,농협공판장,20260702,오이,백다다기,8.00kg,특,경기 남양주시 금곡동157∼403,3,4600,,,,trade
구리,농협공판장,20260702,오이,백다다기,8.00kg,특,경기 수원시 팔달구 인계동1111∼1140,33,5000,,,,trade
구리,농협공판장,20260702,오이,백다다기,8.00kg,특,경기 양주시 은현면 봉암리,24,4400,,,,trade
구리,농협공판장,20260702,오이,백다다기,8.00kg,특,경기 양주시 은현면 봉암리,71,4400,,,,trade
구리,농협공판장,20260702,오이,백다다기,8.00kg,특,경기 양주시 남면 신산리,84,4600,,,,trade
구리,농협공판장,20260702,오이,백다다기,8.00kg,특,경기 양주시 남면 신산리,100,4300,,,,trade
구리,농협공판장,20260702,오이,백다다기,8.00kg,특,경기 연천군 군남면 삼거리,10,6200,,,,trade
구리,농협공판장,20260702,오이,백다다기,8.00kg,특,경기 연천군 군남면 삼거리,2,3300,,,,trade
구리,농협공판장,20260702,오이,백다다기,8.00kg,특,경기 연천군 군남면 삼거리,3,4600,,,,trade
구리,농협공판장,20260702,오이,백다다기,8.00kg,특,경기 연천군 군남면 삼거리,5,3300,,,,trade
구리,농협공판장,20260702,오이,백다다기,8.00kg,특,경기 연천군 군남면 삼거리,30,5200,,,,trade
구리,농협공판장,20260702,오이,백다다기,8.00kg,특,경기 연천군 군남면 삼거리,26,6200,,,,trade
구리,농협공판장,20260702,오이,백다다기,8.00kg,특,경기 연천군 군남면 삼거리,5,6600,,,,trade
구리,농협공판장,20260702,오이,백다다기,8.00kg,특,경기 연천군 군남면 삼거리,8,2000,,,,trade
구리,농협공판장,20260702,오이,백다다기,8.00kg,특,경기 연천군 군남면 삼거리,11,3300,,,,trade
구리,농협공판장,20260702,오이,백다다기,8.00kg,특,경기 연천군 군남면 삼거리,23,4000,,,,trade
구리,농협공판장,20260702,오이,백다다기,8.00kg,특,경기 연천군 군남면 삼거리,38,5300,,,,trade
구리,농협공판장,20260702,오이,백다다기,8.00kg,특,경기 연천군 군남면 삼거리,44,5900,,,,trade
구리,농협공판장,20260702,오이,백다다기,8.00kg,특,경기 연천군 군남면 삼거리,18,6300,,,,trade
구리,농협공판장,20260702,오이,백다다기,10.00kg,특,경기 양주시 백석읍,75,2500,,,,trade
구리,농협공판장,20260702,오이,백다다기,10.00kg,특,경기 양주시 백석읍,75,2500,,,,trade
구리,농협공판장,20260702,오이,백다다기,10.00kg,특,경기 양주시 백석읍,80,2500,,,,trade
구리,농협공판장,20260702,오이,백다다기,10.00kg,특,경기 남양주시 금곡동157∼403,44,3000,,,,trade
구리,농협공판장,20260702,오이,백다다기,18.00kg,상,강원 춘천시 신북읍,3,5500,,,,trade
구리,농협공판장,20260702,오이,백다다기,10.00kg,특,강원 춘천시 신북읍,11,7500,,,,trade
구리,농협공판장,20260702,오이,백다다기,10.00kg,상,충남 천안시 동남구 천안우체국사서함,27,2000,,,,trade
구리,농협공판장,20260702,오이,백다다기,10.00kg,상,충남 천안시 동남구 천안우체국사서함,10,2000,,,,trade
구리,농협공판장,20260702,오이,백다다기,10.00kg,특,충남 천안시 동남구 천안우체국사서함,15,4000,,,,trade
구리,농협공판장,20260702,오이,백다다기,10.00kg,특,충남 천안시 동남구 천안우체국사서함,19,4000,,,,trade
구리,농협공판장,20260702,오이,백다다기,10.00kg,특,충남 천안시 동남구 천안우체국사서함,50,4500,,,,trade
구리,농협공판장,20260702,오이,백다다기,10.00kg,특,충남 천안시 동남구 천안우체국사서함,50,4500,,,,trade
구리,농협공판장,20260702,오이,백다다기,10.00kg,특,경기 양평군 지평면,25,6000,,,,trade
구리,농협공판장,20260702,오이,백다다기,10.00kg,특,경기 양평군 지평면,15,5000,,,,trade
구리,농협공판장,20260702,오이,백다다기,10.00kg,특,경기도 여주군,7,2500,,,,trade
구리,농협공판장,20260702,오이,백다다기,10.00kg,특,경기도 여주군,21,3500,,,,trade
구리,농협공판장,20260702,오이,백다다기,10.00kg,특,경기 남양주시 금곡동157∼403,41,5000,,,,trade
구리,농협공판장,20260702,오이,백다다기,10.00kg,상,경기 남양주시 금곡동157∼403,3,2500,,,,trade
구리,농협공판장,20260702,오이,백다다기,10.00kg,특,경기 남양주시 금곡동157∼403,33,5000,,,,trade
구리,농협공판장,20260702,오이,백다다기,10.00kg,특,경기 남양주시 금곡동157∼403,55,5000,,,,trade
구리,농협공판장,20260702,오이,백다다기,10.00kg,특,경기 남양주시 금곡동157∼403,44,5000,,,,trade
구리,농협공판장,20260702,오이,백다다기,10.00kg,특,경기 남양주시 금곡동157∼403,34,5000,,,,trade
구리,농협공판장,20260702,오이,백다다기,10.00kg,특,경기 남양주시 금곡동157∼403,44,5000,,,,trade
구리,농협공판장,20260702,오이,백다다기,10.00kg,특,경기 양평군 청운면,45,7500,,,,trade
구리,농협공판장,20260702,오이,백다다기,10.00kg,특,경기 양평군 청운면,60,7000,,,,trade
구리,농협공판장,20260702,오이,백다다기,10.00kg,특,경기 양평군 청운면,60,7000,,,,trade
구리,농협공판장,20260702,오이,백다다기,10.00kg,특,경기 양평군 청운면,60,7000,,,,trade
구리,농협공판장,20260702,오이,백다다기,10.00kg,특,경기 양평군 청운면,60,7000,,,,trade
구리,농협공판장,20260702,오이,백다다기,10.00kg,특,경기 양주시 은현면 봉암리,45,5500,,,,trade
구리,농협공판장,20260702,오이,백다다기,10.00kg,상,강원 홍천군 북방면 하화계리 주하이트맥주,2,2500,,,,trade
구리,농협공판장,20260702,오이,백다다기,10.00kg,특,강원 홍천군 북방면 하화계리 주하이트맥주,6,8500,,,,trade
구리,농협공판장,20260702,오이,백다다기,10.00kg,특,강원 홍천군 북방면 하화계리 주하이트맥주,8,5000,,,,trade
구리,농협공판장,20260702,오이,백다다기,10.00kg,특,강원 홍천군 북방면 하화계리 주하이트맥주,30,9000,,,,trade
구리,농협공판장,20260702,오이,백다다기,18.00kg,특,강원 홍천군 서석면 풍암리,15,13000,,,,trade
구리,농협공판장,20260702,오이,백다다기,10.00kg,특,강원 홍천군 서석면 풍암리,3,2000,,,,trade
구리,농협공판장,20260702,오이,백다다기,10.00kg,특,강원 홍천군 서석면 풍암리,33,8500,,,,trade
구리,농협공판장,20260702,오이,백다다기,10.00kg,특,강원 홍천군 서석면 풍암리,52,11000,,,,trade
구리,농협공판장,20260702,오이,백다다기,8.00kg,특,경기 연천군 군남면 삼거리,1,1000,,,,trade
구리,농협공판장,20260707,오이,백다다기,8.00kg,특,경기 파주시 법원읍,46,6800,,,,trade
구리,농협공판장,20260707,오이,백다다기,8.00kg,특,경기 파주시 법원읍,54,6200,,,,trade
구리,농협공판장,20260707,오이,백다다기,8.00kg,특,경기 파주시 법원읍,65,6200,,,,trade
구리,농협공판장,20260707,오이,백다다기,8.00kg,특,경기 파주시 법원읍,61,6600,,,,trade
구리,농협공판장,20260707,오이,백다다기,8.00kg,특,경기 파주시 법원읍,65,6700,,,,trade
구리,농협공판장,20260707,오이,백다다기,8.00kg,특,경기 파주시 법원읍,65,6600,,,,trade
구리,농협공판장,20260707,오이,백다다기,8.00kg,특,경기 파주시 법원읍,25,6200,,,,trade
구리,농협공판장,20260707,오이,백다다기,8.00kg,특,경기 파주시 법원읍,8,6000,,,,trade
구리,농협공판장,20260707,오이,백다다기,8.00kg,특,경기 파주시 법원읍,10,5800,,,,trade
구리,농협공판장,20260707,오이,백다다기,8.00kg,특,경기도 파주시,42,5800,,,,trade
구리,농협공판장,20260707,오이,백다다기,8.00kg,특,경기도 양평군,33,6100,,,,trade
구리,농협공판장,20260707,오이,백다다기,8.00kg,특,경기 남양주시 금곡동157∼403,9,4700,,,,trade
구리,농협공판장,20260707,오이,백다다기,8.00kg,특,경기 양주시 은현면 봉암리,46,7300,,,,trade
구리,농협공판장,20260707,오이,백다다기,8.00kg,특,경기 연천군 군남면 삼거리,8,8100,,,,trade
구리,농협공판장,20260707,오이,백다다기,8.00kg,특,경기 연천군 군남면 삼거리,5,8100,,,,trade
구리,농협공판장,20260707,오이,백다다기,8.00kg,특,경기 연천군 군남면 삼거리,10,4300,,,,trade
구리,농협공판장,20260707,오이,백다다기,8.00kg,특,경기 연천군 군남면 삼거리,9,4500,,,,trade
구리,농협공판장,20260707,오이,백다다기,8.00kg,특,경기 연천군 군남면 삼거리,1,800,,,,trade
구리,농협공판장,20260707,오이,백다다기,8.00kg,특,경기 연천군 군남면 삼거리,6,1200,,,,trade
구리,농협공판장,20260707,오이,백다다기,8.00kg,특,경기 연천군 군남면 삼거리,8,2600,,,,trade
구리,농협공판장,20260707,오이,백다다기,8.00kg,특,경기 연천군 군남면 삼거리,14,3200,,,,trade
구리,농협공판장,20260707,오이,백다다기,8.00kg,특,경기 연천군 군남면 삼거리,21,5500,,,,trade
구리,농협공판장,20260707,오이,백다다기,8.00kg,특,경기 연천군 군남면 삼거리,17,8000,,,,trade
구리,농협공판장,20260707,오이,백다다기,8.00kg,특,경기 연천군 군남면 삼거리,5,8000,,,,trade
구리,농협공판장,20260707,오이,백다다기,8.00kg,특,경기 연천군 군남면 삼거리,2,4200,,,,trade
구리,농협공판장,20260707,오이,백다다기,8.00kg,특,경기 연천군 군남면 삼거리,10,5200,,,,trade
구리,농협공판장,20260707,오이,백다다기,8.00kg,특,경기 연천군 군남면 삼거리,17,7600,,,,trade
구리,농협공판장,20260707,오이,백다다기,8.00kg,특,경기 연천군 군남면 삼거리,14,8000,,,,trade
구리,농협공판장,20260707,오이,백다다기,10.00kg,특,강원 춘천시 신북읍,10,10000,,,,trade
구리,농협공판장,20260707,오이,백다다기,10.00kg,특,경기 양주시 은현면 봉암리,14,7000,,,,trade
구리,농협공판장,20260707,오이,백다다기,10.00kg,특,경기도 여주군,26,5500,,,,trade
구리,농협공판장,20260707,오이,백다다기,10.00kg,특,경기 양평군 지평면,11,4000,,,,trade
구리,농협공판장,20260707,오이,백다다기,10.00kg,특,경기 남양주시 금곡동157∼403,24,6000,,,,trade
구리,농협공판장,20260707,오이,백다다기,10.00kg,특,경기 남양주시 금곡동157∼403,21,6000,,,,trade
구리,농협공판장,20260707,오이,백다다기,10.00kg,상,경기 남양주시 금곡동157∼403,1,2000,,,,trade
구리,농협공판장,20260707,오이,백다다기,10.00kg,특,경기 남양주시 금곡동157∼403,29,5500,,,,trade
구리,농협공판장,20260707,오이,백다다기,10.00kg,특,경기 남양주시 금곡동157∼403,15,6000,,,,trade
구리,농협공판장,20260707,오이,백다다기,10.00kg,특,경기 남양주시 금곡동157∼403,31,8500,,,,trade
구리,농협공판장,20260707,오이,백다다기,10.00kg,특,경기 남양주시 금곡동157∼403,24,6500,,,,trade
구리,농협공판장,20260707,오이,백다다기,10.00kg,특,경기 양평군 청운면,50,10000,,,,trade
구리,농협공판장,20260707,오이,백다다기,10.00kg,특,경기 양평군 청운면,50,10000,,,,trade
구리,농협공판장,20260707,오이,백다다기,10.00kg,특,경기 양평군 청운면,50,10000,,,,trade
구리,농협공판장,20260707,오이,백다다기,10.00kg,특,경기 양평군 청운면,58,10500,,,,trade
구리,농협공판장,20260707,오이,백다다기,18.00kg,특,강원 춘천시 춘천우체국사서함,6,14000,,,,trade
구리,농협공판장,20260707,오이,백다다기,18.00kg,상,강원 춘천시 춘천우체국사서함,12,13000,,,,trade
구리,농협공판장,20260707,오이,백다다기,18.00kg,특,강원 춘천시 춘천우체국사서함,18,16000,,,,trade
구리,농협공판장,20260707,오이,백다다기,18.00kg,특,강원 춘천시 춘천우체국사서함,12,15000,,,,trade
구리,농협공판장,20260707,오이,백다다기,18.00kg,상,강원 춘천시 춘천우체국사서함,14,13000,,,,trade
구리,농협공판장,20260707,오이,백다다기,18.00kg,특,강원 춘천시 춘천우체국사서함,13,30000,,,,trade
구리,농협공판장,20260707,오이,백다다기,10.00kg,상,경기 포천시 일동면 사직리,6,3000,,,,trade
구리,농협공판장,20260707,오이,백다다기,10.00kg,특,경기 포천시 일동면 사직리,30,5000,,,,trade
구리,농협공판장,20260707,오이,백다다기,10.00kg,상,강원 홍천군 북방면 하화계리 주하이트맥주,13,3000,,,,trade
구리,농협공판장,20260707,오이,백다다기,10.00kg,특,강원 홍천군 북방면 하화계리 주하이트맥주,33,12500,,,,trade
구리,농협공판장,20260707,오이,백다다기,10.00kg,특,강원 홍천군 북방면 하화계리 주하이트맥주,32,12000,,,,trade
구리,농협공판장,20260707,오이,백다다기,10.00kg,특,강원 홍천군 서석면 풍암리,10,20000,,,,trade
구리,농협공판장,20260707,오이,백다다기,18.00kg,상,강원 홍천군 서석면 풍암리,1,9000,,,,trade
구리,농협공판장,20260707,오이,백다다기,18.00kg,특,강원 홍천군 서석면 풍암리,9,17000,,,,trade
구리,농협공판장,20260707,오이,백다다기,10.00kg,상,강원 홍천군 서석면 풍암리,1,9000,,,,trade
구리,농협공판장,20260707,오이,백다다기,10.00kg,상,강원 홍천군 서석면 풍암리,3,8000,,,,trade
구리,농협공판장,20260707,오이,백다다기,10.00kg,특,강원 홍천군 서석면 풍암리,27,8500,,,,trade
구리,농협공판장,20260707,오이,백다다기,10.00kg,특,강원 홍천군 서석면 풍암리,25,18000,,,,trade
구리,농협공판장,20260707,오이,백다다기,10.00kg,특,강원 홍천군 서석면 풍암리,15,15500,,,,trade
구리,농협공판장,20260707,오이,백다다기,10.00kg,특,강원 홍천군 서석면 풍암리,20,8000,,,,trade
구리,농협공판장,20260707,오이,백다다기,10.00kg,특,강원 홍천군 서석면 풍암리,21,16000,,,,trade
구리,농협공판장,20260709,오이,백다다기,8.00kg,특,경기 파주시 법원읍,75,7500,,,,trade
구리,농협공판장,20260709,오이,백다다기,8.00kg,특,경기 파주시 법원읍,58,8300,,,,trade
구리,농협공판장,20260709,오이,백다다기,8.00kg,특,경기 파주시 법원읍,57,8000,,,,trade
구리,농협공판장,20260709,오이,백다다기,8.00kg,특,경기 파주시 법원읍,18,7500,,,,trade
구리,농협공판장,20260709,오이,백다다기,8.00kg,특,경기 파주시 법원읍,4,7300,,,,trade
구리,농협공판장,20260709,오이,백다다기,8.00kg,특,경기 파주시 법원읍,7,7500,,,,trade
구리,농협공판장,20260709,오이,백다다기,8.00kg,특,경기도 파주시,23,7300,,,,trade
구리,농협공판장,20260709,오이,백다다기,8.00kg,특,경기도 양평군,22,7200,,,,trade
구리,농협공판장,20260709,오이,백다다기,8.00kg,특,경기도 동두천시,22,6800,,,,trade
구리,농협공판장,20260709,오이,백다다기,8.00kg,특,경기 남양주시 금곡동157∼403,5,6600,,,,trade
구리,농협공판장,20260709,오이,백다다기,8.00kg,특,경기 연천군 군남면 삼거리,2,4500,,,,trade
구리,농협공판장,20260709,오이,백다다기,8.00kg,특,경기 연천군 군남면 삼거리,15,6200,,,,trade
구리,농협공판장,20260709,오이,백다다기,8.00kg,특,경기 연천군 군남면 삼거리,8,8700,,,,trade
구리,농협공판장,20260709,오이,백다다기,8.00kg,특,경기 연천군 군남면 삼거리,10,10000,,,,trade
구리,농협공판장,20260709,오이,백다다기,8.00kg,특,경기 연천군 군남면 삼거리,4,6800,,,,trade
구리,농협공판장,20260709,오이,백다다기,8.00kg,특,경기 연천군 군남면 삼거리,15,7600,,,,trade
구리,농협공판장,20260709,오이,백다다기,8.00kg,특,경기 연천군 군남면 삼거리,26,8600,,,,trade
구리,농협공판장,20260709,오이,백다다기,8.00kg,특,경기 연천군 군남면 삼거리,25,9400,,,,trade
구리,농협공판장,20260709,오이,백다다기,10.00kg,특,강원 춘천시 신북읍,2,13000,,,,trade
구리,농협공판장,20260709,오이,백다다기,10.00kg,상,경기 포천시 일동면 사직리,7,1500,,,,trade
구리,농협공판장,20260709,오이,백다다기,10.00kg,특,경기 포천시 일동면 사직리,25,7500,,,,trade
구리,농협공판장,20260709,오이,백다다기,10.00kg,특,경기도 여주군,12,9500,,,,trade
구리,농협공판장,20260709,오이,백다다기,10.00kg,특,경기 남양주시 금곡동157∼403,20,9500,,,,trade
구리,농협공판장,20260709,오이,백다다기,10.00kg,상,경기 남양주시 금곡동157∼403,2,3500,,,,trade
구리,농협공판장,20260709,오이,백다다기,10.00kg,특,경기 남양주시 금곡동157∼403,20,9500,,,,trade
구리,농협공판장,20260709,오이,백다다기,10.00kg,특,경기 남양주시 금곡동157∼403,15,9000,,,,trade
구리,농협공판장,20260709,오이,백다다기,10.00kg,상,경기 남양주시 금곡동157∼403,1,3500,,,,trade
구리,농협공판장,20260709,오이,백다다기,10.00kg,특,경기 남양주시 금곡동157∼403,20,9000,,,,trade
구리,농협공판장,20260709,오이,백다다기,10.00kg,특,경기 남양주시 금곡동157∼403,24,9000,,,,trade
구리,농협공판장,20260709,오이,백다다기,10.00kg,특,경기 양평군 청운면,43,12500,,,,trade
구리,농협공판장,20260709,오이,백다다기,10.00kg,특,경기 양평군 청운면,44,12500,,,,trade
구리,농협공판장,20260709,오이,백다다기,10.00kg,특,경기 양평군 청운면,44,12000,,,,trade
구리,농협공판장,20260709,오이,백다다기,10.00kg,특,경기도 동두천시,13,8000,,,,trade
구리,농협공판장,20260709,오이,백다다기,10.00kg,특,강원 홍천군 북방면 하화계리 주하이트맥주,1,8000,,,,trade
구리,농협공판장,20260709,오이,백다다기,10.00kg,특,강원 홍천군 북방면 하화계리 주하이트맥주,4,8000,,,,trade
구리,농협공판장,20260709,오이,백다다기,18.00kg,상,강원 춘천시 춘천우체국사서함,20,16000,,,,trade
구리,농협공판장,20260709,오이,백다다기,18.00kg,상,강원 춘천시 춘천우체국사서함,21,16000,,,,trade
구리,농협공판장,20260709,오이,백다다기,18.00kg,특,강원 춘천시 춘천우체국사서함,9,29000,,,,trade
구리,농협공판장,20260709,오이,백다다기,10.00kg,특,강원 춘천시 춘천우체국사서함,20,28000,,,,trade
구리,농협공판장,20260709,오이,백다다기,10.00kg,특,강원 춘천시 춘천우체국사서함,10,13000,,,,trade
구리,농협공판장,20260709,오이,백다다기,18.00kg,특,강원 홍천군 서석면 풍암리,13,25000,,,,trade
구리,농협공판장,20260709,오이,백다다기,10.00kg,상,강원 홍천군 서석면 풍암리,2,5000,,,,trade
구리,농협공판장,20260709,오이,백다다기,10.00kg,특,강원 홍천군 서석면 풍암리,30,17000,,,,trade
구리,농협공판장,20260709,오이,백다다기,10.00kg,특,강원 홍천군 서석면 풍암리,32,14000,,,,trade
구리,농협공판장,20260709,오이,백다다기,10.00kg,특,강원 홍천군 서석면 풍암리,26,13000,,,,trade
구리,농협공판장,20260709,오이,백다다기,10.00kg,특,강원 홍천군 서석면 풍암리,25,9000,,,,trade
구리,농협공판장,20260709,오이,백다다기,10.00kg,특,강원 홍천군 서석면 풍암리,24,11500,,,,trade
구리,농협공판장,20260709,오이,백다다기,10.00kg,특,강원 홍천군 서석면 풍암리,40,17000,,,,trade
구리,농협공판장,20260714,오이,백다다기,8.00kg,특,경기 파주시 법원읍,45,15000,,,,trade
구리,농협공판장,20260714,오이,백다다기,8.00kg,특,경기 파주시 법원읍,45,15600,,,,trade
구리,농협공판장,20260714,오이,백다다기,8.00kg,특,경기 파주시 법원읍,57,16100,,,,trade
구리,농협공판장,20260714,오이,백다다기,8.00kg,특,경기 파주시 법원읍,58,16100,,,,trade
구리,농협공판장,20260714,오이,백다다기,8.00kg,특,경기 파주시 법원읍,7,18200,,,,trade
구리,농협공판장,20260714,오이,백다다기,8.00kg,특,경기 파주시 법원읍,33,18000,,,,trade
구리,농협공판장,20260714,오이,백다다기,8.00kg,특,경기도 파주시,35,17600,,,,trade
구리,농협공판장,20260714,오이,백다다기,8.00kg,특,경기도 양평군,15,19000,,,,trade
구리,농협공판장,20260714,오이,백다다기,8.00kg,상,경기 연천군 군남면 삼거리,1,12000,,,,trade
구리,농협공판장,20260714,오이,백다다기,8.00kg,특,경기 연천군 군남면 삼거리,9,20000,,,,trade
구리,농협공판장,20260714,오이,백다다기,8.00kg,특,경기 연천군 군남면 삼거리,5,22000,,,,trade
구리,농협공판장,20260714,오이,백다다기,8.00kg,특,경기 연천군 군남면 삼거리,4,12600,,,,trade
구리,농협공판장,20260714,오이,백다다기,8.00kg,특,경기 연천군 군남면 삼거리,16,16500,,,,trade
구리,농협공판장,20260714,오이,백다다기,8.00kg,특,경기 연천군 군남면 삼거리,12,21000,,,,trade
구리,농협공판장,20260714,오이,백다다기,8.00kg,특,경기 연천군 군남면 삼거리,7,21500,,,,trade
구리,농협공판장,20260714,오이,백다다기,18.00kg,상,경기 포천시 일동면 사직리,5,6000,,,,trade
구리,농협공판장,20260714,오이,백다다기,18.00kg,특,경기 포천시 일동면 사직리,15,22000,,,,trade
구리,농협공판장,20260714,오이,백다다기,10.00kg,특,경기 양평군 청운면,28,37000,,,,trade
구리,농협공판장,20260714,오이,백다다기,10.00kg,특,경기 양평군 청운면,40,37000,,,,trade
구리,농협공판장,20260714,오이,백다다기,10.00kg,특,경기 양평군 청운면,40,37000,,,,trade
구리,농협공판장,20260714,오이,백다다기,10.00kg,특,경기 양평군 청운면,40,36500,,,,trade
구리,농협공판장,20260714,오이,백다다기,18.00kg,특,강원 춘천시 춘천우체국사서함,8,60000,,,,trade
구리,농협공판장,20260714,오이,백다다기,18.00kg,상,강원 춘천시 춘천우체국사서함,13,46000,,,,trade
구리,농협공판장,20260714,오이,백다다기,18.00kg,상,강원 춘천시 춘천우체국사서함,17,44000,,,,trade
구리,농협공판장,20260714,오이,백다다기,18.00kg,특,강원 춘천시 춘천우체국사서함,3,96000,,,,trade
구리,농협공판장,20260714,오이,백다다기,18.00kg,특,강원 춘천시 춘천우체국사서함,12,95000,,,,trade
구리,농협공판장,20260714,오이,백다다기,10.00kg,상,강원 홍천군 서석면 풍암리,1,18000,,,,trade
구리,농협공판장,20260714,오이,백다다기,10.00kg,특,강원 홍천군 서석면 풍암리,4,26000,,,,trade
구리,농협공판장,20260714,오이,백다다기,10.00kg,특,강원 홍천군 서석면 풍암리,15,48000,,,,trade
구리,농협공판장,20260714,오이,백다다기,10.00kg,상,경기도 양평군,8,21000,,,,trade
구리,농협공판장,20260714,오이,백다다기,10.00kg,상,경기 파주시 법원읍,3,20000,,,,trade
구리,농협공판장,20260714,오이,백다다기,10.00kg,특,경기 파주시 법원읍,7,23000,,,,trade
구리,농협공판장,20260714,오이,백다다기,10.00kg,특,강원 홍천군 북방면 하화계리 주하이트맥주,2,22000,,,,trade
구리,농협공판장,20260714,오이,백다다기,10.00kg,상,강원 홍천군 북방면 하화계리 주하이트맥주,1,18000,,,,trade
구리,농협공판장,20260714,오이,백다다기,10.00kg,특,강원 홍천군 북방면 하화계리 주하이트맥주,4,21000,,,,trade
구리,농협공판장,20260714,오이,백다다기,10.00kg,상,강원 홍천군 북방면 하화계리 주하이트맥주,4,23000,,,,trade
구리,농협공판장,20260714,오이,백다다기,10.00kg,특,강원 홍천군 북방면 하화계리 주하이트맥주,36,40000,,,,trade
구리,농협공판장,20260714,오이,백다다기,18.00kg,상,강원 홍천군 서석면 풍암리,1,32000,,,,trade
구리,농협공판장,20260714,오이,백다다기,18.00kg,특,강원 홍천군 서석면 풍암리,6,62000,,,,trade
구리,농협공판장,20260714,오이,백다다기,18.00kg,특,강원 홍천군 서석면 풍암리,7,37000,,,,trade
구리,농협공판장,20260714,오이,백다다기,10.00kg,상,강원 홍천군 서석면 풍암리,5,21000,,,,trade
구리,농협공판장,20260714,오이,백다다기,10.00kg,상,강원 홍천군 서석면 풍암리,2,20000,,,,trade
구리,농협공판장,20260714,오이,백다다기,10.00kg,특,강원 홍천군 서석면 풍암리,12,35000,,,,trade
구리,농협공판장,20260714,오이,백다다기,10.00kg,상,강원 홍천군 서석면 풍암리,2,19000,,,,trade
구리,농협공판장,20260714,오이,백다다기,10.00kg,특,강원 홍천군 서석면 풍암리,10,32500,,,,trade
구리,농협공판장,20260714,오이,백다다기,10.00kg,특,강원 홍천군 서석면 풍암리,10,40000,,,,trade
구리,농협공판장,20260716,오이,백다다기,8.00kg,특,경기 연천군 군남면 삼거리,1,9000,,,,trade
구리,농협공판장,20260716,오이,백다다기,8.00kg,특,경기 연천군 군남면 삼거리,1,7200,,,,trade
구리,농협공판장,20260716,오이,백다다기,8.00kg,특,경기 연천군 군남면 삼거리,10,9000,,,,trade
구리,농협공판장,20260716,오이,백다다기,8.00kg,특,경기 연천군 군남면 삼거리,5,12500,,,,trade
구리,농협공판장,20260716,오이,백다다기,8.00kg,상,경기 연천군 군남면 삼거리,1,6000,,,,trade
구리,농협공판장,20260716,오이,백다다기,8.00kg,특,경기 연천군 군남면 삼거리,7,12200,,,,trade
구리,농협공판장,20260716,오이,백다다기,8.00kg,등외,경기 연천군 군남면 삼거리,5,3000,,,,trade
구리,농협공판장,20260716,오이,백다다기,8.00kg,특,경기 연천군 군남면 삼거리,4,8200,,,,trade
구리,농협공판장,20260716,오이,백다다기,8.00kg,특,경기 연천군 군남면 삼거리,22,11000,,,,trade
구리,농협공판장,20260716,오이,백다다기,8.00kg,특,경기 연천군 군남면 삼거리,10,13000,,,,trade
구리,농협공판장,20260716,오이,백다다기,8.00kg,특,경기 연천군 군남면 삼거리,5,13000,,,,trade
구리,농협공판장,20260716,오이,백다다기,8.00kg,특,경기 파주시 법원읍,5,9500,,,,trade
구리,농협공판장,20260716,오이,백다다기,8.00kg,특,경기 파주시 법원읍,60,7500,,,,trade
구리,농협공판장,20260716,오이,백다다기,8.00kg,특,경기 파주시 법원읍,54,8500,,,,trade
구리,농협공판장,20260716,오이,백다다기,8.00kg,특,경기 파주시 법원읍,53,8500,,,,trade
구리,농협공판장,20260716,오이,백다다기,8.00kg,특,경기도 파주시,26,10500,,,,trade
구리,농협공판장,20260716,오이,백다다기,10.00kg,특,강원 횡성군 둔내면 마암리,6,5000,,,,trade
구리,농협공판장,20260716,오이,백다다기,10.00kg,특,강원 횡성군 둔내면 마암리,1,10000,,,,trade
구리,농협공판장,20260716,오이,백다다기,10.00kg,보통,경기 남양주시 금곡동157∼403,1,9000,,,,trade
구리,농협공판장,20260716,오이,백다다기,10.00kg,보통,경기 남양주시 금곡동157∼403,1,8000,,,,trade
구리,농협공판장,20260716,오이,백다다기,10.00kg,상,경기 남양주시 금곡동157∼403,1,8000,,,,trade
구리,농협공판장,20260716,오이,백다다기,10.00kg,특,경기 남양주시 금곡동157∼403,13,16000,,,,trade
구리,농협공판장,20260716,오이,백다다기,10.00kg,특,경기 남양주시 금곡동157∼403,20,15000,,,,trade
구리,농협공판장,20260716,오이,백다다기,10.00kg,상,강원 홍천군 북방면 하화계리 주하이트맥주,1,3000,,,,trade
구리,농협공판장,20260716,오이,백다다기,10.00kg,특,강원 홍천군 북방면 하화계리 주하이트맥주,7,15000,,,,trade
구리,농협공판장,20260716,오이,백다다기,10.00kg,특,강원 홍천군 북방면 하화계리 주하이트맥주,2,18000,,,,trade
구리,농협공판장,20260716,오이,백다다기,10.00kg,상,강원 홍천군 북방면 하화계리 주하이트맥주,6,8000,,,,trade
구리,농협공판장,20260716,오이,백다다기,10.00kg,특,강원 홍천군 북방면 하화계리 주하이트맥주,42,22000,,,,trade
구리,농협공판장,20260716,오이,백다다기,10.00kg,상,경기도 양평군,6,9000,,,,trade
구리,농협공판장,20260716,오이,백다다기,10.00kg,상,경기 포천시 일동면 사직리,5,2000,,,,trade
구리,농협공판장,20260716,오이,백다다기,10.00kg,특,경기 포천시 일동면 사직리,13,8000,,,,trade
구리,농협공판장,20260716,오이,백다다기,18.00kg,특,강원 춘천시 춘천우체국사서함,4,83000,,,,trade
구리,농협공판장,20260716,오이,백다다기,18.00kg,상,강원 춘천시 춘천우체국사서함,26,31000,,,,trade
구리,농협공판장,20260716,오이,백다다기,18.00kg,상,강원 춘천시 춘천우체국사서함,15,37000,,,,trade
구리,농협공판장,20260716,오이,백다다기,18.00kg,특,강원 춘천시 춘천우체국사서함,15,76000,,,,trade
구리,농협공판장,20260716,오이,백다다기,20.00kg,5등,경기 파주시 법원읍,1,16000,,,,trade
구리,농협공판장,20260716,오이,백다다기,10.00kg,상,경기 파주시 법원읍,8,13000,,,,trade
구리,농협공판장,20260716,오이,백다다기,10.00kg,특,경기 파주시 법원읍,10,14500,,,,trade
구리,농협공판장,20260716,오이,백다다기,18.00kg,상,강원 홍천군 서석면 풍암리,1,20000,,,,trade
구리,농협공판장,20260716,오이,백다다기,18.00kg,상,강원 홍천군 서석면 풍암리,2,22000,,,,trade
구리,농협공판장,20260716,오이,백다다기,18.00kg,특,강원 홍천군 서석면 풍암리,2,26000,,,,trade
구리,농협공판장,20260716,오이,백다다기,18.00kg,특,강원 홍천군 서석면 풍암리,18,22000,,,,trade
구리,농협공판장,20260716,오이,백다다기,10.00kg,특,강원 홍천군 서석면 풍암리,3,12000,,,,trade
구리,농협공판장,20260716,오이,백다다기,10.00kg,상,강원 홍천군 서석면 풍암리,2,12000,,,,trade
구리,농협공판장,20260716,오이,백다다기,10.00kg,상,강원 홍천군 서석면 풍암리,2,13000,,,,trade
구리,농협공판장,20260716,오이,백다다기,10.00kg,상,강원 홍천군 서석면 풍암리,2,14000,,,,trade
구리,농협공판장,20260716,오이,백다다기,10.00kg,상,강원 홍천군 서석면 풍암리,5,18000,,,,trade
구리,농협공판장,20260716,오이,백다다기,10.00kg,특,강원 홍천군 서석면 풍암리,10,26000,,,,trade
구리,농협공판장,20260716,오이,백다다기,10.00kg,특,강원 홍천군 서석면 풍암리,3,25000,,,,trade
구리,농협공판장,20260716,오이,백다다기,10.00kg,특,강원 홍천군 서석면 풍암리,2,18000,,,,trade
구리,농협공판장,20260716,오이,백다다기,10.00kg,특,강원 홍천군 서석면 풍암리,18,32000,,,,trade
구리,농협공판장,20260716,오이,백다다기,10.00kg,특,강원 홍천군 서석면 풍암리,45,18000,,,,trade
구리,농협공판장,20260716,오이,백다다기,10.00kg,특,강원 홍천군 서석면 풍암리,14,36000,,,,trade
구리,농협공판장,20260716,오이,백다다기,10.00kg,상,강원 홍천군 서석면 풍암리,1,12000,,,,trade
구리,농협공판장,20260716,오이,백다다기,10.00kg,특,강원 홍천군 서석면 풍암리,7,23000,,,,trade
구리,농협공판장,20260716,오이,백다다기,10.00kg,특,강원 홍천군 서석면 풍암리,2,29000,,,,trade
구리,농협공판장,20260716,오이,백다다기,10.00kg,특,강원 홍천군 서석면 풍암리,13,40000,,,,trade
구리,농협공판장,20260716,오이,백다다기,10.00kg,상,경기도 여주군,2,12000,,,,trade
구리,농협공판장,20260716,오이,백다다기,10.00kg,특,경기도 여주군,16,19000,,,,trade
구리,농협공판장,20260716,오이,백다다기,10.00kg,상,경기 남양주시 금곡동157∼403,3,12000,,,,trade
구리,농협공판장,20260716,오이,백다다기,10.00kg,특,경기 남양주시 금곡동157∼403,14,24000,,,,trade
구리,농협공판장,20260716,오이,백다다기,10.00kg,특,경기 남양주시 금곡동157∼403,10,26000,,,,trade
구리,농협공판장,20260716,오이,백다다기,10.00kg,상,경기 양평군 청운면,11,14000,,,,trade
구리,농협공판장,20260716,오이,백다다기,10.00kg,특,경기 양평군 청운면,41,22500,,,,trade
구리,농협공판장,20260716,오이,백다다기,10.00kg,특,경기 양평군 청운면,43,22500,,,,trade
구리,농협공판장,20260716,오이,백다다기,10.00kg,특,경기 양평군 청운면,43,22500,,,,trade
구리,농협공판장,20260716,오이,백다다기,10.00kg,특,경기 양평군 청운면,43,22500,,,,trade
구리,농협공판장,20260716,오이,백다다기,10.00kg,특,경기 양평군 청운면,43,22500,,,,trade
구리,농협공판장,20260721,오이,백다다기,18.00kg,특,강원 춘천시 춘천우체국사서함,2,47000,,,,trade
구리,농협공판장,20260721,오이,백다다기,8.00kg,특,경기 파주시 법원읍,57,8300,,,,trade
구리,농협공판장,20260721,오이,백다다기,8.00kg,특,경기 파주시 법원읍,57,8100,,,,trade
구리,농협공판장,20260721,오이,백다다기,8.00kg,특,경기 파주시 법원읍,57,8100,,,,trade
구리,농협공판장,20260721,오이,백다다기,8.00kg,특,경기 파주시 법원읍,57,7900,,,,trade
구리,농협공판장,20260721,오이,백다다기,8.00kg,특,경기 파주시 법원읍,31,8300,,,,trade
구리,농협공판장,20260721,오이,백다다기,8.00kg,특,경기 파주시 법원읍,6,6600,,,,trade
구리,농협공판장,20260721,오이,백다다기,8.00kg,특,경기도 파주시,22,7800,,,,trade
구리,농협공판장,20260721,오이,백다다기,10.00kg,특,경기도 여주군,13,10500,,,,trade
구리,농협공판장,20260721,오이,백다다기,10.00kg,상,경기 남양주시 금곡동157∼403,2,6000,,,,trade
구리,농협공판장,20260721,오이,백다다기,10.00kg,특,경기 남양주시 금곡동157∼403,22,10000,,,,trade
구리,농협공판장,20260721,오이,백다다기,10.00kg,상,경기 양평군 청운면,4,7500,,,,trade
구리,농협공판장,20260721,오이,백다다기,10.00kg,특,경기 양평군 청운면,37,13000,,,,trade
구리,농협공판장,20260721,오이,백다다기,10.00kg,특,경기 양평군 청운면,37,14000,,,,trade
구리,농협공판장,20260721,오이,백다다기,10.00kg,특,경기 양주시 은현면 봉암리,5,10500,,,,trade
구리,농협공판장,20260721,오이,백다다기,10.00kg,상,경기 포천시 일동면 사직리,2,6000,,,,trade
구리,농협공판장,20260721,오이,백다다기,10.00kg,특,경기 포천시 일동면 사직리,20,12000,,,,trade
구리,농협공판장,20260721,오이,백다다기,18.00kg,상,강원 춘천시 춘천우체국사서함,21,21000,,,,trade
구리,농협공판장,20260721,오이,백다다기,18.00kg,상,강원 춘천시 춘천우체국사서함,21,21000,,,,trade
구리,농협공판장,20260721,오이,백다다기,18.00kg,특,강원 춘천시 춘천우체국사서함,17,47000,,,,trade
구리,농협공판장,20260721,오이,백다다기,18.00kg,특,강원 춘천시 춘천우체국사서함,4,50000,,,,trade
구리,농협공판장,20260721,오이,백다다기,18.00kg,상,강원 춘천시 춘천우체국사서함,1,32000,,,,trade
구리,농협공판장,20260721,오이,백다다기,18.00kg,특,강원 춘천시 춘천우체국사서함,12,57000,,,,trade
구리,농협공판장,20260721,오이,백다다기,18.00kg,상,강원 홍천군 서석면 풍암리,2,11000,,,,trade
구리,농협공판장,20260721,오이,백다다기,18.00kg,상,강원 홍천군 서석면 풍암리,4,8000,,,,trade
구리,농협공판장,20260721,오이,백다다기,18.00kg,상,강원 홍천군 서석면 풍암리,1,12000,,,,trade
구리,농협공판장,20260721,오이,백다다기,18.00kg,특,강원 홍천군 서석면 풍암리,5,20000,,,,trade
구리,농협공판장,20260721,오이,백다다기,10.00kg,특,강원 홍천군 서석면 풍암리,22,16500,,,,trade
구리,농협공판장,20260721,오이,백다다기,10.00kg,특,강원 홍천군 서석면 풍암리,40,18000,,,,trade
구리,농협공판장,20260721,오이,백다다기,10.00kg,특,강원 홍천군 서석면 풍암리,6,10000,,,,trade
구리,농협공판장,20260721,오이,백다다기,10.00kg,특,강원 홍천군 서석면 풍암리,2,12000,,,,trade
구리,농협공판장,20260721,오이,백다다기,10.00kg,특,강원 홍천군 서석면 풍암리,9,13000,,,,trade
구리,농협공판장,20260721,오이,백다다기,10.00kg,상,강원 홍천군 서석면 풍암리,2,6000,,,,trade
구리,농협공판장,20260721,오이,백다다기,10.00kg,특,강원 홍천군 서석면 풍암리,17,21000,,,,trade
구리,농협공판장,20260721,오이,백다다기,10.00kg,특,강원 홍천군 서석면 풍암리,10,27000,,,,trade
구리,농협공판장,20260723,오이,백다다기,10.00kg,특,서울특별시,1,14040,,,,trade
구리,농협공판장,20260723,오이,백다다기,8.00kg,특,경기 파주시 법원읍,53,9300,,,,trade
구리,농협공판장,20260723,오이,백다다기,8.00kg,특,경기 파주시 법원읍,52,9200,,,,trade
구리,농협공판장,20260723,오이,백다다기,8.00kg,특,경기 파주시 법원읍,52,8800,,,,trade
구리,농협공판장,20260723,오이,백다다기,8.00kg,특,경기 파주시 법원읍,29,8600,,,,trade
구리,농협공판장,20260723,오이,백다다기,8.00kg,특,경기도 파주시,21,7600,,,,trade
구리,농협공판장,20260723,오이,백다다기,10.00kg,상,경기 남양주시 금곡동157∼403,2,8500,,,,trade
구리,농협공판장,20260723,오이,백다다기,10.00kg,특,경기 남양주시 금곡동157∼403,16,22000,,,,trade
구리,농협공판장,20260723,오이,백다다기,10.00kg,상,경기도 여주군,1,8000,,,,trade
구리,농협공판장,20260723,오이,백다다기,10.00kg,특,경기도 여주군,8,12000,,,,trade
구리,농협공판장,20260723,오이,백다다기,10.00kg,특,경기 양평군 청운면,29,26000,,,,trade
구리,농협공판장,20260723,오이,백다다기,10.00kg,특,경기 양평군 청운면,30,24000,,,,trade
구리,농협공판장,20260723,오이,백다다기,10.00kg,상,경기 포천시 일동면 사직리,4,8000,,,,trade
구리,농협공판장,20260723,오이,백다다기,10.00kg,특,경기 포천시 일동면 사직리,18,11000,,,,trade
구리,농협공판장,20260723,오이,백다다기,18.00kg,상,강원 춘천시 춘천우체국사서함,15,28000,,,,trade
구리,농협공판장,20260723,오이,백다다기,18.00kg,특,강원 춘천시 춘천우체국사서함,1,46000,,,,trade
구리,농협공판장,20260723,오이,백다다기,18.00kg,특,강원 춘천시 춘천우체국사서함,28,84000,,,,trade
구리,농협공판장,20260723,오이,백다다기,10.00kg,상,강원 홍천군 북방면 하화계리 주하이트맥주,5,9000,,,,trade
구리,농협공판장,20260723,오이,백다다기,10.00kg,특,강원 홍천군 북방면 하화계리 주하이트맥주,38,28000,,,,trade
구리,농협공판장,20260723,오이,백다다기,18.00kg,상,강원 홍천군 서석면 풍암리,1,18000,,,,trade
구리,농협공판장,20260723,오이,백다다기,18.00kg,상,강원 홍천군 서석면 풍암리,2,21000,,,,trade
구리,농협공판장,20260723,오이,백다다기,18.00kg,상,강원 홍천군 서석면 풍암리,7,18000,,,,trade
구리,농협공판장,20260723,오이,백다다기,18.00kg,특,강원 홍천군 서석면 풍암리,4,35000,,,,trade
구리,농협공판장,20260723,오이,백다다기,10.00kg,상,강원 홍천군 서석면 풍암리,1,8000,,,,trade
구리,농협공판장,20260723,오이,백다다기,10.00kg,특,강원 홍천군 서석면 풍암리,18,21000,,,,trade
구리,농협공판장,20260723,오이,백다다기,10.00kg,특,강원 홍천군 서석면 풍암리,7,29000,,,,trade
구리,농협공판장,20260723,오이,백다다기,10.00kg,특,강원 홍천군 서석면 풍암리,60,32000,,,,trade
구리,농협공판장,20260723,오이,백다다기,10.00kg,상,강원 홍천군 서석면 풍암리,2,8000,,,,trade
구리,농협공판장,20260723,오이,백다다기,10.00kg,특,강원 홍천군 서석면 풍암리,1,12000,,,,trade
구리,농협공판장,20260723,오이,백다다기,10.00kg,특,강원 홍천군 서석면 풍암리,1,18000,,,,trade
구리,농협공판장,20260723,오이,백다다기,10.00kg,특,강원 홍천군 서석면 풍암리,22,26000,,,,trade
구리,농협공판장,20260723,오이,백다다기,10.00kg,특,강원 홍천군 서석면 풍암리,6,23500,,,,trade
구리,농협공판장,20260723,오이,백다다기,10.00kg,특,강원 홍천군 서석면 풍암리,15,28000,,,,trade
구리,농협공판장,20260723,오이,백다다기,10.00kg,보통,강원 홍천군 서석면 풍암리,2,28000,,,,trade
구리,농협공판장,20260723,오이,백다다기,10.00kg,특,강원 홍천군 서석면 풍암리,9,9000,,,,trade
구리,농협공판장,20260723,오이,백다다기,10.00kg,특,강원 홍천군 서석면 풍암리,17,29000,,,,trade
구리,농협공판장,20260723,오이,백다다기,10.00kg,특,강원 홍천군 서석면 풍암리,19,33000,,,,trade
구리,농협공판장,20260723,오이,백다다기,10.00kg,특,강원 홍천군 서석면 풍암리,5,26000,,,,trade
구리,농협공판장,20260723,오이,백다다기,10.00kg,특,강원 홍천군 서석면 풍암리,23,32000,,,,trade
구리,농협공판장,20260723,오이,백다다기,10.00kg,특,강원 홍천군 서석면 풍암리,2,23500,,,,trade
구리,농협공판장,20260723,오이,백다다기,10.00kg,특,강원 홍천군 서석면 풍암리,12,37000,,,,trade
구리,농협공판장,20260728,오이,백다다기,10.00kg,특,경기 양평군 청운면,22,24000,,,,trade
구리,농협공판장,20260728,오이,백다다기,10.00kg,특,경기 양주시 은현면 봉암리,7,23000,,,,trade
구리,농협공판장,20260728,오이,백다다기,10.00kg,특,경기도 여주군,6,17000,,,,trade
구리,농협공판장,20260728,오이,백다다기,18.00kg,특,강원 춘천시 춘천우체국사서함,3,77000,,,,trade
구리,농협공판장,20260728,오이,백다다기,18.00kg,상,강원 춘천시 춘천우체국사서함,4,36000,,,,trade
구리,농협공판장,20260728,오이,백다다기,18.00kg,상,강원 춘천시 춘천우체국사서함,19,33000,,,,trade
구리,농협공판장,20260728,오이,백다다기,18.00kg,상,강원 춘천시 춘천우체국사서함,18,31000,,,,trade
구리,농협공판장,20260728,오이,백다다기,18.00kg,특,강원 춘천시 춘천우체국사서함,1,56000,,,,trade
구리,농협공판장,20260728,오이,백다다기,18.00kg,특,강원 춘천시 춘천우체국사서함,30,86000,,,,trade
구리,농협공판장,20260728,오이,백다다기,10.00kg,특,강원 홍천군 북방면 하화계리 주하이트맥주,16,22000,,,,trade
구리,농협공판장,20260728,오이,백다다기,18.00kg,상,강원 홍천군 서석면 풍암리,3,19000,,,,trade
구리,농협공판장,20260728,오이,백다다기,18.00kg,상,강원 홍천군 서석면 풍암리,2,17000,,,,trade
구리,농협공판장,20260728,오이,백다다기,10.00kg,상,강원 홍천군 서석면 풍암리,2,14000,,,,trade
구리,농협공판장,20260728,오이,백다다기,10.00kg,특,강원 홍천군 서석면 풍암리,20,24000,,,,trade
구리,농협공판장,20260728,오이,백다다기,10.00kg,특,강원 홍천군 서석면 풍암리,12,23000,,,,trade
구리,농협공판장,20260728,오이,백다다기,18.00kg,상,강원 홍천군 서석면 풍암리,1,14000,,,,trade
구리,농협공판장,20260728,오이,백다다기,10.00kg,상,강원 홍천군 서석면 풍암리,3,13000,,,,trade
구리,농협공판장,20260728,오이,백다다기,10.00kg,상,강원 홍천군 서석면 풍암리,8,13000,,,,trade
구리,농협공판장,20260728,오이,백다다기,10.00kg,특,강원 홍천군 서석면 풍암리,5,27000,,,,trade
구리,농협공판장,20260728,오이,백다다기,10.00kg,특,강원 홍천군 서석면 풍암리,5,29000,,,,trade
구리,농협공판장,20260728,오이,백다다기,10.00kg,특,강원 홍천군 서석면 풍암리,11,25000,,,,trade
구리,농협공판장,20260728,오이,백다다기,10.00kg,특,강원 홍천군 서석면 풍암리,1,12000,,,,trade
구리,농협공판장,20260728,오이,백다다기,10.00kg,특,강원 홍천군 서석면 풍암리,1,14000,,,,trade
구리,농협공판장,20260728,오이,백다다기,10.00kg,특,강원 홍천군 서석면 풍암리,2,19000,,,,trade
구리,농협공판장,20260728,오이,백다다기,10.00kg,특,강원 홍천군 서석면 풍암리,1,18000,,,,trade
구리,농협공판장,20260728,오이,백다다기,10.00kg,특,강원 홍천군 서석면 풍암리,6,19000,,,,trade
구리,농협공판장,20260728,오이,백다다기,10.00kg,특,강원 홍천군 서석면 풍암리,5,23000,,,,trade
구리,농협공판장,20260728,오이,백다다기,10.00kg,특,강원 홍천군 서석면 풍암리,5,22000,,,,trade
구리,농협공판장,20260728,오이,백다다기,10.00kg,특,강원 홍천군 서석면 풍암리,3,19000,,,,trade
구리,농협공판장,20260728,오이,백다다기,10.00kg,특,강원 홍천군 서석면 풍암리,2,18000,,,,trade
구리,농협공판장,20260728,오이,백다다기,10.00kg,특,강원 홍천군 서석면 풍암리,8,24000,,,,trade
구리,농협공판장,20260728,오이,백다다기,10.00kg,특,강원 홍천군 서석면 풍암리,13,29000,,,,trade
구리,농협공판장,20260728,오이,백다다기,10.00kg,특,강원 홍천군 서석면 풍암리,10,24000,,,,trade
구리,농협공판장,20260728,오이,백다다기,10.00kg,특,강원 홍천군 서석면 풍암리,4,24000,,,,trade
구리,농협공판장,20260728,오이,백다다기,10.00kg,특,강원 홍천군 서석면 풍암리,2,16000,,,,trade
구리,농협공판장,20260728,오이,백다다기,10.00kg,특,강원 홍천군 서석면 풍암리,7,38000,,,,trade
구리,농협공판장,20260728,오이,백다다기,18.00kg,특,서울특별시,1,46740,,,,trade
구리,농협공판장,20260730,오이,백다다기,10.00kg,특,경기 양평군 청운면,29,24000,,,,trade
구리,농협공판장,20260730,오이,백다다기,10.00kg,특,경기 양평군 청운면,30,23500,,,,trade
구리,농협공판장,20260730,오이,백다다기,10.00kg,특,강원 춘천시 동면,1,11000,,,,trade
구리,농협공판장,20260730,오이,백다다기,10.00kg,특,강원 춘천시 동면,1,12000,,,,trade
구리,농협공판장,20260730,오이,백다다기,10.00kg,특,강원 춘천시 동면,1,9000,,,,trade
구리,농협공판장,20260730,오이,백다다기,10.00kg,특,강원 춘천시 동면,5,10000,,,,trade
구리,농협공판장,20260730,오이,백다다기,10.00kg,특,강원 춘천시 동면,3,10500,,,,trade
구리,농협공판장,20260730,오이,백다다기,10.00kg,특,강원 춘천시 동면,8,18500,,,,trade
구리,농협공판장,20260730,오이,백다다기,10.00kg,특,강원 춘천시 동면,10,8000,,,,trade
구리,농협공판장,20260730,오이,백다다기,10.00kg,특,강원 춘천시 동면,15,12500,,,,trade
구리,농협공판장,20260730,오이,백다다기,10.00kg,특,강원 춘천시 동면,1,16000,,,,trade
구리,농협공판장,20260730,오이,백다다기,10.00kg,특,강원 춘천시 동면,13,15000,,,,trade
구리,농협공판장,20260730,오이,백다다기,10.00kg,상,강원 춘천시 동면,4,8500,,,,trade
구리,농협공판장,20260730,오이,백다다기,10.00kg,특,강원 춘천시 동면,5,14000,,,,trade
구리,농협공판장,20260730,오이,백다다기,10.00kg,상,경기도 여주군,4,12000,,,,trade
구리,농협공판장,20260730,오이,백다다기,10.00kg,특,경기도 여주군,10,12000,,,,trade
구리,농협공판장,20260730,오이,백다다기,10.00kg,특,경기 양주시 은현면 봉암리,6,18000,,,,trade
구리,농협공판장,20260730,오이,백다다기,10.00kg,특,경기 양주시 은현면 봉암리,11,23000,,,,trade
구리,농협공판장,20260730,오이,백다다기,10.00kg,상,경기도 양평군,11,12000,,,,trade
구리,농협공판장,20260730,오이,백다다기,10.00kg,특,경기도 양평군,11,22000,,,,trade
구리,농협공판장,20260730,오이,백다다기,18.00kg,상,강원 춘천시 춘천우체국사서함,5,37000,,,,trade
구리,농협공판장,20260730,오이,백다다기,18.00kg,특,강원 춘천시 춘천우체국사서함,1,46000,,,,trade
구리,농협공판장,20260730,오이,백다다기,18.00kg,특,강원 춘천시 춘천우체국사서함,2,20000,,,,trade
구리,농협공판장,20260730,오이,백다다기,18.00kg,상,강원 춘천시 춘천우체국사서함,31,32000,,,,trade
구리,농협공판장,20260730,오이,백다다기,18.00kg,특,강원 춘천시 춘천우체국사서함,18,88000,,,,trade
구리,농협공판장,20260730,오이,백다다기,10.00kg,상,강원 홍천군 북방면 하화계리 주하이트맥주,5,14000,,,,trade
구리,농협공판장,20260730,오이,백다다기,10.00kg,상,강원 홍천군 북방면 하화계리 주하이트맥주,1,8000,,,,trade
구리,농협공판장,20260730,오이,백다다기,10.00kg,특,강원 홍천군 북방면 하화계리 주하이트맥주,20,17000,,,,trade
구리,농협공판장,20260730,오이,백다다기,10.00kg,특,강원 홍천군 북방면 하화계리 주하이트맥주,14,22000,,,,trade
구리,농협공판장,20260730,오이,백다다기,18.00kg,상,강원 홍천군 서석면 풍암리,3,24000,,,,trade
구리,농협공판장,20260730,오이,백다다기,18.00kg,상,강원 홍천군 서석면 풍암리,2,34000,,,,trade
구리,농협공판장,20260730,오이,백다다기,18.00kg,특,강원 홍천군 서석면 풍암리,3,45000,,,,trade
구리,농협공판장,20260730,오이,백다다기,10.00kg,상,강원 홍천군 서석면 풍암리,2,17000,,,,trade
구리,농협공판장,20260730,오이,백다다기,10.00kg,특,강원 홍천군 서석면 풍암리,17,31000,,,,trade
구리,농협공판장,20260730,오이,백다다기,10.00kg,특,강원 홍천군 서석면 풍암리,25,23000,,,,trade
구리,농협공판장,20260730,오이,백다다기,10.00kg,특,강원 홍천군 서석면 풍암리,25,23000,,,,trade
구리,농협공판장,20260730,오이,백다다기,10.00kg,특,강원 홍천군 서석면 풍암리,14,20000,,,,trade
구리,농협공판장,20260730,오이,백다다기,10.00kg,특,강원 홍천군 서석면 풍암리,22,23000,,,,trade
구리,농협공판장,20260730,오이,백다다기,10.00kg,특,강원 홍천군 서석면 풍암리,1,23000,,,,trade
구리,농협공판장,20260730,오이,백다다기,10.00kg,특,강원 홍천군 서석면 풍암리,5,28500,,,,trade
구리,농협공판장,20260730,오이,백다다기,10.00kg,특,강원 홍천군 서석면 풍암리,7,30000,,,,trade
구리,농협공판장,20260804,오이,백다다기,10.00kg,특,경기 양평군 청운면,30,13000,,,,trade
구리,농협공판장,20260804,오이,백다다기,10.00kg,특,경기 양주시 은현면 봉암리,22,15000,,,,trade
구리,농협공판장,20260804,오이,백다다기,10.00kg,특,강원 춘천시 동면,5,11000,,,,trade
구리,농협공판장,20260804,오이,백다다기,10.00kg,특,강원 춘천시 동면,10,13000,,,,trade
구리,농협공판장,20260804,오이,백다다기,10.00kg,특,강원 춘천시 동면,3,12000,,,,trade
구리,농협공판장,20260804,오이,백다다기,10.00kg,특,강원 춘천시 동면,3,9500,,,,trade
구리,농협공판장,20260804,오이,백다다기,10.00kg,특,강원 춘천시 동면,7,9500,,,,trade
구리,농협공판장,20260804,오이,백다다기,10.00kg,상,강원 춘천시 동면,1,9000,,,,trade
구리,농협공판장,20260804,오이,백다다기,10.00kg,특,강원 춘천시 동면,8,16000,,,,trade
구리,농협공판장,20260804,오이,백다다기,10.00kg,특,강원 춘천시 동면,4,16500,,,,trade
구리,농협공판장,20260804,오이,백다다기,10.00kg,특,강원 춘천시 동면,21,16500,,,,trade
구리,농협공판장,20260804,오이,백다다기,10.00kg,상,경기도 양평군,29,11500,,,,trade
구리,농협공판장,20260804,오이,백다다기,10.00kg,특,경기도 양평군,17,17000,,,,trade
구리,농협공판장,20260804,오이,백다다기,10.00kg,상,강원 홍천군 북방면 하화계리 주하이트맥주,1,4000,,,,trade
구리,농협공판장,20260804,오이,백다다기,10.00kg,특,강원 홍천군 북방면 하화계리 주하이트맥주,28,17000,,,,trade
구리,농협공판장,20260804,오이,백다다기,18.00kg,상,강원 홍천군 서석면 풍암리,8,20000,,,,trade
구리,농협공판장,20260804,오이,백다다기,18.00kg,상,강원 홍천군 서석면 풍암리,5,19000,,,,trade
구리,농협공판장,20260804,오이,백다다기,10.00kg,상,강원 홍천군 서석면 풍암리,3,13000,,,,trade
구리,농협공판장,20260804,오이,백다다기,10.00kg,상,강원 홍천군 서석면 풍암리,2,13000,,,,trade
구리,농협공판장,20260804,오이,백다다기,10.00kg,특,강원 홍천군 서석면 풍암리,15,19000,,,,trade
구리,농협공판장,20260804,오이,백다다기,10.00kg,특,강원 홍천군 서석면 풍암리,23,17000,,,,trade
구리,농협공판장,20260804,오이,백다다기,10.00kg,특,강원 홍천군 서석면 풍암리,6,15000,,,,trade
구리,농협공판장,20260804,오이,백다다기,10.00kg,특,강원 홍천군 서석면 풍암리,10,20500,,,,trade
구리,농협공판장,20260804,오이,백다다기,10.00kg,특,강원 홍천군 서석면 풍암리,17,15000,,,,trade
구리,농협공판장,20260804,오이,백다다기,10.00kg,특,강원 홍천군 서석면 풍암리,43,14500,,,,trade
구리,농협공판장,20260804,오이,백다다기,18.00kg,상,강원 홍천군 서석면 풍암리,2,14000,,,,trade
구리,농협공판장,20260804,오이,백다다기,10.00kg,상,강원 홍천군 서석면 풍암리,4,13000,,,,trade
구리,농협공판장,20260804,오이,백다다기,10.00kg,특,강원 홍천군 서석면 풍암리,3,16000,,,,trade
구리,농협공판장,20260804,오이,백다다기,10.00kg,특,강원 홍천군 서석면 풍암리,2,16000,,,,trade
구리,농협공판장,20260804,오이,백다다기,10.00kg,특,강원 홍천군 서석면 풍암리,10,22000,,,,trade
구리,농협공판장,20260804,오이,백다다기,10.00kg,특,강원 홍천군 서석면 풍암리,7,18000,,,,trade
구리,농협공판장,20260804,오이,백다다기,10.00kg,특,강원 홍천군 서석면 풍암리,2,16000,,,,trade
구리,농협공판장,20260804,오이,백다다기,10.00kg,특,강원 홍천군 서석면 풍암리,5,16000,,,,trade
구리,농협공판장,20260804,오이,백다다기,10.00kg,특,강원 홍천군 서석면 풍암리,11,18000,,,,trade
구리,농협공판장,20260804,오이,백다다기,10.00kg,특,강원 홍천군 서석면 풍암리,20,25000,,,,trade
구리,농협공판장,20260804,오이,백다다기,10.00kg,특,강원 홍천군 서석면 풍암리,5,16000,,,,trade
구리,농협공판장,20260804,오이,백다다기,10.00kg,특,강원 홍천군 서석면 풍암리,12,29500,,,,trade
구리,농협공판장,20260804,오이,백다다기,18.00kg,특,강원 홍천군 내면 창촌리,20,35000,,,,trade
구리,농협공판장,20260804,오이,백다다기,18.00kg,상,강원 홍천군 내면 창촌리,5,28000,,,,trade
구리,농협공판장,20260804,오이,백다다기,18.00kg,특,강원 홍천군 내면 창촌리,20,53000,,,,trade
구리,농협공판장,20260804,오이,백다다기,18.00kg,특,강원 홍천군 내면 창촌리,15,48000,,,,trade
구리,농협공판장,20260804,오이,백다다기,18.00kg,상,강원 홍천군 내면 창촌리,9,31000,,,,trade
구리,농협공판장,20260804,오이,백다다기,18.00kg,특,강원 홍천군 내면 창촌리,2,53000,,,,trade
구리,농협공판장,20260804,오이,백다다기,18.00kg,상,강원 홍천군 내면 창촌리,18,28000,,,,trade
구리,농협공판장,20260804,오이,백다다기,18.00kg,상,강원 홍천군 내면 창촌리,19,27000,,,,trade
구리,농협공판장,20260804,오이,백다다기,18.00kg,특,강원 홍천군 내면 창촌리,23,60000,,,,trade
구리,농협공판장,20260804,오이,백다다기,18.00kg,특,강원 홍천군 내면 창촌리,23,58000,,,,trade
구리,농협공판장,20260804,오이,백다다기,10.00kg,특,서울특별시,30,18000,,,,trade
구리,농협공판장,20260806,오이,백다다기,10.00kg,특,경기 양주시 은현면 봉암리,16,13500,,,,trade
구리,농협공판장,20260806,오이,백다다기,10.00kg,특,강원 춘천시 동면,8,6500,,,,trade
구리,농협공판장,20260806,오이,백다다기,10.00kg,특,강원 춘천시 동면,4,9000,,,,trade
구리,농협공판장,20260806,오이,백다다기,10.00kg,특,강원 춘천시 동면,4,13000,,,,trade
구리,농협공판장,20260806,오이,백다다기,10.00kg,특,강원 춘천시 동면,8,8500,,,,trade
구리,농협공판장,20260806,오이,백다다기,10.00kg,특,강원 춘천시 동면,6,9000,,,,trade
구리,농협공판장,20260806,오이,백다다기,10.00kg,특,강원 춘천시 동면,6,11000,,,,trade
구리,농협공판장,20260806,오이,백다다기,10.00kg,특,강원 춘천시 동면,17,8000,,,,trade
구리,농협공판장,20260806,오이,백다다기,10.00kg,특,강원 춘천시 동면,8,9500,,,,trade
구리,농협공판장,20260806,오이,백다다기,10.00kg,특,강원 춘천시 동면,3,9000,,,,trade
구리,농협공판장,20260806,오이,백다다기,10.00kg,상,강원 춘천시 동면,4,8000,,,,trade
구리,농협공판장,20260806,오이,백다다기,10.00kg,특,강원 춘천시 동면,27,8000,,,,trade
구리,농협공판장,20260806,오이,백다다기,10.00kg,특,강원 홍천군 북방면 하화계리 주하이트맥주,15,12000,,,,trade
구리,농협공판장,20260806,오이,백다다기,20.00kg,상,강원 홍천군 서석면 풍암리,2,15000,,,,trade
구리,농협공판장,20260806,오이,백다다기,10.00kg,상,강원 홍천군 서석면 풍암리,2,25000,,,,trade
구리,농협공판장,20260806,오이,백다다기,10.00kg,특,강원 홍천군 서석면 풍암리,9,30000,,,,trade
구리,농협공판장,20260806,오이,백다다기,10.00kg,상,강원 홍천군 서석면 풍암리,4,9000,,,,trade
구리,농협공판장,20260806,오이,백다다기,10.00kg,특,강원 홍천군 서석면 풍암리,4,12000,,,,trade
구리,농협공판장,20260806,오이,백다다기,10.00kg,특,강원 홍천군 서석면 풍암리,7,18000,,,,trade
구리,농협공판장,20260806,오이,백다다기,10.00kg,특,강원 홍천군 서석면 풍암리,3,9000,,,,trade
구리,농협공판장,20260806,오이,백다다기,10.00kg,특,강원 홍천군 서석면 풍암리,2,9000,,,,trade
구리,농협공판장,20260806,오이,백다다기,10.00kg,특,강원 홍천군 서석면 풍암리,2,12000,,,,trade
구리,농협공판장,20260806,오이,백다다기,10.00kg,특,강원 홍천군 서석면 풍암리,8,18000,,,,trade
구리,농협공판장,20260806,오이,백다다기,10.00kg,특,강원 홍천군 서석면 풍암리,6,15000,,,,trade
구리,농협공판장,20260806,오이,백다다기,20.00kg,상,강원 홍천군 서석면 풍암리,14,8000,,,,trade
구리,농협공판장,20260806,오이,백다다기,20.00kg,상,강원 홍천군 서석면 풍암리,3,12000,,,,trade
구리,농협공판장,20260806,오이,백다다기,10.00kg,상,강원 홍천군 서석면 풍암리,2,8000,,,,trade
구리,농협공판장,20260806,오이,백다다기,10.00kg,특,강원 홍천군 서석면 풍암리,15,17000,,,,trade
구리,농협공판장,20260806,오이,백다다기,10.00kg,특,강원 홍천군 서석면 풍암리,40,17000,,,,trade
구리,농협공판장,20260806,오이,백다다기,10.00kg,상,경기도 양평군,15,9000,,,,trade
구리,농협공판장,20260806,오이,백다다기,10.00kg,특,경기도 양평군,33,12000,,,,trade
구리,농협공판장,20260806,오이,백다다기,20.00kg,특,강원 춘천시 춘천우체국사서함,30,44000,,,,trade
구리,농협공판장,20260806,오이,백다다기,20.00kg,상,강원 홍천군 내면 창촌리,30,21000,,,,trade
구리,농협공판장,20260806,오이,백다다기,20.00kg,특,강원 홍천군 내면 창촌리,30,53000,,,,trade
구리,농협공판장,20260806,오이,백다다기,20.00kg,특,강원 홍천군 내면 창촌리,30,48000,,,,trade
구리,농협공판장,20260806,오이,백다다기,20.00kg,특,강원 홍천군 내면 창촌리,10,33000,,,,trade
구리,농협공판장,20260806,오이,백다다기,20.00kg,특,강원 홍천군 내면 창촌리,30,53000,,,,trade
구리,농협공판장,20260806,오이,백다다기,20.00kg,상,강원 홍천군 내면 창촌리,20,23000,,,,trade
구리,농협공판장,20260806,오이,백다다기,20.00kg,특,강원 홍천군 내면 창촌리,30,59000,,,,trade
구리,농협공판장,20260806,오이,백다다기,20.00kg,상,강원 홍천군 내면 창촌리,9,26000,,,,trade
구리,농협공판장,20260806,오이,백다다기,20.00kg,특,강원 홍천군 내면 창촌리,2,38000,,,,trade
구리,농협공판장,20260806,오이,백다다기,20.00kg,특,강원 홍천군 내면 창촌리,1,35000,,,,trade
구리,농협공판장,20260806,오이,백다다기,20.00kg,상,강원 홍천군 내면 창촌리,21,26000,,,,trade
구리,농협공판장,20260806,오이,백다다기,20.00kg,상,강원 홍천군 내면 창촌리,21,25000,,,,trade
구리,농협공판장,20260806,오이,백다다기,20.00kg,특,강원 홍천군 내면 창촌리,31,65000,,,,trade
구리,농협공판장,20260811,오이,백다다기,10.00kg,특,경기 양평군 청운면,2,14000,,,,trade
구리,농협공판장,20260811,오이,백다다기,10.00kg,특,강원 춘천시 동면,2,6000,,,,trade
구리,농협공판장,20260811,오이,백다다기,10.00kg,특,강원 춘천시 동면,3,9500,,,,trade
구리,농협공판장,20260811,오이,백다다기,10.00kg,특,강원 춘천시 동면,10,9500,,,,trade
구리,농협공판장,20260811,오이,백다다기,10.00kg,특,강원 춘천시 동면,1,11500,,,,trade
구리,농협공판장,20260811,오이,백다다기,10.00kg,특,강원 춘천시 동면,3,6000,,,,trade
구리,농협공판장,20260811,오이,백다다기,10.00kg,특,강원 춘천시 동면,4,8000,,,,trade
구리,농협공판장,20260811,오이,백다다기,10.00kg,상,강원 홍천군 서석면 풍암리,1,8000,,,,trade
구리,농협공판장,20260811,오이,백다다기,10.00kg,특,강원 홍천군 서석면 풍암리,10,12000,,,,trade
구리,농협공판장,20260811,오이,백다다기,10.00kg,특,강원 홍천군 서석면 풍암리,12,11000,,,,trade
구리,농협공판장,20260811,오이,백다다기,10.00kg,특,강원 홍천군 북방면 하화계리 주하이트맥주,10,8000,,,,trade
구리,농협공판장,20260811,오이,백다다기,10.00kg,특,충북 제천시 제천우체국사서함,18,11000,,,,trade
구리,농협공판장,20260811,오이,백다다기,10.00kg,특,충북 제천시 제천우체국사서함,22,10000,,,,trade
구리,농협공판장,20260811,오이,백다다기,10.00kg,상,충북 제천시 제천우체국사서함,5,7500,,,,trade
구리,농협공판장,20260811,오이,백다다기,10.00kg,특,충북 제천시 제천우체국사서함,2,7500,,,,trade
구리,농협공판장,20260811,오이,백다다기,10.00kg,특,충북 제천시 제천우체국사서함,10,23000,,,,trade
구리,농협공판장,20260811,오이,백다다기,10.00kg,특,충북 제천시 제천우체국사서함,10,23000,,,,trade
구리,농협공판장,20260811,오이,백다다기,10.00kg,특,충북 제천시 제천우체국사서함,10,23000,,,,trade
구리,농협공판장,20260811,오이,백다다기,10.00kg,특,충북 제천시 제천우체국사서함,13,23000,,,,trade
구리,농협공판장,20260811,오이,백다다기,10.00kg,특,충북 제천시 제천우체국사서함,27,16000,,,,trade
구리,농협공판장,20260811,오이,백다다기,10.00kg,특,충북 제천시 제천우체국사서함,10,11000,,,,trade
구리,농협공판장,20260811,오이,백다다기,10.00kg,특,충북 제천시 제천우체국사서함,30,22000,,,,trade
구리,농협공판장,20260811,오이,백다다기,10.00kg,특,충북 제천시 제천우체국사서함,24,31000,,,,trade
구리,농협공판장,20260811,오이,백다다기,10.00kg,특,충북 제천시 제천우체국사서함,22,33000,,,,trade
구리,농협공판장,20260811,오이,백다다기,20.00kg,상,강원 춘천시 춘천우체국사서함,10,26000,,,,trade
구리,농협공판장,20260811,오이,백다다기,20.00kg,특,강원 춘천시 춘천우체국사서함,16,60000,,,,trade
구리,농협공판장,20260811,오이,백다다기,20.00kg,특,강원 춘천시 춘천우체국사서함,14,55000,,,,trade
구리,농협공판장,20260811,오이,백다다기,20.00kg,특,강원 춘천시 춘천우체국사서함,30,78000,,,,trade
구리,농협공판장,20260811,오이,백다다기,20.00kg,상,강원 홍천군 내면 창촌리,5,31000,,,,trade
구리,농협공판장,20260811,오이,백다다기,20.00kg,특,강원 홍천군 내면 창촌리,4,70000,,,,trade
구리,농협공판장,20260811,오이,백다다기,20.00kg,상,강원 홍천군 내면 창촌리,15,35000,,,,trade
구리,농협공판장,20260811,오이,백다다기,20.00kg,특,강원 홍천군 내면 창촌리,20,82000,,,,trade
구리,농협공판장,20260811,오이,백다다기,20.00kg,상,강원 홍천군 내면 창촌리,3,28000,,,,trade
구리,농협공판장,20260811,오이,백다다기,20.00kg,상,강원 홍천군 내면 창촌리,15,31000,,,,trade
구리,농협공판장,20260811,오이,백다다기,20.00kg,상,강원 홍천군 내면 창촌리,15,30000,,,,trade
구리,농협공판장,20260811,오이,백다다기,20.00kg,특,강원 홍천군 내면 창촌리,15,84000,,,,trade
구리,농협공판장,20260813,오이,백다다기,10.00kg,특,서울특별시,1,18780,,,,trade
구리,농협공판장,20260813,오이,백다다기,20.00kg,특,강원 홍천군 내면 창촌리,2,111000,,,,trade
구리,농협공판장,20260813,오이,백다다기,10.00kg,특,강원 춘천시 동면,1,11000,,,,trade
구리,농협공판장,20260813,오이,백다다기,10.00kg,특,강원 춘천시 동면,2,20000,,,,trade
구리,농협공판장,20260813,오이,백다다기,10.00kg,특,강원 춘천시 동면,3,19000,,,,trade
구리,농협공판장,20260813,오이,백다다기,10.00kg,특,강원 춘천시 동면,2,18000,,,,trade
구리,농협공판장,20260813,오이,백다다기,10.00kg,특,강원 춘천시 동면,8,17000,,,,trade
구리,농협공판장,20260813,오이,백다다기,10.00kg,특,강원 춘천시 동면,3,16000,,,,trade
구리,농협공판장,20260813,오이,백다다기,10.00kg,상,충북 제천시 제천우체국사서함,12,17000,,,,trade
구리,농협공판장,20260813,오이,백다다기,10.00kg,특,충북 제천시 제천우체국사서함,35,26000,,,,trade
구리,농협공판장,20260813,오이,백다다기,10.00kg,특,충북 제천시 제천우체국사서함,36,26000,,,,trade
구리,농협공판장,20260813,오이,백다다기,10.00kg,특,충북 제천시 제천우체국사서함,36,25000,,,,trade
구리,농협공판장,20260813,오이,백다다기,10.00kg,상,충북 제천시 제천우체국사서함,1,10000,,,,trade
구리,농협공판장,20260813,오이,백다다기,10.00kg,특,충북 제천시 제천우체국사서함,2,16000,,,,trade
구리,농협공판장,20260813,오이,백다다기,10.00kg,특,충북 제천시 제천우체국사서함,17,25000,,,,trade
구리,농협공판장,20260813,오이,백다다기,10.00kg,특,충북 제천시 제천우체국사서함,31,34000,,,,trade
구리,농협공판장,20260813,오이,백다다기,10.00kg,특,충북 제천시 제천우체국사서함,21,44000,,,,trade
구리,농협공판장,20260813,오이,백다다기,10.00kg,상,경기도 양평군,9,18000,,,,trade
구리,농협공판장,20260813,오이,백다다기,10.00kg,특,경기도 양평군,15,48000,,,,trade
구리,농협공판장,20260813,오이,백다다기,10.00kg,특,경기 양평군 청운면,26,20000,,,,trade
구리,농협공판장,20260813,오이,백다다기,10.00kg,특,강원 춘천시 신북읍,2,18000,,,,trade
구리,농협공판장,20260813,오이,백다다기,20.00kg,상,강원 홍천군 서석면 풍암리,8,24000,,,,trade
구리,농협공판장,20260813,오이,백다다기,20.00kg,상,강원 홍천군 서석면 풍암리,6,20000,,,,trade
구리,농협공판장,20260813,오이,백다다기,10.00kg,특,강원 홍천군 서석면 풍암리,4,26500,,,,trade
구리,농협공판장,20260813,오이,백다다기,20.00kg,상,강원 춘천시 춘천우체국사서함,28,42000,,,,trade
구리,농협공판장,20260813,오이,백다다기,20.00kg,특,강원 춘천시 춘천우체국사서함,14,63000,,,,trade
구리,농협공판장,20260813,오이,백다다기,20.00kg,특,강원 춘천시 춘천우체국사서함,30,58000,,,,trade
구리,농협공판장,20260813,오이,백다다기,20.00kg,특,강원 춘천시 춘천우체국사서함,16,90000,,,,trade
구리,농협공판장,20260813,오이,백다다기,20.00kg,상,강원 홍천군 내면 창촌리,1,36000,,,,trade
구리,농협공판장,20260813,오이,백다다기,20.00kg,특,강원 홍천군 내면 창촌리,14,111000,,,,trade
구리,농협공판장,20260813,오이,백다다기,20.00kg,특,강원 홍천군 내면 창촌리,15,51000,,,,trade
구리,농협공판장,20260813,오이,백다다기,20.00kg,특,강원 홍천군 내면 창촌리,15,50000,,,,trade
구리,농협공판장,20260813,오이,백다다기,20.00kg,상,강원 홍천군 내면 창촌리,2,36000,,,,trade
구리,농협공판장,20260813,오이,백다다기,20.00kg,상,강원 홍천군 내면 창촌리,21,38000,,,,trade
구리,농협공판장,20260813,오이,백다다기,20.00kg,특,강원 홍천군 내면 창촌리,5,104000,,,,trade
구리,농협공판장,20260818,오이,백다다기,20.00kg,상,강원 춘천시 신북읍,3,10000,,,,trade
구리,농협공판장,20260818,오이,백다다기,20.00kg,상,강원 춘천시 신북읍,5,16000,,,,trade
구리,농협공판장,20260818,오이,백다다기,10.00kg,특,강원 춘천시 신북읍,10,8000,,,,trade
구리,농협공판장,20260818,오이,백다다기,10.00kg,상,충북 제천시 제천우체국사서함,4,8500,,,,trade
구리,농협공판장,20260818,오이,백다다기,10.00kg,특,충북 제천시 제천우체국사서함,5,10000,,,,trade
구리,농협공판장,20260818,오이,백다다기,10.00kg,특,충북 제천시 제천우체국사서함,33,15000,,,,trade
구리,농협공판장,20260818,오이,백다다기,10.00kg,특,충북 제천시 제천우체국사서함,23,19000,,,,trade
구리,농협공판장,20260818,오이,백다다기,10.00kg,특,강원 춘천시 동면,1,16000,,,,trade
구리,농협공판장,20260818,오이,백다다기,10.00kg,상,강원 춘천시 동면,3,12000,,,,trade
구리,농협공판장,20260818,오이,백다다기,10.00kg,특,강원 춘천시 동면,21,15000,,,,trade
구리,농협공판장,20260818,오이,백다다기,10.00kg,상,경기 양평군 청운면,1,8000,,,,trade
구리,농협공판장,20260818,오이,백다다기,10.00kg,특,경기 양평군 청운면,2,14000,,,,trade
구리,농협공판장,20260818,오이,백다다기,10.00kg,특,경기 양평군 청운면,8,12000,,,,trade
구리,농협공판장,20260818,오이,백다다기,20.00kg,상,강원 홍천군 서석면 풍암리,5,12000,,,,trade
구리,농협공판장,20260818,오이,백다다기,20.00kg,상,강원 홍천군 서석면 풍암리,10,18000,,,,trade
구리,농협공판장,20260818,오이,백다다기,10.00kg,상,강원 홍천군 서석면 풍암리,1,11000,,,,trade
구리,농협공판장,20260818,오이,백다다기,10.00kg,상,강원 홍천군 서석면 풍암리,1,10000,,,,trade
구리,농협공판장,20260818,오이,백다다기,10.00kg,특,강원 홍천군 서석면 풍암리,6,17000,,,,trade
구리,농협공판장,20260818,오이,백다다기,10.00kg,특,강원 홍천군 서석면 풍암리,20,15000,,,,trade
구리,농협공판장,20260818,오이,백다다기,10.00kg,특,강원 홍천군 서석면 풍암리,30,19000,,,,trade
구리,농협공판장,20260818,오이,백다다기,10.00kg,특,강원 홍천군 서석면 풍암리,10,16500,,,,trade
구리,농협공판장,20260818,오이,백다다기,10.00kg,상,강원 홍천군 서석면 풍암리,5,10000,,,,trade
구리,농협공판장,20260818,오이,백다다기,10.00kg,상,강원 홍천군 서석면 풍암리,6,12000,,,,trade
구리,농협공판장,20260818,오이,백다다기,10.00kg,특,강원 홍천군 서석면 풍암리,7,19000,,,,trade
구리,농협공판장,20260818,오이,백다다기,10.00kg,특,강원 홍천군 서석면 풍암리,2,18000,,,,trade
구리,농협공판장,20260818,오이,백다다기,10.00kg,특,강원 홍천군 서석면 풍암리,5,13000,,,,trade
구리,농협공판장,20260818,오이,백다다기,10.00kg,특,강원 홍천군 서석면 풍암리,1,16000,,,,trade
구리,농협공판장,20260818,오이,백다다기,10.00kg,특,강원 홍천군 서석면 풍암리,3,18000,,,,trade
구리,농협공판장,20260818,오이,백다다기,10.00kg,특,강원 홍천군 서석면 풍암리,6,25500,,,,trade
구리,농협공판장,20260818,오이,백다다기,20.00kg,상,강원 홍천군 내면 창촌리,20,20000,,,,trade
구리,농협공판장,20260818,오이,백다다기,20.00kg,특,강원 홍천군 내면 창촌리,2,36000,,,,trade
구리,농협공판장,20260818,오이,백다다기,20.00kg,특,강원 홍천군 내면 창촌리,28,45000,,,,trade
구리,농협공판장,20260818,오이,백다다기,20.00kg,특,강원 홍천군 내면 창촌리,30,66000,,,,trade
구리,농협공판장,20260818,오이,백다다기,20.00kg,상,강원 홍천군 내면 창촌리,8,30000,,,,trade
구리,농협공판장,20260818,오이,백다다기,20.00kg,상,강원 홍천군 내면 창촌리,19,32000,,,,trade
구리,농협공판장,20260818,오이,백다다기,20.00kg,특,강원 홍천군 내면 창촌리,8,74000,,,,trade
구리,농협공판장,20260818,오이,백다다기,20.00kg,상,강원 홍천군 내면 창촌리,6,33000,,,,trade
구리,농협공판장,20260818,오이,백다다기,20.00kg,상,강원 홍천군 내면 창촌리,26,32000,,,,trade
구리,농협공판장,20260818,오이,백다다기,20.00kg,특,강원 홍천군 내면 창촌리,25,76000,,,,trade
구리,농협공판장,20260820,오이,백다다기,4.00kg,특,서울특별시,1,9090,,,,trade
구리,농협공판장,20260820,오이,백다다기,10.00kg,특,강원 춘천시 동면,10,3000,,,,trade
구리,농협공판장,20260820,오이,백다다기,10.00kg,특,강원 춘천시 동면,2,8000,,,,trade
구리,농협공판장,20260820,오이,백다다기,10.00kg,특,강원 춘천시 동면,6,8500,,,,trade
구리,농협공판장,20260820,오이,백다다기,10.00kg,특,강원 춘천시 동면,2,11000,,,,trade
구리,농협공판장,20260820,오이,백다다기,10.00kg,특,강원 춘천시 동면,2,7000,,,,trade
구리,농협공판장,20260820,오이,백다다기,10.00kg,상,강원 춘천시 동면,1,8000,,,,trade
구리,농협공판장,20260820,오이,백다다기,10.00kg,특,강원 춘천시 동면,45,10000,,,,trade
구리,농협공판장,20260820,오이,백다다기,20.00kg,상,강원 춘천시 신북읍,2,11000,,,,trade
구리,농협공판장,20260820,오이,백다다기,20.00kg,상,강원 춘천시 신북읍,4,10000,,,,trade
구리,농협공판장,20260820,오이,백다다기,10.00kg,특,강원 춘천시 신북읍,6,8000,,,,trade
구리,농협공판장,20260820,오이,백다다기,10.00kg,특,강원 춘천시 신북읍,1,8500,,,,trade
구리,농협공판장,20260820,오이,백다다기,10.00kg,특,경기 양평군 청운면,6,7000,,,,trade
구리,농협공판장,20260820,오이,백다다기,10.00kg,상,경기 양평군 청운면,5,7000,,,,trade
구리,농협공판장,20260820,오이,백다다기,10.00kg,특,경기 양평군 청운면,27,15000,,,,trade
구리,농협공판장,20260820,오이,백다다기,10.00kg,특,경기 양평군 청운면,27,14500,,,,trade
구리,농협공판장,20260820,오이,백다다기,10.00kg,상,충북 제천시 제천우체국사서함,7,3000,,,,trade
구리,농협공판장,20260820,오이,백다다기,10.00kg,특,충북 제천시 제천우체국사서함,9,6000,,,,trade
구리,농협공판장,20260820,오이,백다다기,10.00kg,특,충북 제천시 제천우체국사서함,47,12500,,,,trade
구리,농협공판장,20260820,오이,백다다기,10.00kg,특,충북 제천시 제천우체국사서함,50,17500,,,,trade
구리,농협공판장,20260820,오이,백다다기,20.00kg,상,강원 홍천군 서석면 풍암리,8,12000,,,,trade
구리,농협공판장,20260820,오이,백다다기,10.00kg,상,강원 홍천군 서석면 풍암리,1,6500,,,,trade
구리,농협공판장,20260820,오이,백다다기,10.00kg,특,강원 홍천군 서석면 풍암리,9,8500,,,,trade
구리,농협공판장,20260820,오이,백다다기,10.00kg,특,강원 홍천군 서석면 풍암리,15,14000,,,,trade
구리,농협공판장,20260820,오이,백다다기,10.00kg,특,강원 홍천군 서석면 풍암리,20,21000,,,,trade
구리,농협공판장,20260820,오이,백다다기,10.00kg,상,강원 홍천군 서석면 풍암리,4,5000,,,,trade
구리,농협공판장,20260820,오이,백다다기,10.00kg,상,강원 홍천군 서석면 풍암리,9,9000,,,,trade
구리,농협공판장,20260820,오이,백다다기,10.00kg,상,강원 홍천군 서석면 풍암리,26,4000,,,,trade
구리,농협공판장,20260820,오이,백다다기,10.00kg,특,강원 홍천군 서석면 풍암리,1,8000,,,,trade
구리,농협공판장,20260820,오이,백다다기,10.00kg,특,강원 홍천군 서석면 풍암리,7,10000,,,,trade
구리,농협공판장,20260820,오이,백다다기,10.00kg,특,강원 홍천군 서석면 풍암리,3,12000,,,,trade
구리,농협공판장,20260820,오이,백다다기,10.00kg,특,강원 홍천군 서석면 풍암리,5,12500,,,,trade
구리,농협공판장,20260820,오이,백다다기,10.00kg,특,강원 홍천군 서석면 풍암리,9,15500,,,,trade
구리,농협공판장,20260820,오이,백다다기,10.00kg,특,강원 홍천군 서석면 풍암리,5,15500,,,,trade
구리,농협공판장,20260820,오이,백다다기,20.00kg,상,강원 홍천군 내면 창촌리,31,22000,,,,trade
구리,농협공판장,20260820,오이,백다다기,20.00kg,특,강원 홍천군 내면 창촌리,3,42000,,,,trade
구리,농협공판장,20260820,오이,백다다기,20.00kg,상,강원 홍천군 내면 창촌리,30,18000,,,,trade
구리,농협공판장,20260820,오이,백다다기,20.00kg,특,강원 홍천군 내면 창촌리,3,36000,,,,trade
구리,농협공판장,20260820,오이,백다다기,20.00kg,특,강원 홍천군 내면 창촌리,27,46000,,,,trade
구리,농협공판장,20260820,오이,백다다기,20.00kg,특,강원 홍천군 내면 창촌리,15,60000,,,,trade
구리,농협공판장,20260820,오이,백다다기,20.00kg,특,강원 홍천군 내면 창촌리,15,58000,,,,trade
구리,농협공판장,20260820,오이,백다다기,20.00kg,상,강원 홍천군 내면 창촌리,4,16000,,,,trade
구리,농협공판장,20260820,오이,백다다기,20.00kg,상,강원 홍천군 내면 창촌리,26,21000,,,,trade
구리,농협공판장,20260820,오이,백다다기,20.00kg,특,강원 홍천군 내면 창촌리,23,55000,,,,trade
구리,농협공판장,20260825,오이,백다다기,10.00kg,특,강원 춘천시 동면,10,15000,,,,trade
구리,농협공판장,20260825,오이,백다다기,10.00kg,특,강원도 정선군,38,2000,,,,trade
구리,농협공판장,20260825,오이,백다다기,10.00kg,특,강원도 정선군,28,3000,,,,trade
구리,농협공판장,20260825,오이,백다다기,10.00kg,상,경기 남양주시 금곡동157∼403,1,10000,,,,trade
구리,농협공판장,20260825,오이,백다다기,10.00kg,특,경기 남양주시 금곡동157∼403,6,20000,,,,trade
구리,농협공판장,20260825,오이,백다다기,10.00kg,특,경기 양평군 청운면,13,18000,,,,trade
구리,농협공판장,20260825,오이,백다다기,10.00kg,상,경기 양평군 청운면,2,12000,,,,trade
구리,농협공판장,20260825,오이,백다다기,10.00kg,특,경기 양평군 청운면,41,28500,,,,trade
구리,농협공판장,20260825,오이,백다다기,10.00kg,특,경기 양평군 청운면,40,27500,,,,trade
구리,농협공판장,20260825,오이,백다다기,10.00kg,상,강원 춘천시 동면,1,4000,,,,trade
구리,농협공판장,20260825,오이,백다다기,10.00kg,특,강원 춘천시 동면,16,19000,,,,trade
구리,농협공판장,20260825,오이,백다다기,10.00kg,특,강원 춘천시 동면,2,10000,,,,trade
구리,농협공판장,20260825,오이,백다다기,10.00kg,특,강원 춘천시 동면,5,9000,,,,trade
구리,농협공판장,20260825,오이,백다다기,10.00kg,특,강원 춘천시 동면,4,8000,,,,trade
구리,농협공판장,20260825,오이,백다다기,20.00kg,상,강원 춘천시 신북읍,1,17000,,,,trade
구리,농협공판장,20260825,오이,백다다기,20.00kg,상,강원 춘천시 신북읍,2,22000,,,,trade
구리,농협공판장,20260825,오이,백다다기,10.00kg,특,강원 춘천시 신북읍,7,22000,,,,trade
구리,농협공판장,20260825,오이,백다다기,10.00kg,특,강원 춘천시 신북읍,12,39000,,,,trade
구리,농협공판장,20260825,오이,백다다기,10.00kg,특,강원 춘천시 신북읍,15,38000,,,,trade
구리,농협공판장,20260825,오이,백다다기,10.00kg,상,강원 홍천군 북방면 하화계리 주하이트맥주,8,9000,,,,trade
구리,농협공판장,20260825,오이,백다다기,10.00kg,특,강원 홍천군 북방면 하화계리 주하이트맥주,2,19000,,,,trade
구리,농협공판장,20260825,오이,백다다기,10.00kg,특,강원 홍천군 서석면 풍암리,20,37000,,,,trade
구리,농협공판장,20260825,오이,백다다기,10.00kg,특,강원 홍천군 서석면 풍암리,8,24000,,,,trade
구리,농협공판장,20260825,오이,백다다기,10.00kg,특,강원 홍천군 서석면 풍암리,7,21000,,,,trade
구리,농협공판장,20260825,오이,백다다기,10.00kg,특,강원 홍천군 서석면 풍암리,7,23000,,,,trade
구리,농협공판장,20260825,오이,백다다기,20.00kg,상,강원 홍천군 내면 창촌리,20,29000,,,,trade
구리,농협공판장,20260825,오이,백다다기,20.00kg,상,강원 홍천군 내면 창촌리,10,24000,,,,trade
구리,농협공판장,20260825,오이,백다다기,20.00kg,특,강원 홍천군 내면 창촌리,11,72000,,,,trade
구리,농협공판장,20260825,오이,백다다기,20.00kg,특,강원 홍천군 내면 창촌리,9,102000,,,,trade
구리,농협공판장,20260825,오이,백다다기,20.00kg,특,강원 홍천군 내면 창촌리,10,110000,,,,trade
구리,농협공판장,20260825,오이,백다다기,20.00kg,특,강원 홍천군 내면 창촌리,25,115000,,,,trade
구리,농협공판장,20260825,오이,백다다기,20.00kg,상,강원 홍천군 내면 창촌리,2,38000,,,,trade
구리,농협공판장,20260825,오이,백다다기,20.00kg,상,강원 홍천군 내면 창촌리,20,25000,,,,trade
구리,농협공판장,20260825,오이,백다다기,20.00kg,특,강원 홍천군 내면 창촌리,5,80000,,,,trade
구리,농협공판장,20260825,오이,백다다기,20.00kg,특,강원 홍천군 내면 창촌리,18,117000,,,,trade
구리,농협공판장,20260827,오이,백다다기,10.00kg,상,경기 양평군 지평면,2,18000,,,,trade
구리,농협공판장,20260827,오이,백다다기,10.00kg,특,경기 양평군 지평면,8,25000,,,,trade
구리,농협공판장,20260827,오이,백다다기,10.00kg,특,경기 남양주시 금곡동157∼403,26,22000,,,,trade
구리,농협공판장,20260827,오이,백다다기,10.00kg,상,경기 양평군 청운면,8,19500,,,,trade
구리,농협공판장,20260827,오이,백다다기,10.00kg,특,경기 양평군 청운면,29,28500,,,,trade
구리,농협공판장,20260827,오이,백다다기,10.00kg,상,경기 양평군 청운면,8,18000,,,,trade
구리,농협공판장,20260827,오이,백다다기,10.00kg,특,경기 양평군 청운면,30,32000,,,,trade
구리,농협공판장,20260827,오이,백다다기,10.00kg,특,경기 양평군 청운면,32,31000,,,,trade
구리,농협공판장,20260827,오이,백다다기,10.00kg,특,경기 양평군 청운면,32,30500,,,,trade
구리,농협공판장,20260827,오이,백다다기,20.00kg,상,강원 춘천시 신북읍,1,24000,,,,trade
구리,농협공판장,20260827,오이,백다다기,20.00kg,상,강원 춘천시 신북읍,5,18000,,,,trade
구리,농협공판장,20260827,오이,백다다기,10.00kg,특,강원 춘천시 신북읍,9,28000,,,,trade
구리,농협공판장,20260827,오이,백다다기,10.00kg,특,강원 춘천시 신북읍,22,30000,,,,trade
구리,농협공판장,20260827,오이,백다다기,10.00kg,특,강원 춘천시 신북읍,49,30000,,,,trade
구리,농협공판장,20260827,오이,백다다기,10.00kg,상,강원 춘천시 동면,1,15000,,,,trade
구리,농협공판장,20260827,오이,백다다기,10.00kg,특,강원 춘천시 동면,12,23000,,,,trade
구리,농협공판장,20260827,오이,백다다기,10.00kg,특,강원 춘천시 동면,1,18000,,,,trade
구리,농협공판장,20260827,오이,백다다기,10.00kg,특,강원 춘천시 동면,2,12000,,,,trade
구리,농협공판장,20260827,오이,백다다기,10.00kg,특,강원 춘천시 동면,4,14000,,,,trade
구리,농협공판장,20260827,오이,백다다기,10.00kg,특,강원 춘천시 동면,1,16000,,,,trade
구리,농협공판장,20260827,오이,백다다기,10.00kg,상,강원 홍천군 서석면 풍암리,8,16500,,,,trade
구리,농협공판장,20260827,오이,백다다기,10.00kg,특,강원 홍천군 서석면 풍암리,6,28500,,,,trade
구리,농협공판장,20260827,오이,백다다기,10.00kg,특,강원 홍천군 서석면 풍암리,11,18000,,,,trade
구리,농협공판장,20260827,오이,백다다기,10.00kg,특,강원 홍천군 서석면 풍암리,4,14500,,,,trade
구리,농협공판장,20260827,오이,백다다기,10.00kg,특,강원 홍천군 서석면 풍암리,6,25000,,,,trade
구리,농협공판장,20260827,오이,백다다기,10.00kg,특,강원 홍천군 서석면 풍암리,8,26500,,,,trade
구리,농협공판장,20260827,오이,백다다기,10.00kg,특,강원 홍천군 서석면 풍암리,13,25500,,,,trade
구리,농협공판장,20260827,오이,백다다기,20.00kg,상,강원 홍천군 서석면 풍암리,1,22000,,,,trade
구리,농협공판장,20260827,오이,백다다기,10.00kg,특,강원 홍천군 서석면 풍암리,20,37500,,,,trade
구리,농협공판장,20260827,오이,백다다기,20.00kg,특,강원 홍천군 내면 창촌리,1,31000,,,,trade
구리,농협공판장,20260827,오이,백다다기,20.00kg,상,강원 홍천군 내면 창촌리,2,36000,,,,trade
구리,농협공판장,20260827,오이,백다다기,20.00kg,상,강원 홍천군 내면 창촌리,18,34000,,,,trade
구리,농협공판장,20260827,오이,백다다기,20.00kg,상,강원 홍천군 내면 창촌리,19,33000,,,,trade
구리,농협공판장,20260827,오이,백다다기,20.00kg,특,강원 홍천군 내면 창촌리,17,66000,,,,trade
구리,농협공판장,20260827,오이,백다다기,20.00kg,특,강원 홍천군 내면 창촌리,13,44000,,,,trade
구리,농협공판장,20260827,오이,백다다기,20.00kg,특,강원 홍천군 내면 창촌리,20,55000,,,,trade
구리,농협공판장,20260827,오이,백다다기,20.00kg,특,강원 홍천군 내면 창촌리,10,59000,,,,trade
구리,농협공판장,20260827,오이,백다다기,20.00kg,특,강원 홍천군 내면 창촌리,2,26000,,,,trade
구리,농협공판장,20260827,오이,백다다기,20.00kg,상,강원 홍천군 내면 창촌리,15,31000,,,,trade
구리,농협공판장,20260827,오이,백다다기,20.00kg,특,강원 홍천군 내면 창촌리,30,72000,,,,trade
