market,corp,date,item,variety,unit,grade,origin,qty,price,price_min,price_max,price_avg,granularity
구리,구리청과(주),20250701,오이,백다다기,10.00kg,없음,강원도 철원군,1,3000,,,,trade
구리,구리청과(주),20250701,오이,백다다기,10.00kg,없음,경상남도 진주시,1,2000,,,,trade
구리,구리청과(주),20250701,오이,백다다기,10.00kg,없음,경상남도 진주시,2,1000,,,,trade
구리,구리청과(주),20250701,오이,백다다기,10.00kg,없음,경상남도 진주시,9,2000,,,,trade
구리,구리청과(주),20250701,오이,백다다기,10.00kg,없음,경상남도 진주시,3,9000,,,,trade
구리,구리청과(주),20250701,오이,백다다기,10.00kg,없음,경상남도 진주시,40,9000,,,,trade
구리,구리청과(주),20250701,오이,백다다기,10.00kg,없음,경상남도 진주시,1,2500,,,,trade
구리,구리청과(주),20250701,오이,백다다기,10.00kg,없음,경상남도 진주시,5,5500,,,,trade
구리,구리청과(주),20250701,오이,백다다기,10.00kg,없음,경상남도 진주시,14,11000,,,,trade
구리,구리청과(주),20250701,오이,백다다기,10.00kg,없음,경상남도 진주시,2,4000,,,,trade
구리,구리청과(주),20250701,오이,백다다기,10.00kg,없음,경상남도 진주시,1,5000,,,,trade
구리,구리청과(주),20250701,오이,백다다기,10.00kg,없음,경상남도 진주시,3,10000,,,,trade
구리,구리청과(주),20250701,오이,백다다기,10.00kg,없음,경상남도 진주시,4,15000,,,,trade
구리,구리청과(주),20250701,오이,백다다기,10.00kg,없음,강원도 춘천시,1,2000,,,,trade
구리,구리청과(주),20250701,오이,백다다기,10.00kg,없음,강원도 춘천시,1,7500,,,,trade
구리,구리청과(주),20250701,오이,백다다기,10.00kg,없음,강원도 춘천시,17,10500,,,,trade
구리,구리청과(주),20250701,오이,백다다기,18.00kg,없음,강원도 춘천시,1,2000,,,,trade
구리,구리청과(주),20250701,오이,백다다기,10.00kg,없음,강원도 춘천시,9,6500,,,,trade
구리,구리청과(주),20250701,오이,백다다기,18.00kg,없음,강원도 춘천시,8,7000,,,,trade
구리,구리청과(주),20250701,오이,백다다기,18.00kg,없음,강원도 춘천시,1,5000,,,,trade
구리,구리청과(주),20250701,오이,백다다기,18.00kg,없음,강원도 춘천시,1,2000,,,,trade
구리,구리청과(주),20250701,오이,백다다기,18.00kg,없음,강원도 춘천시,4,6000,,,,trade
구리,구리청과(주),20250701,오이,백다다기,18.00kg,없음,강원도 춘천시,2,7000,,,,trade
구리,구리청과(주),20250701,오이,백다다기,18.00kg,없음,강원도 춘천시,4,6000,,,,trade
구리,구리청과(주),20250701,오이,백다다기,18.00kg,없음,강원도 춘천시,2,3000,,,,trade
구리,구리청과(주),20250701,오이,백다다기,18.00kg,없음,강원도 춘천시,6,3000,,,,trade
구리,구리청과(주),20250701,오이,백다다기,18.00kg,없음,강원도 춘천시,2,2000,,,,trade
구리,구리청과(주),20250701,오이,백다다기,18.00kg,없음,강원도 춘천시,2,5000,,,,trade
구리,구리청과(주),20250701,오이,백다다기,10.00kg,없음,강원도 춘천시,1,1000,,,,trade
구리,구리청과(주),20250701,오이,백다다기,10.00kg,없음,강원도 춘천시,5,2000,,,,trade
구리,구리청과(주),20250701,오이,백다다기,10.00kg,없음,강원도 춘천시,2,2000,,,,trade
구리,구리청과(주),20250701,오이,백다다기,10.00kg,없음,강원도 춘천시,1,1000,,,,trade
구리,구리청과(주),20250701,오이,백다다기,10.00kg,없음,강원도 춘천시,4,1000,,,,trade
구리,구리청과(주),20250701,오이,백다다기,10.00kg,없음,강원도 춘천시,3,3500,,,,trade
구리,구리청과(주),20250701,오이,백다다기,10.00kg,없음,강원도 춘천시,30,12500,,,,trade
구리,구리청과(주),20250701,오이,백다다기,10.00kg,없음,강원도 춘천시,26,6000,,,,trade
구리,구리청과(주),20250701,오이,백다다기,10.00kg,없음,강원도 춘천시,5,10000,,,,trade
구리,구리청과(주),20250701,오이,백다다기,10.00kg,없음,강원도 춘천시,5,3500,,,,trade
구리,구리청과(주),20250701,오이,백다다기,10.00kg,없음,강원도 춘천시,4,5000,,,,trade
구리,구리청과(주),20250701,오이,백다다기,10.00kg,없음,강원도 춘천시,26,8500,,,,trade
구리,구리청과(주),20250701,오이,백다다기,10.00kg,없음,강원도 춘천시,53,7500,,,,trade
구리,구리청과(주),20250701,오이,백다다기,10.00kg,없음,강원도 춘천시,22,8000,,,,trade
구리,구리청과(주),20250701,오이,백다다기,10.00kg,없음,강원도 춘천시,8,10000,,,,trade
구리,구리청과(주),20250701,오이,백다다기,10.00kg,없음,강원도 춘천시,14,6500,,,,trade
구리,구리청과(주),20250701,오이,백다다기,10.00kg,없음,강원도 춘천시,8,8500,,,,trade
구리,구리청과(주),20250701,오이,백다다기,10.00kg,없음,강원도 춘천시,16,7500,,,,trade
구리,구리청과(주),20250701,오이,백다다기,10.00kg,없음,강원도 춘천시,6,4500,,,,trade
구리,구리청과(주),20250701,오이,백다다기,10.00kg,없음,강원도 춘천시,26,10000,,,,trade
구리,구리청과(주),20250701,오이,백다다기,10.00kg,없음,강원도 춘천시,14,8500,,,,trade
구리,구리청과(주),20250701,오이,백다다기,10.00kg,없음,강원도 춘천시,9,12500,,,,trade
구리,구리청과(주),20250701,오이,백다다기,10.00kg,없음,강원도 춘천시,17,14000,,,,trade
구리,구리청과(주),20250701,오이,백다다기,10.00kg,없음,강원도 춘천시,21,13500,,,,trade
구리,구리청과(주),20250701,오이,백다다기,10.00kg,없음,강원도 춘천시,20,18000,,,,trade
구리,구리청과(주),20250701,오이,백다다기,10.00kg,없음,강원도 춘천시,42,15000,,,,trade
구리,구리청과(주),20250701,오이,백다다기,10.00kg,없음,강원도 춘천시,30,16500,,,,trade
구리,구리청과(주),20250701,오이,백다다기,10.00kg,없음,강원도 춘천시,22,18000,,,,trade
구리,구리청과(주),20250701,오이,백다다기,10.00kg,없음,강원도 철원군,14,7500,,,,trade
구리,구리청과(주),20250701,오이,백다다기,18.00kg,없음,경기도 남양주시,4,15000,,,,trade
구리,구리청과(주),20250701,오이,백다다기,10.00kg,없음,경기도 남양주시,13,6000,,,,trade
구리,구리청과(주),20250701,오이,백다다기,10.00kg,없음,충청남도 논산시,4,2500,,,,trade
구리,구리청과(주),20250701,오이,백다다기,10.00kg,없음,충청남도 논산시,15,6000,,,,trade
구리,구리청과(주),20250701,오이,백다다기,10.00kg,없음,강원도 홍천군,50,8500,,,,trade
구리,구리청과(주),20250701,오이,백다다기,10.00kg,없음,강원도 홍천군,9,8500,,,,trade
구리,구리청과(주),20250701,오이,백다다기,10.00kg,없음,강원도 홍천군,2,6000,,,,trade
구리,구리청과(주),20250701,오이,백다다기,10.00kg,없음,강원도 홍천군,6,9000,,,,trade
구리,구리청과(주),20250701,오이,백다다기,10.00kg,없음,강원도 홍천군,2,5000,,,,trade
구리,구리청과(주),20250701,오이,백다다기,10.00kg,없음,강원도 홍천군,3,9000,,,,trade
구리,구리청과(주),20250701,오이,백다다기,10.00kg,없음,강원도 홍천군,6,2500,,,,trade
구리,구리청과(주),20250701,오이,백다다기,10.00kg,없음,강원도 홍천군,38,12500,,,,trade
구리,구리청과(주),20250701,오이,백다다기,10.00kg,없음,강원도 홍천군,1,4500,,,,trade
구리,구리청과(주),20250701,오이,백다다기,10.00kg,없음,강원도 홍천군,1,10000,,,,trade
구리,구리청과(주),20250701,오이,백다다기,18.00kg,없음,강원도 홍천군,6,8000,,,,trade
구리,구리청과(주),20250701,오이,백다다기,10.00kg,없음,강원도 홍천군,44,10500,,,,trade
구리,구리청과(주),20250701,오이,백다다기,10.00kg,없음,경기도 오산시,24,11000,,,,trade
구리,구리청과(주),20250701,오이,백다다기,10.00kg,없음,경기도 평택시,58,12000,,,,trade
구리,구리청과(주),20250701,오이,백다다기,10.00kg,없음,경기도 평택시,9,8000,,,,trade
구리,구리청과(주),20250701,오이,백다다기,10.00kg,없음,경기도 평택시,12,7500,,,,trade
구리,구리청과(주),20250701,오이,백다다기,10.00kg,없음,경기도 평택시,18,13500,,,,trade
구리,구리청과(주),20250701,오이,백다다기,10.00kg,없음,경기도 평택시,54,12500,,,,trade
구리,구리청과(주),20250701,오이,백다다기,10.00kg,없음,경기도 평택시,71,15000,,,,trade
구리,구리청과(주),20250701,오이,백다다기,10.00kg,없음,강원도 화천군,6,4500,,,,trade
구리,구리청과(주),20250701,오이,백다다기,10.00kg,없음,강원도 화천군,18,5500,,,,trade
구리,구리청과(주),20250701,오이,백다다기,10.00kg,없음,강원도 화천군,3,5000,,,,trade
구리,구리청과(주),20250701,오이,백다다기,10.00kg,없음,강원도 화천군,1,4500,,,,trade
구리,구리청과(주),20250701,오이,백다다기,10.00kg,없음,강원도 화천군,24,10500,,,,trade
구리,구리청과(주),20250701,오이,백다다기,10.00kg,없음,강원도 화천군,11,10000,,,,trade
구리,구리청과(주),20250701,오이,백다다기,10.00kg,없음,강원도 화천군,4,14000,,,,trade
구리,구리청과(주),20250701,오이,백다다기,10.00kg,없음,강원도 화천군,5,4500,,,,trade
구리,구리청과(주),20250701,오이,백다다기,10.00kg,없음,강원도 화천군,7,10500,,,,trade
구리,구리청과(주),20250701,오이,백다다기,10.00kg,없음,강원도 화천군,10,14500,,,,trade
구리,구리청과(주),20250701,오이,백다다기,10.00kg,없음,강원도 화천군,2,12000,,,,trade
구리,구리청과(주),20250701,오이,백다다기,10.00kg,없음,강원도 화천군,2,4000,,,,trade
구리,구리청과(주),20250701,오이,백다다기,10.00kg,없음,강원도 화천군,12,11500,,,,trade
구리,구리청과(주),20250701,오이,백다다기,10.00kg,없음,강원도 화천군,15,15500,,,,trade
구리,구리청과(주),20250701,오이,백다다기,10.00kg,없음,강원도 화천군,18,15500,,,,trade
구리,구리청과(주),20250701,오이,백다다기,10.00kg,없음,강원도 화천군,2,6500,,,,trade
구리,구리청과(주),20250701,오이,백다다기,10.00kg,없음,강원도 화천군,25,11500,,,,trade
구리,구리청과(주),20250701,오이,백다다기,10.00kg,없음,강원도 화천군,13,8500,,,,trade
구리,구리청과(주),20250701,오이,백다다기,10.00kg,없음,강원도 화천군,16,14500,,,,trade
구리,구리청과(주),20250701,오이,백다다기,10.00kg,없음,강원도 화천군,15,17500,,,,trade
구리,구리청과(주),20250701,오이,백다다기,8.00kg,없음,경기도,11,7200,,,,trade
구리,구리청과(주),20250701,오이,백다다기,8.00kg,없음,경기도 양주시,5,4500,,,,trade
구리,구리청과(주),20250701,오이,백다다기,8.00kg,없음,경기도 양주시,17,6100,,,,trade
구리,구리청과(주),20250701,오이,백다다기,8.00kg,없음,경기도 양주시,19,7600,,,,trade
구리,구리청과(주),20250701,오이,백다다기,8.00kg,없음,경기도,27,7500,,,,trade
구리,구리청과(주),20250701,오이,백다다기,8.00kg,없음,경기도 양주시,40,8600,,,,trade
구리,구리청과(주),20250701,오이,백다다기,8.00kg,없음,경기도 양주시,93,7500,,,,trade
구리,구리청과(주),20250701,오이,백다다기,8.00kg,없음,경기도 양주시,100,7500,,,,trade
구리,구리청과(주),20250701,오이,백다다기,8.00kg,없음,경기도 양주시,34,6500,,,,trade
구리,구리청과(주),20250701,오이,백다다기,8.00kg,없음,경기도 양주시,100,8200,,,,trade
구리,구리청과(주),20250701,오이,백다다기,8.00kg,없음,경기도 의정부시,93,7900,,,,trade
구리,구리청과(주),20250701,오이,백다다기,8.00kg,없음,경기도 의정부시,93,7900,,,,trade
구리,구리청과(주),20250701,오이,백다다기,8.00kg,없음,경기도 의정부시,93,7900,,,,trade
구리,구리청과(주),20250701,오이,백다다기,8.00kg,없음,경기도 포천시,93,9100,,,,trade
구리,구리청과(주),20250701,오이,백다다기,8.00kg,없음,경기도 포천시,91,8800,,,,trade
구리,구리청과(주),20250701,오이,백다다기,10.00kg,없음,강원도 철원군,2,6000,,,,trade
구리,구리청과(주),20250703,오이,백다다기,8.00kg,없음,경기도 양주시,16,12800,,,,trade
구리,구리청과(주),20250703,오이,백다다기,8.00kg,없음,경기도 양주시,20,8800,,,,trade
구리,구리청과(주),20250703,오이,백다다기,8.00kg,없음,경기도 양주시,7,11500,,,,trade
구리,구리청과(주),20250703,오이,백다다기,8.00kg,없음,경기도 양주시,27,13900,,,,trade
구리,구리청과(주),20250703,오이,백다다기,8.00kg,없음,경기도 양주시,35,13800,,,,trade
구리,구리청과(주),20250703,오이,백다다기,8.00kg,없음,경기도 양주시,39,13800,,,,trade
구리,구리청과(주),20250703,오이,백다다기,8.00kg,없음,경기도 의정부시,91,14500,,,,trade
구리,구리청과(주),20250703,오이,백다다기,8.00kg,없음,경기도 의정부시,92,14200,,,,trade
구리,구리청과(주),20250703,오이,백다다기,8.00kg,없음,경기도 의정부시,90,13900,,,,trade
구리,구리청과(주),20250703,오이,백다다기,8.00kg,없음,경기도 포천시,115,13700,,,,trade
구리,구리청과(주),20250703,오이,백다다기,10.00kg,없음,강원도 철원군,2,8500,,,,trade
구리,구리청과(주),20250703,오이,백다다기,10.00kg,없음,경상남도,2,2000,,,,trade
구리,구리청과(주),20250703,오이,백다다기,10.00kg,없음,경상남도,1,2000,,,,trade
구리,구리청과(주),20250703,오이,백다다기,10.00kg,없음,경상남도,4,6000,,,,trade
구리,구리청과(주),20250703,오이,백다다기,10.00kg,없음,강원도 춘천시,6,12000,,,,trade
구리,구리청과(주),20250703,오이,백다다기,10.00kg,없음,강원도 춘천시,4,13500,,,,trade
구리,구리청과(주),20250703,오이,백다다기,18.00kg,없음,강원도 춘천시,4,11000,,,,trade
구리,구리청과(주),20250703,오이,백다다기,18.00kg,없음,강원도 춘천시,1,8000,,,,trade
구리,구리청과(주),20250703,오이,백다다기,18.00kg,없음,강원도 춘천시,2,10000,,,,trade
구리,구리청과(주),20250703,오이,백다다기,18.00kg,없음,강원도 춘천시,1,13000,,,,trade
구리,구리청과(주),20250703,오이,백다다기,18.00kg,없음,강원도 춘천시,2,2000,,,,trade
구리,구리청과(주),20250703,오이,백다다기,18.00kg,없음,강원도 춘천시,3,10000,,,,trade
구리,구리청과(주),20250703,오이,백다다기,10.00kg,없음,강원도 춘천시,2,4500,,,,trade
구리,구리청과(주),20250703,오이,백다다기,10.00kg,없음,강원도 춘천시,2,5500,,,,trade
구리,구리청과(주),20250703,오이,백다다기,10.00kg,없음,강원도 춘천시,1,2000,,,,trade
구리,구리청과(주),20250703,오이,백다다기,10.00kg,없음,강원도 춘천시,2,4000,,,,trade
구리,구리청과(주),20250703,오이,백다다기,18.00kg,없음,강원도 춘천시,3,10000,,,,trade
구리,구리청과(주),20250703,오이,백다다기,10.00kg,없음,강원도 춘천시,2,2000,,,,trade
구리,구리청과(주),20250703,오이,백다다기,10.00kg,없음,강원도 춘천시,12,8000,,,,trade
구리,구리청과(주),20250703,오이,백다다기,10.00kg,없음,강원도 춘천시,5,10000,,,,trade
구리,구리청과(주),20250703,오이,백다다기,10.00kg,없음,강원도 춘천시,5,5500,,,,trade
구리,구리청과(주),20250703,오이,백다다기,10.00kg,없음,강원도 춘천시,33,9500,,,,trade
구리,구리청과(주),20250703,오이,백다다기,10.00kg,없음,강원도 춘천시,10,8000,,,,trade
구리,구리청과(주),20250703,오이,백다다기,10.00kg,없음,강원도 춘천시,3,12000,,,,trade
구리,구리청과(주),20250703,오이,백다다기,10.00kg,없음,강원도 춘천시,8,17000,,,,trade
구리,구리청과(주),20250703,오이,백다다기,10.00kg,없음,강원도 춘천시,14,17000,,,,trade
구리,구리청과(주),20250703,오이,백다다기,10.00kg,없음,강원도 춘천시,3,7500,,,,trade
구리,구리청과(주),20250703,오이,백다다기,10.00kg,없음,강원도 춘천시,18,13500,,,,trade
구리,구리청과(주),20250703,오이,백다다기,10.00kg,없음,강원도 춘천시,11,7000,,,,trade
구리,구리청과(주),20250703,오이,백다다기,10.00kg,없음,강원도 춘천시,5,14500,,,,trade
구리,구리청과(주),20250703,오이,백다다기,10.00kg,없음,강원도 춘천시,37,15500,,,,trade
구리,구리청과(주),20250703,오이,백다다기,10.00kg,없음,강원도 춘천시,13,11500,,,,trade
구리,구리청과(주),20250703,오이,백다다기,10.00kg,없음,강원도 춘천시,12,10000,,,,trade
구리,구리청과(주),20250703,오이,백다다기,10.00kg,없음,강원도 춘천시,15,16500,,,,trade
구리,구리청과(주),20250703,오이,백다다기,10.00kg,없음,강원도 춘천시,4,17000,,,,trade
구리,구리청과(주),20250703,오이,백다다기,10.00kg,없음,강원도 춘천시,7,17000,,,,trade
구리,구리청과(주),20250703,오이,백다다기,10.00kg,없음,강원도 춘천시,6,16000,,,,trade
구리,구리청과(주),20250703,오이,백다다기,10.00kg,없음,강원도 춘천시,23,21000,,,,trade
구리,구리청과(주),20250703,오이,백다다기,10.00kg,없음,강원도 춘천시,55,18000,,,,trade
구리,구리청과(주),20250703,오이,백다다기,10.00kg,없음,강원도 춘천시,18,23500,,,,trade
구리,구리청과(주),20250703,오이,백다다기,10.00kg,없음,강원도 춘천시,12,20000,,,,trade
구리,구리청과(주),20250703,오이,백다다기,18.00kg,없음,경기도 남양주시,3,18000,,,,trade
구리,구리청과(주),20250703,오이,백다다기,10.00kg,없음,충청남도 논산시,1,1000,,,,trade
구리,구리청과(주),20250703,오이,백다다기,10.00kg,없음,충청남도 논산시,7,6000,,,,trade
구리,구리청과(주),20250703,오이,백다다기,10.00kg,없음,강원도 홍천군,3,9000,,,,trade
구리,구리청과(주),20250703,오이,백다다기,10.00kg,없음,강원도 홍천군,3,8500,,,,trade
구리,구리청과(주),20250703,오이,백다다기,10.00kg,없음,강원도 홍천군,17,17500,,,,trade
구리,구리청과(주),20250703,오이,백다다기,10.00kg,없음,강원도 홍천군,4,8500,,,,trade
구리,구리청과(주),20250703,오이,백다다기,10.00kg,없음,강원도 홍천군,5,18500,,,,trade
구리,구리청과(주),20250703,오이,백다다기,10.00kg,없음,강원도 홍천군,6,7000,,,,trade
구리,구리청과(주),20250703,오이,백다다기,10.00kg,없음,강원도 홍천군,36,18500,,,,trade
구리,구리청과(주),20250703,오이,백다다기,10.00kg,없음,강원도 홍천군,3,7500,,,,trade
구리,구리청과(주),20250703,오이,백다다기,10.00kg,없음,강원도 홍천군,19,17500,,,,trade
구리,구리청과(주),20250703,오이,백다다기,18.00kg,없음,강원도 홍천군,5,11000,,,,trade
구리,구리청과(주),20250703,오이,백다다기,10.00kg,없음,강원도 홍천군,56,16000,,,,trade
구리,구리청과(주),20250703,오이,백다다기,10.00kg,없음,경기도 평택시,44,16000,,,,trade
구리,구리청과(주),20250703,오이,백다다기,10.00kg,없음,경기도 평택시,39,10000,,,,trade
구리,구리청과(주),20250703,오이,백다다기,10.00kg,없음,경기도 평택시,14,14500,,,,trade
구리,구리청과(주),20250703,오이,백다다기,10.00kg,없음,경기도 평택시,11,14500,,,,trade
구리,구리청과(주),20250703,오이,백다다기,10.00kg,없음,경기도 평택시,80,17000,,,,trade
구리,구리청과(주),20250703,오이,백다다기,10.00kg,없음,강원도 화천군,2,3000,,,,trade
구리,구리청과(주),20250703,오이,백다다기,10.00kg,없음,강원도 화천군,9,7000,,,,trade
구리,구리청과(주),20250703,오이,백다다기,10.00kg,없음,강원도 화천군,4,9500,,,,trade
구리,구리청과(주),20250703,오이,백다다기,10.00kg,없음,강원도 화천군,32,12500,,,,trade
구리,구리청과(주),20250703,오이,백다다기,10.00kg,없음,강원도 화천군,21,21000,,,,trade
구리,구리청과(주),20250703,오이,백다다기,10.00kg,없음,강원도 화천군,14,9000,,,,trade
구리,구리청과(주),20250703,오이,백다다기,10.00kg,없음,강원도 화천군,6,20000,,,,trade
구리,구리청과(주),20250703,오이,백다다기,10.00kg,없음,강원도 화천군,5,18500,,,,trade
구리,구리청과(주),20250703,오이,백다다기,10.00kg,없음,강원도 화천군,4,21000,,,,trade
구리,구리청과(주),20250703,오이,백다다기,10.00kg,없음,강원도 화천군,3,3500,,,,trade
구리,구리청과(주),20250703,오이,백다다기,10.00kg,없음,강원도 화천군,11,14000,,,,trade
구리,구리청과(주),20250703,오이,백다다기,10.00kg,없음,강원도 화천군,17,17000,,,,trade
구리,구리청과(주),20250703,오이,백다다기,10.00kg,없음,강원도 화천군,4,6500,,,,trade
구리,구리청과(주),20250703,오이,백다다기,10.00kg,없음,강원도 화천군,20,17500,,,,trade
구리,구리청과(주),20250703,오이,백다다기,10.00kg,없음,강원도 화천군,40,12500,,,,trade
구리,구리청과(주),20250703,오이,백다다기,10.00kg,없음,강원도 화천군,17,18500,,,,trade
구리,구리청과(주),20250708,오이,백다다기,10.00kg,없음,강원도 춘천시,9,16500,,,,trade
구리,구리청과(주),20250708,오이,백다다기,18.00kg,없음,강원도 춘천시,2,12000,,,,trade
구리,구리청과(주),20250708,오이,백다다기,18.00kg,없음,강원도 춘천시,1,2000,,,,trade
구리,구리청과(주),20250708,오이,백다다기,18.00kg,없음,강원도 춘천시,4,15000,,,,trade
구리,구리청과(주),20250708,오이,백다다기,18.00kg,없음,강원도 춘천시,1,5000,,,,trade
구리,구리청과(주),20250708,오이,백다다기,18.00kg,없음,강원도 춘천시,2,16000,,,,trade
구리,구리청과(주),20250708,오이,백다다기,18.00kg,없음,강원도 춘천시,3,9500,,,,trade
구리,구리청과(주),20250708,오이,백다다기,18.00kg,없음,강원도 춘천시,1,12000,,,,trade
구리,구리청과(주),20250708,오이,백다다기,10.00kg,없음,강원도 춘천시,7,4500,,,,trade
구리,구리청과(주),20250708,오이,백다다기,10.00kg,없음,강원도 춘천시,4,10500,,,,trade
구리,구리청과(주),20250708,오이,백다다기,10.00kg,없음,강원도 춘천시,1,9000,,,,trade
구리,구리청과(주),20250708,오이,백다다기,10.00kg,없음,강원도 춘천시,1,4500,,,,trade
구리,구리청과(주),20250708,오이,백다다기,10.00kg,없음,강원도 춘천시,1,2500,,,,trade
구리,구리청과(주),20250708,오이,백다다기,10.00kg,없음,강원도 춘천시,1,4500,,,,trade
구리,구리청과(주),20250708,오이,백다다기,10.00kg,없음,강원도 춘천시,2,13500,,,,trade
구리,구리청과(주),20250708,오이,백다다기,10.00kg,없음,강원도 춘천시,12,12500,,,,trade
구리,구리청과(주),20250708,오이,백다다기,10.00kg,없음,강원도 춘천시,28,17500,,,,trade
구리,구리청과(주),20250708,오이,백다다기,10.00kg,없음,강원도 춘천시,3,19000,,,,trade
구리,구리청과(주),20250708,오이,백다다기,10.00kg,없음,강원도 춘천시,16,21500,,,,trade
구리,구리청과(주),20250708,오이,백다다기,10.00kg,없음,강원도 춘천시,34,18500,,,,trade
구리,구리청과(주),20250708,오이,백다다기,10.00kg,없음,강원도 춘천시,2,16500,,,,trade
구리,구리청과(주),20250708,오이,백다다기,10.00kg,없음,강원도 춘천시,3,13500,,,,trade
구리,구리청과(주),20250708,오이,백다다기,10.00kg,없음,강원도 춘천시,3,15000,,,,trade
구리,구리청과(주),20250708,오이,백다다기,10.00kg,없음,강원도 춘천시,7,12500,,,,trade
구리,구리청과(주),20250708,오이,백다다기,10.00kg,없음,강원도 춘천시,3,18500,,,,trade
구리,구리청과(주),20250708,오이,백다다기,10.00kg,없음,강원도 춘천시,14,17500,,,,trade
구리,구리청과(주),20250708,오이,백다다기,10.00kg,없음,강원도 춘천시,3,17500,,,,trade
구리,구리청과(주),20250708,오이,백다다기,10.00kg,없음,강원도 춘천시,6,15000,,,,trade
구리,구리청과(주),20250708,오이,백다다기,10.00kg,없음,강원도 춘천시,3,15500,,,,trade
구리,구리청과(주),20250708,오이,백다다기,10.00kg,없음,강원도 춘천시,9,12500,,,,trade
구리,구리청과(주),20250708,오이,백다다기,10.00kg,없음,강원도 춘천시,10,12500,,,,trade
구리,구리청과(주),20250708,오이,백다다기,10.00kg,없음,강원도 춘천시,8,20000,,,,trade
구리,구리청과(주),20250708,오이,백다다기,10.00kg,없음,강원도 춘천시,16,26000,,,,trade
구리,구리청과(주),20250708,오이,백다다기,10.00kg,없음,강원도 춘천시,36,26500,,,,trade
구리,구리청과(주),20250708,오이,백다다기,10.00kg,없음,강원도 춘천시,16,27500,,,,trade
구리,구리청과(주),20250708,오이,백다다기,10.00kg,없음,강원도 춘천시,9,24500,,,,trade
구리,구리청과(주),20250708,오이,백다다기,10.00kg,없음,경상남도,2,11500,,,,trade
구리,구리청과(주),20250708,오이,백다다기,10.00kg,없음,경상남도,2,2000,,,,trade
구리,구리청과(주),20250708,오이,백다다기,10.00kg,없음,경상남도,11,12500,,,,trade
구리,구리청과(주),20250708,오이,백다다기,10.00kg,없음,충청남도 논산시,4,5000,,,,trade
구리,구리청과(주),20250708,오이,백다다기,10.00kg,없음,충청남도 논산시,10,12500,,,,trade
구리,구리청과(주),20250708,오이,백다다기,18.00kg,없음,경기도 남양주시,3,28000,,,,trade
구리,구리청과(주),20250708,오이,백다다기,18.00kg,없음,경상북도 상주시,2,21000,,,,trade
구리,구리청과(주),20250708,오이,백다다기,18.00kg,없음,경상북도 상주시,1,38000,,,,trade
구리,구리청과(주),20250708,오이,백다다기,18.00kg,없음,경상북도 상주시,13,60000,,,,trade
구리,구리청과(주),20250708,오이,백다다기,18.00kg,없음,경상북도 상주시,1,25000,,,,trade
구리,구리청과(주),20250708,오이,백다다기,18.00kg,없음,경상북도 상주시,7,39000,,,,trade
구리,구리청과(주),20250708,오이,백다다기,18.00kg,없음,경상북도 상주시,8,45000,,,,trade
구리,구리청과(주),20250708,오이,백다다기,18.00kg,없음,경상북도 상주시,7,45000,,,,trade
구리,구리청과(주),20250708,오이,백다다기,18.00kg,없음,경상북도 상주시,3,18000,,,,trade
구리,구리청과(주),20250708,오이,백다다기,18.00kg,없음,경상북도 상주시,43,55000,,,,trade
구리,구리청과(주),20250708,오이,백다다기,18.00kg,없음,경상북도 상주시,2,20000,,,,trade
구리,구리청과(주),20250708,오이,백다다기,18.00kg,없음,경상북도 상주시,4,40000,,,,trade
구리,구리청과(주),20250708,오이,백다다기,18.00kg,없음,경상북도 상주시,1,23000,,,,trade
구리,구리청과(주),20250708,오이,백다다기,18.00kg,없음,경상북도 상주시,18,43000,,,,trade
구리,구리청과(주),20250708,오이,백다다기,18.00kg,없음,경상북도 상주시,12,48000,,,,trade
구리,구리청과(주),20250708,오이,백다다기,18.00kg,없음,경상북도 상주시,12,56000,,,,trade
구리,구리청과(주),20250708,오이,백다다기,10.00kg,없음,경기도 남양주시,1,6500,,,,trade
구리,구리청과(주),20250708,오이,백다다기,10.00kg,없음,경기도 남양주시,30,16500,,,,trade
구리,구리청과(주),20250708,오이,백다다기,18.00kg,없음,강원도 홍천군,7,14000,,,,trade
구리,구리청과(주),20250708,오이,백다다기,10.00kg,없음,강원도 홍천군,19,19500,,,,trade
구리,구리청과(주),20250708,오이,백다다기,10.00kg,없음,강원도 홍천군,10,14500,,,,trade
구리,구리청과(주),20250708,오이,백다다기,10.00kg,없음,강원도 홍천군,1,12500,,,,trade
구리,구리청과(주),20250708,오이,백다다기,10.00kg,없음,강원도 홍천군,4,21500,,,,trade
구리,구리청과(주),20250708,오이,백다다기,10.00kg,없음,강원도 홍천군,43,16000,,,,trade
구리,구리청과(주),20250708,오이,백다다기,10.00kg,없음,강원도 홍천군,3,13000,,,,trade
구리,구리청과(주),20250708,오이,백다다기,10.00kg,없음,강원도 홍천군,30,22500,,,,trade
구리,구리청과(주),20250708,오이,백다다기,10.00kg,없음,강원도 홍천군,1,12500,,,,trade
구리,구리청과(주),20250708,오이,백다다기,10.00kg,없음,강원도 홍천군,11,24500,,,,trade
구리,구리청과(주),20250708,오이,백다다기,10.00kg,없음,강원도 홍천군,35,17500,,,,trade
구리,구리청과(주),20250708,오이,백다다기,10.00kg,없음,강원도 홍천군,2,15000,,,,trade
구리,구리청과(주),20250708,오이,백다다기,10.00kg,없음,강원도 홍천군,10,26000,,,,trade
구리,구리청과(주),20250708,오이,백다다기,10.00kg,없음,경기도 평택시,28,16500,,,,trade
구리,구리청과(주),20250708,오이,백다다기,10.00kg,없음,경기도 평택시,10,12500,,,,trade
구리,구리청과(주),20250708,오이,백다다기,10.00kg,없음,경기도 평택시,46,12000,,,,trade
구리,구리청과(주),20250708,오이,백다다기,10.00kg,없음,경기도 평택시,20,18500,,,,trade
구리,구리청과(주),20250708,오이,백다다기,10.00kg,없음,경기도 평택시,14,20000,,,,trade
구리,구리청과(주),20250708,오이,백다다기,10.00kg,없음,경기도 평택시,57,23500,,,,trade
구리,구리청과(주),20250708,오이,백다다기,10.00kg,없음,강원도 화천군,23,12000,,,,trade
구리,구리청과(주),20250708,오이,백다다기,10.00kg,없음,강원도 화천군,41,24000,,,,trade
구리,구리청과(주),20250708,오이,백다다기,10.00kg,없음,강원도 화천군,9,15500,,,,trade
구리,구리청과(주),20250708,오이,백다다기,10.00kg,없음,강원도 화천군,5,11500,,,,trade
구리,구리청과(주),20250708,오이,백다다기,10.00kg,없음,강원도 화천군,6,20500,,,,trade
구리,구리청과(주),20250708,오이,백다다기,10.00kg,없음,강원도 화천군,51,30000,,,,trade
구리,구리청과(주),20250708,오이,백다다기,10.00kg,없음,강원도 화천군,8,20000,,,,trade
구리,구리청과(주),20250708,오이,백다다기,10.00kg,없음,강원도 화천군,13,24500,,,,trade
구리,구리청과(주),20250708,오이,백다다기,10.00kg,없음,강원도 화천군,3,12000,,,,trade
구리,구리청과(주),20250708,오이,백다다기,10.00kg,없음,강원도 화천군,20,29500,,,,trade
구리,구리청과(주),20250708,오이,백다다기,10.00kg,없음,경기도 양주시,4,12000,,,,trade
구리,구리청과(주),20250708,오이,백다다기,8.00kg,없음,경기도 양주시,40,8100,,,,trade
구리,구리청과(주),20250708,오이,백다다기,8.00kg,없음,경기도 의정부시,94,9600,,,,trade
구리,구리청과(주),20250708,오이,백다다기,8.00kg,없음,경기도 의정부시,94,9500,,,,trade
구리,구리청과(주),20250708,오이,백다다기,8.00kg,없음,경기도 의정부시,84,9500,,,,trade
구리,구리청과(주),20250708,오이,백다다기,8.00kg,없음,경기도 의정부시,83,9500,,,,trade
구리,구리청과(주),20250708,오이,백다다기,8.00kg,없음,경기도 포천시,55,9300,,,,trade
구리,구리청과(주),20250710,오이,백다다기,10.00kg,없음,경상남도,1,8000,,,,trade
구리,구리청과(주),20250710,오이,백다다기,10.00kg,없음,경상남도,6,10000,,,,trade
구리,구리청과(주),20250710,오이,백다다기,18.00kg,없음,강원도 춘천시,1,3000,,,,trade
구리,구리청과(주),20250710,오이,백다다기,18.00kg,없음,강원도 춘천시,3,13000,,,,trade
구리,구리청과(주),20250710,오이,백다다기,18.00kg,없음,강원도 춘천시,1,5000,,,,trade
구리,구리청과(주),20250710,오이,백다다기,18.00kg,없음,강원도 춘천시,2,2000,,,,trade
구리,구리청과(주),20250710,오이,백다다기,18.00kg,없음,강원도 춘천시,3,6000,,,,trade
구리,구리청과(주),20250710,오이,백다다기,18.00kg,없음,강원도 춘천시,2,3000,,,,trade
구리,구리청과(주),20250710,오이,백다다기,18.00kg,없음,강원도 춘천시,1,5000,,,,trade
구리,구리청과(주),20250710,오이,백다다기,18.00kg,없음,강원도 춘천시,2,17000,,,,trade
구리,구리청과(주),20250710,오이,백다다기,10.00kg,없음,강원도 춘천시,4,11000,,,,trade
구리,구리청과(주),20250710,오이,백다다기,10.00kg,없음,강원도 춘천시,1,7500,,,,trade
구리,구리청과(주),20250710,오이,백다다기,10.00kg,없음,강원도 춘천시,4,8000,,,,trade
구리,구리청과(주),20250710,오이,백다다기,10.00kg,없음,강원도 춘천시,1,1000,,,,trade
구리,구리청과(주),20250710,오이,백다다기,10.00kg,없음,강원도 춘천시,1,8500,,,,trade
구리,구리청과(주),20250710,오이,백다다기,10.00kg,없음,강원도 춘천시,1,7000,,,,trade
구리,구리청과(주),20250710,오이,백다다기,10.00kg,없음,강원도 춘천시,1,8500,,,,trade
구리,구리청과(주),20250710,오이,백다다기,10.00kg,없음,강원도 춘천시,1,7000,,,,trade
구리,구리청과(주),20250710,오이,백다다기,10.00kg,없음,강원도 춘천시,2,8000,,,,trade
구리,구리청과(주),20250710,오이,백다다기,10.00kg,없음,강원도 춘천시,1,12500,,,,trade
구리,구리청과(주),20250710,오이,백다다기,10.00kg,없음,강원도 춘천시,5,11500,,,,trade
구리,구리청과(주),20250710,오이,백다다기,10.00kg,없음,강원도 춘천시,2,12500,,,,trade
구리,구리청과(주),20250710,오이,백다다기,10.00kg,없음,강원도 춘천시,1,12500,,,,trade
구리,구리청과(주),20250710,오이,백다다기,10.00kg,없음,강원도 춘천시,10,23500,,,,trade
구리,구리청과(주),20250710,오이,백다다기,10.00kg,없음,강원도 춘천시,1,12000,,,,trade
구리,구리청과(주),20250710,오이,백다다기,10.00kg,없음,강원도 춘천시,11,18000,,,,trade
구리,구리청과(주),20250710,오이,백다다기,10.00kg,없음,강원도 춘천시,5,13500,,,,trade
구리,구리청과(주),20250710,오이,백다다기,10.00kg,없음,강원도 춘천시,20,13500,,,,trade
구리,구리청과(주),20250710,오이,백다다기,10.00kg,없음,강원도 춘천시,2,10000,,,,trade
구리,구리청과(주),20250710,오이,백다다기,10.00kg,없음,강원도 춘천시,7,10000,,,,trade
구리,구리청과(주),20250710,오이,백다다기,10.00kg,없음,강원도 춘천시,9,10000,,,,trade
구리,구리청과(주),20250710,오이,백다다기,10.00kg,없음,강원도 춘천시,13,11500,,,,trade
구리,구리청과(주),20250710,오이,백다다기,10.00kg,없음,강원도 춘천시,37,12500,,,,trade
구리,구리청과(주),20250710,오이,백다다기,10.00kg,없음,강원도 춘천시,8,12500,,,,trade
구리,구리청과(주),20250710,오이,백다다기,10.00kg,없음,강원도 춘천시,11,15500,,,,trade
구리,구리청과(주),20250710,오이,백다다기,10.00kg,없음,강원도 춘천시,1,23500,,,,trade
구리,구리청과(주),20250710,오이,백다다기,10.00kg,없음,강원도 춘천시,19,22000,,,,trade
구리,구리청과(주),20250710,오이,백다다기,10.00kg,없음,강원도 춘천시,16,22000,,,,trade
구리,구리청과(주),20250710,오이,백다다기,10.00kg,없음,강원도 춘천시,6,26500,,,,trade
구리,구리청과(주),20250710,오이,백다다기,10.00kg,없음,강원도 춘천시,5,23000,,,,trade
구리,구리청과(주),20250710,오이,백다다기,10.00kg,없음,경기도 양주시,9,8500,,,,trade
구리,구리청과(주),20250710,오이,백다다기,8.00kg,없음,경기도 양주시,11,1000,,,,trade
구리,구리청과(주),20250710,오이,백다다기,8.00kg,없음,경기도 양주시,40,4700,,,,trade
구리,구리청과(주),20250710,오이,백다다기,8.00kg,없음,경기도,85,6000,,,,trade
구리,구리청과(주),20250710,오이,백다다기,8.00kg,없음,경기도,85,6000,,,,trade
구리,구리청과(주),20250710,오이,백다다기,10.00kg,없음,충청남도 논산시,3,1000,,,,trade
구리,구리청과(주),20250710,오이,백다다기,10.00kg,없음,충청남도 논산시,10,12000,,,,trade
구리,구리청과(주),20250710,오이,백다다기,18.00kg,없음,경상북도 상주시,8,13000,,,,trade
구리,구리청과(주),20250710,오이,백다다기,18.00kg,없음,경상북도 상주시,8,19000,,,,trade
구리,구리청과(주),20250710,오이,백다다기,18.00kg,없음,경상북도 상주시,35,58000,,,,trade
구리,구리청과(주),20250710,오이,백다다기,18.00kg,없음,경상북도 상주시,17,58000,,,,trade
구리,구리청과(주),20250710,오이,백다다기,18.00kg,없음,경상북도 상주시,2,41000,,,,trade
구리,구리청과(주),20250710,오이,백다다기,18.00kg,없음,경상북도 상주시,10,60000,,,,trade
구리,구리청과(주),20250710,오이,백다다기,18.00kg,없음,경상북도 상주시,12,56000,,,,trade
구리,구리청과(주),20250710,오이,백다다기,18.00kg,없음,경상북도 상주시,1,13000,,,,trade
구리,구리청과(주),20250710,오이,백다다기,18.00kg,없음,경상북도 상주시,2,23000,,,,trade
구리,구리청과(주),20250710,오이,백다다기,18.00kg,없음,경상북도 상주시,3,50000,,,,trade
구리,구리청과(주),20250710,오이,백다다기,18.00kg,없음,경상북도 상주시,2,13000,,,,trade
구리,구리청과(주),20250710,오이,백다다기,18.00kg,없음,경상북도 상주시,1,22000,,,,trade
구리,구리청과(주),20250710,오이,백다다기,18.00kg,없음,경상북도 상주시,8,41000,,,,trade
구리,구리청과(주),20250710,오이,백다다기,18.00kg,없음,경상북도 상주시,1,16000,,,,trade
구리,구리청과(주),20250710,오이,백다다기,18.00kg,없음,경상북도 상주시,1,20000,,,,trade
구리,구리청과(주),20250710,오이,백다다기,18.00kg,없음,경상북도 상주시,9,39000,,,,trade
구리,구리청과(주),20250710,오이,백다다기,18.00kg,없음,경상북도 상주시,1,16000,,,,trade
구리,구리청과(주),20250710,오이,백다다기,18.00kg,없음,경상북도 상주시,2,54000,,,,trade
구리,구리청과(주),20250710,오이,백다다기,18.00kg,없음,경상북도 상주시,1,23000,,,,trade
구리,구리청과(주),20250710,오이,백다다기,18.00kg,없음,경상북도 상주시,6,60000,,,,trade
구리,구리청과(주),20250710,오이,백다다기,18.00kg,없음,경상북도 상주시,2,10000,,,,trade
구리,구리청과(주),20250710,오이,백다다기,18.00kg,없음,경상북도 상주시,3,26000,,,,trade
구리,구리청과(주),20250710,오이,백다다기,18.00kg,없음,경상북도 상주시,28,53000,,,,trade
구리,구리청과(주),20250710,오이,백다다기,18.00kg,없음,경상북도 상주시,2,21000,,,,trade
구리,구리청과(주),20250710,오이,백다다기,18.00kg,없음,경상북도 상주시,10,34000,,,,trade
구리,구리청과(주),20250710,오이,백다다기,18.00kg,없음,경상북도 상주시,11,53000,,,,trade
구리,구리청과(주),20250710,오이,백다다기,18.00kg,없음,경상북도 상주시,17,56000,,,,trade
구리,구리청과(주),20250710,오이,백다다기,18.00kg,없음,경상북도 상주시,2,14000,,,,trade
구리,구리청과(주),20250710,오이,백다다기,18.00kg,없음,경상북도 상주시,5,23000,,,,trade
구리,구리청과(주),20250710,오이,백다다기,18.00kg,없음,경상북도 상주시,20,50000,,,,trade
구리,구리청과(주),20250710,오이,백다다기,10.00kg,없음,강원도 홍천군,16,10500,,,,trade
구리,구리청과(주),20250710,오이,백다다기,10.00kg,없음,강원도 홍천군,30,13500,,,,trade
구리,구리청과(주),20250710,오이,백다다기,10.00kg,없음,강원도 홍천군,6,11500,,,,trade
구리,구리청과(주),20250710,오이,백다다기,10.00kg,없음,강원도 홍천군,11,11500,,,,trade
구리,구리청과(주),20250710,오이,백다다기,10.00kg,없음,강원도 홍천군,34,18500,,,,trade
구리,구리청과(주),20250710,오이,백다다기,10.00kg,없음,강원도 홍천군,3,13500,,,,trade
구리,구리청과(주),20250710,오이,백다다기,10.00kg,없음,강원도 홍천군,4,12500,,,,trade
구리,구리청과(주),20250710,오이,백다다기,10.00kg,없음,강원도 홍천군,11,18000,,,,trade
구리,구리청과(주),20250710,오이,백다다기,10.00kg,없음,강원도 홍천군,1,11000,,,,trade
구리,구리청과(주),20250710,오이,백다다기,10.00kg,없음,강원도 홍천군,4,18500,,,,trade
구리,구리청과(주),20250710,오이,백다다기,10.00kg,없음,강원도 홍천군,56,18500,,,,trade
구리,구리청과(주),20250710,오이,백다다기,10.00kg,없음,강원도 홍천군,9,21000,,,,trade
구리,구리청과(주),20250710,오이,백다다기,10.00kg,없음,강원도 홍천군,1,11500,,,,trade
구리,구리청과(주),20250710,오이,백다다기,10.00kg,없음,강원도 홍천군,9,20000,,,,trade
구리,구리청과(주),20250710,오이,백다다기,10.00kg,없음,경기도 평택시,18,16500,,,,trade
구리,구리청과(주),20250710,오이,백다다기,10.00kg,없음,경기도 평택시,34,18000,,,,trade
구리,구리청과(주),20250710,오이,백다다기,10.00kg,없음,경기도 평택시,11,18500,,,,trade
구리,구리청과(주),20250710,오이,백다다기,10.00kg,없음,경기도 평택시,14,17000,,,,trade
구리,구리청과(주),20250710,오이,백다다기,10.00kg,없음,경기도 평택시,7,11500,,,,trade
구리,구리청과(주),20250710,오이,백다다기,10.00kg,없음,경기도 평택시,15,18500,,,,trade
구리,구리청과(주),20250710,오이,백다다기,10.00kg,없음,강원도 화천군,8,8500,,,,trade
구리,구리청과(주),20250710,오이,백다다기,10.00kg,없음,강원도 화천군,6,15500,,,,trade
구리,구리청과(주),20250710,오이,백다다기,10.00kg,없음,강원도 화천군,59,21500,,,,trade
구리,구리청과(주),20250710,오이,백다다기,10.00kg,없음,강원도 화천군,2,12000,,,,trade
구리,구리청과(주),20250710,오이,백다다기,10.00kg,없음,강원도 화천군,11,17500,,,,trade
구리,구리청과(주),20250710,오이,백다다기,10.00kg,없음,강원도 화천군,17,19500,,,,trade
구리,구리청과(주),20250710,오이,백다다기,10.00kg,없음,강원도 화천군,17,11000,,,,trade
구리,구리청과(주),20250710,오이,백다다기,10.00kg,없음,강원도 화천군,16,16000,,,,trade
구리,구리청과(주),20250710,오이,백다다기,10.00kg,없음,강원도 화천군,8,22000,,,,trade
구리,구리청과(주),20250710,오이,백다다기,10.00kg,없음,강원도 화천군,21,20500,,,,trade
구리,구리청과(주),20250710,오이,백다다기,8.00kg,없음,경기도 양주시,10,4500,,,,trade
구리,구리청과(주),20250710,오이,백다다기,10.00kg,없음,경기도 양주시,11,10500,,,,trade
구리,구리청과(주),20250710,오이,백다다기,8.00kg,없음,경기도 포천시,7,5200,,,,trade
구리,구리청과(주),20250710,오이,백다다기,8.00kg,없음,경기도 양주시,1,2000,,,,trade
구리,구리청과(주),20250710,오이,백다다기,8.00kg,없음,경기도 양주시,44,8000,,,,trade
구리,구리청과(주),20250710,오이,백다다기,8.00kg,없음,경기도 의정부시,102,9500,,,,trade
구리,구리청과(주),20250710,오이,백다다기,8.00kg,없음,경기도 의정부시,103,9800,,,,trade
구리,구리청과(주),20250715,오이,백다다기,10.00kg,없음,강원도 철원군,4,12500,,,,trade
구리,구리청과(주),20250715,오이,백다다기,10.00kg,없음,강원도 춘천시,7,15000,,,,trade
구리,구리청과(주),20250715,오이,백다다기,18.00kg,없음,강원도 춘천시,1,13000,,,,trade
구리,구리청과(주),20250715,오이,백다다기,18.00kg,없음,강원도 춘천시,2,11000,,,,trade
구리,구리청과(주),20250715,오이,백다다기,18.00kg,없음,강원도 춘천시,3,8000,,,,trade
구리,구리청과(주),20250715,오이,백다다기,18.00kg,없음,강원도 춘천시,1,9000,,,,trade
구리,구리청과(주),20250715,오이,백다다기,18.00kg,없음,강원도 춘천시,1,17000,,,,trade
구리,구리청과(주),20250715,오이,백다다기,18.00kg,없음,강원도 춘천시,6,14000,,,,trade
구리,구리청과(주),20250715,오이,백다다기,10.00kg,없음,강원도 춘천시,2,6500,,,,trade
구리,구리청과(주),20250715,오이,백다다기,10.00kg,없음,강원도 춘천시,6,10500,,,,trade
구리,구리청과(주),20250715,오이,백다다기,10.00kg,없음,강원도 춘천시,2,11000,,,,trade
구리,구리청과(주),20250715,오이,백다다기,10.00kg,없음,강원도 춘천시,2,6500,,,,trade
구리,구리청과(주),20250715,오이,백다다기,10.00kg,없음,강원도 춘천시,21,16500,,,,trade
구리,구리청과(주),20250715,오이,백다다기,10.00kg,없음,강원도 춘천시,8,12000,,,,trade
구리,구리청과(주),20250715,오이,백다다기,10.00kg,없음,강원도 춘천시,7,14000,,,,trade
구리,구리청과(주),20250715,오이,백다다기,10.00kg,없음,강원도 춘천시,1,6500,,,,trade
구리,구리청과(주),20250715,오이,백다다기,10.00kg,없음,강원도 춘천시,42,13500,,,,trade
구리,구리청과(주),20250715,오이,백다다기,10.00kg,없음,강원도 춘천시,32,16500,,,,trade
구리,구리청과(주),20250715,오이,백다다기,10.00kg,없음,강원도 춘천시,2,13500,,,,trade
구리,구리청과(주),20250715,오이,백다다기,10.00kg,없음,강원도 춘천시,1,8500,,,,trade
구리,구리청과(주),20250715,오이,백다다기,10.00kg,없음,강원도 춘천시,9,11500,,,,trade
구리,구리청과(주),20250715,오이,백다다기,10.00kg,없음,강원도 춘천시,10,13000,,,,trade
구리,구리청과(주),20250715,오이,백다다기,10.00kg,없음,강원도 춘천시,7,14500,,,,trade
구리,구리청과(주),20250715,오이,백다다기,10.00kg,없음,강원도 춘천시,9,16500,,,,trade
구리,구리청과(주),20250715,오이,백다다기,10.00kg,없음,강원도 춘천시,17,20000,,,,trade
구리,구리청과(주),20250715,오이,백다다기,10.00kg,없음,강원도 춘천시,28,18500,,,,trade
구리,구리청과(주),20250715,오이,백다다기,10.00kg,없음,강원도 춘천시,6,19500,,,,trade
구리,구리청과(주),20250715,오이,백다다기,10.00kg,없음,경상북도 상주시,17,5000,,,,trade
구리,구리청과(주),20250715,오이,백다다기,10.00kg,없음,경상북도 상주시,19,3000,,,,trade
구리,구리청과(주),20250715,오이,백다다기,10.00kg,없음,경상북도 상주시,75,3000,,,,trade
구리,구리청과(주),20250715,오이,백다다기,10.00kg,없음,경기도 남양주시,5,13000,,,,trade
구리,구리청과(주),20250715,오이,백다다기,10.00kg,없음,경기도 평택시,45,14500,,,,trade
구리,구리청과(주),20250715,오이,백다다기,18.00kg,없음,경상북도 상주시,6,38000,,,,trade
구리,구리청과(주),20250715,오이,백다다기,10.00kg,없음,경기도 평택시,11,15000,,,,trade
구리,구리청과(주),20250715,오이,백다다기,10.00kg,없음,경기도 평택시,12,18000,,,,trade
구리,구리청과(주),20250715,오이,백다다기,18.00kg,없음,경상북도 상주시,6,45000,,,,trade
구리,구리청과(주),20250715,오이,백다다기,18.00kg,없음,경상북도 상주시,5,31000,,,,trade
구리,구리청과(주),20250715,오이,백다다기,18.00kg,없음,경상북도 상주시,7,51000,,,,trade
구리,구리청과(주),20250715,오이,백다다기,18.00kg,없음,경상북도 상주시,12,47000,,,,trade
구리,구리청과(주),20250715,오이,백다다기,18.00kg,없음,경상북도 상주시,1,13000,,,,trade
구리,구리청과(주),20250715,오이,백다다기,18.00kg,없음,경상북도 상주시,2,16000,,,,trade
구리,구리청과(주),20250715,오이,백다다기,18.00kg,없음,경상북도 상주시,29,43000,,,,trade
구리,구리청과(주),20250715,오이,백다다기,18.00kg,없음,경상북도 상주시,1,23000,,,,trade
구리,구리청과(주),20250715,오이,백다다기,18.00kg,없음,경상북도 상주시,1,22000,,,,trade
구리,구리청과(주),20250715,오이,백다다기,18.00kg,없음,경상북도 상주시,12,44000,,,,trade
구리,구리청과(주),20250715,오이,백다다기,18.00kg,없음,경상북도 상주시,1,22000,,,,trade
구리,구리청과(주),20250715,오이,백다다기,18.00kg,없음,경상북도 상주시,13,40000,,,,trade
구리,구리청과(주),20250715,오이,백다다기,18.00kg,없음,경상북도 상주시,15,14000,,,,trade
구리,구리청과(주),20250715,오이,백다다기,18.00kg,없음,경상북도 상주시,9,16000,,,,trade
구리,구리청과(주),20250715,오이,백다다기,18.00kg,없음,경상북도 상주시,28,34000,,,,trade
구리,구리청과(주),20250715,오이,백다다기,18.00kg,없음,경상북도 상주시,1,17000,,,,trade
구리,구리청과(주),20250715,오이,백다다기,18.00kg,없음,경상북도 상주시,11,44000,,,,trade
구리,구리청과(주),20250715,오이,백다다기,18.00kg,없음,경상북도 상주시,1,20000,,,,trade
구리,구리청과(주),20250715,오이,백다다기,18.00kg,없음,경상북도 상주시,2,33000,,,,trade
구리,구리청과(주),20250715,오이,백다다기,18.00kg,없음,경상북도 상주시,5,51000,,,,trade
구리,구리청과(주),20250715,오이,백다다기,18.00kg,없음,경상북도 상주시,12,57000,,,,trade
구리,구리청과(주),20250715,오이,백다다기,18.00kg,없음,경상북도 상주시,1,22000,,,,trade
구리,구리청과(주),20250715,오이,백다다기,18.00kg,없음,경상북도 상주시,10,50000,,,,trade
구리,구리청과(주),20250715,오이,백다다기,18.00kg,없음,경상북도 상주시,3,20000,,,,trade
구리,구리청과(주),20250715,오이,백다다기,18.00kg,없음,경상북도 상주시,8,48000,,,,trade
구리,구리청과(주),20250715,오이,백다다기,18.00kg,없음,경상북도 상주시,4,17000,,,,trade
구리,구리청과(주),20250715,오이,백다다기,18.00kg,없음,경상북도 상주시,25,47000,,,,trade
구리,구리청과(주),20250715,오이,백다다기,18.00kg,없음,경상북도 상주시,2,31000,,,,trade
구리,구리청과(주),20250715,오이,백다다기,18.00kg,없음,경상북도 상주시,3,31000,,,,trade
구리,구리청과(주),20250715,오이,백다다기,18.00kg,없음,경상북도 상주시,4,33000,,,,trade
구리,구리청과(주),20250715,오이,백다다기,18.00kg,없음,경상북도 상주시,27,44000,,,,trade
구리,구리청과(주),20250715,오이,백다다기,18.00kg,없음,경상북도 상주시,4,16000,,,,trade
구리,구리청과(주),20250715,오이,백다다기,18.00kg,없음,경상북도 상주시,13,52000,,,,trade
구리,구리청과(주),20250715,오이,백다다기,18.00kg,없음,경상북도 상주시,2,11000,,,,trade
구리,구리청과(주),20250715,오이,백다다기,18.00kg,없음,경상북도 상주시,1,23000,,,,trade
구리,구리청과(주),20250715,오이,백다다기,18.00kg,없음,경상북도 상주시,21,54000,,,,trade
구리,구리청과(주),20250715,오이,백다다기,18.00kg,없음,경상북도 상주시,8,50000,,,,trade
구리,구리청과(주),20250715,오이,백다다기,10.00kg,없음,강원도 홍천군,17,13500,,,,trade
구리,구리청과(주),20250715,오이,백다다기,10.00kg,없음,강원도 홍천군,3,11500,,,,trade
구리,구리청과(주),20250715,오이,백다다기,10.00kg,없음,강원도 홍천군,6,15500,,,,trade
구리,구리청과(주),20250715,오이,백다다기,18.00kg,없음,강원도 홍천군,6,8000,,,,trade
구리,구리청과(주),20250715,오이,백다다기,10.00kg,없음,강원도 홍천군,17,14500,,,,trade
구리,구리청과(주),20250715,오이,백다다기,10.00kg,없음,강원도 홍천군,1,11500,,,,trade
구리,구리청과(주),20250715,오이,백다다기,10.00kg,없음,강원도 홍천군,3,19500,,,,trade
구리,구리청과(주),20250715,오이,백다다기,10.00kg,없음,강원도 홍천군,5,20000,,,,trade
구리,구리청과(주),20250715,오이,백다다기,10.00kg,없음,강원도 홍천군,2,13500,,,,trade
구리,구리청과(주),20250715,오이,백다다기,10.00kg,없음,강원도 홍천군,54,20500,,,,trade
구리,구리청과(주),20250715,오이,백다다기,10.00kg,없음,강원도 홍천군,11,13000,,,,trade
구리,구리청과(주),20250715,오이,백다다기,10.00kg,없음,강원도 홍천군,30,20000,,,,trade
구리,구리청과(주),20250715,오이,백다다기,10.00kg,없음,강원도 홍천군,40,17500,,,,trade
구리,구리청과(주),20250715,오이,백다다기,10.00kg,없음,강원도 홍천군,2,15500,,,,trade
구리,구리청과(주),20250715,오이,백다다기,10.00kg,없음,강원도 홍천군,15,24500,,,,trade
구리,구리청과(주),20250715,오이,백다다기,10.00kg,없음,경기도 가평군,1,14500,,,,trade
구리,구리청과(주),20250715,오이,백다다기,10.00kg,없음,경기도 가평군,4,20500,,,,trade
구리,구리청과(주),20250715,오이,백다다기,10.00kg,없음,강원도 화천군,4,14500,,,,trade
구리,구리청과(주),20250715,오이,백다다기,10.00kg,없음,강원도 화천군,1,16500,,,,trade
구리,구리청과(주),20250715,오이,백다다기,10.00kg,없음,강원도 화천군,14,23500,,,,trade
구리,구리청과(주),20250715,오이,백다다기,10.00kg,없음,강원도 화천군,3,12500,,,,trade
구리,구리청과(주),20250715,오이,백다다기,10.00kg,없음,강원도 화천군,22,20500,,,,trade
구리,구리청과(주),20250715,오이,백다다기,10.00kg,없음,강원도 화천군,7,10500,,,,trade
구리,구리청과(주),20250715,오이,백다다기,10.00kg,없음,강원도 화천군,4,16500,,,,trade
구리,구리청과(주),20250715,오이,백다다기,10.00kg,없음,강원도 화천군,63,23500,,,,trade
구리,구리청과(주),20250715,오이,백다다기,10.00kg,없음,강원도 화천군,15,12500,,,,trade
구리,구리청과(주),20250715,오이,백다다기,10.00kg,없음,강원도 화천군,20,17500,,,,trade
구리,구리청과(주),20250715,오이,백다다기,10.00kg,없음,강원도 화천군,20,18000,,,,trade
구리,구리청과(주),20250715,오이,백다다기,10.00kg,없음,강원도 화천군,6,27500,,,,trade
구리,구리청과(주),20250715,오이,백다다기,10.00kg,없음,강원도 화천군,3,9000,,,,trade
구리,구리청과(주),20250715,오이,백다다기,10.00kg,없음,강원도 화천군,31,22500,,,,trade
구리,구리청과(주),20250715,오이,백다다기,10.00kg,없음,강원도 화천군,12,19000,,,,trade
구리,구리청과(주),20250715,오이,백다다기,10.00kg,없음,강원도 화천군,14,19500,,,,trade
구리,구리청과(주),20250715,오이,백다다기,10.00kg,없음,강원도 화천군,1,11500,,,,trade
구리,구리청과(주),20250715,오이,백다다기,10.00kg,없음,강원도 화천군,24,22500,,,,trade
구리,구리청과(주),20250715,오이,백다다기,10.00kg,없음,강원도 철원군,5,11000,,,,trade
구리,구리청과(주),20250717,오이,백다다기,10.00kg,없음,강원도 철원군,8,10000,,,,trade
구리,구리청과(주),20250717,오이,백다다기,10.00kg,없음,강원도 춘천시,9,13500,,,,trade
구리,구리청과(주),20250717,오이,백다다기,18.00kg,없음,강원도 춘천시,2,8000,,,,trade
구리,구리청과(주),20250717,오이,백다다기,18.00kg,없음,강원도 춘천시,6,10000,,,,trade
구리,구리청과(주),20250717,오이,백다다기,18.00kg,없음,강원도 춘천시,2,8000,,,,trade
구리,구리청과(주),20250717,오이,백다다기,18.00kg,없음,강원도 춘천시,2,6500,,,,trade
구리,구리청과(주),20250717,오이,백다다기,18.00kg,없음,강원도 춘천시,1,4000,,,,trade
구리,구리청과(주),20250717,오이,백다다기,18.00kg,없음,강원도 춘천시,2,3000,,,,trade
구리,구리청과(주),20250717,오이,백다다기,18.00kg,없음,강원도 춘천시,1,5000,,,,trade
구리,구리청과(주),20250717,오이,백다다기,10.00kg,없음,강원도 춘천시,2,1500,,,,trade
구리,구리청과(주),20250717,오이,백다다기,10.00kg,없음,강원도 춘천시,1,2500,,,,trade
구리,구리청과(주),20250717,오이,백다다기,10.00kg,없음,강원도 춘천시,2,1000,,,,trade
구리,구리청과(주),20250717,오이,백다다기,10.00kg,없음,강원도 춘천시,3,6500,,,,trade
구리,구리청과(주),20250717,오이,백다다기,10.00kg,없음,강원도 춘천시,1,3500,,,,trade
구리,구리청과(주),20250717,오이,백다다기,10.00kg,없음,강원도 춘천시,20,9000,,,,trade
구리,구리청과(주),20250717,오이,백다다기,10.00kg,없음,강원도 춘천시,2,11000,,,,trade
구리,구리청과(주),20250717,오이,백다다기,10.00kg,없음,강원도 춘천시,17,13000,,,,trade
구리,구리청과(주),20250717,오이,백다다기,10.00kg,없음,강원도 춘천시,5,8500,,,,trade
구리,구리청과(주),20250717,오이,백다다기,10.00kg,없음,강원도 춘천시,13,13000,,,,trade
구리,구리청과(주),20250717,오이,백다다기,10.00kg,없음,강원도 춘천시,2,7500,,,,trade
구리,구리청과(주),20250717,오이,백다다기,10.00kg,없음,강원도 춘천시,1,5000,,,,trade
구리,구리청과(주),20250717,오이,백다다기,10.00kg,없음,강원도 춘천시,8,8500,,,,trade
구리,구리청과(주),20250717,오이,백다다기,10.00kg,없음,강원도 춘천시,10,9500,,,,trade
구리,구리청과(주),20250717,오이,백다다기,10.00kg,없음,강원도 춘천시,32,14000,,,,trade
구리,구리청과(주),20250717,오이,백다다기,10.00kg,없음,강원도 춘천시,9,14000,,,,trade
구리,구리청과(주),20250717,오이,백다다기,10.00kg,없음,강원도 춘천시,13,14000,,,,trade
구리,구리청과(주),20250717,오이,백다다기,10.00kg,없음,강원도 춘천시,5,11000,,,,trade
구리,구리청과(주),20250717,오이,백다다기,10.00kg,없음,강원도 춘천시,23,15000,,,,trade
구리,구리청과(주),20250717,오이,백다다기,10.00kg,없음,강원도 춘천시,29,13500,,,,trade
구리,구리청과(주),20250717,오이,백다다기,10.00kg,없음,강원도 춘천시,6,17000,,,,trade
구리,구리청과(주),20250717,오이,백다다기,10.00kg,없음,경기도 평택시,10,8500,,,,trade
구리,구리청과(주),20250717,오이,백다다기,10.00kg,없음,경기도 평택시,37,11000,,,,trade
구리,구리청과(주),20250717,오이,백다다기,10.00kg,없음,강원도 홍천군,3,4000,,,,trade
구리,구리청과(주),20250717,오이,백다다기,18.00kg,없음,강원도 홍천군,6,11000,,,,trade
구리,구리청과(주),20250717,오이,백다다기,10.00kg,없음,강원도 홍천군,1,4500,,,,trade
구리,구리청과(주),20250717,오이,백다다기,10.00kg,없음,강원도 홍천군,4,12000,,,,trade
구리,구리청과(주),20250717,오이,백다다기,10.00kg,없음,강원도 홍천군,4,2000,,,,trade
구리,구리청과(주),20250717,오이,백다다기,10.00kg,없음,강원도 홍천군,11,10000,,,,trade
구리,구리청과(주),20250717,오이,백다다기,10.00kg,없음,강원도 홍천군,3,8000,,,,trade
구리,구리청과(주),20250717,오이,백다다기,10.00kg,없음,강원도 홍천군,3,10000,,,,trade
구리,구리청과(주),20250717,오이,백다다기,10.00kg,없음,강원도 홍천군,5,13000,,,,trade
구리,구리청과(주),20250717,오이,백다다기,10.00kg,없음,강원도 홍천군,21,10000,,,,trade
구리,구리청과(주),20250717,오이,백다다기,10.00kg,없음,강원도 홍천군,1,7500,,,,trade
구리,구리청과(주),20250717,오이,백다다기,10.00kg,없음,강원도 홍천군,25,16000,,,,trade
구리,구리청과(주),20250717,오이,백다다기,10.00kg,없음,강원도 홍천군,12,7000,,,,trade
구리,구리청과(주),20250717,오이,백다다기,10.00kg,없음,강원도 홍천군,21,14500,,,,trade
구리,구리청과(주),20250717,오이,백다다기,10.00kg,없음,강원도 홍천군,52,14000,,,,trade
구리,구리청과(주),20250717,오이,백다다기,10.00kg,없음,강원도 홍천군,2,7000,,,,trade
구리,구리청과(주),20250717,오이,백다다기,10.00kg,없음,강원도 홍천군,20,16500,,,,trade
구리,구리청과(주),20250717,오이,백다다기,10.00kg,없음,강원도 화천군,5,5500,,,,trade
구리,구리청과(주),20250717,오이,백다다기,10.00kg,없음,강원도 화천군,1,12500,,,,trade
구리,구리청과(주),20250717,오이,백다다기,10.00kg,없음,강원도 화천군,15,15500,,,,trade
구리,구리청과(주),20250717,오이,백다다기,10.00kg,없음,강원도 화천군,8,7500,,,,trade
구리,구리청과(주),20250717,오이,백다다기,10.00kg,없음,강원도 화천군,5,11500,,,,trade
구리,구리청과(주),20250717,오이,백다다기,10.00kg,없음,강원도 화천군,62,20000,,,,trade
구리,구리청과(주),20250717,오이,백다다기,10.00kg,없음,강원도 화천군,2,12500,,,,trade
구리,구리청과(주),20250717,오이,백다다기,10.00kg,없음,강원도 화천군,18,17500,,,,trade
구리,구리청과(주),20250717,오이,백다다기,10.00kg,없음,강원도 화천군,24,11000,,,,trade
구리,구리청과(주),20250717,오이,백다다기,10.00kg,없음,강원도 화천군,19,17000,,,,trade
구리,구리청과(주),20250717,오이,백다다기,10.00kg,없음,강원도 화천군,33,18500,,,,trade
구리,구리청과(주),20250717,오이,백다다기,10.00kg,없음,강원도 화천군,12,17000,,,,trade
구리,구리청과(주),20250717,오이,백다다기,10.00kg,없음,강원도 화천군,4,19000,,,,trade
구리,구리청과(주),20250717,오이,백다다기,10.00kg,없음,강원도 화천군,1,11000,,,,trade
구리,구리청과(주),20250717,오이,백다다기,10.00kg,없음,강원도 화천군,20,18500,,,,trade
구리,구리청과(주),20250717,오이,백다다기,18.00kg,없음,경상북도 상주시,1,19000,,,,trade
구리,구리청과(주),20250717,오이,백다다기,18.00kg,없음,경상북도 상주시,5,50000,,,,trade
구리,구리청과(주),20250717,오이,백다다기,18.00kg,없음,경상북도 상주시,2,18000,,,,trade
구리,구리청과(주),20250717,오이,백다다기,18.00kg,없음,경상북도 상주시,6,43000,,,,trade
구리,구리청과(주),20250717,오이,백다다기,18.00kg,없음,경상북도 상주시,9,7000,,,,trade
구리,구리청과(주),20250717,오이,백다다기,18.00kg,없음,경상북도 상주시,9,13000,,,,trade
구리,구리청과(주),20250717,오이,백다다기,18.00kg,없음,경상북도 상주시,31,31000,,,,trade
구리,구리청과(주),20250717,오이,백다다기,18.00kg,없음,경상북도 상주시,1,8000,,,,trade
구리,구리청과(주),20250717,오이,백다다기,18.00kg,없음,경상북도 상주시,5,8000,,,,trade
구리,구리청과(주),20250717,오이,백다다기,18.00kg,없음,경상북도 상주시,2,21000,,,,trade
구리,구리청과(주),20250717,오이,백다다기,18.00kg,없음,경상북도 상주시,35,46000,,,,trade
구리,구리청과(주),20250717,오이,백다다기,18.00kg,없음,경상북도 상주시,2,26000,,,,trade
구리,구리청과(주),20250717,오이,백다다기,18.00kg,없음,경상북도 상주시,6,40000,,,,trade
구리,구리청과(주),20250717,오이,백다다기,18.00kg,없음,경상북도 상주시,3,16000,,,,trade
구리,구리청과(주),20250717,오이,백다다기,18.00kg,없음,경상북도 상주시,1,21000,,,,trade
구리,구리청과(주),20250717,오이,백다다기,18.00kg,없음,경상북도 상주시,28,41000,,,,trade
구리,구리청과(주),20250717,오이,백다다기,18.00kg,없음,경상북도 상주시,1,10000,,,,trade
구리,구리청과(주),20250717,오이,백다다기,18.00kg,없음,경상북도 상주시,3,20000,,,,trade
구리,구리청과(주),20250717,오이,백다다기,18.00kg,없음,경상북도 상주시,8,35000,,,,trade
구리,구리청과(주),20250717,오이,백다다기,18.00kg,없음,경상북도 상주시,2,12000,,,,trade
구리,구리청과(주),20250717,오이,백다다기,18.00kg,없음,경상북도 상주시,2,15000,,,,trade
구리,구리청과(주),20250717,오이,백다다기,18.00kg,없음,경상북도 상주시,13,43000,,,,trade
구리,구리청과(주),20250717,오이,백다다기,18.00kg,없음,경상북도 상주시,4,44000,,,,trade
구리,구리청과(주),20250717,오이,백다다기,18.00kg,없음,경상북도 상주시,13,47000,,,,trade
구리,구리청과(주),20250717,오이,백다다기,18.00kg,없음,경상북도 상주시,2,15000,,,,trade
구리,구리청과(주),20250717,오이,백다다기,18.00kg,없음,경상북도 상주시,9,50000,,,,trade
구리,구리청과(주),20250717,오이,백다다기,18.00kg,없음,경상북도 상주시,1,11000,,,,trade
구리,구리청과(주),20250717,오이,백다다기,18.00kg,없음,경상북도 상주시,2,16000,,,,trade
구리,구리청과(주),20250717,오이,백다다기,18.00kg,없음,경상북도 상주시,4,33000,,,,trade
구리,구리청과(주),20250717,오이,백다다기,18.00kg,없음,경상북도 상주시,12,45000,,,,trade
구리,구리청과(주),20250717,오이,백다다기,10.00kg,없음,강원도 철원군,9,11500,,,,trade
구리,구리청과(주),20250722,오이,백다다기,10.00kg,없음,강원도 춘천시,10,10000,,,,trade
구리,구리청과(주),20250722,오이,백다다기,18.00kg,없음,강원도 춘천시,1,7000,,,,trade
구리,구리청과(주),20250722,오이,백다다기,18.00kg,없음,강원도 춘천시,2,9000,,,,trade
구리,구리청과(주),20250722,오이,백다다기,18.00kg,없음,강원도 춘천시,1,7000,,,,trade
구리,구리청과(주),20250722,오이,백다다기,10.00kg,없음,강원도 춘천시,1,3500,,,,trade
구리,구리청과(주),20250722,오이,백다다기,10.00kg,없음,강원도 춘천시,3,3000,,,,trade
구리,구리청과(주),20250722,오이,백다다기,10.00kg,없음,강원도 춘천시,12,5500,,,,trade
구리,구리청과(주),20250722,오이,백다다기,10.00kg,없음,강원도 춘천시,2,2500,,,,trade
구리,구리청과(주),20250722,오이,백다다기,10.00kg,없음,강원도 춘천시,28,14000,,,,trade
구리,구리청과(주),20250722,오이,백다다기,10.00kg,없음,강원도 춘천시,5,12000,,,,trade
구리,구리청과(주),20250722,오이,백다다기,10.00kg,없음,강원도 춘천시,1,1000,,,,trade
구리,구리청과(주),20250722,오이,백다다기,10.00kg,없음,강원도 춘천시,4,6500,,,,trade
구리,구리청과(주),20250722,오이,백다다기,10.00kg,없음,강원도 춘천시,2,8000,,,,trade
구리,구리청과(주),20250722,오이,백다다기,10.00kg,없음,강원도 춘천시,14,13500,,,,trade
구리,구리청과(주),20250722,오이,백다다기,10.00kg,없음,강원도 춘천시,5,8500,,,,trade
구리,구리청과(주),20250722,오이,백다다기,10.00kg,없음,강원도 춘천시,10,15000,,,,trade
구리,구리청과(주),20250722,오이,백다다기,10.00kg,없음,강원도 춘천시,10,10500,,,,trade
구리,구리청과(주),20250722,오이,백다다기,10.00kg,없음,강원도 춘천시,3,12000,,,,trade
구리,구리청과(주),20250722,오이,백다다기,10.00kg,없음,경기도 남양주시,3,7500,,,,trade
구리,구리청과(주),20250722,오이,백다다기,10.00kg,없음,강원도 홍천군,13,3000,,,,trade
구리,구리청과(주),20250722,오이,백다다기,10.00kg,없음,강원도 홍천군,8,11500,,,,trade
구리,구리청과(주),20250722,오이,백다다기,10.00kg,없음,강원도 홍천군,5,14500,,,,trade
구리,구리청과(주),20250722,오이,백다다기,10.00kg,없음,강원도 홍천군,2,9000,,,,trade
구리,구리청과(주),20250722,오이,백다다기,10.00kg,없음,강원도 홍천군,24,18500,,,,trade
구리,구리청과(주),20250722,오이,백다다기,10.00kg,없음,강원도 홍천군,4,1000,,,,trade
구리,구리청과(주),20250722,오이,백다다기,10.00kg,없음,강원도 홍천군,10,13000,,,,trade
구리,구리청과(주),20250722,오이,백다다기,10.00kg,없음,강원도 홍천군,57,13000,,,,trade
구리,구리청과(주),20250722,오이,백다다기,10.00kg,없음,강원도 홍천군,3,2500,,,,trade
구리,구리청과(주),20250722,오이,백다다기,10.00kg,없음,강원도 홍천군,13,16000,,,,trade
구리,구리청과(주),20250722,오이,백다다기,10.00kg,없음,강원도 홍천군,1,2000,,,,trade
구리,구리청과(주),20250722,오이,백다다기,10.00kg,없음,강원도 홍천군,7,16500,,,,trade
구리,구리청과(주),20250722,오이,백다다기,10.00kg,없음,강원도 화천군,7,6500,,,,trade
구리,구리청과(주),20250722,오이,백다다기,10.00kg,없음,강원도 화천군,4,14500,,,,trade
구리,구리청과(주),20250722,오이,백다다기,10.00kg,없음,강원도 화천군,51,19500,,,,trade
구리,구리청과(주),20250722,오이,백다다기,10.00kg,없음,강원도 화천군,1,8500,,,,trade
구리,구리청과(주),20250722,오이,백다다기,10.00kg,없음,강원도 화천군,11,17000,,,,trade
구리,구리청과(주),20250722,오이,백다다기,10.00kg,없음,강원도 화천군,13,17500,,,,trade
구리,구리청과(주),20250722,오이,백다다기,10.00kg,없음,강원도 화천군,11,1000,,,,trade
구리,구리청과(주),20250722,오이,백다다기,10.00kg,없음,강원도 화천군,2,8000,,,,trade
구리,구리청과(주),20250722,오이,백다다기,10.00kg,없음,강원도 화천군,2,9500,,,,trade
구리,구리청과(주),20250722,오이,백다다기,10.00kg,없음,강원도 화천군,25,6000,,,,trade
구리,구리청과(주),20250722,오이,백다다기,10.00kg,없음,강원도 화천군,38,11500,,,,trade
구리,구리청과(주),20250722,오이,백다다기,10.00kg,없음,강원도 화천군,40,11500,,,,trade
구리,구리청과(주),20250722,오이,백다다기,10.00kg,없음,강원도 화천군,9,11500,,,,trade
구리,구리청과(주),20250722,오이,백다다기,10.00kg,없음,강원도 화천군,2,11500,,,,trade
구리,구리청과(주),20250722,오이,백다다기,10.00kg,없음,강원도 화천군,1,5000,,,,trade
구리,구리청과(주),20250722,오이,백다다기,10.00kg,없음,강원도 화천군,21,18000,,,,trade
구리,구리청과(주),20250722,오이,백다다기,18.00kg,없음,경상북도 상주시,2,21000,,,,trade
구리,구리청과(주),20250722,오이,백다다기,18.00kg,없음,경상북도 상주시,11,46000,,,,trade
구리,구리청과(주),20250722,오이,백다다기,18.00kg,없음,경상북도 상주시,7,14000,,,,trade
구리,구리청과(주),20250722,오이,백다다기,18.00kg,없음,경상북도 상주시,1,17000,,,,trade
구리,구리청과(주),20250722,오이,백다다기,18.00kg,없음,경상북도 상주시,3,33000,,,,trade
구리,구리청과(주),20250722,오이,백다다기,18.00kg,없음,경상북도 상주시,3,14000,,,,trade
구리,구리청과(주),20250722,오이,백다다기,18.00kg,없음,경상북도 상주시,17,43000,,,,trade
구리,구리청과(주),20250722,오이,백다다기,18.00kg,없음,경상북도 상주시,1,12000,,,,trade
구리,구리청과(주),20250722,오이,백다다기,18.00kg,없음,경상북도 상주시,1,15000,,,,trade
구리,구리청과(주),20250722,오이,백다다기,18.00kg,없음,경상북도 상주시,10,33000,,,,trade
구리,구리청과(주),20250722,오이,백다다기,18.00kg,없음,경상북도 상주시,3,11000,,,,trade
구리,구리청과(주),20250722,오이,백다다기,18.00kg,없음,경상북도 상주시,24,23000,,,,trade
구리,구리청과(주),20250722,오이,백다다기,18.00kg,없음,경상북도 상주시,40,23000,,,,trade
구리,구리청과(주),20250722,오이,백다다기,18.00kg,없음,경상북도 상주시,1,16000,,,,trade
구리,구리청과(주),20250722,오이,백다다기,18.00kg,없음,경상북도 상주시,5,40000,,,,trade
구리,구리청과(주),20250722,오이,백다다기,18.00kg,없음,경상북도 상주시,6,36000,,,,trade
구리,구리청과(주),20250722,오이,백다다기,18.00kg,없음,경상북도 상주시,1,12000,,,,trade
구리,구리청과(주),20250722,오이,백다다기,18.00kg,없음,경상북도 상주시,4,21000,,,,trade
구리,구리청과(주),20250722,오이,백다다기,18.00kg,없음,경상북도 상주시,3,13000,,,,trade
구리,구리청과(주),20250722,오이,백다다기,18.00kg,없음,경상북도 상주시,9,24000,,,,trade
구리,구리청과(주),20250722,오이,백다다기,18.00kg,없음,경상북도 상주시,1,15000,,,,trade
구리,구리청과(주),20250722,오이,백다다기,18.00kg,없음,경상북도 상주시,5,13000,,,,trade
구리,구리청과(주),20250722,오이,백다다기,18.00kg,없음,경상북도 상주시,3,14000,,,,trade
구리,구리청과(주),20250722,오이,백다다기,18.00kg,없음,경상북도 상주시,27,45000,,,,trade
구리,구리청과(주),20250722,오이,백다다기,18.00kg,없음,경상북도 상주시,1,24000,,,,trade
구리,구리청과(주),20250722,오이,백다다기,18.00kg,없음,경상북도 상주시,1,16000,,,,trade
구리,구리청과(주),20250722,오이,백다다기,18.00kg,없음,경상북도 상주시,4,46000,,,,trade
구리,구리청과(주),20250722,오이,백다다기,18.00kg,없음,경상북도 상주시,11,52000,,,,trade
구리,구리청과(주),20250722,오이,백다다기,18.00kg,없음,경상북도 상주시,1,10000,,,,trade
구리,구리청과(주),20250722,오이,백다다기,18.00kg,없음,경상북도 상주시,3,14000,,,,trade
구리,구리청과(주),20250722,오이,백다다기,18.00kg,없음,경상북도 상주시,1,25000,,,,trade
구리,구리청과(주),20250722,오이,백다다기,18.00kg,없음,경상북도 상주시,7,35000,,,,trade
구리,구리청과(주),20250722,오이,백다다기,18.00kg,없음,경상북도 상주시,1,14000,,,,trade
구리,구리청과(주),20250722,오이,백다다기,18.00kg,없음,경상북도 상주시,1,21000,,,,trade
구리,구리청과(주),20250722,오이,백다다기,18.00kg,없음,경상북도 상주시,5,47000,,,,trade
구리,구리청과(주),20250724,오이,백다다기,10.00kg,없음,강원도 춘천시,10,17000,,,,trade
구리,구리청과(주),20250724,오이,백다다기,18.00kg,없음,강원도 춘천시,4,17000,,,,trade
구리,구리청과(주),20250724,오이,백다다기,18.00kg,없음,강원도 춘천시,1,5000,,,,trade
구리,구리청과(주),20250724,오이,백다다기,18.00kg,없음,강원도 춘천시,2,9000,,,,trade
구리,구리청과(주),20250724,오이,백다다기,18.00kg,없음,강원도 춘천시,2,8000,,,,trade
구리,구리청과(주),20250724,오이,백다다기,10.00kg,없음,강원도 춘천시,1,13500,,,,trade
구리,구리청과(주),20250724,오이,백다다기,10.00kg,없음,강원도 춘천시,3,12500,,,,trade
구리,구리청과(주),20250724,오이,백다다기,10.00kg,없음,강원도 춘천시,4,14500,,,,trade
구리,구리청과(주),20250724,오이,백다다기,10.00kg,없음,강원도 춘천시,3,16000,,,,trade
구리,구리청과(주),20250724,오이,백다다기,10.00kg,없음,강원도 춘천시,10,23500,,,,trade
구리,구리청과(주),20250724,오이,백다다기,10.00kg,없음,강원도 춘천시,31,17000,,,,trade
구리,구리청과(주),20250724,오이,백다다기,10.00kg,없음,강원도 춘천시,15,22000,,,,trade
구리,구리청과(주),20250724,오이,백다다기,10.00kg,없음,강원도 춘천시,2,19000,,,,trade
구리,구리청과(주),20250724,오이,백다다기,10.00kg,없음,강원도 춘천시,11,28500,,,,trade
구리,구리청과(주),20250724,오이,백다다기,10.00kg,없음,강원도 춘천시,12,24000,,,,trade
구리,구리청과(주),20250724,오이,백다다기,10.00kg,없음,경기도 포천시,75,16000,,,,trade
구리,구리청과(주),20250724,오이,백다다기,8.00kg,없음,경기도 포천시,14,6600,,,,trade
구리,구리청과(주),20250724,오이,백다다기,8.00kg,없음,강원도 철원군,8,17800,,,,trade
구리,구리청과(주),20250724,오이,백다다기,8.00kg,없음,경기도,6,11500,,,,trade
구리,구리청과(주),20250724,오이,백다다기,8.00kg,없음,경기도 양주시,9,12000,,,,trade
구리,구리청과(주),20250724,오이,백다다기,10.00kg,없음,강원도 홍천군,7,23500,,,,trade
구리,구리청과(주),20250724,오이,백다다기,10.00kg,없음,강원도 홍천군,4,16000,,,,trade
구리,구리청과(주),20250724,오이,백다다기,10.00kg,없음,강원도 홍천군,1,14500,,,,trade
구리,구리청과(주),20250724,오이,백다다기,10.00kg,없음,강원도 홍천군,3,17500,,,,trade
구리,구리청과(주),20250724,오이,백다다기,10.00kg,없음,강원도 홍천군,3,16500,,,,trade
구리,구리청과(주),20250724,오이,백다다기,10.00kg,없음,강원도 홍천군,22,35000,,,,trade
구리,구리청과(주),20250724,오이,백다다기,10.00kg,없음,강원도 홍천군,37,30500,,,,trade
구리,구리청과(주),20250724,오이,백다다기,10.00kg,없음,강원도 홍천군,2,14000,,,,trade
구리,구리청과(주),20250724,오이,백다다기,10.00kg,없음,강원도 홍천군,10,27000,,,,trade
구리,구리청과(주),20250724,오이,백다다기,10.00kg,없음,강원도 화천군,1,15500,,,,trade
구리,구리청과(주),20250724,오이,백다다기,10.00kg,없음,강원도 화천군,1,16500,,,,trade
구리,구리청과(주),20250724,오이,백다다기,10.00kg,없음,강원도 화천군,9,11500,,,,trade
구리,구리청과(주),20250724,오이,백다다기,10.00kg,없음,강원도 화천군,10,21500,,,,trade
구리,구리청과(주),20250724,오이,백다다기,10.00kg,없음,강원도 화천군,1,15000,,,,trade
구리,구리청과(주),20250724,오이,백다다기,10.00kg,없음,강원도 화천군,17,24000,,,,trade
구리,구리청과(주),20250724,오이,백다다기,10.00kg,없음,강원도 화천군,2,28500,,,,trade
구리,구리청과(주),20250724,오이,백다다기,10.00kg,없음,강원도 화천군,5,12500,,,,trade
구리,구리청과(주),20250724,오이,백다다기,10.00kg,없음,강원도 화천군,2,18500,,,,trade
구리,구리청과(주),20250724,오이,백다다기,10.00kg,없음,강원도 화천군,70,34500,,,,trade
구리,구리청과(주),20250724,오이,백다다기,10.00kg,없음,강원도 화천군,1,16500,,,,trade
구리,구리청과(주),20250724,오이,백다다기,10.00kg,없음,강원도 화천군,11,29500,,,,trade
구리,구리청과(주),20250724,오이,백다다기,10.00kg,없음,강원도 화천군,30,20000,,,,trade
구리,구리청과(주),20250724,오이,백다다기,10.00kg,없음,강원도 화천군,2,13500,,,,trade
구리,구리청과(주),20250724,오이,백다다기,10.00kg,없음,강원도 화천군,22,28500,,,,trade
구리,구리청과(주),20250724,오이,백다다기,18.00kg,없음,경상북도 상주시,3,38000,,,,trade
구리,구리청과(주),20250724,오이,백다다기,18.00kg,없음,경상북도 상주시,5,65000,,,,trade
구리,구리청과(주),20250724,오이,백다다기,18.00kg,없음,경상북도 상주시,7,56000,,,,trade
구리,구리청과(주),20250724,오이,백다다기,18.00kg,없음,경상북도 상주시,2,12000,,,,trade
구리,구리청과(주),20250724,오이,백다다기,18.00kg,없음,경상북도 상주시,10,15000,,,,trade
구리,구리청과(주),20250724,오이,백다다기,18.00kg,없음,경상북도 상주시,2,21000,,,,trade
구리,구리청과(주),20250724,오이,백다다기,18.00kg,없음,경상북도 상주시,2,44000,,,,trade
구리,구리청과(주),20250724,오이,백다다기,18.00kg,없음,경상북도 상주시,2,21000,,,,trade
구리,구리청과(주),20250724,오이,백다다기,18.00kg,없음,경상북도 상주시,2,73000,,,,trade
구리,구리청과(주),20250724,오이,백다다기,18.00kg,없음,경상북도 상주시,4,21000,,,,trade
구리,구리청과(주),20250724,오이,백다다기,18.00kg,없음,경상북도 상주시,10,34000,,,,trade
구리,구리청과(주),20250724,오이,백다다기,18.00kg,없음,경상북도 상주시,1,20000,,,,trade
구리,구리청과(주),20250724,오이,백다다기,18.00kg,없음,경상북도 상주시,16,75000,,,,trade
구리,구리청과(주),20250724,오이,백다다기,18.00kg,없음,경상북도 상주시,5,55000,,,,trade
구리,구리청과(주),20250724,오이,백다다기,18.00kg,없음,경상북도 상주시,3,26000,,,,trade
구리,구리청과(주),20250724,오이,백다다기,18.00kg,없음,경상북도 상주시,7,38000,,,,trade
구리,구리청과(주),20250724,오이,백다다기,18.00kg,없음,경상북도 상주시,7,20000,,,,trade
구리,구리청과(주),20250724,오이,백다다기,18.00kg,없음,경상북도 상주시,11,28000,,,,trade
구리,구리청과(주),20250724,오이,백다다기,18.00kg,없음,경상북도 상주시,1,46000,,,,trade
구리,구리청과(주),20250724,오이,백다다기,18.00kg,없음,경상북도 상주시,7,66000,,,,trade
구리,구리청과(주),20250724,오이,백다다기,18.00kg,없음,경상북도 상주시,15,40000,,,,trade
구리,구리청과(주),20250724,오이,백다다기,18.00kg,없음,경상북도 상주시,16,85000,,,,trade
구리,구리청과(주),20250724,오이,백다다기,18.00kg,없음,경상북도 상주시,5,18000,,,,trade
구리,구리청과(주),20250724,오이,백다다기,18.00kg,없음,경상북도 상주시,1,26000,,,,trade
구리,구리청과(주),20250724,오이,백다다기,18.00kg,없음,경상북도 상주시,13,68000,,,,trade
구리,구리청과(주),20250724,오이,백다다기,18.00kg,없음,경상북도 상주시,10,72000,,,,trade
구리,구리청과(주),20250724,오이,백다다기,18.00kg,없음,경상북도 상주시,4,17000,,,,trade
구리,구리청과(주),20250724,오이,백다다기,18.00kg,없음,경상북도 상주시,1,27000,,,,trade
구리,구리청과(주),20250724,오이,백다다기,18.00kg,없음,경상북도 상주시,1,34000,,,,trade
구리,구리청과(주),20250724,오이,백다다기,18.00kg,없음,경상북도 상주시,18,58000,,,,trade
구리,구리청과(주),20250724,오이,백다다기,18.00kg,없음,경상북도 상주시,2,38000,,,,trade
구리,구리청과(주),20250724,오이,백다다기,18.00kg,없음,경상북도 상주시,7,70000,,,,trade
구리,구리청과(주),20250724,오이,백다다기,18.00kg,없음,경상북도 상주시,23,78000,,,,trade
구리,구리청과(주),20250724,오이,백다다기,18.00kg,없음,경상북도 상주시,1,22000,,,,trade
구리,구리청과(주),20250724,오이,백다다기,18.00kg,없음,경상북도 상주시,3,34000,,,,trade
구리,구리청과(주),20250724,오이,백다다기,18.00kg,없음,경상북도 상주시,1,46000,,,,trade
구리,구리청과(주),20250724,오이,백다다기,18.00kg,없음,경상북도 상주시,8,65000,,,,trade
구리,구리청과(주),20250724,오이,백다다기,18.00kg,없음,경상북도 상주시,2,82000,,,,trade
구리,구리청과(주),20250724,오이,백다다기,18.00kg,없음,경상북도 상주시,3,48000,,,,trade
구리,구리청과(주),20250724,오이,백다다기,18.00kg,없음,경상북도 상주시,8,77000,,,,trade
구리,구리청과(주),20250729,오이,백다다기,10.00kg,없음,강원도 철원군,5,13500,,,,trade
구리,구리청과(주),20250729,오이,백다다기,8.00kg,없음,강원도 철원군,9,16500,,,,trade
구리,구리청과(주),20250729,오이,백다다기,10.00kg,없음,경상남도 진주시,80,9000,,,,trade
구리,구리청과(주),20250729,오이,백다다기,18.00kg,없음,강원도 춘천시,1,3000,,,,trade
구리,구리청과(주),20250729,오이,백다다기,10.00kg,없음,강원도 춘천시,16,12000,,,,trade
구리,구리청과(주),20250729,오이,백다다기,10.00kg,없음,강원도 춘천시,5,13000,,,,trade
구리,구리청과(주),20250729,오이,백다다기,10.00kg,없음,강원도 춘천시,22,11000,,,,trade
구리,구리청과(주),20250729,오이,백다다기,10.00kg,없음,강원도 춘천시,9,9500,,,,trade
구리,구리청과(주),20250729,오이,백다다기,10.00kg,없음,강원도 춘천시,14,19000,,,,trade
구리,구리청과(주),20250729,오이,백다다기,10.00kg,없음,강원도 홍천군,2,9000,,,,trade
구리,구리청과(주),20250729,오이,백다다기,10.00kg,없음,강원도 홍천군,21,13500,,,,trade
구리,구리청과(주),20250729,오이,백다다기,10.00kg,없음,강원도 홍천군,43,19500,,,,trade
구리,구리청과(주),20250729,오이,백다다기,10.00kg,없음,경기도 가평군,7,10000,,,,trade
구리,구리청과(주),20250729,오이,백다다기,10.00kg,없음,경기도 가평군,34,13500,,,,trade
구리,구리청과(주),20250729,오이,백다다기,10.00kg,없음,강원도 홍천군,1,12000,,,,trade
구리,구리청과(주),20250729,오이,백다다기,10.00kg,없음,강원도 홍천군,5,14000,,,,trade
구리,구리청과(주),20250729,오이,백다다기,10.00kg,없음,강원도 홍천군,7,12000,,,,trade
구리,구리청과(주),20250729,오이,백다다기,10.00kg,없음,강원도 홍천군,6,9500,,,,trade
구리,구리청과(주),20250729,오이,백다다기,10.00kg,없음,강원도 홍천군,31,19000,,,,trade
구리,구리청과(주),20250729,오이,백다다기,10.00kg,없음,강원도 홍천군,2,8500,,,,trade
구리,구리청과(주),20250729,오이,백다다기,10.00kg,없음,강원도 홍천군,15,15000,,,,trade
구리,구리청과(주),20250729,오이,백다다기,10.00kg,없음,강원도 화천군,3,8500,,,,trade
구리,구리청과(주),20250729,오이,백다다기,10.00kg,없음,강원도 화천군,30,16500,,,,trade
구리,구리청과(주),20250729,오이,백다다기,10.00kg,없음,강원도 화천군,13,8500,,,,trade
구리,구리청과(주),20250729,오이,백다다기,10.00kg,없음,강원도 화천군,15,16000,,,,trade
구리,구리청과(주),20250729,오이,백다다기,10.00kg,없음,강원도 화천군,10,18500,,,,trade
구리,구리청과(주),20250729,오이,백다다기,10.00kg,없음,강원도 화천군,3,22500,,,,trade
구리,구리청과(주),20250729,오이,백다다기,10.00kg,없음,강원도 화천군,3,14000,,,,trade
구리,구리청과(주),20250729,오이,백다다기,10.00kg,없음,강원도 화천군,34,22500,,,,trade
구리,구리청과(주),20250729,오이,백다다기,10.00kg,없음,강원도 화천군,13,8500,,,,trade
구리,구리청과(주),20250729,오이,백다다기,10.00kg,없음,강원도 화천군,8,19000,,,,trade
구리,구리청과(주),20250729,오이,백다다기,10.00kg,없음,강원도 화천군,98,25500,,,,trade
구리,구리청과(주),20250729,오이,백다다기,10.00kg,없음,강원도 화천군,38,13500,,,,trade
구리,구리청과(주),20250729,오이,백다다기,10.00kg,없음,강원도 화천군,3,9500,,,,trade
구리,구리청과(주),20250729,오이,백다다기,10.00kg,없음,강원도 화천군,29,22500,,,,trade
구리,구리청과(주),20250729,오이,백다다기,18.00kg,없음,경상북도 상주시,2,32000,,,,trade
구리,구리청과(주),20250729,오이,백다다기,18.00kg,없음,경상북도 상주시,11,52000,,,,trade
구리,구리청과(주),20250729,오이,백다다기,18.00kg,없음,경상북도 상주시,3,29000,,,,trade
구리,구리청과(주),20250729,오이,백다다기,18.00kg,없음,경상북도 상주시,8,56000,,,,trade
구리,구리청과(주),20250729,오이,백다다기,18.00kg,없음,경상북도 상주시,1,26000,,,,trade
구리,구리청과(주),20250729,오이,백다다기,18.00kg,없음,경상북도 상주시,18,58000,,,,trade
구리,구리청과(주),20250729,오이,백다다기,18.00kg,없음,경상북도 상주시,1,15000,,,,trade
구리,구리청과(주),20250729,오이,백다다기,18.00kg,없음,경상북도 상주시,2,18000,,,,trade
구리,구리청과(주),20250729,오이,백다다기,18.00kg,없음,경상북도 상주시,1,7000,,,,trade
구리,구리청과(주),20250729,오이,백다다기,18.00kg,없음,경상북도 상주시,13,48000,,,,trade
구리,구리청과(주),20250729,오이,백다다기,18.00kg,없음,경상북도 상주시,3,29000,,,,trade
구리,구리청과(주),20250729,오이,백다다기,18.00kg,없음,경상북도 상주시,1,13000,,,,trade
구리,구리청과(주),20250729,오이,백다다기,18.00kg,없음,경상북도 상주시,1,7000,,,,trade
구리,구리청과(주),20250729,오이,백다다기,18.00kg,없음,경상북도 상주시,30,48000,,,,trade
구리,구리청과(주),20250729,오이,백다다기,18.00kg,없음,경상북도 상주시,1,11000,,,,trade
구리,구리청과(주),20250729,오이,백다다기,18.00kg,없음,경상북도 상주시,11,55000,,,,trade
구리,구리청과(주),20250729,오이,백다다기,18.00kg,없음,경상북도 상주시,7,16000,,,,trade
구리,구리청과(주),20250729,오이,백다다기,18.00kg,없음,경상북도 상주시,24,56000,,,,trade
구리,구리청과(주),20250729,오이,백다다기,18.00kg,없음,경상북도 상주시,2,30000,,,,trade
구리,구리청과(주),20250729,오이,백다다기,18.00kg,없음,경상북도 상주시,8,42000,,,,trade
구리,구리청과(주),20250729,오이,백다다기,18.00kg,없음,경상북도 상주시,1,11000,,,,trade
구리,구리청과(주),20250729,오이,백다다기,18.00kg,없음,경상북도 상주시,2,18000,,,,trade
구리,구리청과(주),20250729,오이,백다다기,18.00kg,없음,경상북도 상주시,30,58000,,,,trade
구리,구리청과(주),20250729,오이,백다다기,18.00kg,없음,경상북도 상주시,7,30000,,,,trade
구리,구리청과(주),20250729,오이,백다다기,18.00kg,없음,경상북도 상주시,6,42000,,,,trade
구리,구리청과(주),20250729,오이,백다다기,18.00kg,없음,경상북도 상주시,2,38000,,,,trade
구리,구리청과(주),20250729,오이,백다다기,18.00kg,없음,경상북도 상주시,3,16000,,,,trade
구리,구리청과(주),20250729,오이,백다다기,18.00kg,없음,경상북도 상주시,5,48000,,,,trade
구리,구리청과(주),20250729,오이,백다다기,18.00kg,없음,경상북도 상주시,4,13000,,,,trade
구리,구리청과(주),20250729,오이,백다다기,18.00kg,없음,경상북도 상주시,11,16000,,,,trade
구리,구리청과(주),20250729,오이,백다다기,18.00kg,없음,경상북도 상주시,41,62000,,,,trade
구리,구리청과(주),20250729,오이,백다다기,18.00kg,없음,경상북도 상주시,29,58000,,,,trade
구리,구리청과(주),20250729,오이,백다다기,18.00kg,없음,경상북도 상주시,3,15000,,,,trade
구리,구리청과(주),20250729,오이,백다다기,18.00kg,없음,경상북도 상주시,1,22000,,,,trade
구리,구리청과(주),20250729,오이,백다다기,18.00kg,없음,경상북도 상주시,11,37000,,,,trade
구리,구리청과(주),20250729,오이,백다다기,18.00kg,없음,경상북도 상주시,2,25000,,,,trade
구리,구리청과(주),20250729,오이,백다다기,18.00kg,없음,경상북도 상주시,28,53000,,,,trade
구리,구리청과(주),20250729,오이,백다다기,18.00kg,없음,경상북도 상주시,2,12000,,,,trade
구리,구리청과(주),20250729,오이,백다다기,18.00kg,없음,경상북도 상주시,7,12000,,,,trade
구리,구리청과(주),20250729,오이,백다다기,18.00kg,없음,경상북도 상주시,4,23000,,,,trade
구리,구리청과(주),20250729,오이,백다다기,18.00kg,없음,경상북도 상주시,24,40000,,,,trade
구리,구리청과(주),20250729,오이,백다다기,18.00kg,없음,경상북도 상주시,1,12000,,,,trade
구리,구리청과(주),20250729,오이,백다다기,18.00kg,없음,경상북도 상주시,7,23000,,,,trade
구리,구리청과(주),20250729,오이,백다다기,18.00kg,없음,경상북도 상주시,14,45000,,,,trade
구리,구리청과(주),20250729,오이,백다다기,18.00kg,없음,경상북도 상주시,10,38000,,,,trade
구리,구리청과(주),20250729,오이,백다다기,18.00kg,없음,경상북도 상주시,3,9000,,,,trade
구리,구리청과(주),20250729,오이,백다다기,18.00kg,없음,경상북도 상주시,24,40000,,,,trade
구리,구리청과(주),20250729,오이,백다다기,18.00kg,없음,경상북도 상주시,2,17000,,,,trade
구리,구리청과(주),20250729,오이,백다다기,18.00kg,없음,경상북도 상주시,38,62000,,,,trade
구리,구리청과(주),20250729,오이,백다다기,18.00kg,없음,경상북도 상주시,3,13000,,,,trade
구리,구리청과(주),20250729,오이,백다다기,18.00kg,없음,경상북도 상주시,7,26000,,,,trade
구리,구리청과(주),20250729,오이,백다다기,18.00kg,없음,경상북도 상주시,2,38000,,,,trade
구리,구리청과(주),20250729,오이,백다다기,18.00kg,없음,경상북도 상주시,5,57000,,,,trade
구리,구리청과(주),20250729,오이,백다다기,18.00kg,없음,경상북도 상주시,1,18000,,,,trade
구리,구리청과(주),20250729,오이,백다다기,18.00kg,없음,경상북도 상주시,1,33000,,,,trade
구리,구리청과(주),20250729,오이,백다다기,18.00kg,없음,경상북도 상주시,7,54000,,,,trade
구리,구리청과(주),20250729,오이,백다다기,18.00kg,없음,경상북도 상주시,5,26000,,,,trade
구리,구리청과(주),20250729,오이,백다다기,18.00kg,없음,경상북도 상주시,8,55000,,,,trade
구리,구리청과(주),20250729,오이,백다다기,8.00kg,없음,강원도 철원군,1,6600,,,,trade
구리,구리청과(주),20250729,오이,백다다기,8.00kg,없음,강원도 철원군,8,15400,,,,trade
구리,구리청과(주),20250731,오이,백다다기,18.00kg,없음,경상북도 상주시,4,42000,,,,trade
구리,구리청과(주),20250731,오이,백다다기,18.00kg,없음,경상북도 상주시,3,15000,,,,trade
구리,구리청과(주),20250731,오이,백다다기,18.00kg,없음,경상북도 상주시,2,18000,,,,trade
구리,구리청과(주),20250731,오이,백다다기,18.00kg,없음,경상북도 상주시,8,24000,,,,trade
구리,구리청과(주),20250731,오이,백다다기,18.00kg,없음,경상북도 상주시,16,33000,,,,trade
구리,구리청과(주),20250731,오이,백다다기,18.00kg,없음,경상북도 상주시,18,34000,,,,trade
구리,구리청과(주),20250731,오이,백다다기,18.00kg,없음,경상북도 상주시,1,14000,,,,trade
구리,구리청과(주),20250731,오이,백다다기,18.00kg,없음,경상북도 상주시,4,28000,,,,trade
구리,구리청과(주),20250731,오이,백다다기,10.00kg,없음,경상북도 상주시,2,2000,,,,trade
구리,구리청과(주),20250731,오이,백다다기,10.00kg,없음,경상북도 상주시,1,10000,,,,trade
구리,구리청과(주),20250731,오이,백다다기,18.00kg,없음,경상북도 상주시,6,38000,,,,trade
구리,구리청과(주),20250731,오이,백다다기,18.00kg,없음,경상북도 상주시,2,5000,,,,trade
구리,구리청과(주),20250731,오이,백다다기,18.00kg,없음,경상북도 상주시,2,15000,,,,trade
구리,구리청과(주),20250731,오이,백다다기,18.00kg,없음,경상북도 상주시,2,16000,,,,trade
구리,구리청과(주),20250731,오이,백다다기,18.00kg,없음,경상북도 상주시,8,28000,,,,trade
구리,구리청과(주),20250731,오이,백다다기,18.00kg,없음,경상북도 상주시,1,10000,,,,trade
구리,구리청과(주),20250731,오이,백다다기,18.00kg,없음,경상북도 상주시,2,20000,,,,trade
구리,구리청과(주),20250731,오이,백다다기,18.00kg,없음,경상북도 상주시,5,23000,,,,trade
구리,구리청과(주),20250731,오이,백다다기,18.00kg,없음,경상북도 상주시,2,18000,,,,trade
구리,구리청과(주),20250731,오이,백다다기,18.00kg,없음,경상북도 상주시,6,42000,,,,trade
구리,구리청과(주),20250731,오이,백다다기,10.00kg,없음,강원도 철원군,1,4000,,,,trade
구리,구리청과(주),20250731,오이,백다다기,10.00kg,없음,강원도 철원군,7,13000,,,,trade
구리,구리청과(주),20250731,오이,백다다기,8.00kg,없음,강원도 철원군,10,12700,,,,trade
구리,구리청과(주),20250731,오이,백다다기,10.00kg,없음,강원도 춘천시,7,13000,,,,trade
구리,구리청과(주),20250731,오이,백다다기,18.00kg,없음,강원도 춘천시,3,5000,,,,trade
구리,구리청과(주),20250731,오이,백다다기,18.00kg,없음,강원도 춘천시,1,3000,,,,trade
구리,구리청과(주),20250731,오이,백다다기,10.00kg,없음,강원도 춘천시,5,6500,,,,trade
구리,구리청과(주),20250731,오이,백다다기,10.00kg,없음,강원도 춘천시,4,12500,,,,trade
구리,구리청과(주),20250731,오이,백다다기,10.00kg,없음,강원도 춘천시,1,2000,,,,trade
구리,구리청과(주),20250731,오이,백다다기,10.00kg,없음,강원도 춘천시,16,11500,,,,trade
구리,구리청과(주),20250731,오이,백다다기,10.00kg,없음,강원도 춘천시,10,16500,,,,trade
구리,구리청과(주),20250731,오이,백다다기,10.00kg,없음,강원도 홍천군,3,7500,,,,trade
구리,구리청과(주),20250731,오이,백다다기,10.00kg,없음,강원도 홍천군,14,15000,,,,trade
구리,구리청과(주),20250731,오이,백다다기,10.00kg,없음,강원도 홍천군,3,11000,,,,trade
구리,구리청과(주),20250731,오이,백다다기,10.00kg,없음,강원도 홍천군,6,7000,,,,trade
구리,구리청과(주),20250731,오이,백다다기,10.00kg,없음,강원도 홍천군,22,13500,,,,trade
구리,구리청과(주),20250731,오이,백다다기,10.00kg,없음,강원도 홍천군,3,6500,,,,trade
구리,구리청과(주),20250731,오이,백다다기,10.00kg,없음,강원도 홍천군,2,14000,,,,trade
구리,구리청과(주),20250731,오이,백다다기,10.00kg,없음,강원도 홍천군,1,6500,,,,trade
구리,구리청과(주),20250731,오이,백다다기,10.00kg,없음,강원도 홍천군,6,16500,,,,trade
구리,구리청과(주),20250731,오이,백다다기,10.00kg,없음,강원도 홍천군,8,1000,,,,trade
구리,구리청과(주),20250731,오이,백다다기,10.00kg,없음,강원도 홍천군,50,10000,,,,trade
구리,구리청과(주),20250731,오이,백다다기,10.00kg,없음,강원도 홍천군,27,20500,,,,trade
구리,구리청과(주),20250731,오이,백다다기,10.00kg,없음,경기도 가평군,6,8500,,,,trade
구리,구리청과(주),20250731,오이,백다다기,10.00kg,없음,경기도 가평군,46,17000,,,,trade
구리,구리청과(주),20250731,오이,백다다기,10.00kg,없음,강원도 화천군,20,3000,,,,trade
구리,구리청과(주),20250731,오이,백다다기,10.00kg,없음,강원도 화천군,7,19500,,,,trade
구리,구리청과(주),20250731,오이,백다다기,10.00kg,없음,강원도 화천군,76,24500,,,,trade
구리,구리청과(주),20250731,오이,백다다기,10.00kg,없음,강원도 화천군,1,8500,,,,trade
구리,구리청과(주),20250731,오이,백다다기,10.00kg,없음,강원도 화천군,16,15500,,,,trade
구리,구리청과(주),20250731,오이,백다다기,10.00kg,없음,강원도 화천군,13,7500,,,,trade
구리,구리청과(주),20250731,오이,백다다기,10.00kg,없음,강원도 화천군,21,12500,,,,trade
구리,구리청과(주),20250731,오이,백다다기,10.00kg,없음,강원도 화천군,1,9000,,,,trade
구리,구리청과(주),20250731,오이,백다다기,10.00kg,없음,강원도 화천군,15,20000,,,,trade
구리,구리청과(주),20250731,오이,백다다기,10.00kg,없음,강원도 화천군,57,15500,,,,trade
구리,구리청과(주),20250731,오이,백다다기,10.00kg,없음,강원도 화천군,5,20000,,,,trade
구리,구리청과(주),20250731,오이,백다다기,10.00kg,없음,강원도 화천군,4,18500,,,,trade
구리,구리청과(주),20250731,오이,백다다기,10.00kg,없음,강원도 화천군,5,7500,,,,trade
구리,구리청과(주),20250731,오이,백다다기,10.00kg,없음,강원도 화천군,40,16500,,,,trade
구리,구리청과(주),20250731,오이,백다다기,18.00kg,없음,경상북도 상주시,5,46000,,,,trade
구리,구리청과(주),20250731,오이,백다다기,18.00kg,없음,경상북도 상주시,1,10000,,,,trade
구리,구리청과(주),20250731,오이,백다다기,18.00kg,없음,경상북도 상주시,3,20000,,,,trade
구리,구리청과(주),20250731,오이,백다다기,18.00kg,없음,경상북도 상주시,1,8000,,,,trade
구리,구리청과(주),20250731,오이,백다다기,18.00kg,없음,경상북도 상주시,5,17000,,,,trade
구리,구리청과(주),20250731,오이,백다다기,18.00kg,없음,경상북도 상주시,1,19000,,,,trade
구리,구리청과(주),20250731,오이,백다다기,18.00kg,없음,경상북도 상주시,2,22000,,,,trade
구리,구리청과(주),20250731,오이,백다다기,18.00kg,없음,경상북도 상주시,21,40000,,,,trade
구리,구리청과(주),20250731,오이,백다다기,18.00kg,없음,경상북도 상주시,3,10000,,,,trade
구리,구리청과(주),20250731,오이,백다다기,18.00kg,없음,경상북도 상주시,1,11000,,,,trade
구리,구리청과(주),20250731,오이,백다다기,18.00kg,없음,경상북도 상주시,22,40000,,,,trade
구리,구리청과(주),20250731,오이,백다다기,18.00kg,없음,경상북도 상주시,6,6000,,,,trade
구리,구리청과(주),20250731,오이,백다다기,18.00kg,없음,경상북도 상주시,5,12000,,,,trade
구리,구리청과(주),20250731,오이,백다다기,18.00kg,없음,경상북도 상주시,12,32000,,,,trade
구리,구리청과(주),20250731,오이,백다다기,18.00kg,없음,경상북도 상주시,11,62000,,,,trade
구리,구리청과(주),20250731,오이,백다다기,18.00kg,없음,경상북도 상주시,2,11000,,,,trade
구리,구리청과(주),20250731,오이,백다다기,18.00kg,없음,경상북도 상주시,4,18000,,,,trade
구리,구리청과(주),20250731,오이,백다다기,18.00kg,없음,경상북도 상주시,33,47000,,,,trade
구리,구리청과(주),20250731,오이,백다다기,18.00kg,없음,경상북도 상주시,1,18000,,,,trade
구리,구리청과(주),20250731,오이,백다다기,18.00kg,없음,경상북도 상주시,20,43000,,,,trade
구리,구리청과(주),20250731,오이,백다다기,18.00kg,없음,경상북도 상주시,4,24000,,,,trade
구리,구리청과(주),20250731,오이,백다다기,18.00kg,없음,경상북도 상주시,20,45000,,,,trade
구리,구리청과(주),20250731,오이,백다다기,18.00kg,없음,경상북도 상주시,1,6000,,,,trade
구리,구리청과(주),20250731,오이,백다다기,18.00kg,없음,경상북도 상주시,3,20000,,,,trade
구리,구리청과(주),20250731,오이,백다다기,18.00kg,없음,경상북도 상주시,6,46000,,,,trade
구리,구리청과(주),20250731,오이,백다다기,18.00kg,없음,경상북도 상주시,14,26000,,,,trade
구리,구리청과(주),20250731,오이,백다다기,18.00kg,없음,경상북도 상주시,1,2000,,,,trade
구리,구리청과(주),20250731,오이,백다다기,18.00kg,없음,경상북도 상주시,1,10000,,,,trade
구리,구리청과(주),20250731,오이,백다다기,18.00kg,없음,경상북도 상주시,2,17000,,,,trade
구리,구리청과(주),20250731,오이,백다다기,18.00kg,없음,경상북도 상주시,3,22000,,,,trade
구리,구리청과(주),20250731,오이,백다다기,18.00kg,없음,경상북도 상주시,11,42000,,,,trade
구리,구리청과(주),20250731,오이,백다다기,18.00kg,없음,경상북도 상주시,3,20000,,,,trade
구리,구리청과(주),20250731,오이,백다다기,18.00kg,없음,경상북도 상주시,33,51000,,,,trade
구리,구리청과(주),20250731,오이,백다다기,18.00kg,없음,경상북도 상주시,9,18000,,,,trade
구리,구리청과(주),20250731,오이,백다다기,18.00kg,없음,경상북도 상주시,21,48000,,,,trade
구리,구리청과(주),20250731,오이,백다다기,18.00kg,없음,경상북도 상주시,8,14000,,,,trade
구리,구리청과(주),20250731,오이,백다다기,18.00kg,없음,경상북도 상주시,3,14000,,,,trade
구리,구리청과(주),20250731,오이,백다다기,18.00kg,없음,경상북도 상주시,7,18000,,,,trade
구리,구리청과(주),20250731,오이,백다다기,18.00kg,없음,경상북도 상주시,32,43000,,,,trade
구리,구리청과(주),20250731,오이,백다다기,18.00kg,없음,경상북도 상주시,1,17000,,,,trade
구리,구리청과(주),20250731,오이,백다다기,18.00kg,없음,경상북도 상주시,20,45000,,,,trade
구리,구리청과(주),20250731,오이,백다다기,18.00kg,없음,경상북도 상주시,7,22000,,,,trade
구리,구리청과(주),20250731,오이,백다다기,18.00kg,없음,경상북도 상주시,23,30000,,,,trade
구리,구리청과(주),20250731,오이,백다다기,18.00kg,없음,경상북도 상주시,1,14000,,,,trade
구리,구리청과(주),20250731,오이,백다다기,18.00kg,없음,경상북도 상주시,2,9000,,,,trade
구리,구리청과(주),20250731,오이,백다다기,18.00kg,없음,경상북도 상주시,14,39000,,,,trade
구리,구리청과(주),20250731,오이,백다다기,18.00kg,없음,경상북도 상주시,1,11000,,,,trade
구리,구리청과(주),20250731,오이,백다다기,18.00kg,없음,경상북도 상주시,37,59000,,,,trade
구리,구리청과(주),20250731,오이,백다다기,18.00kg,없음,경상북도 상주시,1,18000,,,,trade
구리,구리청과(주),20250731,오이,백다다기,18.00kg,없음,경상북도 상주시,23,45000,,,,trade
구리,구리청과(주),20250731,오이,백다다기,18.00kg,없음,경상북도 상주시,2,13000,,,,trade
구리,구리청과(주),20250731,오이,백다다기,18.00kg,없음,경상북도 상주시,6,11000,,,,trade
구리,구리청과(주),20250731,오이,백다다기,18.00kg,없음,경상북도 상주시,16,23000,,,,trade
구리,구리청과(주),20250731,오이,백다다기,18.00kg,없음,경상북도 상주시,40,43000,,,,trade
구리,구리청과(주),20250731,오이,백다다기,18.00kg,없음,경상북도 상주시,1,11000,,,,trade
구리,구리청과(주),20250731,오이,백다다기,18.00kg,없음,경상북도 상주시,8,26000,,,,trade
구리,구리청과(주),20250731,오이,백다다기,18.00kg,없음,경상북도 상주시,84,49000,,,,trade
구리,구리청과(주),20250731,오이,백다다기,18.00kg,없음,경상북도 상주시,22,60000,,,,trade
구리,구리청과(주),20250731,오이,백다다기,18.00kg,없음,경상북도 상주시,1,24000,,,,trade
구리,구리청과(주),20250731,오이,백다다기,18.00kg,없음,경상북도 상주시,9,51000,,,,trade
구리,구리청과(주),20250731,오이,백다다기,18.00kg,없음,경상북도 상주시,1,17000,,,,trade
구리,구리청과(주),20250731,오이,백다다기,18.00kg,없음,경상북도 상주시,8,13000,,,,trade
구리,구리청과(주),20250731,오이,백다다기,18.00kg,없음,경상북도 상주시,24,55000,,,,trade
구리,구리청과(주),20250731,오이,백다다기,18.00kg,없음,경상북도 상주시,7,20000,,,,trade
구리,구리청과(주),20250731,오이,백다다기,18.00kg,없음,경상북도 상주시,5,12000,,,,trade
구리,구리청과(주),20250731,오이,백다다기,18.00kg,없음,경상북도 상주시,11,28000,,,,trade
구리,구리청과(주),20250731,오이,백다다기,18.00kg,없음,경상북도 상주시,4,43000,,,,trade
구리,구리청과(주),20250731,오이,백다다기,18.00kg,없음,경상북도 상주시,4,54000,,,,trade
구리,구리청과(주),20250731,오이,백다다기,18.00kg,없음,경상북도 상주시,3,11000,,,,trade
구리,구리청과(주),20250731,오이,백다다기,18.00kg,없음,경상북도 상주시,4,24000,,,,trade
구리,구리청과(주),20250731,오이,백다다기,18.00kg,없음,경상북도 상주시,7,48000,,,,trade
구리,구리청과(주),20250731,오이,백다다기,18.00kg,없음,경상북도 상주시,5,22000,,,,trade
구리,구리청과(주),20250731,오이,백다다기,18.00kg,없음,경상북도 상주시,7,48000,,,,trade
구리,구리청과(주),20250731,오이,백다다기,10.00kg,없음,경상남도 진주시,80,9500,,,,trade
구리,구리청과(주),20250731,오이,백다다기,10.00kg,없음,경상남도 사천시,1,7500,,,,trade
구리,구리청과(주),20250731,오이,백다다기,10.00kg,없음,경상남도 사천시,10,12000,,,,trade
구리,구리청과(주),20250731,오이,백다다기,10.00kg,없음,강원도 춘천시,3,5000,,,,trade
구리,구리청과(주),20250731,오이,백다다기,10.00kg,없음,강원도 춘천시,8,12500,,,,trade
구리,구리청과(주),20250731,오이,백다다기,18.00kg,없음,강원도 춘천시,1,2000,,,,trade
구리,구리청과(주),20250731,오이,백다다기,18.00kg,없음,강원도 춘천시,2,3000,,,,trade
구리,구리청과(주),20250731,오이,백다다기,10.00kg,없음,강원도 춘천시,3,12000,,,,trade
구리,구리청과(주),20250731,오이,백다다기,10.00kg,없음,강원도 춘천시,1,2000,,,,trade
구리,구리청과(주),20250731,오이,백다다기,10.00kg,없음,강원도 춘천시,20,10500,,,,trade
구리,구리청과(주),20250731,오이,백다다기,10.00kg,없음,강원도 춘천시,7,9500,,,,trade
구리,구리청과(주),20250731,오이,백다다기,10.00kg,없음,강원도 춘천시,11,18500,,,,trade
구리,구리청과(주),20250731,오이,백다다기,10.00kg,없음,강원도 철원군,8,14000,,,,trade
구리,구리청과(주),20250805,오이,백다다기,10.00kg,없음,강원도 춘천시,6,11000,,,,trade
구리,구리청과(주),20250805,오이,백다다기,18.00kg,없음,강원도 춘천시,1,9000,,,,trade
구리,구리청과(주),20250805,오이,백다다기,18.00kg,없음,강원도 춘천시,2,6000,,,,trade
구리,구리청과(주),20250805,오이,백다다기,10.00kg,없음,강원도 춘천시,3,13000,,,,trade
구리,구리청과(주),20250805,오이,백다다기,10.00kg,없음,강원도 춘천시,7,11500,,,,trade
구리,구리청과(주),20250805,오이,백다다기,10.00kg,없음,강원도 춘천시,3,10500,,,,trade
구리,구리청과(주),20250805,오이,백다다기,10.00kg,없음,강원도 춘천시,12,14500,,,,trade
구리,구리청과(주),20250805,오이,백다다기,8.00kg,없음,경기도 포천시,15,5700,,,,trade
구리,구리청과(주),20250805,오이,백다다기,10.00kg,없음,경기도 포천시,2,8500,,,,trade
구리,구리청과(주),20250805,오이,백다다기,10.00kg,없음,강원도 철원군,5,13500,,,,trade
구리,구리청과(주),20250805,오이,백다다기,8.00kg,없음,강원도 철원군,1,7000,,,,trade
구리,구리청과(주),20250805,오이,백다다기,8.00kg,없음,강원도 철원군,10,15500,,,,trade
구리,구리청과(주),20250805,오이,백다다기,8.00kg,없음,경기도 양주시,40,8800,,,,trade
구리,구리청과(주),20250805,오이,백다다기,10.00kg,없음,강원도 홍천군,1,9500,,,,trade
구리,구리청과(주),20250805,오이,백다다기,10.00kg,없음,강원도 홍천군,3,11000,,,,trade
구리,구리청과(주),20250805,오이,백다다기,10.00kg,없음,강원도 홍천군,3,15500,,,,trade
구리,구리청과(주),20250805,오이,백다다기,10.00kg,없음,강원도 홍천군,14,16500,,,,trade
구리,구리청과(주),20250805,오이,백다다기,10.00kg,없음,강원도 홍천군,6,8500,,,,trade
구리,구리청과(주),20250805,오이,백다다기,10.00kg,없음,강원도 홍천군,26,16000,,,,trade
구리,구리청과(주),20250805,오이,백다다기,10.00kg,없음,강원도 홍천군,22,20000,,,,trade
구리,구리청과(주),20250805,오이,백다다기,18.00kg,없음,강원도 홍천군,4,8000,,,,trade
구리,구리청과(주),20250805,오이,백다다기,10.00kg,없음,강원도 홍천군,17,18500,,,,trade
구리,구리청과(주),20250805,오이,백다다기,10.00kg,없음,강원도 홍천군,2,7000,,,,trade
구리,구리청과(주),20250805,오이,백다다기,10.00kg,없음,강원도 홍천군,8,17000,,,,trade
구리,구리청과(주),20250805,오이,백다다기,10.00kg,없음,강원도 화천군,3,9500,,,,trade
구리,구리청과(주),20250805,오이,백다다기,10.00kg,없음,강원도 화천군,16,21500,,,,trade
구리,구리청과(주),20250805,오이,백다다기,10.00kg,없음,강원도 화천군,17,8500,,,,trade
구리,구리청과(주),20250805,오이,백다다기,10.00kg,없음,강원도 화천군,18,15000,,,,trade
구리,구리청과(주),20250805,오이,백다다기,10.00kg,없음,강원도 화천군,4,6500,,,,trade
구리,구리청과(주),20250805,오이,백다다기,10.00kg,없음,강원도 화천군,31,13500,,,,trade
구리,구리청과(주),20250805,오이,백다다기,10.00kg,없음,강원도 화천군,6,8500,,,,trade
구리,구리청과(주),20250805,오이,백다다기,10.00kg,없음,강원도 화천군,12,18500,,,,trade
구리,구리청과(주),20250805,오이,백다다기,10.00kg,없음,강원도 화천군,59,23000,,,,trade
구리,구리청과(주),20250805,오이,백다다기,10.00kg,없음,강원도 화천군,1,8000,,,,trade
구리,구리청과(주),20250805,오이,백다다기,10.00kg,없음,강원도 화천군,20,17500,,,,trade
구리,구리청과(주),20250805,오이,백다다기,10.00kg,없음,강원도 화천군,12,14000,,,,trade
구리,구리청과(주),20250805,오이,백다다기,10.00kg,없음,강원도 화천군,1,9000,,,,trade
구리,구리청과(주),20250805,오이,백다다기,10.00kg,없음,강원도 화천군,12,23500,,,,trade
구리,구리청과(주),20250805,오이,백다다기,10.00kg,없음,경상북도 상주시,5,10000,,,,trade
구리,구리청과(주),20250805,오이,백다다기,10.00kg,없음,경상북도 상주시,36,14000,,,,trade
구리,구리청과(주),20250805,오이,백다다기,18.00kg,없음,경상북도 상주시,4,30000,,,,trade
구리,구리청과(주),20250805,오이,백다다기,18.00kg,없음,경상북도 상주시,6,50000,,,,trade
구리,구리청과(주),20250805,오이,백다다기,18.00kg,없음,경상북도 상주시,1,15000,,,,trade
구리,구리청과(주),20250805,오이,백다다기,18.00kg,없음,경상북도 상주시,1,20000,,,,trade
구리,구리청과(주),20250805,오이,백다다기,18.00kg,없음,경상북도 상주시,3,24000,,,,trade
구리,구리청과(주),20250805,오이,백다다기,18.00kg,없음,경상북도 상주시,9,60000,,,,trade
구리,구리청과(주),20250805,오이,백다다기,18.00kg,없음,경상북도 상주시,15,54000,,,,trade
구리,구리청과(주),20250805,오이,백다다기,18.00kg,없음,경상북도 상주시,1,25000,,,,trade
구리,구리청과(주),20250805,오이,백다다기,18.00kg,없음,경상북도 상주시,5,53000,,,,trade
구리,구리청과(주),20250805,오이,백다다기,18.00kg,없음,경상북도 상주시,2,27000,,,,trade
구리,구리청과(주),20250805,오이,백다다기,18.00kg,없음,경상북도 상주시,17,45000,,,,trade
구리,구리청과(주),20250805,오이,백다다기,18.00kg,없음,경상북도 상주시,6,27000,,,,trade
구리,구리청과(주),20250805,오이,백다다기,18.00kg,없음,경상북도 상주시,10,42000,,,,trade
구리,구리청과(주),20250805,오이,백다다기,18.00kg,없음,경상북도 상주시,4,23000,,,,trade
구리,구리청과(주),20250805,오이,백다다기,18.00kg,없음,경상북도 상주시,7,27000,,,,trade
구리,구리청과(주),20250805,오이,백다다기,18.00kg,없음,경상북도 상주시,4,32000,,,,trade
구리,구리청과(주),20250805,오이,백다다기,18.00kg,없음,경상북도 상주시,3,40000,,,,trade
구리,구리청과(주),20250805,오이,백다다기,18.00kg,없음,경상북도 상주시,1,22000,,,,trade
구리,구리청과(주),20250805,오이,백다다기,18.00kg,없음,경상북도 상주시,1,27000,,,,trade
구리,구리청과(주),20250805,오이,백다다기,18.00kg,없음,경상북도 상주시,1,45000,,,,trade
구리,구리청과(주),20250805,오이,백다다기,18.00kg,없음,경상북도 상주시,1,20000,,,,trade
구리,구리청과(주),20250805,오이,백다다기,18.00kg,없음,경상북도 상주시,3,25000,,,,trade
구리,구리청과(주),20250805,오이,백다다기,18.00kg,없음,경상북도 상주시,28,42000,,,,trade
구리,구리청과(주),20250805,오이,백다다기,18.00kg,없음,경상북도 상주시,3,27000,,,,trade
구리,구리청과(주),20250805,오이,백다다기,18.00kg,없음,경상북도 상주시,7,40000,,,,trade
구리,구리청과(주),20250805,오이,백다다기,18.00kg,없음,경상북도 상주시,19,28000,,,,trade
구리,구리청과(주),20250805,오이,백다다기,18.00kg,없음,경상북도 상주시,13,47000,,,,trade
구리,구리청과(주),20250805,오이,백다다기,18.00kg,없음,경상북도 상주시,10,47000,,,,trade
구리,구리청과(주),20250805,오이,백다다기,18.00kg,없음,경상북도 상주시,9,28000,,,,trade
구리,구리청과(주),20250805,오이,백다다기,18.00kg,없음,경상북도 상주시,10,22000,,,,trade
구리,구리청과(주),20250805,오이,백다다기,18.00kg,없음,경상북도 상주시,1,28000,,,,trade
구리,구리청과(주),20250805,오이,백다다기,18.00kg,없음,경상북도 상주시,7,63000,,,,trade
구리,구리청과(주),20250805,오이,백다다기,18.00kg,없음,경상북도 상주시,2,22000,,,,trade
구리,구리청과(주),20250805,오이,백다다기,18.00kg,없음,경상북도 상주시,23,55000,,,,trade
구리,구리청과(주),20250805,오이,백다다기,18.00kg,없음,경상북도 상주시,1,22000,,,,trade
구리,구리청과(주),20250805,오이,백다다기,18.00kg,없음,경상북도 상주시,3,27000,,,,trade
구리,구리청과(주),20250805,오이,백다다기,18.00kg,없음,경상북도 상주시,10,41000,,,,trade
구리,구리청과(주),20250805,오이,백다다기,18.00kg,없음,경상북도 상주시,1,22000,,,,trade
구리,구리청과(주),20250805,오이,백다다기,18.00kg,없음,경상북도 상주시,2,27000,,,,trade
구리,구리청과(주),20250805,오이,백다다기,18.00kg,없음,경상북도 상주시,16,42000,,,,trade
구리,구리청과(주),20250805,오이,백다다기,18.00kg,없음,경상북도 상주시,12,40000,,,,trade
구리,구리청과(주),20250805,오이,백다다기,18.00kg,없음,경상북도 상주시,1,22000,,,,trade
구리,구리청과(주),20250805,오이,백다다기,18.00kg,없음,경상북도 상주시,7,27000,,,,trade
구리,구리청과(주),20250805,오이,백다다기,18.00kg,없음,경상북도 상주시,30,47000,,,,trade
구리,구리청과(주),20250805,오이,백다다기,18.00kg,없음,경상북도 상주시,40,60000,,,,trade
구리,구리청과(주),20250805,오이,백다다기,18.00kg,없음,경상북도 상주시,2,20000,,,,trade
구리,구리청과(주),20250805,오이,백다다기,18.00kg,없음,경상북도 상주시,2,18000,,,,trade
구리,구리청과(주),20250805,오이,백다다기,18.00kg,없음,경상북도 상주시,2,25000,,,,trade
구리,구리청과(주),20250805,오이,백다다기,18.00kg,없음,경상북도 상주시,7,34000,,,,trade
구리,구리청과(주),20250805,오이,백다다기,18.00kg,없음,경상북도 상주시,2,31000,,,,trade
구리,구리청과(주),20250805,오이,백다다기,18.00kg,없음,경상북도 상주시,4,53000,,,,trade
구리,구리청과(주),20250805,오이,백다다기,18.00kg,없음,경상북도 상주시,1,25000,,,,trade
구리,구리청과(주),20250805,오이,백다다기,18.00kg,없음,경상북도 상주시,6,30000,,,,trade
구리,구리청과(주),20250805,오이,백다다기,18.00kg,없음,경상북도 상주시,2,30000,,,,trade
구리,구리청과(주),20250805,오이,백다다기,18.00kg,없음,경상북도 상주시,17,45000,,,,trade
구리,구리청과(주),20250805,오이,백다다기,18.00kg,없음,경상북도 상주시,7,28000,,,,trade
구리,구리청과(주),20250805,오이,백다다기,18.00kg,없음,경상북도 상주시,5,36000,,,,trade
구리,구리청과(주),20250805,오이,백다다기,18.00kg,없음,경상북도 상주시,2,25000,,,,trade
구리,구리청과(주),20250805,오이,백다다기,18.00kg,없음,경상북도 상주시,14,37000,,,,trade
구리,구리청과(주),20250805,오이,백다다기,18.00kg,없음,경상북도 상주시,1,25000,,,,trade
구리,구리청과(주),20250805,오이,백다다기,18.00kg,없음,경상북도 상주시,7,42000,,,,trade
구리,구리청과(주),20250805,오이,백다다기,18.00kg,없음,경상북도 상주시,6,24000,,,,trade
구리,구리청과(주),20250805,오이,백다다기,18.00kg,없음,경상북도 상주시,13,55000,,,,trade
구리,구리청과(주),20250805,오이,백다다기,18.00kg,없음,경상북도 상주시,17,16000,,,,trade
구리,구리청과(주),20250805,오이,백다다기,18.00kg,없음,경상북도 상주시,8,30000,,,,trade
구리,구리청과(주),20250805,오이,백다다기,18.00kg,없음,경상북도 상주시,8,28000,,,,trade
구리,구리청과(주),20250805,오이,백다다기,18.00kg,없음,경상북도 상주시,16,52000,,,,trade
구리,구리청과(주),20250805,오이,백다다기,18.00kg,없음,경상북도 상주시,1,20000,,,,trade
구리,구리청과(주),20250805,오이,백다다기,18.00kg,없음,경상북도 상주시,4,24000,,,,trade
구리,구리청과(주),20250805,오이,백다다기,18.00kg,없음,경상북도 상주시,6,47000,,,,trade
구리,구리청과(주),20250805,오이,백다다기,18.00kg,없음,경상북도 상주시,2,26000,,,,trade
구리,구리청과(주),20250805,오이,백다다기,18.00kg,없음,경상북도 상주시,7,22000,,,,trade
구리,구리청과(주),20250805,오이,백다다기,18.00kg,없음,경상북도 상주시,6,25000,,,,trade
구리,구리청과(주),20250805,오이,백다다기,18.00kg,없음,경상북도 상주시,14,43000,,,,trade
구리,구리청과(주),20250805,오이,백다다기,18.00kg,없음,경상북도 상주시,6,43000,,,,trade
구리,구리청과(주),20250805,오이,백다다기,18.00kg,없음,경상북도 상주시,3,20000,,,,trade
구리,구리청과(주),20250805,오이,백다다기,18.00kg,없음,경상북도 상주시,5,25000,,,,trade
구리,구리청과(주),20250805,오이,백다다기,18.00kg,없음,경상북도 상주시,32,58000,,,,trade
구리,구리청과(주),20250805,오이,백다다기,18.00kg,없음,경상북도 상주시,37,49000,,,,trade
구리,구리청과(주),20250805,오이,백다다기,18.00kg,없음,경상북도 상주시,2,22000,,,,trade
구리,구리청과(주),20250805,오이,백다다기,18.00kg,없음,경상북도 상주시,4,27000,,,,trade
구리,구리청과(주),20250805,오이,백다다기,18.00kg,없음,경상북도 상주시,15,62000,,,,trade
구리,구리청과(주),20250805,오이,백다다기,18.00kg,없음,경상북도 상주시,1,20000,,,,trade
구리,구리청과(주),20250805,오이,백다다기,18.00kg,없음,경상북도 상주시,1,23000,,,,trade
구리,구리청과(주),20250805,오이,백다다기,18.00kg,없음,경상북도 상주시,17,70000,,,,trade
구리,구리청과(주),20250805,오이,백다다기,18.00kg,없음,경상북도 상주시,5,17000,,,,trade
구리,구리청과(주),20250805,오이,백다다기,18.00kg,없음,경상북도 상주시,7,16000,,,,trade
구리,구리청과(주),20250805,오이,백다다기,18.00kg,없음,경상북도 상주시,9,33000,,,,trade
구리,구리청과(주),20250805,오이,백다다기,18.00kg,없음,경상북도 상주시,4,45000,,,,trade
구리,구리청과(주),20250805,오이,백다다기,18.00kg,없음,경상북도 상주시,3,60000,,,,trade
구리,구리청과(주),20250805,오이,백다다기,18.00kg,없음,경상북도 상주시,1,21000,,,,trade
구리,구리청과(주),20250805,오이,백다다기,18.00kg,없음,경상북도 상주시,7,32000,,,,trade
구리,구리청과(주),20250805,오이,백다다기,18.00kg,없음,경상북도 상주시,12,59000,,,,trade
구리,구리청과(주),20250805,오이,백다다기,18.00kg,없음,경상북도 상주시,2,18000,,,,trade
구리,구리청과(주),20250805,오이,백다다기,18.00kg,없음,경상북도 상주시,3,31000,,,,trade
구리,구리청과(주),20250805,오이,백다다기,18.00kg,없음,경상북도 상주시,29,63000,,,,trade
구리,구리청과(주),20250807,오이,백다다기,10.00kg,없음,강원도 춘천시,7,7000,,,,trade
구리,구리청과(주),20250807,오이,백다다기,10.00kg,없음,강원도 춘천시,4,7500,,,,trade
구리,구리청과(주),20250807,오이,백다다기,18.00kg,없음,강원도 춘천시,2,5000,,,,trade
구리,구리청과(주),20250807,오이,백다다기,18.00kg,없음,강원도 춘천시,2,2000,,,,trade
구리,구리청과(주),20250807,오이,백다다기,10.00kg,없음,강원도 춘천시,2,12500,,,,trade
구리,구리청과(주),20250807,오이,백다다기,10.00kg,없음,강원도 춘천시,6,17500,,,,trade
구리,구리청과(주),20250807,오이,백다다기,8.00kg,없음,강원도 철원군,9,14700,,,,trade
구리,구리청과(주),20250807,오이,백다다기,8.00kg,없음,강원도 철원군,2,6600,,,,trade
구리,구리청과(주),20250807,오이,백다다기,10.00kg,없음,강원도 철원군,3,11000,,,,trade
구리,구리청과(주),20250807,오이,백다다기,10.00kg,없음,강원도 홍천군,1,5500,,,,trade
구리,구리청과(주),20250807,오이,백다다기,10.00kg,없음,강원도 홍천군,2,11000,,,,trade
구리,구리청과(주),20250807,오이,백다다기,10.00kg,없음,강원도 홍천군,3,16000,,,,trade
구리,구리청과(주),20250807,오이,백다다기,10.00kg,없음,강원도 홍천군,15,13500,,,,trade
구리,구리청과(주),20250807,오이,백다다기,10.00kg,없음,강원도 홍천군,6,11000,,,,trade
구리,구리청과(주),20250807,오이,백다다기,10.00kg,없음,강원도 홍천군,8,20500,,,,trade
구리,구리청과(주),20250807,오이,백다다기,10.00kg,없음,강원도 홍천군,6,10000,,,,trade
구리,구리청과(주),20250807,오이,백다다기,10.00kg,없음,강원도 홍천군,45,16500,,,,trade
구리,구리청과(주),20250807,오이,백다다기,10.00kg,없음,강원도 홍천군,4,11500,,,,trade
구리,구리청과(주),20250807,오이,백다다기,10.00kg,없음,강원도 홍천군,6,17000,,,,trade
구리,구리청과(주),20250807,오이,백다다기,10.00kg,없음,강원도 화천군,9,17000,,,,trade
구리,구리청과(주),20250807,오이,백다다기,10.00kg,없음,강원도 화천군,30,18500,,,,trade
구리,구리청과(주),20250807,오이,백다다기,10.00kg,없음,강원도 화천군,4,10000,,,,trade
구리,구리청과(주),20250807,오이,백다다기,10.00kg,없음,강원도 화천군,21,20500,,,,trade
구리,구리청과(주),20250807,오이,백다다기,10.00kg,없음,강원도 화천군,20,7000,,,,trade
구리,구리청과(주),20250807,오이,백다다기,10.00kg,없음,강원도 화천군,23,16000,,,,trade
구리,구리청과(주),20250807,오이,백다다기,10.00kg,없음,강원도 화천군,14,9000,,,,trade
구리,구리청과(주),20250807,오이,백다다기,10.00kg,없음,강원도 화천군,16,14500,,,,trade
구리,구리청과(주),20250807,오이,백다다기,10.00kg,없음,강원도 화천군,71,23000,,,,trade
구리,구리청과(주),20250807,오이,백다다기,10.00kg,없음,강원도 화천군,1,10000,,,,trade
구리,구리청과(주),20250807,오이,백다다기,10.00kg,없음,강원도 화천군,17,19500,,,,trade
구리,구리청과(주),20250807,오이,백다다기,10.00kg,없음,강원도 화천군,1,12000,,,,trade
구리,구리청과(주),20250807,오이,백다다기,10.00kg,없음,강원도 화천군,6,23500,,,,trade
구리,구리청과(주),20250807,오이,백다다기,18.00kg,없음,경상북도 상주시,2,12000,,,,trade
구리,구리청과(주),20250807,오이,백다다기,18.00kg,없음,경상북도 상주시,1,16000,,,,trade
구리,구리청과(주),20250807,오이,백다다기,18.00kg,없음,경상북도 상주시,27,23000,,,,trade
구리,구리청과(주),20250807,오이,백다다기,18.00kg,없음,경상북도 상주시,2,25000,,,,trade
구리,구리청과(주),20250807,오이,백다다기,18.00kg,없음,경상북도 상주시,3,50000,,,,trade
구리,구리청과(주),20250807,오이,백다다기,18.00kg,없음,경상북도 상주시,2,13000,,,,trade
구리,구리청과(주),20250807,오이,백다다기,18.00kg,없음,경상북도 상주시,1,18000,,,,trade
구리,구리청과(주),20250807,오이,백다다기,18.00kg,없음,경상북도 상주시,16,37000,,,,trade
구리,구리청과(주),20250807,오이,백다다기,18.00kg,없음,경상북도 상주시,1,8000,,,,trade
구리,구리청과(주),20250807,오이,백다다기,18.00kg,없음,경상북도 상주시,5,34000,,,,trade
구리,구리청과(주),20250807,오이,백다다기,18.00kg,없음,경상북도 상주시,1,41000,,,,trade
구리,구리청과(주),20250807,오이,백다다기,18.00kg,없음,경상북도 상주시,1,66000,,,,trade
구리,구리청과(주),20250807,오이,백다다기,18.00kg,없음,경상북도 상주시,2,21000,,,,trade
구리,구리청과(주),20250807,오이,백다다기,18.00kg,없음,경상북도 상주시,4,56000,,,,trade
구리,구리청과(주),20250807,오이,백다다기,18.00kg,없음,경상북도 상주시,9,50000,,,,trade
구리,구리청과(주),20250807,오이,백다다기,18.00kg,없음,경상북도 상주시,10,58000,,,,trade
구리,구리청과(주),20250807,오이,백다다기,18.00kg,없음,경상북도 상주시,3,44000,,,,trade
구리,구리청과(주),20250807,오이,백다다기,18.00kg,없음,경상북도 상주시,9,70000,,,,trade
구리,구리청과(주),20250807,오이,백다다기,18.00kg,없음,경상북도 상주시,1,20000,,,,trade
구리,구리청과(주),20250807,오이,백다다기,18.00kg,없음,경상북도 상주시,8,46000,,,,trade
구리,구리청과(주),20250807,오이,백다다기,18.00kg,없음,경상북도 상주시,2,13000,,,,trade
구리,구리청과(주),20250807,오이,백다다기,18.00kg,없음,경상북도 상주시,2,11000,,,,trade
구리,구리청과(주),20250807,오이,백다다기,18.00kg,없음,경상북도 상주시,2,15000,,,,trade
구리,구리청과(주),20250807,오이,백다다기,18.00kg,없음,경상북도 상주시,3,29000,,,,trade
구리,구리청과(주),20250807,오이,백다다기,18.00kg,없음,경상북도 상주시,1,28000,,,,trade
구리,구리청과(주),20250807,오이,백다다기,18.00kg,없음,경상북도 상주시,3,45000,,,,trade
구리,구리청과(주),20250807,오이,백다다기,18.00kg,없음,경상북도 상주시,1,19000,,,,trade
구리,구리청과(주),20250807,오이,백다다기,18.00kg,없음,경상북도 상주시,7,27000,,,,trade
구리,구리청과(주),20250807,오이,백다다기,18.00kg,없음,경상북도 상주시,12,43000,,,,trade
구리,구리청과(주),20250807,오이,백다다기,18.00kg,없음,경상북도 상주시,1,19000,,,,trade
구리,구리청과(주),20250807,오이,백다다기,18.00kg,없음,경상북도 상주시,2,17000,,,,trade
구리,구리청과(주),20250807,오이,백다다기,18.00kg,없음,경상북도 상주시,2,24000,,,,trade
구리,구리청과(주),20250807,오이,백다다기,18.00kg,없음,경상북도 상주시,17,56000,,,,trade
구리,구리청과(주),20250807,오이,백다다기,18.00kg,없음,경상북도 상주시,5,20000,,,,trade
구리,구리청과(주),20250807,오이,백다다기,18.00kg,없음,경상북도 상주시,9,42000,,,,trade
구리,구리청과(주),20250807,오이,백다다기,18.00kg,없음,경상북도 상주시,15,17000,,,,trade
구리,구리청과(주),20250807,오이,백다다기,18.00kg,없음,경상북도 상주시,7,26000,,,,trade
구리,구리청과(주),20250807,오이,백다다기,18.00kg,없음,경상북도 상주시,9,48000,,,,trade
구리,구리청과(주),20250807,오이,백다다기,18.00kg,없음,경상북도 상주시,5,9000,,,,trade
구리,구리청과(주),20250807,오이,백다다기,18.00kg,없음,경상북도 상주시,11,14000,,,,trade
구리,구리청과(주),20250807,오이,백다다기,18.00kg,없음,경상북도 상주시,4,39000,,,,trade
구리,구리청과(주),20250807,오이,백다다기,18.00kg,없음,경상북도 상주시,2,17000,,,,trade
구리,구리청과(주),20250807,오이,백다다기,18.00kg,없음,경상북도 상주시,3,35000,,,,trade
구리,구리청과(주),20250807,오이,백다다기,18.00kg,없음,경상북도 상주시,7,54000,,,,trade
구리,구리청과(주),20250807,오이,백다다기,18.00kg,없음,경상북도 상주시,12,35000,,,,trade
구리,구리청과(주),20250807,오이,백다다기,18.00kg,없음,경상북도 상주시,4,48000,,,,trade
구리,구리청과(주),20250807,오이,백다다기,18.00kg,없음,경상북도 상주시,3,18000,,,,trade
구리,구리청과(주),20250807,오이,백다다기,18.00kg,없음,경상북도 상주시,20,60000,,,,trade
구리,구리청과(주),20250807,오이,백다다기,18.00kg,없음,경상북도 상주시,1,16000,,,,trade
구리,구리청과(주),20250807,오이,백다다기,18.00kg,없음,경상북도 상주시,1,18000,,,,trade
구리,구리청과(주),20250807,오이,백다다기,18.00kg,없음,경상북도 상주시,7,45000,,,,trade
구리,구리청과(주),20250807,오이,백다다기,18.00kg,없음,경상북도 상주시,3,15000,,,,trade
구리,구리청과(주),20250807,오이,백다다기,18.00kg,없음,경상북도 상주시,11,54000,,,,trade
구리,구리청과(주),20250807,오이,백다다기,18.00kg,없음,경상북도 상주시,2,18000,,,,trade
구리,구리청과(주),20250807,오이,백다다기,18.00kg,없음,경상북도 상주시,8,46000,,,,trade
구리,구리청과(주),20250807,오이,백다다기,18.00kg,없음,경상북도 상주시,1,26000,,,,trade
구리,구리청과(주),20250807,오이,백다다기,18.00kg,없음,경상북도 상주시,2,16000,,,,trade
구리,구리청과(주),20250807,오이,백다다기,18.00kg,없음,경상북도 상주시,12,57000,,,,trade
구리,구리청과(주),20250807,오이,백다다기,18.00kg,없음,경상북도 상주시,1,15000,,,,trade
구리,구리청과(주),20250807,오이,백다다기,18.00kg,없음,경상북도 상주시,1,22000,,,,trade
구리,구리청과(주),20250807,오이,백다다기,18.00kg,없음,경상북도 상주시,7,48000,,,,trade
구리,구리청과(주),20250807,오이,백다다기,18.00kg,없음,경상북도 상주시,4,22000,,,,trade
구리,구리청과(주),20250807,오이,백다다기,18.00kg,없음,경상북도 상주시,28,50000,,,,trade
구리,구리청과(주),20250807,오이,백다다기,18.00kg,없음,경상북도 상주시,5,18000,,,,trade
구리,구리청과(주),20250807,오이,백다다기,18.00kg,없음,경상북도 상주시,5,42000,,,,trade
구리,구리청과(주),20250807,오이,백다다기,18.00kg,없음,경상북도 상주시,1,14000,,,,trade
구리,구리청과(주),20250807,오이,백다다기,18.00kg,없음,경상북도 상주시,3,27000,,,,trade
구리,구리청과(주),20250807,오이,백다다기,18.00kg,없음,경상북도 상주시,5,33000,,,,trade
구리,구리청과(주),20250807,오이,백다다기,18.00kg,없음,경상북도 상주시,9,45000,,,,trade
구리,구리청과(주),20250807,오이,백다다기,18.00kg,없음,경상북도 상주시,2,15000,,,,trade
구리,구리청과(주),20250807,오이,백다다기,18.00kg,없음,경상북도 상주시,9,38000,,,,trade
구리,구리청과(주),20250807,오이,백다다기,18.00kg,없음,경상북도 상주시,1,28000,,,,trade
구리,구리청과(주),20250807,오이,백다다기,18.00kg,없음,경상북도 상주시,3,47000,,,,trade
구리,구리청과(주),20250807,오이,백다다기,18.00kg,없음,경상북도 상주시,40,60000,,,,trade
구리,구리청과(주),20250807,오이,백다다기,18.00kg,없음,경상북도 상주시,1,18000,,,,trade
구리,구리청과(주),20250807,오이,백다다기,18.00kg,없음,경상북도 상주시,1,25000,,,,trade
구리,구리청과(주),20250807,오이,백다다기,18.00kg,없음,경상북도 상주시,9,55000,,,,trade
구리,구리청과(주),20250807,오이,백다다기,18.00kg,없음,경상북도 상주시,1,8000,,,,trade
구리,구리청과(주),20250807,오이,백다다기,18.00kg,없음,경상북도 상주시,2,15000,,,,trade
구리,구리청과(주),20250807,오이,백다다기,18.00kg,없음,경상북도 상주시,7,15000,,,,trade
구리,구리청과(주),20250807,오이,백다다기,18.00kg,없음,경상북도 상주시,3,40000,,,,trade
구리,구리청과(주),20250807,오이,백다다기,18.00kg,없음,경상북도 상주시,3,20000,,,,trade
구리,구리청과(주),20250807,오이,백다다기,18.00kg,없음,경상북도 상주시,8,24000,,,,trade
구리,구리청과(주),20250807,오이,백다다기,18.00kg,없음,경상북도 상주시,29,56000,,,,trade
구리,구리청과(주),20250807,오이,백다다기,18.00kg,없음,경상북도 상주시,2,16000,,,,trade
구리,구리청과(주),20250807,오이,백다다기,18.00kg,없음,경상북도 상주시,3,16000,,,,trade
구리,구리청과(주),20250807,오이,백다다기,18.00kg,없음,경상북도 상주시,12,62000,,,,trade
구리,구리청과(주),20250807,오이,백다다기,18.00kg,없음,경상북도 상주시,2,13000,,,,trade
구리,구리청과(주),20250807,오이,백다다기,18.00kg,없음,경상북도 상주시,4,23000,,,,trade
구리,구리청과(주),20250807,오이,백다다기,18.00kg,없음,경상북도 상주시,8,33000,,,,trade
구리,구리청과(주),20250807,오이,백다다기,18.00kg,없음,경상북도 상주시,4,52000,,,,trade
구리,구리청과(주),20250807,오이,백다다기,18.00kg,없음,경상북도 상주시,6,58000,,,,trade
구리,구리청과(주),20250807,오이,백다다기,18.00kg,없음,경상북도 상주시,6,27000,,,,trade
구리,구리청과(주),20250807,오이,백다다기,18.00kg,없음,경상북도 상주시,24,63000,,,,trade
구리,구리청과(주),20250807,오이,백다다기,18.00kg,없음,경상북도 상주시,1,27000,,,,trade
구리,구리청과(주),20250807,오이,백다다기,18.00kg,없음,경상북도 상주시,2,37000,,,,trade
구리,구리청과(주),20250807,오이,백다다기,18.00kg,없음,경상북도 상주시,7,24000,,,,trade
구리,구리청과(주),20250807,오이,백다다기,18.00kg,없음,경상북도 상주시,14,67000,,,,trade
구리,구리청과(주),20250807,오이,백다다기,18.00kg,없음,경상북도 상주시,13,65000,,,,trade
구리,구리청과(주),20250812,오이,백다다기,10.00kg,없음,강원도 철원군,1,12500,,,,trade
구리,구리청과(주),20250812,오이,백다다기,8.00kg,없음,경기도 양주시,55,8400,,,,trade
구리,구리청과(주),20250812,오이,백다다기,8.00kg,없음,강원도 철원군,12,19100,,,,trade
구리,구리청과(주),20250812,오이,백다다기,10.00kg,없음,강원도 홍천군,3,29500,,,,trade
구리,구리청과(주),20250812,오이,백다다기,10.00kg,없음,강원도 홍천군,10,26500,,,,trade
구리,구리청과(주),20250812,오이,백다다기,10.00kg,없음,강원도 홍천군,2,16000,,,,trade
구리,구리청과(주),20250812,오이,백다다기,10.00kg,없음,강원도 홍천군,4,16000,,,,trade
구리,구리청과(주),20250812,오이,백다다기,10.00kg,없음,강원도 홍천군,10,28000,,,,trade
구리,구리청과(주),20250812,오이,백다다기,18.00kg,없음,강원도 홍천군,3,16000,,,,trade
구리,구리청과(주),20250812,오이,백다다기,10.00kg,없음,강원도 홍천군,24,26500,,,,trade
구리,구리청과(주),20250812,오이,백다다기,10.00kg,없음,강원도 홍천군,2,14500,,,,trade
구리,구리청과(주),20250812,오이,백다다기,10.00kg,없음,강원도 홍천군,5,33500,,,,trade
구리,구리청과(주),20250812,오이,백다다기,10.00kg,없음,강원도 화천군,6,18500,,,,trade
구리,구리청과(주),20250812,오이,백다다기,10.00kg,없음,강원도 화천군,3,12500,,,,trade
구리,구리청과(주),20250812,오이,백다다기,10.00kg,없음,강원도 화천군,10,30000,,,,trade
구리,구리청과(주),20250812,오이,백다다기,10.00kg,없음,강원도 화천군,2,2000,,,,trade
구리,구리청과(주),20250812,오이,백다다기,10.00kg,없음,강원도 화천군,20,23500,,,,trade
구리,구리청과(주),20250812,오이,백다다기,10.00kg,없음,강원도 화천군,17,10500,,,,trade
구리,구리청과(주),20250812,오이,백다다기,10.00kg,없음,강원도 화천군,39,18500,,,,trade
구리,구리청과(주),20250812,오이,백다다기,10.00kg,없음,강원도 화천군,1,14500,,,,trade
구리,구리청과(주),20250812,오이,백다다기,10.00kg,없음,강원도 화천군,10,25500,,,,trade
구리,구리청과(주),20250812,오이,백다다기,10.00kg,없음,강원도 화천군,9,13500,,,,trade
구리,구리청과(주),20250812,오이,백다다기,10.00kg,없음,강원도 화천군,7,26500,,,,trade
구리,구리청과(주),20250812,오이,백다다기,10.00kg,없음,강원도 화천군,18,29500,,,,trade
구리,구리청과(주),20250812,오이,백다다기,10.00kg,없음,강원도 화천군,1,15500,,,,trade
구리,구리청과(주),20250812,오이,백다다기,10.00kg,없음,강원도 화천군,13,28500,,,,trade
구리,구리청과(주),20250812,오이,백다다기,10.00kg,없음,강원도 화천군,9,33500,,,,trade
구리,구리청과(주),20250812,오이,백다다기,10.00kg,없음,강원도 춘천시,1,10000,,,,trade
구리,구리청과(주),20250812,오이,백다다기,10.00kg,없음,강원도 춘천시,4,22500,,,,trade
구리,구리청과(주),20250812,오이,백다다기,18.00kg,없음,경상북도 상주시,4,27000,,,,trade
구리,구리청과(주),20250812,오이,백다다기,18.00kg,없음,경상북도 상주시,1,27000,,,,trade
구리,구리청과(주),20250812,오이,백다다기,18.00kg,없음,경상북도 상주시,3,42000,,,,trade
구리,구리청과(주),20250812,오이,백다다기,18.00kg,없음,경상북도 상주시,5,65000,,,,trade
구리,구리청과(주),20250812,오이,백다다기,18.00kg,없음,경상북도 상주시,3,43000,,,,trade
구리,구리청과(주),20250812,오이,백다다기,18.00kg,없음,경상북도 상주시,5,56000,,,,trade
구리,구리청과(주),20250812,오이,백다다기,18.00kg,없음,경상북도 상주시,5,46000,,,,trade
구리,구리청과(주),20250812,오이,백다다기,18.00kg,없음,경상북도 상주시,1,58000,,,,trade
구리,구리청과(주),20250812,오이,백다다기,18.00kg,없음,경상북도 상주시,5,80000,,,,trade
구리,구리청과(주),20250812,오이,백다다기,18.00kg,없음,경상북도 상주시,1,18000,,,,trade
구리,구리청과(주),20250812,오이,백다다기,18.00kg,없음,경상북도 상주시,1,25000,,,,trade
구리,구리청과(주),20250812,오이,백다다기,18.00kg,없음,경상북도 상주시,3,38000,,,,trade
구리,구리청과(주),20250812,오이,백다다기,18.00kg,없음,경상북도 상주시,1,29000,,,,trade
구리,구리청과(주),20250812,오이,백다다기,18.00kg,없음,경상북도 상주시,8,73000,,,,trade
구리,구리청과(주),20250812,오이,백다다기,18.00kg,없음,경상북도 상주시,6,64000,,,,trade
구리,구리청과(주),20250812,오이,백다다기,18.00kg,없음,경상북도 상주시,2,62000,,,,trade
구리,구리청과(주),20250812,오이,백다다기,18.00kg,없음,경상북도 상주시,10,57000,,,,trade
구리,구리청과(주),20250812,오이,백다다기,18.00kg,없음,경상북도 상주시,1,23000,,,,trade
구리,구리청과(주),20250812,오이,백다다기,18.00kg,없음,경상북도 상주시,2,40000,,,,trade
구리,구리청과(주),20250812,오이,백다다기,18.00kg,없음,경상북도 상주시,10,33000,,,,trade
구리,구리청과(주),20250812,오이,백다다기,18.00kg,없음,경상북도 상주시,4,35000,,,,trade
구리,구리청과(주),20250812,오이,백다다기,18.00kg,없음,경상북도 상주시,2,36000,,,,trade
구리,구리청과(주),20250812,오이,백다다기,18.00kg,없음,경상북도 상주시,10,69000,,,,trade
구리,구리청과(주),20250812,오이,백다다기,18.00kg,없음,경상북도 상주시,1,29000,,,,trade
구리,구리청과(주),20250812,오이,백다다기,18.00kg,없음,경상북도 상주시,15,58000,,,,trade
구리,구리청과(주),20250812,오이,백다다기,18.00kg,없음,경상북도 상주시,2,28000,,,,trade
구리,구리청과(주),20250812,오이,백다다기,18.00kg,없음,경상북도 상주시,4,60000,,,,trade
구리,구리청과(주),20250812,오이,백다다기,18.00kg,없음,경상북도 상주시,2,33000,,,,trade
구리,구리청과(주),20250812,오이,백다다기,18.00kg,없음,경상북도 상주시,11,75000,,,,trade
구리,구리청과(주),20250812,오이,백다다기,18.00kg,없음,경상북도 상주시,1,25000,,,,trade
구리,구리청과(주),20250812,오이,백다다기,18.00kg,없음,경상북도 상주시,1,35000,,,,trade
구리,구리청과(주),20250812,오이,백다다기,18.00kg,없음,경상북도 상주시,8,63000,,,,trade
구리,구리청과(주),20250812,오이,백다다기,18.00kg,없음,경상북도 상주시,10,63000,,,,trade
구리,구리청과(주),20250812,오이,백다다기,18.00kg,없음,경상북도 상주시,2,54000,,,,trade
구리,구리청과(주),20250812,오이,백다다기,18.00kg,없음,경상북도 상주시,4,36000,,,,trade
구리,구리청과(주),20250812,오이,백다다기,18.00kg,없음,경상북도 상주시,20,68000,,,,trade
구리,구리청과(주),20250812,오이,백다다기,18.00kg,없음,경상북도 상주시,5,24000,,,,trade
구리,구리청과(주),20250812,오이,백다다기,18.00kg,없음,경상북도 상주시,3,38000,,,,trade
구리,구리청과(주),20250812,오이,백다다기,18.00kg,없음,경상북도 상주시,9,76000,,,,trade
구리,구리청과(주),20250812,오이,백다다기,18.00kg,없음,경상북도 상주시,6,43000,,,,trade
구리,구리청과(주),20250812,오이,백다다기,18.00kg,없음,경상북도 상주시,6,58000,,,,trade
구리,구리청과(주),20250812,오이,백다다기,18.00kg,없음,경상북도 상주시,1,38000,,,,trade
구리,구리청과(주),20250812,오이,백다다기,18.00kg,없음,경상북도 상주시,12,75000,,,,trade
구리,구리청과(주),20250812,오이,백다다기,18.00kg,없음,경상북도 상주시,40,77000,,,,trade
구리,구리청과(주),20250812,오이,백다다기,18.00kg,없음,경상북도 상주시,6,50000,,,,trade
구리,구리청과(주),20250812,오이,백다다기,18.00kg,없음,경상북도 상주시,16,72000,,,,trade
구리,구리청과(주),20250812,오이,백다다기,18.00kg,없음,경상북도 상주시,4,67000,,,,trade
구리,구리청과(주),20250812,오이,백다다기,18.00kg,없음,경상북도 상주시,1,20000,,,,trade
구리,구리청과(주),20250812,오이,백다다기,18.00kg,없음,경상북도 상주시,2,21000,,,,trade
구리,구리청과(주),20250812,오이,백다다기,18.00kg,없음,경상북도 상주시,4,52000,,,,trade
구리,구리청과(주),20250812,오이,백다다기,18.00kg,없음,경상북도 상주시,5,66000,,,,trade
구리,구리청과(주),20250812,오이,백다다기,18.00kg,없음,경상북도 상주시,4,70000,,,,trade
구리,구리청과(주),20250812,오이,백다다기,18.00kg,없음,경상북도 상주시,2,39000,,,,trade
구리,구리청과(주),20250812,오이,백다다기,18.00kg,없음,경상북도 상주시,13,73000,,,,trade
구리,구리청과(주),20250812,오이,백다다기,18.00kg,없음,경상북도 상주시,4,54000,,,,trade
구리,구리청과(주),20250812,오이,백다다기,18.00kg,없음,경상북도 상주시,2,43000,,,,trade
구리,구리청과(주),20250812,오이,백다다기,18.00kg,없음,경상북도 상주시,14,70000,,,,trade
구리,구리청과(주),20250812,오이,백다다기,18.00kg,없음,경상북도 상주시,5,62000,,,,trade
구리,구리청과(주),20250812,오이,백다다기,18.00kg,없음,경상북도 상주시,16,77000,,,,trade
구리,구리청과(주),20250814,오이,백다다기,10.00kg,없음,경상남도 진주시,34,12000,,,,trade
구리,구리청과(주),20250814,오이,백다다기,10.00kg,없음,경상남도 진주시,48,16000,,,,trade
구리,구리청과(주),20250814,오이,백다다기,10.00kg,없음,경상남도 진주시,80,26500,,,,trade
구리,구리청과(주),20250814,오이,백다다기,10.00kg,없음,경상남도 진주시,80,25500,,,,trade
구리,구리청과(주),20250814,오이,백다다기,10.00kg,없음,경상남도 진주시,10,24500,,,,trade
구리,구리청과(주),20250814,오이,백다다기,10.00kg,없음,강원도 철원군,2,11000,,,,trade
구리,구리청과(주),20250814,오이,백다다기,18.00kg,없음,강원도 춘천시,2,500,,,,trade
구리,구리청과(주),20250814,오이,백다다기,10.00kg,없음,강원도 춘천시,8,11000,,,,trade
구리,구리청과(주),20250814,오이,백다다기,10.00kg,없음,강원도 춘천시,1,12000,,,,trade
구리,구리청과(주),20250814,오이,백다다기,10.00kg,없음,강원도 춘천시,4,20500,,,,trade
구리,구리청과(주),20250814,오이,백다다기,8.00kg,없음,강원도 철원군,1,14000,,,,trade
구리,구리청과(주),20250814,오이,백다다기,8.00kg,없음,강원도 철원군,7,21000,,,,trade
구리,구리청과(주),20250814,오이,백다다기,10.00kg,없음,강원도 철원군,3,13500,,,,trade
구리,구리청과(주),20250814,오이,백다다기,10.00kg,없음,강원도 홍천군,1,13500,,,,trade
구리,구리청과(주),20250814,오이,백다다기,10.00kg,없음,강원도 홍천군,10,25000,,,,trade
구리,구리청과(주),20250814,오이,백다다기,10.00kg,없음,강원도 홍천군,2,12500,,,,trade
구리,구리청과(주),20250814,오이,백다다기,10.00kg,없음,강원도 홍천군,4,13500,,,,trade
구리,구리청과(주),20250814,오이,백다다기,10.00kg,없음,강원도 홍천군,11,26500,,,,trade
구리,구리청과(주),20250814,오이,백다다기,10.00kg,없음,강원도 홍천군,3,18500,,,,trade
구리,구리청과(주),20250814,오이,백다다기,10.00kg,없음,강원도 홍천군,5,19000,,,,trade
구리,구리청과(주),20250814,오이,백다다기,18.00kg,없음,강원도 홍천군,10,20000,,,,trade
구리,구리청과(주),20250814,오이,백다다기,10.00kg,없음,강원도 홍천군,36,23500,,,,trade
구리,구리청과(주),20250814,오이,백다다기,10.00kg,없음,강원도 화천군,1,11500,,,,trade
구리,구리청과(주),20250814,오이,백다다기,10.00kg,없음,강원도 화천군,12,22500,,,,trade
구리,구리청과(주),20250814,오이,백다다기,10.00kg,없음,강원도 화천군,4,18500,,,,trade
구리,구리청과(주),20250814,오이,백다다기,10.00kg,없음,강원도 화천군,1,4000,,,,trade
구리,구리청과(주),20250814,오이,백다다기,10.00kg,없음,강원도 화천군,17,25500,,,,trade
구리,구리청과(주),20250814,오이,백다다기,10.00kg,없음,강원도 화천군,17,155500,,,,trade
구리,구리청과(주),20250814,오이,백다다기,10.00kg,없음,강원도 화천군,1,15000,,,,trade
구리,구리청과(주),20250814,오이,백다다기,10.00kg,없음,강원도 화천군,9,35000,,,,trade
구리,구리청과(주),20250814,오이,백다다기,10.00kg,없음,강원도 화천군,14,11500,,,,trade
구리,구리청과(주),20250814,오이,백다다기,10.00kg,없음,강원도 화천군,22,20500,,,,trade
구리,구리청과(주),20250814,오이,백다다기,10.00kg,없음,강원도 화천군,3,13500,,,,trade
구리,구리청과(주),20250814,오이,백다다기,10.00kg,없음,강원도 화천군,11,28000,,,,trade
구리,구리청과(주),20250814,오이,백다다기,10.00kg,없음,강원도 화천군,6,8500,,,,trade
구리,구리청과(주),20250814,오이,백다다기,10.00kg,없음,강원도 화천군,8,23500,,,,trade
구리,구리청과(주),20250814,오이,백다다기,10.00kg,없음,강원도 화천군,13,26500,,,,trade
구리,구리청과(주),20250814,오이,백다다기,18.00kg,없음,경상북도 상주시,5,26000,,,,trade
구리,구리청과(주),20250814,오이,백다다기,18.00kg,없음,경상북도 상주시,3,22000,,,,trade
구리,구리청과(주),20250814,오이,백다다기,18.00kg,없음,경상북도 상주시,4,69000,,,,trade
구리,구리청과(주),20250814,오이,백다다기,18.00kg,없음,경상북도 상주시,1,17000,,,,trade
구리,구리청과(주),20250814,오이,백다다기,18.00kg,없음,경상북도 상주시,3,29000,,,,trade
구리,구리청과(주),20250814,오이,백다다기,18.00kg,없음,경상북도 상주시,9,76000,,,,trade
구리,구리청과(주),20250814,오이,백다다기,18.00kg,없음,경상북도 상주시,1,29000,,,,trade
구리,구리청과(주),20250814,오이,백다다기,18.00kg,없음,경상북도 상주시,6,65000,,,,trade
구리,구리청과(주),20250814,오이,백다다기,18.00kg,없음,경상북도 상주시,6,64000,,,,trade
구리,구리청과(주),20250814,오이,백다다기,18.00kg,없음,경상북도 상주시,10,43000,,,,trade
구리,구리청과(주),20250814,오이,백다다기,18.00kg,없음,경상북도 상주시,8,83000,,,,trade
구리,구리청과(주),20250814,오이,백다다기,18.00kg,없음,경상북도 상주시,12,27000,,,,trade
구리,구리청과(주),20250814,오이,백다다기,18.00kg,없음,경상북도 상주시,4,32000,,,,trade
구리,구리청과(주),20250814,오이,백다다기,18.00kg,없음,경상북도 상주시,11,28000,,,,trade
구리,구리청과(주),20250814,오이,백다다기,18.00kg,없음,경상북도 상주시,7,45000,,,,trade
구리,구리청과(주),20250814,오이,백다다기,18.00kg,없음,경상북도 상주시,2,60000,,,,trade
구리,구리청과(주),20250814,오이,백다다기,18.00kg,없음,경상북도 상주시,3,42000,,,,trade
구리,구리청과(주),20250814,오이,백다다기,18.00kg,없음,경상북도 상주시,11,76000,,,,trade
구리,구리청과(주),20250814,오이,백다다기,18.00kg,없음,경상북도 상주시,5,28000,,,,trade
구리,구리청과(주),20250814,오이,백다다기,18.00kg,없음,경상북도 상주시,13,74000,,,,trade
구리,구리청과(주),20250814,오이,백다다기,18.00kg,없음,경상북도 상주시,11,80000,,,,trade
구리,구리청과(주),20250814,오이,백다다기,18.00kg,없음,경상북도 상주시,1,25000,,,,trade
구리,구리청과(주),20250814,오이,백다다기,18.00kg,없음,경상북도 상주시,4,12000,,,,trade
구리,구리청과(주),20250814,오이,백다다기,18.00kg,없음,경상북도 상주시,3,22000,,,,trade
구리,구리청과(주),20250814,오이,백다다기,18.00kg,없음,경상북도 상주시,7,37000,,,,trade
구리,구리청과(주),20250814,오이,백다다기,18.00kg,없음,경상북도 상주시,2,32000,,,,trade
구리,구리청과(주),20250814,오이,백다다기,18.00kg,없음,경상북도 상주시,4,67000,,,,trade
구리,구리청과(주),20250814,오이,백다다기,18.00kg,없음,경상북도 상주시,1,22000,,,,trade
구리,구리청과(주),20250814,오이,백다다기,18.00kg,없음,경상북도 상주시,1,29000,,,,trade
구리,구리청과(주),20250814,오이,백다다기,18.00kg,없음,경상북도 상주시,7,73000,,,,trade
구리,구리청과(주),20250814,오이,백다다기,18.00kg,없음,경상북도 상주시,3,65000,,,,trade
구리,구리청과(주),20250814,오이,백다다기,18.00kg,없음,경상북도 상주시,1,16000,,,,trade
구리,구리청과(주),20250814,오이,백다다기,18.00kg,없음,경상북도 상주시,12,67000,,,,trade
구리,구리청과(주),20250814,오이,백다다기,18.00kg,없음,경상북도 상주시,1,28000,,,,trade
구리,구리청과(주),20250814,오이,백다다기,18.00kg,없음,경상북도 상주시,18,61000,,,,trade
구리,구리청과(주),20250814,오이,백다다기,18.00kg,없음,경상북도 상주시,3,68000,,,,trade
구리,구리청과(주),20250814,오이,백다다기,18.00kg,없음,경상북도 상주시,1,24000,,,,trade
구리,구리청과(주),20250814,오이,백다다기,18.00kg,없음,경상북도 상주시,2,18000,,,,trade
구리,구리청과(주),20250814,오이,백다다기,18.00kg,없음,경상북도 상주시,6,31000,,,,trade
구리,구리청과(주),20250814,오이,백다다기,18.00kg,없음,경상북도 상주시,9,60000,,,,trade
구리,구리청과(주),20250814,오이,백다다기,18.00kg,없음,경상북도 상주시,5,33000,,,,trade
구리,구리청과(주),20250814,오이,백다다기,18.00kg,없음,경상북도 상주시,19,60000,,,,trade
구리,구리청과(주),20250814,오이,백다다기,18.00kg,없음,경상북도 상주시,7,63000,,,,trade
구리,구리청과(주),20250814,오이,백다다기,18.00kg,없음,경상북도 상주시,5,70000,,,,trade
구리,구리청과(주),20250814,오이,백다다기,18.00kg,없음,경상북도 상주시,1,32000,,,,trade
구리,구리청과(주),20250814,오이,백다다기,18.00kg,없음,경상북도 상주시,10,52000,,,,trade
구리,구리청과(주),20250814,오이,백다다기,18.00kg,없음,경상북도 상주시,40,88000,,,,trade
구리,구리청과(주),20250814,오이,백다다기,18.00kg,없음,경상북도 상주시,1,27000,,,,trade
구리,구리청과(주),20250814,오이,백다다기,18.00kg,없음,경상북도 상주시,3,18000,,,,trade
구리,구리청과(주),20250814,오이,백다다기,18.00kg,없음,경상북도 상주시,5,46000,,,,trade
구리,구리청과(주),20250814,오이,백다다기,18.00kg,없음,경상북도 상주시,11,61000,,,,trade
구리,구리청과(주),20250814,오이,백다다기,18.00kg,없음,경상북도 상주시,4,69000,,,,trade
구리,구리청과(주),20250814,오이,백다다기,18.00kg,없음,경상북도 상주시,1,25000,,,,trade
구리,구리청과(주),20250814,오이,백다다기,18.00kg,없음,경상북도 상주시,3,44000,,,,trade
구리,구리청과(주),20250814,오이,백다다기,18.00kg,없음,경상북도 상주시,7,48000,,,,trade
구리,구리청과(주),20250814,오이,백다다기,18.00kg,없음,경상북도 상주시,4,72000,,,,trade
구리,구리청과(주),20250814,오이,백다다기,18.00kg,없음,경상북도 상주시,6,72000,,,,trade
구리,구리청과(주),20250814,오이,백다다기,18.00kg,없음,경상북도 상주시,2,36000,,,,trade
구리,구리청과(주),20250814,오이,백다다기,18.00kg,없음,경상북도 상주시,19,85000,,,,trade
구리,구리청과(주),20250814,오이,백다다기,18.00kg,없음,경상북도 상주시,1,44000,,,,trade
구리,구리청과(주),20250814,오이,백다다기,18.00kg,없음,경상북도 상주시,1,42000,,,,trade
구리,구리청과(주),20250814,오이,백다다기,18.00kg,없음,경상북도 상주시,4,53000,,,,trade
구리,구리청과(주),20250814,오이,백다다기,18.00kg,없음,경상북도 상주시,16,69000,,,,trade
구리,구리청과(주),20250814,오이,백다다기,18.00kg,없음,경상북도 상주시,1,38000,,,,trade
구리,구리청과(주),20250814,오이,백다다기,18.00kg,없음,경상북도 상주시,1,28000,,,,trade
구리,구리청과(주),20250814,오이,백다다기,18.00kg,없음,경상북도 상주시,3,52000,,,,trade
구리,구리청과(주),20250814,오이,백다다기,18.00kg,없음,경상북도 상주시,8,86000,,,,trade
구리,구리청과(주),20250819,오이,백다다기,8.00kg,없음,경기도 양주시,43,7000,,,,trade
구리,구리청과(주),20250819,오이,백다다기,10.00kg,없음,강원도 철원군,3,17500,,,,trade
구리,구리청과(주),20250819,오이,백다다기,8.00kg,없음,강원도 철원군,1,12500,,,,trade
구리,구리청과(주),20250819,오이,백다다기,8.00kg,없음,강원도 철원군,7,17800,,,,trade
구리,구리청과(주),20250819,오이,백다다기,18.00kg,없음,강원도 춘천시,2,13500,,,,trade
구리,구리청과(주),20250819,오이,백다다기,10.00kg,없음,강원도 춘천시,8,14500,,,,trade
구리,구리청과(주),20250819,오이,백다다기,18.00kg,없음,강원도 춘천시,1,25000,,,,trade
구리,구리청과(주),20250819,오이,백다다기,10.00kg,없음,강원도 춘천시,9,21000,,,,trade
구리,구리청과(주),20250819,오이,백다다기,10.00kg,없음,강원도 춘천시,1,15500,,,,trade
구리,구리청과(주),20250819,오이,백다다기,10.00kg,없음,강원도 춘천시,5,21000,,,,trade
구리,구리청과(주),20250819,오이,백다다기,10.00kg,없음,강원도 홍천군,1,17500,,,,trade
구리,구리청과(주),20250819,오이,백다다기,10.00kg,없음,강원도 홍천군,2,20000,,,,trade
구리,구리청과(주),20250819,오이,백다다기,10.00kg,없음,강원도 홍천군,15,27500,,,,trade
구리,구리청과(주),20250819,오이,백다다기,10.00kg,없음,강원도 홍천군,4,15500,,,,trade
구리,구리청과(주),20250819,오이,백다다기,10.00kg,없음,강원도 홍천군,16,29000,,,,trade
구리,구리청과(주),20250819,오이,백다다기,10.00kg,없음,강원도 홍천군,1,17500,,,,trade
구리,구리청과(주),20250819,오이,백다다기,10.00kg,없음,강원도 홍천군,9,32500,,,,trade
구리,구리청과(주),20250819,오이,백다다기,10.00kg,없음,강원도 홍천군,1,16500,,,,trade
구리,구리청과(주),20250819,오이,백다다기,10.00kg,없음,강원도 홍천군,1,21000,,,,trade
구리,구리청과(주),20250819,오이,백다다기,10.00kg,없음,강원도 홍천군,2,16500,,,,trade
구리,구리청과(주),20250819,오이,백다다기,10.00kg,없음,강원도 홍천군,17,27500,,,,trade
구리,구리청과(주),20250819,오이,백다다기,10.00kg,없음,강원도 홍천군,5,16500,,,,trade
구리,구리청과(주),20250819,오이,백다다기,10.00kg,없음,강원도 홍천군,6,21000,,,,trade
구리,구리청과(주),20250819,오이,백다다기,10.00kg,없음,강원도 화천군,4,2500,,,,trade
구리,구리청과(주),20250819,오이,백다다기,10.00kg,없음,강원도 화천군,9,23500,,,,trade
구리,구리청과(주),20250819,오이,백다다기,10.00kg,없음,강원도 화천군,3,22000,,,,trade
구리,구리청과(주),20250819,오이,백다다기,10.00kg,없음,강원도 화천군,17,12500,,,,trade
구리,구리청과(주),20250819,오이,백다다기,10.00kg,없음,강원도 화천군,39,19500,,,,trade
구리,구리청과(주),20250819,오이,백다다기,10.00kg,없음,강원도 화천군,5,24000,,,,trade
구리,구리청과(주),20250819,오이,백다다기,10.00kg,없음,강원도 화천군,3,13500,,,,trade
구리,구리청과(주),20250819,오이,백다다기,10.00kg,없음,강원도 화천군,8,26000,,,,trade
구리,구리청과(주),20250819,오이,백다다기,10.00kg,없음,강원도 화천군,3,22000,,,,trade
구리,구리청과(주),20250819,오이,백다다기,10.00kg,없음,강원도 화천군,14,37500,,,,trade
구리,구리청과(주),20250819,오이,백다다기,18.00kg,없음,경상북도 상주시,3,14000,,,,trade
구리,구리청과(주),20250819,오이,백다다기,18.00kg,없음,경상북도 상주시,9,13000,,,,trade
구리,구리청과(주),20250819,오이,백다다기,18.00kg,없음,경상북도 상주시,6,56000,,,,trade
구리,구리청과(주),20250819,오이,백다다기,18.00kg,없음,경상북도 상주시,10,59000,,,,trade
구리,구리청과(주),20250819,오이,백다다기,18.00kg,없음,경상북도 상주시,3,33000,,,,trade
구리,구리청과(주),20250819,오이,백다다기,18.00kg,없음,경상북도 상주시,9,38000,,,,trade
구리,구리청과(주),20250819,오이,백다다기,18.00kg,없음,경상북도 상주시,8,72000,,,,trade
구리,구리청과(주),20250819,오이,백다다기,18.00kg,없음,경상북도 상주시,2,16000,,,,trade
구리,구리청과(주),20250819,오이,백다다기,18.00kg,없음,경상북도 상주시,9,33000,,,,trade
구리,구리청과(주),20250819,오이,백다다기,18.00kg,없음,경상북도 상주시,2,48000,,,,trade
구리,구리청과(주),20250819,오이,백다다기,18.00kg,없음,경상북도 상주시,5,58000,,,,trade
구리,구리청과(주),20250819,오이,백다다기,18.00kg,없음,경상북도 상주시,11,73000,,,,trade
구리,구리청과(주),20250819,오이,백다다기,18.00kg,없음,경상북도 상주시,1,20000,,,,trade
구리,구리청과(주),20250819,오이,백다다기,18.00kg,없음,경상북도 상주시,2,18000,,,,trade
구리,구리청과(주),20250819,오이,백다다기,18.00kg,없음,경상북도 상주시,2,29000,,,,trade
구리,구리청과(주),20250819,오이,백다다기,18.00kg,없음,경상북도 상주시,17,68000,,,,trade
구리,구리청과(주),20250819,오이,백다다기,18.00kg,없음,경상북도 상주시,14,14000,,,,trade
구리,구리청과(주),20250819,오이,백다다기,18.00kg,없음,경상북도 상주시,6,28000,,,,trade
구리,구리청과(주),20250819,오이,백다다기,18.00kg,없음,경상북도 상주시,9,70000,,,,trade
구리,구리청과(주),20250819,오이,백다다기,18.00kg,없음,경상북도 상주시,1,34000,,,,trade
구리,구리청과(주),20250819,오이,백다다기,18.00kg,없음,경상북도 상주시,2,46000,,,,trade
구리,구리청과(주),20250819,오이,백다다기,18.00kg,없음,경상북도 상주시,12,67000,,,,trade
구리,구리청과(주),20250819,오이,백다다기,18.00kg,없음,경상북도 상주시,2,16000,,,,trade
구리,구리청과(주),20250819,오이,백다다기,18.00kg,없음,경상북도 상주시,9,16000,,,,trade
구리,구리청과(주),20250819,오이,백다다기,18.00kg,없음,경상북도 상주시,2,12000,,,,trade
구리,구리청과(주),20250819,오이,백다다기,18.00kg,없음,경상북도 상주시,8,30000,,,,trade
구리,구리청과(주),20250819,오이,백다다기,18.00kg,없음,경상북도 상주시,1,33000,,,,trade
구리,구리청과(주),20250819,오이,백다다기,18.00kg,없음,경상북도 상주시,7,54000,,,,trade
구리,구리청과(주),20250819,오이,백다다기,18.00kg,없음,경상북도 상주시,1,29000,,,,trade
구리,구리청과(주),20250819,오이,백다다기,18.00kg,없음,경상북도 상주시,4,57000,,,,trade
구리,구리청과(주),20250819,오이,백다다기,18.00kg,없음,경상북도 상주시,1,29000,,,,trade
구리,구리청과(주),20250819,오이,백다다기,18.00kg,없음,경상북도 상주시,1,38000,,,,trade
구리,구리청과(주),20250819,오이,백다다기,18.00kg,없음,경상북도 상주시,11,68000,,,,trade
구리,구리청과(주),20250819,오이,백다다기,18.00kg,없음,경상북도 상주시,3,50000,,,,trade
구리,구리청과(주),20250819,오이,백다다기,18.00kg,없음,경상북도 상주시,11,58000,,,,trade
구리,구리청과(주),20250819,오이,백다다기,18.00kg,없음,경상북도 상주시,6,48000,,,,trade
구리,구리청과(주),20250819,오이,백다다기,18.00kg,없음,경상북도 상주시,6,22000,,,,trade
구리,구리청과(주),20250819,오이,백다다기,18.00kg,없음,경상북도 상주시,18,67000,,,,trade
구리,구리청과(주),20250819,오이,백다다기,18.00kg,없음,경상북도 상주시,12,67000,,,,trade
구리,구리청과(주),20250819,오이,백다다기,18.00kg,없음,경상북도 상주시,2,21000,,,,trade
구리,구리청과(주),20250819,오이,백다다기,18.00kg,없음,경상북도 상주시,1,16000,,,,trade
구리,구리청과(주),20250819,오이,백다다기,18.00kg,없음,경상북도 상주시,2,30000,,,,trade
구리,구리청과(주),20250819,오이,백다다기,18.00kg,없음,경상북도 상주시,8,59000,,,,trade
구리,구리청과(주),20250819,오이,백다다기,18.00kg,없음,경상북도 상주시,6,28000,,,,trade
구리,구리청과(주),20250819,오이,백다다기,18.00kg,없음,경상북도 상주시,10,59000,,,,trade
구리,구리청과(주),20250819,오이,백다다기,18.00kg,없음,경상북도 상주시,1,23000,,,,trade
구리,구리청과(주),20250819,오이,백다다기,18.00kg,없음,경상북도 상주시,9,43000,,,,trade
구리,구리청과(주),20250819,오이,백다다기,18.00kg,없음,경상북도 상주시,1,31000,,,,trade
구리,구리청과(주),20250819,오이,백다다기,18.00kg,없음,경상북도 상주시,2,53000,,,,trade
구리,구리청과(주),20250819,오이,백다다기,18.00kg,없음,경상북도 상주시,3,46000,,,,trade
구리,구리청과(주),20250819,오이,백다다기,18.00kg,없음,경상북도 상주시,10,66000,,,,trade
구리,구리청과(주),20250819,오이,백다다기,18.00kg,없음,경상북도 상주시,3,19000,,,,trade
구리,구리청과(주),20250819,오이,백다다기,18.00kg,없음,경상북도 상주시,4,26000,,,,trade
구리,구리청과(주),20250819,오이,백다다기,18.00kg,없음,경상북도 상주시,4,35000,,,,trade
구리,구리청과(주),20250819,오이,백다다기,18.00kg,없음,경상북도 상주시,3,48000,,,,trade
구리,구리청과(주),20250819,오이,백다다기,18.00kg,없음,경상북도 상주시,5,54000,,,,trade
구리,구리청과(주),20250819,오이,백다다기,18.00kg,없음,경상북도 상주시,24,66000,,,,trade
구리,구리청과(주),20250819,오이,백다다기,18.00kg,없음,경상북도 상주시,6,31000,,,,trade
구리,구리청과(주),20250819,오이,백다다기,18.00kg,없음,경상북도 상주시,12,67000,,,,trade
구리,구리청과(주),20250819,오이,백다다기,18.00kg,없음,경상북도 상주시,1,19000,,,,trade
구리,구리청과(주),20250819,오이,백다다기,18.00kg,없음,경상북도 상주시,2,27000,,,,trade
구리,구리청과(주),20250819,오이,백다다기,18.00kg,없음,경상북도 상주시,7,40000,,,,trade
구리,구리청과(주),20250819,오이,백다다기,18.00kg,없음,경상북도 상주시,5,58000,,,,trade
구리,구리청과(주),20250819,오이,백다다기,18.00kg,없음,경상북도 상주시,11,64000,,,,trade
구리,구리청과(주),20250819,오이,백다다기,18.00kg,없음,경상북도 상주시,1,27000,,,,trade
구리,구리청과(주),20250819,오이,백다다기,18.00kg,없음,경상북도 상주시,5,28000,,,,trade
구리,구리청과(주),20250819,오이,백다다기,18.00kg,없음,경상북도 상주시,10,51000,,,,trade
구리,구리청과(주),20250819,오이,백다다기,18.00kg,없음,경상북도 상주시,5,43000,,,,trade
구리,구리청과(주),20250819,오이,백다다기,18.00kg,없음,경상북도 상주시,22,67000,,,,trade
구리,구리청과(주),20250819,오이,백다다기,18.00kg,없음,경상북도 상주시,1,29000,,,,trade
구리,구리청과(주),20250819,오이,백다다기,18.00kg,없음,경상북도 상주시,2,23000,,,,trade
구리,구리청과(주),20250819,오이,백다다기,18.00kg,없음,경상북도 상주시,1,36000,,,,trade
구리,구리청과(주),20250819,오이,백다다기,18.00kg,없음,경상북도 상주시,7,58000,,,,trade
구리,구리청과(주),20250821,오이,백다다기,10.00kg,없음,강원도 철원군,1,18000,,,,trade
구리,구리청과(주),20250821,오이,백다다기,8.00kg,없음,강원도 철원군,1,11500,,,,trade
구리,구리청과(주),20250821,오이,백다다기,8.00kg,없음,강원도 철원군,8,23800,,,,trade
구리,구리청과(주),20250821,오이,백다다기,18.00kg,없음,강원도 춘천시,3,8000,,,,trade
구리,구리청과(주),20250821,오이,백다다기,10.00kg,없음,강원도 춘천시,7,38500,,,,trade
구리,구리청과(주),20250821,오이,백다다기,18.00kg,없음,강원도 춘천시,1,29000,,,,trade
구리,구리청과(주),20250821,오이,백다다기,10.00kg,없음,강원도 춘천시,12,37500,,,,trade
구리,구리청과(주),20250821,오이,백다다기,10.00kg,없음,강원도 춘천시,1,19000,,,,trade
구리,구리청과(주),20250821,오이,백다다기,10.00kg,없음,강원도 춘천시,6,43500,,,,trade
구리,구리청과(주),20250821,오이,백다다기,10.00kg,없음,강원도 홍천군,2,28500,,,,trade
구리,구리청과(주),20250821,오이,백다다기,10.00kg,없음,강원도 홍천군,3,38500,,,,trade
구리,구리청과(주),20250821,오이,백다다기,10.00kg,없음,강원도 홍천군,2,24500,,,,trade
구리,구리청과(주),20250821,오이,백다다기,10.00kg,없음,강원도 홍천군,9,38500,,,,trade
구리,구리청과(주),20250821,오이,백다다기,10.00kg,없음,강원도 홍천군,2,18500,,,,trade
구리,구리청과(주),20250821,오이,백다다기,10.00kg,없음,강원도 홍천군,6,43000,,,,trade
구리,구리청과(주),20250821,오이,백다다기,10.00kg,없음,강원도 홍천군,3,15500,,,,trade
구리,구리청과(주),20250821,오이,백다다기,10.00kg,없음,강원도 홍천군,19,45000,,,,trade
구리,구리청과(주),20250821,오이,백다다기,10.00kg,없음,강원도 홍천군,18,42500,,,,trade
구리,구리청과(주),20250821,오이,백다다기,10.00kg,없음,강원도 화천군,1,27500,,,,trade
구리,구리청과(주),20250821,오이,백다다기,10.00kg,없음,강원도 화천군,2,2000,,,,trade
구리,구리청과(주),20250821,오이,백다다기,10.00kg,없음,강원도 화천군,13,35000,,,,trade
구리,구리청과(주),20250821,오이,백다다기,10.00kg,없음,강원도 화천군,14,16000,,,,trade
구리,구리청과(주),20250821,오이,백다다기,10.00kg,없음,강원도 화천군,14,40000,,,,trade
구리,구리청과(주),20250821,오이,백다다기,10.00kg,없음,강원도 화천군,3,19000,,,,trade
구리,구리청과(주),20250821,오이,백다다기,10.00kg,없음,강원도 화천군,7,37500,,,,trade
구리,구리청과(주),20250821,오이,백다다기,10.00kg,없음,강원도 화천군,1,15000,,,,trade
구리,구리청과(주),20250821,오이,백다다기,10.00kg,없음,강원도 화천군,4,28000,,,,trade
구리,구리청과(주),20250821,오이,백다다기,10.00kg,없음,강원도 화천군,1,26000,,,,trade
구리,구리청과(주),20250821,오이,백다다기,10.00kg,없음,강원도 화천군,6,50000,,,,trade
구리,구리청과(주),20250821,오이,백다다기,18.00kg,없음,경상북도 상주시,1,31000,,,,trade
구리,구리청과(주),20250821,오이,백다다기,18.00kg,없음,경상북도 상주시,20,19000,,,,trade
구리,구리청과(주),20250821,오이,백다다기,18.00kg,없음,경상북도 상주시,1,12000,,,,trade
구리,구리청과(주),20250821,오이,백다다기,18.00kg,없음,경상북도 상주시,7,33000,,,,trade
구리,구리청과(주),20250821,오이,백다다기,18.00kg,없음,경상북도 상주시,4,78000,,,,trade
구리,구리청과(주),20250821,오이,백다다기,18.00kg,없음,경상북도 상주시,4,73000,,,,trade
구리,구리청과(주),20250821,오이,백다다기,18.00kg,없음,경상북도 상주시,4,77000,,,,trade
구리,구리청과(주),20250821,오이,백다다기,18.00kg,없음,경상북도 상주시,1,19000,,,,trade
구리,구리청과(주),20250821,오이,백다다기,18.00kg,없음,경상북도 상주시,2,43000,,,,trade
구리,구리청과(주),20250821,오이,백다다기,18.00kg,없음,경상북도 상주시,8,90000,,,,trade
구리,구리청과(주),20250821,오이,백다다기,18.00kg,없음,경상북도 상주시,4,58000,,,,trade
구리,구리청과(주),20250821,오이,백다다기,18.00kg,없음,경상북도 상주시,9,87000,,,,trade
구리,구리청과(주),20250821,오이,백다다기,18.00kg,없음,경상북도 상주시,1,25000,,,,trade
구리,구리청과(주),20250821,오이,백다다기,18.00kg,없음,경상북도 상주시,4,41000,,,,trade
구리,구리청과(주),20250821,오이,백다다기,18.00kg,없음,경상북도 상주시,2,29000,,,,trade
구리,구리청과(주),20250821,오이,백다다기,18.00kg,없음,경상북도 상주시,3,61000,,,,trade
구리,구리청과(주),20250821,오이,백다다기,18.00kg,없음,경상북도 상주시,19,96000,,,,trade
구리,구리청과(주),20250821,오이,백다다기,18.00kg,없음,경상북도 상주시,1,10000,,,,trade
구리,구리청과(주),20250821,오이,백다다기,18.00kg,없음,경상북도 상주시,1,15000,,,,trade
구리,구리청과(주),20250821,오이,백다다기,18.00kg,없음,경상북도 상주시,9,30000,,,,trade
구리,구리청과(주),20250821,오이,백다다기,18.00kg,없음,경상북도 상주시,5,25000,,,,trade
구리,구리청과(주),20250821,오이,백다다기,18.00kg,없음,경상북도 상주시,6,84000,,,,trade
구리,구리청과(주),20250821,오이,백다다기,18.00kg,없음,경상북도 상주시,5,47000,,,,trade
구리,구리청과(주),20250821,오이,백다다기,18.00kg,없음,경상북도 상주시,11,80000,,,,trade
구리,구리청과(주),20250821,오이,백다다기,18.00kg,없음,경상북도 상주시,1,22000,,,,trade
구리,구리청과(주),20250821,오이,백다다기,18.00kg,없음,경상북도 상주시,1,34000,,,,trade
구리,구리청과(주),20250821,오이,백다다기,18.00kg,없음,경상북도 상주시,6,82000,,,,trade
구리,구리청과(주),20250821,오이,백다다기,18.00kg,없음,경상북도 상주시,1,48000,,,,trade
구리,구리청과(주),20250821,오이,백다다기,18.00kg,없음,경상북도 상주시,3,92000,,,,trade
구리,구리청과(주),20250821,오이,백다다기,18.00kg,없음,경상북도 상주시,1,18000,,,,trade
구리,구리청과(주),20250821,오이,백다다기,18.00kg,없음,경상북도 상주시,3,75000,,,,trade
구리,구리청과(주),20250821,오이,백다다기,18.00kg,없음,경상북도 상주시,8,82000,,,,trade
구리,구리청과(주),20250821,오이,백다다기,18.00kg,없음,경상북도 상주시,1,26000,,,,trade
구리,구리청과(주),20250821,오이,백다다기,18.00kg,없음,경상북도 상주시,5,39000,,,,trade
구리,구리청과(주),20250821,오이,백다다기,18.00kg,없음,경상북도 상주시,15,82000,,,,trade
구리,구리청과(주),20250821,오이,백다다기,18.00kg,없음,경상북도 상주시,3,26000,,,,trade
구리,구리청과(주),20250821,오이,백다다기,18.00kg,없음,경상북도 상주시,8,45000,,,,trade
구리,구리청과(주),20250821,오이,백다다기,18.00kg,없음,경상북도 상주시,43,90000,,,,trade
구리,구리청과(주),20250821,오이,백다다기,18.00kg,없음,경상북도 상주시,3,60000,,,,trade
구리,구리청과(주),20250821,오이,백다다기,18.00kg,없음,경상북도 상주시,13,88000,,,,trade
구리,구리청과(주),20250821,오이,백다다기,18.00kg,없음,경상북도 상주시,5,17000,,,,trade
구리,구리청과(주),20250821,오이,백다다기,18.00kg,없음,경상북도 상주시,2,33000,,,,trade
구리,구리청과(주),20250821,오이,백다다기,18.00kg,없음,경상북도 상주시,5,48000,,,,trade
구리,구리청과(주),20250821,오이,백다다기,18.00kg,없음,경상북도 상주시,1,33000,,,,trade
구리,구리청과(주),20250821,오이,백다다기,18.00kg,없음,경상북도 상주시,2,66000,,,,trade
구리,구리청과(주),20250821,오이,백다다기,18.00kg,없음,경상북도 상주시,1,28000,,,,trade
구리,구리청과(주),20250821,오이,백다다기,18.00kg,없음,경상북도 상주시,8,62000,,,,trade
구리,구리청과(주),20250821,오이,백다다기,18.00kg,없음,경상북도 상주시,1,23000,,,,trade
구리,구리청과(주),20250821,오이,백다다기,18.00kg,없음,경상북도 상주시,7,77000,,,,trade
구리,구리청과(주),20250821,오이,백다다기,18.00kg,없음,경상북도 상주시,1,18000,,,,trade
구리,구리청과(주),20250821,오이,백다다기,18.00kg,없음,경상북도 상주시,20,40000,,,,trade
구리,구리청과(주),20250821,오이,백다다기,18.00kg,없음,경상북도 상주시,34,58000,,,,trade
구리,구리청과(주),20250821,오이,백다다기,18.00kg,없음,경상북도 상주시,1,54000,,,,trade
구리,구리청과(주),20250821,오이,백다다기,18.00kg,없음,경상북도 상주시,11,100000,,,,trade
구리,구리청과(주),20250821,오이,백다다기,18.00kg,없음,경상북도 상주시,5,86000,,,,trade
구리,구리청과(주),20250821,오이,백다다기,18.00kg,없음,경상북도 상주시,11,25000,,,,trade
구리,구리청과(주),20250821,오이,백다다기,18.00kg,없음,경상북도 상주시,7,94000,,,,trade
구리,구리청과(주),20250821,오이,백다다기,18.00kg,없음,경상북도 상주시,2,23000,,,,trade
구리,구리청과(주),20250821,오이,백다다기,18.00kg,없음,경상북도 상주시,1,30000,,,,trade
구리,구리청과(주),20250821,오이,백다다기,18.00kg,없음,경상북도 상주시,2,43000,,,,trade
구리,구리청과(주),20250821,오이,백다다기,18.00kg,없음,경상북도 상주시,9,84000,,,,trade
구리,구리청과(주),20250821,오이,백다다기,18.00kg,없음,경상북도 상주시,4,40000,,,,trade
구리,구리청과(주),20250821,오이,백다다기,18.00kg,없음,경상북도 상주시,4,86000,,,,trade
구리,구리청과(주),20250821,오이,백다다기,18.00kg,없음,경상북도 상주시,1,28000,,,,trade
구리,구리청과(주),20250821,오이,백다다기,18.00kg,없음,경상북도 상주시,1,199000,,,,trade
구리,구리청과(주),20250821,오이,백다다기,18.00kg,없음,경상북도 상주시,3,36000,,,,trade
구리,구리청과(주),20250821,오이,백다다기,18.00kg,없음,경상북도 상주시,7,58000,,,,trade
구리,구리청과(주),20250821,오이,백다다기,18.00kg,없음,경상북도 상주시,2,80000,,,,trade
구리,구리청과(주),20250821,오이,백다다기,18.00kg,없음,경상북도 상주시,9,85000,,,,trade
구리,구리청과(주),20250821,오이,백다다기,18.00kg,없음,경상북도 상주시,5,39000,,,,trade
구리,구리청과(주),20250821,오이,백다다기,18.00kg,없음,경상북도 상주시,5,77000,,,,trade
구리,구리청과(주),20250821,오이,백다다기,18.00kg,없음,경상북도 상주시,2,42000,,,,trade
구리,구리청과(주),20250821,오이,백다다기,18.00kg,없음,경상북도 상주시,17,95000,,,,trade
구리,구리청과(주),20250821,오이,백다다기,18.00kg,없음,경상북도 상주시,4,44000,,,,trade
구리,구리청과(주),20250821,오이,백다다기,18.00kg,없음,경상북도 상주시,10,92000,,,,trade
구리,구리청과(주),20250826,오이,백다다기,10.00kg,없음,강원도 춘천시,1,16500,,,,trade
구리,구리청과(주),20250826,오이,백다다기,10.00kg,없음,강원도 춘천시,2,20000,,,,trade
구리,구리청과(주),20250826,오이,백다다기,18.00kg,없음,강원도 춘천시,2,23000,,,,trade
구리,구리청과(주),20250826,오이,백다다기,10.00kg,없음,강원도 춘천시,5,18500,,,,trade
구리,구리청과(주),20250826,오이,백다다기,10.00kg,없음,강원도 춘천시,6,16500,,,,trade
구리,구리청과(주),20250826,오이,백다다기,18.00kg,없음,강원도 춘천시,1,4000,,,,trade
구리,구리청과(주),20250826,오이,백다다기,10.00kg,없음,강원도 춘천시,16,17500,,,,trade
구리,구리청과(주),20250826,오이,백다다기,10.00kg,없음,강원도 춘천시,6,18500,,,,trade
구리,구리청과(주),20250826,오이,백다다기,10.00kg,없음,강원도 춘천시,5,27500,,,,trade
구리,구리청과(주),20250826,오이,백다다기,10.00kg,없음,강원도 춘천시,1,16500,,,,trade
구리,구리청과(주),20250826,오이,백다다기,10.00kg,없음,강원도 춘천시,4,32000,,,,trade
구리,구리청과(주),20250826,오이,백다다기,8.00kg,없음,경기도 양주시,40,4500,,,,trade
구리,구리청과(주),20250826,오이,백다다기,10.00kg,없음,강원도 철원군,3,24000,,,,trade
구리,구리청과(주),20250826,오이,백다다기,10.00kg,없음,강원도 철원군,1,5500,,,,trade
구리,구리청과(주),20250826,오이,백다다기,8.00kg,없음,강원도 철원군,1,9000,,,,trade
구리,구리청과(주),20250826,오이,백다다기,8.00kg,없음,강원도 철원군,7,19000,,,,trade
구리,구리청과(주),20250826,오이,백다다기,10.00kg,없음,경기도 남양주시,11,19000,,,,trade
구리,구리청과(주),20250826,오이,백다다기,10.00kg,없음,경기도 남양주시,18,36000,,,,trade
구리,구리청과(주),20250826,오이,백다다기,10.00kg,없음,강원도 홍천군,20,18000,,,,trade
구리,구리청과(주),20250826,오이,백다다기,10.00kg,없음,강원도 홍천군,2,1000,,,,trade
구리,구리청과(주),20250826,오이,백다다기,10.00kg,없음,강원도 홍천군,20,22500,,,,trade
구리,구리청과(주),20250826,오이,백다다기,10.00kg,없음,강원도 홍천군,1,12500,,,,trade
구리,구리청과(주),20250826,오이,백다다기,10.00kg,없음,강원도 홍천군,1,11000,,,,trade
구리,구리청과(주),20250826,오이,백다다기,10.00kg,없음,강원도 홍천군,6,20000,,,,trade
구리,구리청과(주),20250826,오이,백다다기,10.00kg,없음,강원도 홍천군,3,22500,,,,trade
구리,구리청과(주),20250826,오이,백다다기,10.00kg,없음,강원도 홍천군,2,18500,,,,trade
구리,구리청과(주),20250826,오이,백다다기,10.00kg,없음,강원도 홍천군,10,30500,,,,trade
구리,구리청과(주),20250826,오이,백다다기,10.00kg,없음,강원도 홍천군,3,18500,,,,trade
구리,구리청과(주),20250826,오이,백다다기,10.00kg,없음,강원도 홍천군,6,34500,,,,trade
구리,구리청과(주),20250826,오이,백다다기,10.00kg,없음,강원도 홍천군,7,26500,,,,trade
구리,구리청과(주),20250826,오이,백다다기,10.00kg,없음,강원도 화천군,7,22500,,,,trade
구리,구리청과(주),20250826,오이,백다다기,18.00kg,없음,경상북도 상주시,14,26000,,,,trade
구리,구리청과(주),20250826,오이,백다다기,10.00kg,없음,강원도 화천군,6,14500,,,,trade
구리,구리청과(주),20250826,오이,백다다기,10.00kg,없음,강원도 화천군,15,24500,,,,trade
구리,구리청과(주),20250826,오이,백다다기,10.00kg,없음,강원도 화천군,21,22000,,,,trade
구리,구리청과(주),20250826,오이,백다다기,10.00kg,없음,강원도 화천군,7,24500,,,,trade
구리,구리청과(주),20250826,오이,백다다기,10.00kg,없음,강원도 화천군,3,22000,,,,trade
구리,구리청과(주),20250826,오이,백다다기,10.00kg,없음,강원도 화천군,9,39000,,,,trade
구리,구리청과(주),20250826,오이,백다다기,18.00kg,없음,경상북도 상주시,2,12000,,,,trade
구리,구리청과(주),20250826,오이,백다다기,18.00kg,없음,경상북도 상주시,5,30000,,,,trade
구리,구리청과(주),20250826,오이,백다다기,18.00kg,없음,경상북도 상주시,6,78000,,,,trade
구리,구리청과(주),20250826,오이,백다다기,18.00kg,없음,경상북도 상주시,14,38000,,,,trade
구리,구리청과(주),20250826,오이,백다다기,18.00kg,없음,경상북도 상주시,2,68000,,,,trade
구리,구리청과(주),20250826,오이,백다다기,18.00kg,없음,경상북도 상주시,2,41000,,,,trade
구리,구리청과(주),20250826,오이,백다다기,18.00kg,없음,경상북도 상주시,6,75000,,,,trade
구리,구리청과(주),20250826,오이,백다다기,18.00kg,없음,경상북도 상주시,15,14000,,,,trade
구리,구리청과(주),20250826,오이,백다다기,18.00kg,없음,경상북도 상주시,6,42000,,,,trade
구리,구리청과(주),20250826,오이,백다다기,18.00kg,없음,경상북도 상주시,7,69000,,,,trade
구리,구리청과(주),20250826,오이,백다다기,18.00kg,없음,경상북도 상주시,2,23000,,,,trade
구리,구리청과(주),20250826,오이,백다다기,18.00kg,없음,경상북도 상주시,6,50000,,,,trade
구리,구리청과(주),20250826,오이,백다다기,18.00kg,없음,경상북도 상주시,2,38000,,,,trade
구리,구리청과(주),20250826,오이,백다다기,18.00kg,없음,경상북도 상주시,18,74000,,,,trade
구리,구리청과(주),20250826,오이,백다다기,18.00kg,없음,경상북도 상주시,13,58000,,,,trade
구리,구리청과(주),20250826,오이,백다다기,18.00kg,없음,경상북도 상주시,2,15000,,,,trade
구리,구리청과(주),20250826,오이,백다다기,18.00kg,없음,경상북도 상주시,3,14000,,,,trade
구리,구리청과(주),20250826,오이,백다다기,18.00kg,없음,경상북도 상주시,4,18000,,,,trade
구리,구리청과(주),20250826,오이,백다다기,18.00kg,없음,경상북도 상주시,4,14000,,,,trade
구리,구리청과(주),20250826,오이,백다다기,18.00kg,없음,경상북도 상주시,13,66000,,,,trade
구리,구리청과(주),20250826,오이,백다다기,18.00kg,없음,경상북도 상주시,1,36000,,,,trade
구리,구리청과(주),20250826,오이,백다다기,18.00kg,없음,경상북도 상주시,5,45000,,,,trade
구리,구리청과(주),20250826,오이,백다다기,18.00kg,없음,경상북도 상주시,1,34000,,,,trade
구리,구리청과(주),20250826,오이,백다다기,18.00kg,없음,경상북도 상주시,2,48000,,,,trade
구리,구리청과(주),20250826,오이,백다다기,18.00kg,없음,경상북도 상주시,5,13000,,,,trade
구리,구리청과(주),20250826,오이,백다다기,18.00kg,없음,경상북도 상주시,3,16000,,,,trade
구리,구리청과(주),20250826,오이,백다다기,18.00kg,없음,경상북도 상주시,2,15000,,,,trade
구리,구리청과(주),20250826,오이,백다다기,18.00kg,없음,경상북도 상주시,10,4000,,,,trade
구리,구리청과(주),20250826,오이,백다다기,18.00kg,없음,경상북도 상주시,34,22000,,,,trade
구리,구리청과(주),20250826,오이,백다다기,18.00kg,없음,경상북도 상주시,2,22000,,,,trade
구리,구리청과(주),20250826,오이,백다다기,18.00kg,없음,경상북도 상주시,2,22000,,,,trade
구리,구리청과(주),20250826,오이,백다다기,18.00kg,없음,경상북도 상주시,2,26000,,,,trade
구리,구리청과(주),20250826,오이,백다다기,18.00kg,없음,경상북도 상주시,5,36000,,,,trade
구리,구리청과(주),20250826,오이,백다다기,18.00kg,없음,경상북도 상주시,13,58000,,,,trade
구리,구리청과(주),20250826,오이,백다다기,18.00kg,없음,경상북도 상주시,1,12000,,,,trade
구리,구리청과(주),20250826,오이,백다다기,18.00kg,없음,경상북도 상주시,1,42000,,,,trade
구리,구리청과(주),20250826,오이,백다다기,18.00kg,없음,경상북도 상주시,8,50000,,,,trade
구리,구리청과(주),20250826,오이,백다다기,18.00kg,없음,경상북도 상주시,2,29000,,,,trade
구리,구리청과(주),20250826,오이,백다다기,18.00kg,없음,경상북도 상주시,9,42000,,,,trade
구리,구리청과(주),20250826,오이,백다다기,18.00kg,없음,경상북도 상주시,6,28000,,,,trade
구리,구리청과(주),20250826,오이,백다다기,18.00kg,없음,경상북도 상주시,6,49000,,,,trade
구리,구리청과(주),20250826,오이,백다다기,18.00kg,없음,경상북도 상주시,28,70000,,,,trade
구리,구리청과(주),20250826,오이,백다다기,18.00kg,없음,경상북도 상주시,20,70000,,,,trade
구리,구리청과(주),20250826,오이,백다다기,18.00kg,없음,경상북도 상주시,2,32000,,,,trade
구리,구리청과(주),20250826,오이,백다다기,18.00kg,없음,경상북도 상주시,1,36000,,,,trade
구리,구리청과(주),20250826,오이,백다다기,18.00kg,없음,경상북도 상주시,1,39000,,,,trade
구리,구리청과(주),20250826,오이,백다다기,18.00kg,없음,경상북도 상주시,10,73000,,,,trade
구리,구리청과(주),20250826,오이,백다다기,18.00kg,없음,경상북도 상주시,10,67000,,,,trade
구리,구리청과(주),20250826,오이,백다다기,18.00kg,없음,경상북도 상주시,6,49000,,,,trade
구리,구리청과(주),20250826,오이,백다다기,18.00kg,없음,경상북도 상주시,11,75000,,,,trade
구리,구리청과(주),20250826,오이,백다다기,18.00kg,없음,경상북도 상주시,4,39000,,,,trade
구리,구리청과(주),20250826,오이,백다다기,18.00kg,없음,경상북도 상주시,4,67000,,,,trade
구리,구리청과(주),20250826,오이,백다다기,18.00kg,없음,경상북도 상주시,1,20000,,,,trade
구리,구리청과(주),20250826,오이,백다다기,18.00kg,없음,경상북도 상주시,2,34000,,,,trade
구리,구리청과(주),20250826,오이,백다다기,18.00kg,없음,경상북도 상주시,7,46000,,,,trade
구리,구리청과(주),20250826,오이,백다다기,18.00kg,없음,경상북도 상주시,5,58000,,,,trade
구리,구리청과(주),20250826,오이,백다다기,18.00kg,없음,경상북도 상주시,10,68000,,,,trade
구리,구리청과(주),20250826,오이,백다다기,18.00kg,없음,경상북도 상주시,2,32000,,,,trade
구리,구리청과(주),20250826,오이,백다다기,18.00kg,없음,경상북도 상주시,20,74000,,,,trade
구리,구리청과(주),20250826,오이,백다다기,18.00kg,없음,경상북도 상주시,1,29000,,,,trade
구리,구리청과(주),20250826,오이,백다다기,18.00kg,없음,경상북도 상주시,2,26000,,,,trade
구리,구리청과(주),20250826,오이,백다다기,18.00kg,없음,경상북도 상주시,2,39000,,,,trade
구리,구리청과(주),20250826,오이,백다다기,18.00kg,없음,경상북도 상주시,7,72000,,,,trade
구리,구리청과(주),20250828,오이,백다다기,10.00kg,없음,강원도 철원군,6,32000,,,,trade
구리,구리청과(주),20250828,오이,백다다기,18.00kg,없음,강원도 춘천시,1,38000,,,,trade
구리,구리청과(주),20250828,오이,백다다기,18.00kg,없음,강원도 춘천시,6,68000,,,,trade
구리,구리청과(주),20250828,오이,백다다기,10.00kg,없음,강원도 춘천시,1,18500,,,,trade
구리,구리청과(주),20250828,오이,백다다기,18.00kg,없음,강원도 춘천시,1,4000,,,,trade
구리,구리청과(주),20250828,오이,백다다기,18.00kg,없음,강원도 춘천시,1,15000,,,,trade
구리,구리청과(주),20250828,오이,백다다기,10.00kg,없음,강원도 춘천시,1,21500,,,,trade
구리,구리청과(주),20250828,오이,백다다기,10.00kg,없음,강원도 춘천시,3,28500,,,,trade
구리,구리청과(주),20250828,오이,백다다기,10.00kg,없음,강원도 춘천시,3,44000,,,,trade
구리,구리청과(주),20250828,오이,백다다기,10.00kg,없음,강원도 춘천시,6,23500,,,,trade
구리,구리청과(주),20250828,오이,백다다기,10.00kg,없음,강원도 춘천시,8,37500,,,,trade
구리,구리청과(주),20250828,오이,백다다기,10.00kg,없음,강원도 춘천시,5,35500,,,,trade
구리,구리청과(주),20250828,오이,백다다기,10.00kg,없음,강원도 춘천시,9,35500,,,,trade
구리,구리청과(주),20250828,오이,백다다기,10.00kg,없음,강원도 춘천시,18,45500,,,,trade
구리,구리청과(주),20250828,오이,백다다기,8.00kg,없음,강원도 철원군,7,20800,,,,trade
구리,구리청과(주),20250828,오이,백다다기,8.00kg,없음,강원도 철원군,1,11000,,,,trade
구리,구리청과(주),20250828,오이,백다다기,10.00kg,없음,강원도 철원군,2,17500,,,,trade
구리,구리청과(주),20250828,오이,백다다기,10.00kg,없음,경기도 남양주시,9,38500,,,,trade
구리,구리청과(주),20250828,오이,백다다기,10.00kg,없음,강원도 홍천군,1,20000,,,,trade
구리,구리청과(주),20250828,오이,백다다기,10.00kg,없음,강원도 홍천군,7,35500,,,,trade
구리,구리청과(주),20250828,오이,백다다기,10.00kg,없음,강원도 홍천군,1,13500,,,,trade
구리,구리청과(주),20250828,오이,백다다기,10.00kg,없음,강원도 홍천군,16,24500,,,,trade
구리,구리청과(주),20250828,오이,백다다기,10.00kg,없음,강원도 홍천군,3,23500,,,,trade
구리,구리청과(주),20250828,오이,백다다기,10.00kg,없음,강원도 홍천군,8,39500,,,,trade
구리,구리청과(주),20250828,오이,백다다기,10.00kg,없음,강원도 홍천군,10,33000,,,,trade
구리,구리청과(주),20250828,오이,백다다기,10.00kg,없음,강원도 화천군,4,14500,,,,trade
구리,구리청과(주),20250828,오이,백다다기,10.00kg,없음,강원도 화천군,14,29500,,,,trade
구리,구리청과(주),20250828,오이,백다다기,10.00kg,없음,강원도 화천군,6,28500,,,,trade
구리,구리청과(주),20250828,오이,백다다기,10.00kg,없음,강원도 화천군,2,26500,,,,trade
구리,구리청과(주),20250828,오이,백다다기,10.00kg,없음,강원도 화천군,5,48000,,,,trade
구리,구리청과(주),20250828,오이,백다다기,18.00kg,없음,경상북도 상주시,3,25000,,,,trade
구리,구리청과(주),20250828,오이,백다다기,18.00kg,없음,경상북도 상주시,12,35000,,,,trade
구리,구리청과(주),20250828,오이,백다다기,18.00kg,없음,경상북도 상주시,1,16000,,,,trade
구리,구리청과(주),20250828,오이,백다다기,18.00kg,없음,경상북도 상주시,3,36000,,,,trade
구리,구리청과(주),20250828,오이,백다다기,18.00kg,없음,경상북도 상주시,3,112000,,,,trade
구리,구리청과(주),20250828,오이,백다다기,18.00kg,없음,경상북도 상주시,2,55000,,,,trade
구리,구리청과(주),20250828,오이,백다다기,18.00kg,없음,경상북도 상주시,3,57000,,,,trade
구리,구리청과(주),20250828,오이,백다다기,18.00kg,없음,경상북도 상주시,4,115000,,,,trade
구리,구리청과(주),20250828,오이,백다다기,18.00kg,없음,경상북도 상주시,1,28000,,,,trade
구리,구리청과(주),20250828,오이,백다다기,18.00kg,없음,경상북도 상주시,4,95000,,,,trade
구리,구리청과(주),20250828,오이,백다다기,18.00kg,없음,경상북도 상주시,7,100000,,,,trade
구리,구리청과(주),20250828,오이,백다다기,18.00kg,없음,경상북도 상주시,2,28000,,,,trade
구리,구리청과(주),20250828,오이,백다다기,18.00kg,없음,경상북도 상주시,7,35000,,,,trade
구리,구리청과(주),20250828,오이,백다다기,18.00kg,없음,경상북도 상주시,1,51000,,,,trade
구리,구리청과(주),20250828,오이,백다다기,18.00kg,없음,경상북도 상주시,2,98000,,,,trade
구리,구리청과(주),20250828,오이,백다다기,18.00kg,없음,경상북도 상주시,4,28000,,,,trade
구리,구리청과(주),20250828,오이,백다다기,18.00kg,없음,경상북도 상주시,4,64000,,,,trade
구리,구리청과(주),20250828,오이,백다다기,18.00kg,없음,경상북도 상주시,1,27000,,,,trade
구리,구리청과(주),20250828,오이,백다다기,18.00kg,없음,경상북도 상주시,1,66000,,,,trade
구리,구리청과(주),20250828,오이,백다다기,18.00kg,없음,경상북도 상주시,1,15000,,,,trade
구리,구리청과(주),20250828,오이,백다다기,18.00kg,없음,경상북도 상주시,6,34000,,,,trade
구리,구리청과(주),20250828,오이,백다다기,18.00kg,없음,경상북도 상주시,10,60000,,,,trade
구리,구리청과(주),20250828,오이,백다다기,18.00kg,없음,경상북도 상주시,1,21000,,,,trade
구리,구리청과(주),20250828,오이,백다다기,18.00kg,없음,경상북도 상주시,2,30000,,,,trade
구리,구리청과(주),20250828,오이,백다다기,18.00kg,없음,경상북도 상주시,2,48000,,,,trade
구리,구리청과(주),20250828,오이,백다다기,18.00kg,없음,경상북도 상주시,16,18000,,,,trade
구리,구리청과(주),20250828,오이,백다다기,18.00kg,없음,경상북도 상주시,7,37000,,,,trade
구리,구리청과(주),20250828,오이,백다다기,18.00kg,없음,경상북도 상주시,4,85000,,,,trade
구리,구리청과(주),20250828,오이,백다다기,18.00kg,없음,경상북도 상주시,1,33000,,,,trade
구리,구리청과(주),20250828,오이,백다다기,18.00kg,없음,경상북도 상주시,1,51000,,,,trade
구리,구리청과(주),20250828,오이,백다다기,18.00kg,없음,경상북도 상주시,8,115000,,,,trade
구리,구리청과(주),20250828,오이,백다다기,18.00kg,없음,경상북도 상주시,2,40000,,,,trade
구리,구리청과(주),20250828,오이,백다다기,18.00kg,없음,경상북도 상주시,3,56000,,,,trade
구리,구리청과(주),20250828,오이,백다다기,18.00kg,없음,경상북도 상주시,23,114000,,,,trade
구리,구리청과(주),20250828,오이,백다다기,18.00kg,없음,경상북도 상주시,1,29000,,,,trade
구리,구리청과(주),20250828,오이,백다다기,18.00kg,없음,경상북도 상주시,2,61000,,,,trade
구리,구리청과(주),20250828,오이,백다다기,18.00kg,없음,경상북도 상주시,14,110000,,,,trade
구리,구리청과(주),20250828,오이,백다다기,18.00kg,없음,경상북도 상주시,2,23000,,,,trade
구리,구리청과(주),20250828,오이,백다다기,18.00kg,없음,경상북도 상주시,3,63000,,,,trade
구리,구리청과(주),20250828,오이,백다다기,18.00kg,없음,경상북도 상주시,7,80000,,,,trade
구리,구리청과(주),20250828,오이,백다다기,18.00kg,없음,경상북도 상주시,2,36000,,,,trade
구리,구리청과(주),20250828,오이,백다다기,18.00kg,없음,경상북도 상주시,5,57000,,,,trade
구리,구리청과(주),20250828,오이,백다다기,18.00kg,없음,경상북도 상주시,4,74000,,,,trade
구리,구리청과(주),20250828,오이,백다다기,18.00kg,없음,경상북도 상주시,6,87000,,,,trade
구리,구리청과(주),20250828,오이,백다다기,18.00kg,없음,경상북도 상주시,1,20000,,,,trade
구리,구리청과(주),20250828,오이,백다다기,18.00kg,없음,경상북도 상주시,2,36000,,,,trade
구리,구리청과(주),20250828,오이,백다다기,18.00kg,없음,경상북도 상주시,3,68000,,,,trade
구리,구리청과(주),20250828,오이,백다다기,18.00kg,없음,경상북도 상주시,1,33000,,,,trade
구리,구리청과(주),20250828,오이,백다다기,18.00kg,없음,경상북도 상주시,2,31000,,,,trade
구리,구리청과(주),20250828,오이,백다다기,18.00kg,없음,경상북도 상주시,1,48000,,,,trade
구리,구리청과(주),20250828,오이,백다다기,18.00kg,없음,경상북도 상주시,2,85000,,,,trade
구리,구리청과(주),20260106,오이,백다다기,10.00kg,없음,전라남도 보성군,1,29500,,,,trade
구리,구리청과(주),20260106,오이,백다다기,10.00kg,없음,전라남도 보성군,19,46500,,,,trade
구리,구리청과(주),20260106,오이,백다다기,10.00kg,없음,전라남도 고흥군,3,25500,,,,trade
구리,구리청과(주),20260106,오이,백다다기,10.00kg,없음,전라남도 고흥군,3,27500,,,,trade
구리,구리청과(주),20260106,오이,백다다기,10.00kg,없음,전라남도 고흥군,6,28500,,,,trade
구리,구리청과(주),20260106,오이,백다다기,10.00kg,없음,전라남도 고흥군,15,37500,,,,trade
구리,구리청과(주),20260106,오이,백다다기,10.00kg,없음,전라남도 고흥군,15,37000,,,,trade
구리,구리청과(주),20260106,오이,백다다기,10.00kg,없음,전라남도 고흥군,11,41000,,,,trade
구리,구리청과(주),20260106,오이,백다다기,10.00kg,없음,전라남도 순천시,3,26500,,,,trade
구리,구리청과(주),20260106,오이,백다다기,10.00kg,없음,전라남도 순천시,4,31500,,,,trade
구리,구리청과(주),20260106,오이,백다다기,10.00kg,없음,전라남도 순천시,4,37500,,,,trade
구리,구리청과(주),20260106,오이,백다다기,10.00kg,없음,전라남도 순천시,11,47500,,,,trade
구리,구리청과(주),20260106,오이,백다다기,10.00kg,없음,전라남도 순천시,3,24500,,,,trade
구리,구리청과(주),20260106,오이,백다다기,10.00kg,없음,전라남도 순천시,11,32000,,,,trade
구리,구리청과(주),20260106,오이,백다다기,10.00kg,없음,전라남도 순천시,22,46500,,,,trade
구리,구리청과(주),20260106,오이,백다다기,10.00kg,없음,전라남도 순천시,8,42500,,,,trade
구리,구리청과(주),20260106,오이,백다다기,10.00kg,없음,전라남도 순천시,2,26500,,,,trade
구리,구리청과(주),20260106,오이,백다다기,10.00kg,없음,전라남도 순천시,3,32500,,,,trade
구리,구리청과(주),20260106,오이,백다다기,10.00kg,없음,전라남도 순천시,13,46500,,,,trade
구리,구리청과(주),20260106,오이,백다다기,10.00kg,없음,전라남도 순천시,2,28500,,,,trade
구리,구리청과(주),20260106,오이,백다다기,10.00kg,없음,전라남도 순천시,4,49000,,,,trade
구리,구리청과(주),20260106,오이,백다다기,10.00kg,없음,전라남도 순천시,3,47000,,,,trade
구리,구리청과(주),20260106,오이,백다다기,10.00kg,없음,전라남도 순천시,7,47000,,,,trade
구리,구리청과(주),20260106,오이,백다다기,10.00kg,없음,전라남도 순천시,4,42500,,,,trade
구리,구리청과(주),20260106,오이,백다다기,10.00kg,없음,전라남도 순천시,42,46000,,,,trade
구리,구리청과(주),20260106,오이,백다다기,10.00kg,없음,전라남도 순천시,24,47500,,,,trade
구리,구리청과(주),20260106,오이,백다다기,10.00kg,없음,전라남도 순천시,1,23500,,,,trade
구리,구리청과(주),20260106,오이,백다다기,10.00kg,없음,전라남도 순천시,6,48000,,,,trade
구리,구리청과(주),20260106,오이,백다다기,10.00kg,없음,전라남도 순천시,29,31500,,,,trade
구리,구리청과(주),20260106,오이,백다다기,10.00kg,없음,전라남도 순천시,2,38000,,,,trade
구리,구리청과(주),20260106,오이,백다다기,10.00kg,없음,전라남도 순천시,1,26000,,,,trade
구리,구리청과(주),20260106,오이,백다다기,10.00kg,없음,전라남도 순천시,4,48000,,,,trade
구리,구리청과(주),20260106,오이,백다다기,10.00kg,없음,전라남도 순천시,3,27500,,,,trade
구리,구리청과(주),20260106,오이,백다다기,10.00kg,없음,전라남도 순천시,22,49000,,,,trade
구리,구리청과(주),20260106,오이,백다다기,10.00kg,없음,전라남도 순천시,1,21500,,,,trade
구리,구리청과(주),20260106,오이,백다다기,10.00kg,없음,전라남도 순천시,6,30500,,,,trade
구리,구리청과(주),20260106,오이,백다다기,10.00kg,없음,전라남도 순천시,11,46500,,,,trade
구리,구리청과(주),20260106,오이,백다다기,10.00kg,없음,전라남도 순천시,20,51500,,,,trade
구리,구리청과(주),20260106,오이,백다다기,10.00kg,없음,경기도 오산시,5,36500,,,,trade
구리,구리청과(주),20260106,오이,백다다기,10.00kg,없음,경기도 오산시,22,39500,,,,trade
구리,구리청과(주),20260108,오이,백다다기,10.00kg,없음,전라남도 보성군,1,26500,,,,trade
구리,구리청과(주),20260108,오이,백다다기,10.00kg,없음,전라남도 보성군,18,43500,,,,trade
구리,구리청과(주),20260108,오이,백다다기,10.00kg,없음,경상북도 상주시,1,26500,,,,trade
구리,구리청과(주),20260108,오이,백다다기,10.00kg,없음,경상북도 상주시,3,22500,,,,trade
구리,구리청과(주),20260108,오이,백다다기,10.00kg,없음,경상북도 상주시,8,23500,,,,trade
구리,구리청과(주),20260108,오이,백다다기,10.00kg,없음,경상북도 상주시,3,25500,,,,trade
구리,구리청과(주),20260108,오이,백다다기,10.00kg,없음,경상북도 상주시,9,24500,,,,trade
구리,구리청과(주),20260108,오이,백다다기,10.00kg,없음,경상북도 상주시,21,28000,,,,trade
구리,구리청과(주),20260108,오이,백다다기,10.00kg,없음,경상북도 상주시,12,28000,,,,trade
구리,구리청과(주),20260108,오이,백다다기,10.00kg,없음,경상북도 상주시,2,28500,,,,trade
구리,구리청과(주),20260108,오이,백다다기,10.00kg,없음,경상북도 상주시,2,28000,,,,trade
구리,구리청과(주),20260108,오이,백다다기,10.00kg,없음,경상북도 상주시,5,28500,,,,trade
구리,구리청과(주),20260108,오이,백다다기,10.00kg,없음,경상북도 상주시,5,28000,,,,trade
구리,구리청과(주),20260108,오이,백다다기,10.00kg,없음,경상북도 상주시,29,28500,,,,trade
구리,구리청과(주),20260108,오이,백다다기,10.00kg,없음,경상북도 상주시,15,31000,,,,trade
구리,구리청과(주),20260108,오이,백다다기,10.00kg,없음,경상북도 상주시,19,33500,,,,trade
구리,구리청과(주),20260108,오이,백다다기,10.00kg,없음,경상북도 상주시,15,32000,,,,trade
구리,구리청과(주),20260108,오이,백다다기,10.00kg,없음,경상북도 상주시,18,32000,,,,trade
구리,구리청과(주),20260108,오이,백다다기,10.00kg,없음,경상북도 상주시,24,33500,,,,trade
구리,구리청과(주),20260108,오이,백다다기,10.00kg,없음,경상북도 상주시,9,32500,,,,trade
구리,구리청과(주),20260108,오이,백다다기,10.00kg,없음,전라남도 고흥군,1,20000,,,,trade
구리,구리청과(주),20260108,오이,백다다기,10.00kg,없음,전라남도 고흥군,4,23500,,,,trade
구리,구리청과(주),20260108,오이,백다다기,10.00kg,없음,전라남도 고흥군,12,33500,,,,trade
구리,구리청과(주),20260108,오이,백다다기,10.00kg,없음,전라남도 고흥군,12,35500,,,,trade
구리,구리청과(주),20260108,오이,백다다기,10.00kg,없음,경기도 오산시,3,35500,,,,trade
구리,구리청과(주),20260108,오이,백다다기,10.00kg,없음,경기도 오산시,26,41000,,,,trade
구리,구리청과(주),20260108,오이,백다다기,10.00kg,없음,전라남도 순천시,1,23500,,,,trade
구리,구리청과(주),20260108,오이,백다다기,10.00kg,없음,전라남도 순천시,2,28500,,,,trade
구리,구리청과(주),20260108,오이,백다다기,10.00kg,없음,전라남도 순천시,3,35500,,,,trade
구리,구리청과(주),20260108,오이,백다다기,10.00kg,없음,전라남도 순천시,12,43000,,,,trade
구리,구리청과(주),20260108,오이,백다다기,10.00kg,없음,전라남도 순천시,12,40000,,,,trade
구리,구리청과(주),20260108,오이,백다다기,10.00kg,없음,전라남도 순천시,8,41000,,,,trade
구리,구리청과(주),20260108,오이,백다다기,10.00kg,없음,전라남도 순천시,4,26500,,,,trade
구리,구리청과(주),20260108,오이,백다다기,10.00kg,없음,전라남도 순천시,14,31500,,,,trade
구리,구리청과(주),20260108,오이,백다다기,10.00kg,없음,전라남도 순천시,19,43000,,,,trade
구리,구리청과(주),20260108,오이,백다다기,10.00kg,없음,전라남도 순천시,4,21500,,,,trade
구리,구리청과(주),20260108,오이,백다다기,10.00kg,없음,전라남도 순천시,3,26500,,,,trade
구리,구리청과(주),20260108,오이,백다다기,10.00kg,없음,전라남도 순천시,4,32500,,,,trade
구리,구리청과(주),20260108,오이,백다다기,10.00kg,없음,전라남도 순천시,17,39500,,,,trade
구리,구리청과(주),20260108,오이,백다다기,10.00kg,없음,전라남도 순천시,2,42000,,,,trade
구리,구리청과(주),20260108,오이,백다다기,10.00kg,없음,전라남도 순천시,2,41500,,,,trade
구리,구리청과(주),20260108,오이,백다다기,10.00kg,없음,전라남도 순천시,6,42000,,,,trade
구리,구리청과(주),20260108,오이,백다다기,10.00kg,없음,전라남도 순천시,46,39500,,,,trade
구리,구리청과(주),20260108,오이,백다다기,10.00kg,없음,전라남도 순천시,10,38500,,,,trade
구리,구리청과(주),20260108,오이,백다다기,10.00kg,없음,전라남도 순천시,3,41000,,,,trade
구리,구리청과(주),20260108,오이,백다다기,10.00kg,없음,전라남도 순천시,35,43500,,,,trade
구리,구리청과(주),20260108,오이,백다다기,10.00kg,없음,전라남도 순천시,10,45000,,,,trade
구리,구리청과(주),20260108,오이,백다다기,10.00kg,없음,전라남도 순천시,23,30000,,,,trade
구리,구리청과(주),20260108,오이,백다다기,10.00kg,없음,전라남도 순천시,1,39000,,,,trade
구리,구리청과(주),20260108,오이,백다다기,10.00kg,없음,전라남도 순천시,1,25500,,,,trade
구리,구리청과(주),20260108,오이,백다다기,10.00kg,없음,전라남도 순천시,6,42500,,,,trade
구리,구리청과(주),20260108,오이,백다다기,10.00kg,없음,전라남도 순천시,2,27500,,,,trade
구리,구리청과(주),20260108,오이,백다다기,10.00kg,없음,전라남도 순천시,18,42000,,,,trade
구리,구리청과(주),20260108,오이,백다다기,10.00kg,없음,전라남도 순천시,1,23500,,,,trade
구리,구리청과(주),20260108,오이,백다다기,10.00kg,없음,전라남도 순천시,6,32500,,,,trade
구리,구리청과(주),20260108,오이,백다다기,10.00kg,없음,전라남도 순천시,11,40000,,,,trade
구리,구리청과(주),20260108,오이,백다다기,10.00kg,없음,전라남도 순천시,16,45500,,,,trade
구리,구리청과(주),20260113,오이,백다다기,10.00kg,없음,전라남도 보성군,1,25500,,,,trade
구리,구리청과(주),20260113,오이,백다다기,10.00kg,없음,전라남도 보성군,1,27500,,,,trade
구리,구리청과(주),20260113,오이,백다다기,10.00kg,없음,전라남도 보성군,20,42000,,,,trade
구리,구리청과(주),20260113,오이,백다다기,10.00kg,없음,경기도 평택시,6,28000,,,,trade
구리,구리청과(주),20260113,오이,백다다기,10.00kg,없음,경기도 평택시,2,15500,,,,trade
구리,구리청과(주),20260113,오이,백다다기,10.00kg,없음,경기도 평택시,11,32000,,,,trade
구리,구리청과(주),20260113,오이,백다다기,10.00kg,없음,경기도 오산시,5,35500,,,,trade
구리,구리청과(주),20260113,오이,백다다기,10.00kg,없음,경기도 오산시,19,32500,,,,trade
구리,구리청과(주),20260113,오이,백다다기,10.00kg,없음,경기도 오산시,12,37500,,,,trade
구리,구리청과(주),20260113,오이,백다다기,10.00kg,없음,경기도 오산시,15,37000,,,,trade
구리,구리청과(주),20260113,오이,백다다기,10.00kg,없음,전라남도 순천시,1,27500,,,,trade
구리,구리청과(주),20260113,오이,백다다기,10.00kg,없음,전라남도 순천시,8,32000,,,,trade
구리,구리청과(주),20260113,오이,백다다기,10.00kg,없음,전라남도 순천시,10,36500,,,,trade
구리,구리청과(주),20260113,오이,백다다기,10.00kg,없음,전라남도 순천시,2,3000,,,,trade
구리,구리청과(주),20260113,오이,백다다기,10.00kg,없음,전라남도 순천시,2,27500,,,,trade
구리,구리청과(주),20260113,오이,백다다기,10.00kg,없음,전라남도 순천시,1,29000,,,,trade
구리,구리청과(주),20260113,오이,백다다기,10.00kg,없음,전라남도 순천시,3,35500,,,,trade
구리,구리청과(주),20260113,오이,백다다기,10.00kg,없음,전라남도 순천시,8,39000,,,,trade
구리,구리청과(주),20260113,오이,백다다기,10.00kg,없음,전라남도 순천시,1,23500,,,,trade
구리,구리청과(주),20260113,오이,백다다기,10.00kg,없음,전라남도 순천시,4,28000,,,,trade
구리,구리청과(주),20260113,오이,백다다기,10.00kg,없음,전라남도 순천시,16,32000,,,,trade
구리,구리청과(주),20260113,오이,백다다기,10.00kg,없음,전라남도 순천시,24,42500,,,,trade
구리,구리청과(주),20260113,오이,백다다기,10.00kg,없음,전라남도 순천시,3,31000,,,,trade
구리,구리청과(주),20260113,오이,백다다기,10.00kg,없음,전라남도 순천시,13,36500,,,,trade
구리,구리청과(주),20260113,오이,백다다기,10.00kg,없음,전라남도 순천시,2,33000,,,,trade
구리,구리청과(주),20260113,오이,백다다기,10.00kg,없음,전라남도 순천시,2,35000,,,,trade
구리,구리청과(주),20260113,오이,백다다기,10.00kg,없음,전라남도 순천시,11,37500,,,,trade
구리,구리청과(주),20260113,오이,백다다기,10.00kg,없음,전라남도 순천시,3,28500,,,,trade
구리,구리청과(주),20260113,오이,백다다기,10.00kg,없음,전라남도 순천시,4,35500,,,,trade
구리,구리청과(주),20260113,오이,백다다기,10.00kg,없음,전라남도 순천시,11,43500,,,,trade
구리,구리청과(주),20260113,오이,백다다기,18.00kg,없음,전라남도 순천시,1,38000,,,,trade
구리,구리청과(주),20260113,오이,백다다기,10.00kg,없음,전라남도 순천시,1,28000,,,,trade
구리,구리청과(주),20260113,오이,백다다기,10.00kg,없음,전라남도 순천시,6,28500,,,,trade
구리,구리청과(주),20260113,오이,백다다기,10.00kg,없음,전라남도 순천시,22,37500,,,,trade
구리,구리청과(주),20260113,오이,백다다기,10.00kg,없음,전라남도 순천시,14,34500,,,,trade
구리,구리청과(주),20260113,오이,백다다기,10.00kg,없음,전라남도 순천시,10,29500,,,,trade
구리,구리청과(주),20260113,오이,백다다기,10.00kg,없음,전라남도 순천시,35,34500,,,,trade
구리,구리청과(주),20260113,오이,백다다기,10.00kg,없음,전라남도 순천시,14,46000,,,,trade
구리,구리청과(주),20260113,오이,백다다기,10.00kg,없음,전라남도 순천시,5,39000,,,,trade
구리,구리청과(주),20260113,오이,백다다기,10.00kg,없음,전라남도 순천시,9,39000,,,,trade
구리,구리청과(주),20260113,오이,백다다기,10.00kg,없음,전라남도 순천시,4,35500,,,,trade
구리,구리청과(주),20260113,오이,백다다기,10.00kg,없음,전라남도 순천시,43,41500,,,,trade
구리,구리청과(주),20260113,오이,백다다기,10.00kg,없음,전라남도 순천시,1,27500,,,,trade
구리,구리청과(주),20260113,오이,백다다기,10.00kg,없음,전라남도 순천시,1,34000,,,,trade
구리,구리청과(주),20260113,오이,백다다기,10.00kg,없음,전라남도 순천시,13,44000,,,,trade
구리,구리청과(주),20260113,오이,백다다기,10.00kg,없음,전라남도 순천시,29,32000,,,,trade
구리,구리청과(주),20260113,오이,백다다기,10.00kg,없음,전라남도 순천시,1,27000,,,,trade
구리,구리청과(주),20260113,오이,백다다기,10.00kg,없음,전라남도 순천시,7,44500,,,,trade
구리,구리청과(주),20260113,오이,백다다기,10.00kg,없음,전라남도 순천시,1,25500,,,,trade
구리,구리청과(주),20260113,오이,백다다기,10.00kg,없음,전라남도 순천시,19,45000,,,,trade
구리,구리청과(주),20260113,오이,백다다기,10.00kg,없음,전라남도 순천시,19,46000,,,,trade
구리,구리청과(주),20260115,오이,백다다기,10.00kg,없음,경상북도 상주시,45,31500,,,,trade
구리,구리청과(주),20260115,오이,백다다기,10.00kg,없음,경상북도 상주시,4,32500,,,,trade
구리,구리청과(주),20260115,오이,백다다기,10.00kg,없음,경상북도 상주시,17,32000,,,,trade
구리,구리청과(주),20260115,오이,백다다기,10.00kg,없음,경상북도 상주시,8,34000,,,,trade
구리,구리청과(주),20260115,오이,백다다기,10.00kg,없음,경상북도 상주시,13,33500,,,,trade
구리,구리청과(주),20260115,오이,백다다기,10.00kg,없음,경상북도 상주시,13,32000,,,,trade
구리,구리청과(주),20260115,오이,백다다기,10.00kg,없음,전라남도 보성군,1,29000,,,,trade
구리,구리청과(주),20260115,오이,백다다기,10.00kg,없음,전라남도 보성군,16,43000,,,,trade
구리,구리청과(주),20260115,오이,백다다기,10.00kg,없음,경기도 평택시,6,26500,,,,trade
구리,구리청과(주),20260115,오이,백다다기,10.00kg,없음,경기도 평택시,3,18500,,,,trade
구리,구리청과(주),20260115,오이,백다다기,10.00kg,없음,경기도 평택시,10,30000,,,,trade
구리,구리청과(주),20260115,오이,백다다기,10.00kg,없음,경기도 오산시,15,35500,,,,trade
구리,구리청과(주),20260115,오이,백다다기,10.00kg,없음,경기도 오산시,7,38500,,,,trade
구리,구리청과(주),20260115,오이,백다다기,10.00kg,없음,경기도 오산시,16,37500,,,,trade
구리,구리청과(주),20260115,오이,백다다기,10.00kg,없음,경기도 오산시,11,43000,,,,trade
구리,구리청과(주),20260115,오이,백다다기,10.00kg,없음,경기도 오산시,11,42500,,,,trade
구리,구리청과(주),20260115,오이,백다다기,18.00kg,없음,전라남도 순천시,3,34000,,,,trade
구리,구리청과(주),20260115,오이,백다다기,10.00kg,없음,전라남도 순천시,1,35500,,,,trade
구리,구리청과(주),20260115,오이,백다다기,10.00kg,없음,전라남도 순천시,1,22500,,,,trade
구리,구리청과(주),20260115,오이,백다다기,10.00kg,없음,전라남도 순천시,3,26500,,,,trade
구리,구리청과(주),20260115,오이,백다다기,10.00kg,없음,전라남도 순천시,31,40500,,,,trade
구리,구리청과(주),20260115,오이,백다다기,10.00kg,없음,전라남도 순천시,1,37500,,,,trade
구리,구리청과(주),20260115,오이,백다다기,10.00kg,없음,전라남도 순천시,7,39500,,,,trade
구리,구리청과(주),20260115,오이,백다다기,10.00kg,없음,전라남도 순천시,2,24000,,,,trade
구리,구리청과(주),20260115,오이,백다다기,10.00kg,없음,전라남도 순천시,17,39500,,,,trade
구리,구리청과(주),20260115,오이,백다다기,10.00kg,없음,전라남도 순천시,3,24500,,,,trade
구리,구리청과(주),20260115,오이,백다다기,10.00kg,없음,전라남도 순천시,9,33000,,,,trade
구리,구리청과(주),20260115,오이,백다다기,10.00kg,없음,전라남도 순천시,10,41500,,,,trade
구리,구리청과(주),20260115,오이,백다다기,10.00kg,없음,전라남도 순천시,25,40000,,,,trade
구리,구리청과(주),20260115,오이,백다다기,10.00kg,없음,전라남도 순천시,4,26500,,,,trade
구리,구리청과(주),20260115,오이,백다다기,10.00kg,없음,전라남도 순천시,13,39000,,,,trade
구리,구리청과(주),20260115,오이,백다다기,10.00kg,없음,전라남도 순천시,2,22500,,,,trade
구리,구리청과(주),20260115,오이,백다다기,10.00kg,없음,전라남도 순천시,6,24500,,,,trade
구리,구리청과(주),20260115,오이,백다다기,10.00kg,없음,전라남도 순천시,17,30000,,,,trade
구리,구리청과(주),20260115,오이,백다다기,10.00kg,없음,전라남도 순천시,28,42500,,,,trade
구리,구리청과(주),20260115,오이,백다다기,10.00kg,없음,전라남도 순천시,1,25500,,,,trade
구리,구리청과(주),20260115,오이,백다다기,10.00kg,없음,전라남도 순천시,1,28500,,,,trade
구리,구리청과(주),20260115,오이,백다다기,10.00kg,없음,전라남도 순천시,7,41500,,,,trade
구리,구리청과(주),20260115,오이,백다다기,10.00kg,없음,전라남도 순천시,1,24500,,,,trade
구리,구리청과(주),20260115,오이,백다다기,10.00kg,없음,전라남도 순천시,2,27000,,,,trade
구리,구리청과(주),20260115,오이,백다다기,10.00kg,없음,전라남도 순천시,3,30000,,,,trade
구리,구리청과(주),20260115,오이,백다다기,10.00kg,없음,전라남도 순천시,10,41000,,,,trade
구리,구리청과(주),20260115,오이,백다다기,10.00kg,없음,전라남도 순천시,1,15500,,,,trade
구리,구리청과(주),20260115,오이,백다다기,10.00kg,없음,전라남도 순천시,1,31000,,,,trade
구리,구리청과(주),20260115,오이,백다다기,10.00kg,없음,전라남도 순천시,14,43000,,,,trade
구리,구리청과(주),20260115,오이,백다다기,10.00kg,없음,전라남도 순천시,4,38500,,,,trade
구리,구리청과(주),20260115,오이,백다다기,10.00kg,없음,전라남도 순천시,39,41000,,,,trade
구리,구리청과(주),20260115,오이,백다다기,10.00kg,없음,전라남도 순천시,21,32000,,,,trade
구리,구리청과(주),20260115,오이,백다다기,10.00kg,없음,전라남도 순천시,1,40000,,,,trade
구리,구리청과(주),20260115,오이,백다다기,10.00kg,없음,전라남도 순천시,8,40000,,,,trade
구리,구리청과(주),20260115,오이,백다다기,10.00kg,없음,전라남도 순천시,1,26500,,,,trade
구리,구리청과(주),20260115,오이,백다다기,10.00kg,없음,전라남도 순천시,15,40500,,,,trade
구리,구리청과(주),20260115,오이,백다다기,10.00kg,없음,전라남도 순천시,9,27500,,,,trade
구리,구리청과(주),20260115,오이,백다다기,10.00kg,없음,전라남도 순천시,1,25500,,,,trade
구리,구리청과(주),20260115,오이,백다다기,10.00kg,없음,전라남도 순천시,9,190100,,,,trade
구리,구리청과(주),20260115,오이,백다다기,10.00kg,없음,전라남도 순천시,17,40000,,,,trade
구리,구리청과(주),20260115,오이,백다다기,10.00kg,없음,전라남도 순천시,18,46000,,,,trade
구리,구리청과(주),20260120,오이,백다다기,10.00kg,없음,전라남도 보성군,1,25500,,,,trade
구리,구리청과(주),20260120,오이,백다다기,10.00kg,없음,전라남도 보성군,15,40000,,,,trade
구리,구리청과(주),20260120,오이,백다다기,10.00kg,없음,경상북도 상주시,20,27000,,,,trade
구리,구리청과(주),20260120,오이,백다다기,10.00kg,없음,경상북도 상주시,19,29500,,,,trade
구리,구리청과(주),20260120,오이,백다다기,10.00kg,없음,경상북도 상주시,24,29000,,,,trade
구리,구리청과(주),20260120,오이,백다다기,10.00kg,없음,경상북도 상주시,34,29500,,,,trade
구리,구리청과(주),20260120,오이,백다다기,10.00kg,없음,경상북도 상주시,3,30000,,,,trade
구리,구리청과(주),20260120,오이,백다다기,10.00kg,없음,전라남도 고흥군,3,25500,,,,trade
구리,구리청과(주),20260120,오이,백다다기,10.00kg,없음,전라남도 고흥군,12,34000,,,,trade
구리,구리청과(주),20260120,오이,백다다기,10.00kg,없음,전라남도 고흥군,6,35500,,,,trade
구리,구리청과(주),20260120,오이,백다다기,10.00kg,없음,경기도 오산시,10,37000,,,,trade
구리,구리청과(주),20260120,오이,백다다기,10.00kg,없음,경기도 오산시,5,35500,,,,trade
구리,구리청과(주),20260120,오이,백다다기,10.00kg,없음,경기도 오산시,9,40500,,,,trade
구리,구리청과(주),20260120,오이,백다다기,10.00kg,없음,경기도 오산시,15,39500,,,,trade
구리,구리청과(주),20260120,오이,백다다기,18.00kg,없음,전라남도 순천시,2,23000,,,,trade
구리,구리청과(주),20260120,오이,백다다기,10.00kg,없음,전라남도 순천시,9,41000,,,,trade
구리,구리청과(주),20260120,오이,백다다기,10.00kg,없음,전라남도 순천시,5,25500,,,,trade
구리,구리청과(주),20260120,오이,백다다기,10.00kg,없음,전라남도 순천시,23,37000,,,,trade
구리,구리청과(주),20260120,오이,백다다기,10.00kg,없음,전라남도 순천시,20,37500,,,,trade
구리,구리청과(주),20260120,오이,백다다기,10.00kg,없음,전라남도 순천시,31,38500,,,,trade
구리,구리청과(주),20260120,오이,백다다기,10.00kg,없음,전라남도 순천시,1,22500,,,,trade
구리,구리청과(주),20260120,오이,백다다기,10.00kg,없음,전라남도 순천시,3,23500,,,,trade
구리,구리청과(주),20260120,오이,백다다기,10.00kg,없음,전라남도 순천시,16,28500,,,,trade
구리,구리청과(주),20260120,오이,백다다기,10.00kg,없음,전라남도 순천시,9,37500,,,,trade
구리,구리청과(주),20260120,오이,백다다기,10.00kg,없음,전라남도 순천시,15,39500,,,,trade
구리,구리청과(주),20260120,오이,백다다기,10.00kg,없음,전라남도 순천시,9,33000,,,,trade
구리,구리청과(주),20260120,오이,백다다기,10.00kg,없음,전라남도 순천시,1,21000,,,,trade
구리,구리청과(주),20260120,오이,백다다기,10.00kg,없음,전라남도 순천시,6,29000,,,,trade
구리,구리청과(주),20260120,오이,백다다기,10.00kg,없음,전라남도 순천시,9,36500,,,,trade
구리,구리청과(주),20260120,오이,백다다기,10.00kg,없음,전라남도 순천시,21,30500,,,,trade
구리,구리청과(주),20260120,오이,백다다기,10.00kg,없음,전라남도 순천시,2,32500,,,,trade
구리,구리청과(주),20260120,오이,백다다기,10.00kg,없음,전라남도 순천시,1,24500,,,,trade
구리,구리청과(주),20260120,오이,백다다기,10.00kg,없음,전라남도 순천시,25,41500,,,,trade
구리,구리청과(주),20260120,오이,백다다기,10.00kg,없음,전라남도 순천시,1,20000,,,,trade
구리,구리청과(주),20260120,오이,백다다기,10.00kg,없음,전라남도 순천시,7,40000,,,,trade
구리,구리청과(주),20260120,오이,백다다기,10.00kg,없음,전라남도 순천시,5,34500,,,,trade
구리,구리청과(주),20260120,오이,백다다기,10.00kg,없음,전라남도 순천시,5,12500,,,,trade
구리,구리청과(주),20260120,오이,백다다기,10.00kg,없음,전라남도 순천시,12,22500,,,,trade
구리,구리청과(주),20260120,오이,백다다기,10.00kg,없음,전라남도 순천시,46,34000,,,,trade
구리,구리청과(주),20260120,오이,백다다기,10.00kg,없음,전라남도 순천시,24,39500,,,,trade
구리,구리청과(주),20260120,오이,백다다기,10.00kg,없음,전라남도 순천시,3,23500,,,,trade
구리,구리청과(주),20260120,오이,백다다기,10.00kg,없음,전라남도 순천시,4,25500,,,,trade
구리,구리청과(주),20260120,오이,백다다기,10.00kg,없음,전라남도 순천시,7,30000,,,,trade
구리,구리청과(주),20260120,오이,백다다기,10.00kg,없음,전라남도 순천시,5,34500,,,,trade
구리,구리청과(주),20260120,오이,백다다기,10.00kg,없음,전라남도 순천시,8,42000,,,,trade
구리,구리청과(주),20260120,오이,백다다기,10.00kg,없음,전라남도 순천시,11,45000,,,,trade
구리,구리청과(주),20260120,오이,백다다기,10.00kg,없음,전라남도 순천시,1,25000,,,,trade
구리,구리청과(주),20260120,오이,백다다기,10.00kg,없음,전라남도 순천시,1,32000,,,,trade
구리,구리청과(주),20260120,오이,백다다기,10.00kg,없음,전라남도 순천시,9,47000,,,,trade
구리,구리청과(주),20260120,오이,백다다기,10.00kg,없음,전라남도 순천시,21,46500,,,,trade
구리,구리청과(주),20260122,오이,백다다기,10.00kg,없음,전라남도 보성군,5,18500,,,,trade
구리,구리청과(주),20260122,오이,백다다기,10.00kg,없음,전라남도 보성군,10,24500,,,,trade
구리,구리청과(주),20260122,오이,백다다기,10.00kg,없음,전라남도 보성군,9,36500,,,,trade
구리,구리청과(주),20260122,오이,백다다기,10.00kg,없음,경상북도 상주시,3,21500,,,,trade
구리,구리청과(주),20260122,오이,백다다기,10.00kg,없음,경상북도 상주시,5,21500,,,,trade
구리,구리청과(주),20260122,오이,백다다기,18.00kg,없음,경상북도 상주시,25,36000,,,,trade
구리,구리청과(주),20260122,오이,백다다기,10.00kg,없음,경상북도 상주시,37,23000,,,,trade
구리,구리청과(주),20260122,오이,백다다기,10.00kg,없음,경상북도 상주시,2,23000,,,,trade
구리,구리청과(주),20260122,오이,백다다기,10.00kg,없음,경상북도 상주시,2,23000,,,,trade
구리,구리청과(주),20260122,오이,백다다기,10.00kg,없음,경상북도 상주시,8,26500,,,,trade
구리,구리청과(주),20260122,오이,백다다기,10.00kg,없음,경상북도 상주시,6,25500,,,,trade
구리,구리청과(주),20260122,오이,백다다기,10.00kg,없음,경상북도 상주시,8,26000,,,,trade
구리,구리청과(주),20260122,오이,백다다기,10.00kg,없음,경상북도 상주시,7,25500,,,,trade
구리,구리청과(주),20260122,오이,백다다기,10.00kg,없음,경상북도 상주시,15,28500,,,,trade
구리,구리청과(주),20260122,오이,백다다기,10.00kg,없음,경상북도 상주시,1,23500,,,,trade
구리,구리청과(주),20260122,오이,백다다기,10.00kg,없음,경상북도 상주시,15,25000,,,,trade
구리,구리청과(주),20260122,오이,백다다기,10.00kg,없음,경상북도 상주시,12,31000,,,,trade
구리,구리청과(주),20260122,오이,백다다기,10.00kg,없음,경상북도 상주시,3,28500,,,,trade
구리,구리청과(주),20260122,오이,백다다기,10.00kg,없음,경상북도 상주시,18,24500,,,,trade
구리,구리청과(주),20260122,오이,백다다기,10.00kg,없음,경상북도 상주시,7,31000,,,,trade
구리,구리청과(주),20260122,오이,백다다기,10.00kg,없음,전라남도 고흥군,2,19500,,,,trade
구리,구리청과(주),20260122,오이,백다다기,10.00kg,없음,전라남도 고흥군,12,27500,,,,trade
구리,구리청과(주),20260122,오이,백다다기,10.00kg,없음,전라남도 고흥군,7,33500,,,,trade
구리,구리청과(주),20260122,오이,백다다기,10.00kg,없음,경기도 평택시,8,37000,,,,trade
구리,구리청과(주),20260122,오이,백다다기,10.00kg,없음,경기도 오산시,8,28500,,,,trade
구리,구리청과(주),20260122,오이,백다다기,10.00kg,없음,경기도 오산시,6,30000,,,,trade
구리,구리청과(주),20260122,오이,백다다기,10.00kg,없음,경기도 오산시,14,36000,,,,trade
구리,구리청과(주),20260122,오이,백다다기,10.00kg,없음,경기도 오산시,10,39500,,,,trade
구리,구리청과(주),20260122,오이,백다다기,10.00kg,없음,경기도 오산시,15,39000,,,,trade
구리,구리청과(주),20260122,오이,백다다기,18.00kg,없음,전라남도 순천시,1,25000,,,,trade
구리,구리청과(주),20260122,오이,백다다기,10.00kg,없음,전라남도 순천시,1,22500,,,,trade
구리,구리청과(주),20260122,오이,백다다기,10.00kg,없음,전라남도 순천시,1,23500,,,,trade
구리,구리청과(주),20260122,오이,백다다기,10.00kg,없음,전라남도 순천시,22,31500,,,,trade
구리,구리청과(주),20260122,오이,백다다기,10.00kg,없음,전라남도 순천시,1,16000,,,,trade
구리,구리청과(주),20260122,오이,백다다기,10.00kg,없음,전라남도 순천시,3,23000,,,,trade
구리,구리청과(주),20260122,오이,백다다기,10.00kg,없음,전라남도 순천시,21,31000,,,,trade
구리,구리청과(주),20260122,오이,백다다기,10.00kg,없음,전라남도 순천시,6,33500,,,,trade
구리,구리청과(주),20260122,오이,백다다기,10.00kg,없음,전라남도 순천시,1,18500,,,,trade
구리,구리청과(주),20260122,오이,백다다기,10.00kg,없음,전라남도 순천시,3,23000,,,,trade
구리,구리청과(주),20260122,오이,백다다기,10.00kg,없음,전라남도 순천시,11,27500,,,,trade
구리,구리청과(주),20260122,오이,백다다기,10.00kg,없음,전라남도 순천시,13,31500,,,,trade
구리,구리청과(주),20260122,오이,백다다기,10.00kg,없음,전라남도 순천시,7,37000,,,,trade
구리,구리청과(주),20260122,오이,백다다기,10.00kg,없음,전라남도 순천시,2,26000,,,,trade
구리,구리청과(주),20260122,오이,백다다기,10.00kg,없음,전라남도 순천시,8,32500,,,,trade
구리,구리청과(주),20260122,오이,백다다기,10.00kg,없음,전라남도 순천시,1,23500,,,,trade
구리,구리청과(주),20260122,오이,백다다기,10.00kg,없음,전라남도 순천시,6,26500,,,,trade
구리,구리청과(주),20260122,오이,백다다기,10.00kg,없음,전라남도 순천시,8,36500,,,,trade
구리,구리청과(주),20260122,오이,백다다기,10.00kg,없음,전라남도 순천시,37,25000,,,,trade
구리,구리청과(주),20260122,오이,백다다기,10.00kg,없음,전라남도 순천시,2,28500,,,,trade
구리,구리청과(주),20260122,오이,백다다기,10.00kg,없음,전라남도 순천시,26,38500,,,,trade
구리,구리청과(주),20260122,오이,백다다기,10.00kg,없음,전라남도 순천시,1,22000,,,,trade
구리,구리청과(주),20260122,오이,백다다기,10.00kg,없음,전라남도 순천시,7,24500,,,,trade
구리,구리청과(주),20260122,오이,백다다기,10.00kg,없음,전라남도 순천시,36,30000,,,,trade
구리,구리청과(주),20260122,오이,백다다기,10.00kg,없음,전라남도 순천시,19,36500,,,,trade
구리,구리청과(주),20260122,오이,백다다기,10.00kg,없음,전라남도 순천시,1,24500,,,,trade
구리,구리청과(주),20260122,오이,백다다기,10.00kg,없음,전라남도 순천시,15,40000,,,,trade
구리,구리청과(주),20260122,오이,백다다기,10.00kg,없음,전라남도 순천시,1,25500,,,,trade
구리,구리청과(주),20260122,오이,백다다기,10.00kg,없음,전라남도 순천시,10,40000,,,,trade
구리,구리청과(주),20260122,오이,백다다기,10.00kg,없음,전라남도 순천시,3,23500,,,,trade
구리,구리청과(주),20260122,오이,백다다기,10.00kg,없음,전라남도 순천시,3,26500,,,,trade
구리,구리청과(주),20260122,오이,백다다기,10.00kg,없음,전라남도 순천시,6,28000,,,,trade
구리,구리청과(주),20260122,오이,백다다기,10.00kg,없음,전라남도 순천시,11,37500,,,,trade
구리,구리청과(주),20260122,오이,백다다기,10.00kg,없음,전라남도 순천시,9,38000,,,,trade
구리,구리청과(주),20260122,오이,백다다기,10.00kg,없음,전라남도 순천시,6,40000,,,,trade
구리,구리청과(주),20260122,오이,백다다기,10.00kg,없음,전라남도 순천시,18,45000,,,,trade
구리,구리청과(주),20260127,오이,백다다기,10.00kg,없음,경기도 평택시,31,31500,,,,trade
구리,구리청과(주),20260127,오이,백다다기,10.00kg,없음,경상북도 상주시,3,18000,,,,trade
구리,구리청과(주),20260127,오이,백다다기,10.00kg,없음,경상북도 상주시,6,22000,,,,trade
구리,구리청과(주),20260127,오이,백다다기,10.00kg,없음,경상북도 상주시,28,24000,,,,trade
구리,구리청과(주),20260127,오이,백다다기,10.00kg,없음,경상북도 상주시,12,26000,,,,trade
구리,구리청과(주),20260127,오이,백다다기,10.00kg,없음,경상북도 상주시,18,24500,,,,trade
구리,구리청과(주),20260127,오이,백다다기,10.00kg,없음,경상북도 상주시,4,28500,,,,trade
구리,구리청과(주),20260127,오이,백다다기,10.00kg,없음,경상북도 상주시,20,25500,,,,trade
구리,구리청과(주),20260127,오이,백다다기,10.00kg,없음,경상북도 상주시,17,27000,,,,trade
구리,구리청과(주),20260127,오이,백다다기,10.00kg,없음,경상북도 상주시,68,27000,,,,trade
구리,구리청과(주),20260127,오이,백다다기,10.00kg,없음,경상북도 상주시,61,27500,,,,trade
구리,구리청과(주),20260127,오이,백다다기,10.00kg,없음,경상북도 상주시,48,27500,,,,trade
구리,구리청과(주),20260127,오이,백다다기,10.00kg,없음,경상북도 상주시,31,29500,,,,trade
구리,구리청과(주),20260127,오이,백다다기,10.00kg,없음,경상북도 상주시,21,29000,,,,trade
구리,구리청과(주),20260127,오이,백다다기,10.00kg,없음,경기도 오산시,10,35000,,,,trade
구리,구리청과(주),20260127,오이,백다다기,10.00kg,없음,경기도 오산시,5,27500,,,,trade
구리,구리청과(주),20260127,오이,백다다기,10.00kg,없음,경기도 오산시,16,33000,,,,trade
구리,구리청과(주),20260127,오이,백다다기,10.00kg,없음,경기도 오산시,11,40000,,,,trade
구리,구리청과(주),20260127,오이,백다다기,10.00kg,없음,경기도 오산시,15,38000,,,,trade
구리,구리청과(주),20260127,오이,백다다기,10.00kg,없음,전라남도 순천시,2,15500,,,,trade
구리,구리청과(주),20260127,오이,백다다기,10.00kg,없음,전라남도 순천시,20,27500,,,,trade
구리,구리청과(주),20260127,오이,백다다기,10.00kg,없음,전라남도 순천시,6,31000,,,,trade
구리,구리청과(주),20260127,오이,백다다기,10.00kg,없음,전라남도 순천시,4,32000,,,,trade
구리,구리청과(주),20260127,오이,백다다기,10.00kg,없음,전라남도 순천시,1,14000,,,,trade
구리,구리청과(주),20260127,오이,백다다기,10.00kg,없음,전라남도 순천시,3,22000,,,,trade
구리,구리청과(주),20260127,오이,백다다기,10.00kg,없음,전라남도 순천시,15,26000,,,,trade
구리,구리청과(주),20260127,오이,백다다기,10.00kg,없음,전라남도 순천시,2,36500,,,,trade
구리,구리청과(주),20260127,오이,백다다기,10.00kg,없음,전라남도 순천시,32,38000,,,,trade
구리,구리청과(주),20260127,오이,백다다기,10.00kg,없음,전라남도 순천시,1,14000,,,,trade
구리,구리청과(주),20260127,오이,백다다기,10.00kg,없음,전라남도 순천시,6,21500,,,,trade
구리,구리청과(주),20260127,오이,백다다기,10.00kg,없음,전라남도 순천시,6,33500,,,,trade
구리,구리청과(주),20260127,오이,백다다기,10.00kg,없음,전라남도 순천시,24,26000,,,,trade
구리,구리청과(주),20260127,오이,백다다기,10.00kg,없음,전라남도 순천시,1,33000,,,,trade
구리,구리청과(주),20260127,오이,백다다기,10.00kg,없음,전라남도 순천시,6,25500,,,,trade
구리,구리청과(주),20260127,오이,백다다기,10.00kg,없음,전라남도 순천시,8,34500,,,,trade
구리,구리청과(주),20260127,오이,백다다기,10.00kg,없음,전라남도 순천시,59,35500,,,,trade
구리,구리청과(주),20260127,오이,백다다기,10.00kg,없음,전라남도 순천시,19,18500,,,,trade
구리,구리청과(주),20260127,오이,백다다기,10.00kg,없음,전라남도 순천시,23,32000,,,,trade
구리,구리청과(주),20260127,오이,백다다기,10.00kg,없음,전라남도 순천시,25,35000,,,,trade
구리,구리청과(주),20260127,오이,백다다기,10.00kg,없음,전라남도 순천시,1,23500,,,,trade
구리,구리청과(주),20260127,오이,백다다기,10.00kg,없음,전라남도 순천시,17,41500,,,,trade
구리,구리청과(주),20260127,오이,백다다기,10.00kg,없음,전라남도 순천시,1,24500,,,,trade
구리,구리청과(주),20260127,오이,백다다기,10.00kg,없음,전라남도 순천시,18,40000,,,,trade
구리,구리청과(주),20260127,오이,백다다기,10.00kg,없음,전라남도 순천시,1,18500,,,,trade
구리,구리청과(주),20260127,오이,백다다기,10.00kg,없음,전라남도 순천시,2,25000,,,,trade
구리,구리청과(주),20260127,오이,백다다기,10.00kg,없음,전라남도 순천시,5,26500,,,,trade
구리,구리청과(주),20260127,오이,백다다기,10.00kg,없음,전라남도 순천시,10,38500,,,,trade
구리,구리청과(주),20260127,오이,백다다기,10.00kg,없음,전라남도 순천시,7,34000,,,,trade
구리,구리청과(주),20260127,오이,백다다기,10.00kg,없음,전라남도 순천시,1,16500,,,,trade
구리,구리청과(주),20260127,오이,백다다기,10.00kg,없음,전라남도 순천시,13,37000,,,,trade
구리,구리청과(주),20260127,오이,백다다기,10.00kg,없음,전라남도 순천시,22,43500,,,,trade
구리,구리청과(주),20260129,오이,백다다기,10.00kg,없음,경상북도 상주시,2,16500,,,,trade
구리,구리청과(주),20260129,오이,백다다기,10.00kg,없음,경상북도 상주시,7,22500,,,,trade
구리,구리청과(주),20260129,오이,백다다기,10.00kg,없음,경상북도 상주시,38,28500,,,,trade
구리,구리청과(주),20260129,오이,백다다기,10.00kg,없음,경상북도 상주시,68,26500,,,,trade
구리,구리청과(주),20260129,오이,백다다기,10.00kg,없음,경상북도 상주시,8,28000,,,,trade
구리,구리청과(주),20260129,오이,백다다기,10.00kg,없음,경상북도 상주시,11,29500,,,,trade
구리,구리청과(주),20260129,오이,백다다기,10.00kg,없음,경상북도 상주시,31,28000,,,,trade
구리,구리청과(주),20260129,오이,백다다기,10.00kg,없음,경상북도 상주시,30,26500,,,,trade
구리,구리청과(주),20260129,오이,백다다기,10.00kg,없음,경상북도 상주시,32,30500,,,,trade
구리,구리청과(주),20260129,오이,백다다기,10.00kg,없음,경상북도 상주시,13,31000,,,,trade
구리,구리청과(주),20260129,오이,백다다기,10.00kg,없음,경상북도 상주시,8,29000,,,,trade
구리,구리청과(주),20260129,오이,백다다기,10.00kg,없음,경상북도 상주시,4,29500,,,,trade
구리,구리청과(주),20260129,오이,백다다기,10.00kg,없음,경상북도 상주시,39,31500,,,,trade
구리,구리청과(주),20260129,오이,백다다기,10.00kg,없음,경상북도 상주시,14,31000,,,,trade
구리,구리청과(주),20260129,오이,백다다기,10.00kg,없음,경상북도 상주시,4,31000,,,,trade
구리,구리청과(주),20260129,오이,백다다기,10.00kg,없음,경기도 평택시,30,38500,,,,trade
구리,구리청과(주),20260129,오이,백다다기,10.00kg,없음,경기도 오산시,4,35000,,,,trade
구리,구리청과(주),20260129,오이,백다다기,10.00kg,없음,경기도 오산시,10,41000,,,,trade
구리,구리청과(주),20260129,오이,백다다기,10.00kg,없음,경기도 오산시,17,40000,,,,trade
구리,구리청과(주),20260129,오이,백다다기,10.00kg,없음,전라남도 순천시,2,25000,,,,trade
구리,구리청과(주),20260129,오이,백다다기,10.00kg,없음,전라남도 순천시,15,27000,,,,trade
구리,구리청과(주),20260129,오이,백다다기,10.00kg,없음,전라남도 순천시,28,41000,,,,trade
구리,구리청과(주),20260129,오이,백다다기,10.00kg,없음,전라남도 순천시,5,24000,,,,trade
구리,구리청과(주),20260129,오이,백다다기,10.00kg,없음,전라남도 순천시,7,28000,,,,trade
구리,구리청과(주),20260129,오이,백다다기,10.00kg,없음,전라남도 순천시,1,17500,,,,trade
구리,구리청과(주),20260129,오이,백다다기,10.00kg,없음,전라남도 순천시,1,22500,,,,trade
구리,구리청과(주),20260129,오이,백다다기,10.00kg,없음,전라남도 순천시,15,28500,,,,trade
구리,구리청과(주),20260129,오이,백다다기,10.00kg,없음,전라남도 순천시,5,38000,,,,trade
구리,구리청과(주),20260129,오이,백다다기,10.00kg,없음,전라남도 순천시,3,30000,,,,trade
구리,구리청과(주),20260129,오이,백다다기,10.00kg,없음,전라남도 순천시,20,27000,,,,trade
구리,구리청과(주),20260129,오이,백다다기,10.00kg,없음,전라남도 순천시,3,33000,,,,trade
구리,구리청과(주),20260129,오이,백다다기,10.00kg,없음,전라남도 순천시,1,24000,,,,trade
구리,구리청과(주),20260129,오이,백다다기,10.00kg,없음,전라남도 순천시,6,27000,,,,trade
구리,구리청과(주),20260129,오이,백다다기,10.00kg,없음,전라남도 순천시,10,39500,,,,trade
구리,구리청과(주),20260129,오이,백다다기,10.00kg,없음,전라남도 순천시,36,39500,,,,trade
구리,구리청과(주),20260129,오이,백다다기,10.00kg,없음,전라남도 순천시,15,22000,,,,trade
구리,구리청과(주),20260129,오이,백다다기,10.00kg,없음,전라남도 순천시,22,33000,,,,trade
구리,구리청과(주),20260129,오이,백다다기,10.00kg,없음,전라남도 순천시,27,37000,,,,trade
구리,구리청과(주),20260129,오이,백다다기,10.00kg,없음,전라남도 순천시,1,23500,,,,trade
구리,구리청과(주),20260129,오이,백다다기,10.00kg,없음,전라남도 순천시,20,40000,,,,trade
구리,구리청과(주),20260129,오이,백다다기,10.00kg,없음,전라남도 순천시,18,42000,,,,trade
구리,구리청과(주),20260129,오이,백다다기,10.00kg,없음,전라남도 순천시,1,16500,,,,trade
구리,구리청과(주),20260129,오이,백다다기,10.00kg,없음,전라남도 순천시,2,26000,,,,trade
구리,구리청과(주),20260129,오이,백다다기,10.00kg,없음,전라남도 순천시,3,27000,,,,trade
구리,구리청과(주),20260129,오이,백다다기,10.00kg,없음,전라남도 순천시,6,39000,,,,trade
구리,구리청과(주),20260129,오이,백다다기,10.00kg,없음,전라남도 순천시,7,41000,,,,trade
구리,구리청과(주),20260129,오이,백다다기,10.00kg,없음,전라남도 순천시,1,13500,,,,trade
구리,구리청과(주),20260129,오이,백다다기,10.00kg,없음,전라남도 순천시,1,23500,,,,trade
구리,구리청과(주),20260129,오이,백다다기,10.00kg,없음,전라남도 순천시,1,25500,,,,trade
구리,구리청과(주),20260129,오이,백다다기,10.00kg,없음,전라남도 순천시,13,42000,,,,trade
구리,구리청과(주),20260129,오이,백다다기,10.00kg,없음,전라남도 순천시,23,44000,,,,trade
구리,구리청과(주),20260203,오이,백다다기,10.00kg,없음,경상북도 상주시,37,28000,,,,trade
구리,구리청과(주),20260203,오이,백다다기,10.00kg,없음,경상북도 상주시,37,265500,,,,trade
구리,구리청과(주),20260203,오이,백다다기,10.00kg,없음,경상북도 상주시,21,26000,,,,trade
구리,구리청과(주),20260203,오이,백다다기,10.00kg,없음,경상북도 상주시,20,26500,,,,trade
구리,구리청과(주),20260203,오이,백다다기,10.00kg,없음,경상북도 상주시,55,28500,,,,trade
구리,구리청과(주),20260203,오이,백다다기,10.00kg,없음,경상북도 상주시,63,25500,,,,trade
구리,구리청과(주),20260203,오이,백다다기,10.00kg,없음,경상북도 상주시,8,27500,,,,trade
구리,구리청과(주),20260203,오이,백다다기,10.00kg,없음,경상북도 상주시,9,26000,,,,trade
구리,구리청과(주),20260203,오이,백다다기,10.00kg,없음,경상북도 상주시,3,27000,,,,trade
구리,구리청과(주),20260203,오이,백다다기,10.00kg,없음,경상북도 상주시,18,25500,,,,trade
구리,구리청과(주),20260203,오이,백다다기,10.00kg,없음,경상북도 상주시,19,26000,,,,trade
구리,구리청과(주),20260203,오이,백다다기,10.00kg,없음,경상북도 상주시,11,27500,,,,trade
구리,구리청과(주),20260203,오이,백다다기,10.00kg,없음,경상북도 상주시,25,26000,,,,trade
구리,구리청과(주),20260203,오이,백다다기,10.00kg,없음,경상북도 상주시,9,27000,,,,trade
구리,구리청과(주),20260203,오이,백다다기,10.00kg,없음,경상북도 상주시,2,28000,,,,trade
구리,구리청과(주),20260203,오이,백다다기,10.00kg,없음,전라남도 고흥군,1,20000,,,,trade
구리,구리청과(주),20260203,오이,백다다기,10.00kg,없음,전라남도 고흥군,4,23000,,,,trade
구리,구리청과(주),20260203,오이,백다다기,10.00kg,없음,전라남도 고흥군,10,34500,,,,trade
구리,구리청과(주),20260203,오이,백다다기,10.00kg,없음,전라남도 고흥군,7,32000,,,,trade
구리,구리청과(주),20260203,오이,백다다기,10.00kg,없음,경기도 하남시,11,40000,,,,trade
구리,구리청과(주),20260203,오이,백다다기,10.00kg,없음,경기도 하남시,7,31000,,,,trade
구리,구리청과(주),20260203,오이,백다다기,10.00kg,없음,경기도 하남시,15,38000,,,,trade
구리,구리청과(주),20260203,오이,백다다기,10.00kg,없음,경기도 하남시,23,35000,,,,trade
구리,구리청과(주),20260203,오이,백다다기,10.00kg,없음,경기도 하남시,15,35000,,,,trade
구리,구리청과(주),20260203,오이,백다다기,10.00kg,없음,경기도 하남시,25,37000,,,,trade
구리,구리청과(주),20260203,오이,백다다기,10.00kg,없음,경기도 하남시,4,37000,,,,trade
구리,구리청과(주),20260203,오이,백다다기,10.00kg,없음,전라남도 순천시,1,18500,,,,trade
구리,구리청과(주),20260203,오이,백다다기,10.00kg,없음,전라남도 순천시,1,21500,,,,trade
구리,구리청과(주),20260203,오이,백다다기,10.00kg,없음,전라남도 순천시,13,24500,,,,trade
구리,구리청과(주),20260203,오이,백다다기,10.00kg,없음,전라남도 순천시,15,35500,,,,trade
구리,구리청과(주),20260203,오이,백다다기,10.00kg,없음,전라남도 순천시,2,22500,,,,trade
구리,구리청과(주),20260203,오이,백다다기,10.00kg,없음,전라남도 순천시,9,32000,,,,trade
구리,구리청과(주),20260203,오이,백다다기,10.00kg,없음,전라남도 순천시,5,32500,,,,trade
구리,구리청과(주),20260203,오이,백다다기,10.00kg,없음,전라남도 순천시,20,30000,,,,trade
구리,구리청과(주),20260203,오이,백다다기,10.00kg,없음,전라남도 순천시,4,28500,,,,trade
구리,구리청과(주),20260203,오이,백다다기,10.00kg,없음,전라남도 순천시,31,27000,,,,trade
구리,구리청과(주),20260203,오이,백다다기,10.00kg,없음,전라남도 순천시,2,32500,,,,trade
구리,구리청과(주),20260203,오이,백다다기,10.00kg,없음,전라남도 순천시,8,25500,,,,trade
구리,구리청과(주),20260203,오이,백다다기,10.00kg,없음,전라남도 순천시,9,35500,,,,trade
구리,구리청과(주),20260203,오이,백다다기,10.00kg,없음,전라남도 순천시,22,32500,,,,trade
구리,구리청과(주),20260203,오이,백다다기,10.00kg,없음,전라남도 순천시,9,18000,,,,trade
구리,구리청과(주),20260203,오이,백다다기,10.00kg,없음,전라남도 순천시,21,30000,,,,trade
구리,구리청과(주),20260203,오이,백다다기,10.00kg,없음,전라남도 순천시,25,33000,,,,trade
구리,구리청과(주),20260203,오이,백다다기,10.00kg,없음,전라남도 순천시,1,22500,,,,trade
구리,구리청과(주),20260203,오이,백다다기,10.00kg,없음,전라남도 순천시,25,35500,,,,trade
구리,구리청과(주),20260203,오이,백다다기,10.00kg,없음,전라남도 순천시,4,16000,,,,trade
구리,구리청과(주),20260203,오이,백다다기,10.00kg,없음,전라남도 순천시,3,22500,,,,trade
구리,구리청과(주),20260203,오이,백다다기,10.00kg,없음,전라남도 순천시,6,25500,,,,trade
구리,구리청과(주),20260203,오이,백다다기,10.00kg,없음,전라남도 순천시,15,36000,,,,trade
구리,구리청과(주),20260203,오이,백다다기,10.00kg,없음,전라남도 순천시,1,22500,,,,trade
구리,구리청과(주),20260203,오이,백다다기,10.00kg,없음,전라남도 순천시,17,40000,,,,trade
구리,구리청과(주),20260203,오이,백다다기,10.00kg,없음,전라남도 순천시,10,37000,,,,trade
구리,구리청과(주),20260203,오이,백다다기,10.00kg,없음,전라남도 순천시,1,7500,,,,trade
구리,구리청과(주),20260203,오이,백다다기,10.00kg,없음,전라남도 순천시,1,10000,,,,trade
구리,구리청과(주),20260203,오이,백다다기,10.00kg,없음,전라남도 순천시,1,23500,,,,trade
구리,구리청과(주),20260203,오이,백다다기,10.00kg,없음,전라남도 순천시,16,38000,,,,trade
구리,구리청과(주),20260203,오이,백다다기,10.00kg,없음,전라남도 순천시,20,41000,,,,trade
구리,구리청과(주),20260205,오이,백다다기,10.00kg,없음,경상북도 상주시,46,32000,,,,trade
구리,구리청과(주),20260205,오이,백다다기,10.00kg,없음,경상북도 상주시,19,32500,,,,trade
구리,구리청과(주),20260205,오이,백다다기,10.00kg,없음,경상북도 상주시,16,31000,,,,trade
구리,구리청과(주),20260205,오이,백다다기,10.00kg,없음,경상북도 상주시,19,30000,,,,trade
구리,구리청과(주),20260205,오이,백다다기,10.00kg,없음,전라남도 구례군,2,42500,,,,trade
구리,구리청과(주),20260205,오이,백다다기,10.00kg,없음,전라남도 구례군,15,45000,,,,trade
구리,구리청과(주),20260205,오이,백다다기,10.00kg,없음,전라남도 고흥군,2,26500,,,,trade
구리,구리청과(주),20260205,오이,백다다기,10.00kg,없음,전라남도 고흥군,3,26000,,,,trade
구리,구리청과(주),20260205,오이,백다다기,10.00kg,없음,전라남도 고흥군,8,32500,,,,trade
구리,구리청과(주),20260205,오이,백다다기,10.00kg,없음,전라남도 고흥군,3,31000,,,,trade
구리,구리청과(주),20260205,오이,백다다기,10.00kg,없음,전라남도 고흥군,13,36500,,,,trade
구리,구리청과(주),20260205,오이,백다다기,10.00kg,없음,경기도 평택시,41,39000,,,,trade
구리,구리청과(주),20260205,오이,백다다기,10.00kg,없음,경기도 오산시,8,33500,,,,trade
구리,구리청과(주),20260205,오이,백다다기,10.00kg,없음,경기도 오산시,19,38500,,,,trade
구리,구리청과(주),20260205,오이,백다다기,10.00kg,없음,경기도 오산시,17,35500,,,,trade
구리,구리청과(주),20260205,오이,백다다기,10.00kg,없음,경기도 오산시,2,36000,,,,trade
구리,구리청과(주),20260205,오이,백다다기,10.00kg,없음,전라남도 순천시,5,35500,,,,trade
구리,구리청과(주),20260205,오이,백다다기,10.00kg,없음,전라남도 순천시,1,23500,,,,trade
구리,구리청과(주),20260205,오이,백다다기,10.00kg,없음,전라남도 순천시,5,28000,,,,trade
구리,구리청과(주),20260205,오이,백다다기,10.00kg,없음,전라남도 순천시,15,36000,,,,trade
구리,구리청과(주),20260205,오이,백다다기,10.00kg,없음,전라남도 순천시,43,27000,,,,trade
구리,구리청과(주),20260205,오이,백다다기,10.00kg,없음,전라남도 순천시,4,34500,,,,trade
구리,구리청과(주),20260205,오이,백다다기,10.00kg,없음,전라남도 순천시,1,25500,,,,trade
구리,구리청과(주),20260205,오이,백다다기,10.00kg,없음,전라남도 순천시,5,28000,,,,trade
구리,구리청과(주),20260205,오이,백다다기,10.00kg,없음,전라남도 순천시,9,38000,,,,trade
구리,구리청과(주),20260205,오이,백다다기,10.00kg,없음,전라남도 순천시,2,24500,,,,trade
구리,구리청과(주),20260205,오이,백다다기,10.00kg,없음,전라남도 순천시,9,29500,,,,trade
구리,구리청과(주),20260205,오이,백다다기,10.00kg,없음,전라남도 순천시,4,17500,,,,trade
구리,구리청과(주),20260205,오이,백다다기,10.00kg,없음,전라남도 순천시,5,26500,,,,trade
구리,구리청과(주),20260205,오이,백다다기,10.00kg,없음,전라남도 순천시,5,28500,,,,trade
구리,구리청과(주),20260205,오이,백다다기,10.00kg,없음,전라남도 순천시,13,37500,,,,trade
구리,구리청과(주),20260205,오이,백다다기,10.00kg,없음,전라남도 순천시,30,34000,,,,trade
구리,구리청과(주),20260205,오이,백다다기,10.00kg,없음,전라남도 순천시,12,22500,,,,trade
구리,구리청과(주),20260205,오이,백다다기,10.00kg,없음,전라남도 순천시,20,28500,,,,trade
구리,구리청과(주),20260205,오이,백다다기,10.00kg,없음,전라남도 순천시,36,35000,,,,trade
구리,구리청과(주),20260205,오이,백다다기,10.00kg,없음,전라남도 순천시,1,21500,,,,trade
구리,구리청과(주),20260205,오이,백다다기,10.00kg,없음,전라남도 순천시,21,38000,,,,trade
구리,구리청과(주),20260205,오이,백다다기,10.00kg,없음,전라남도 순천시,15,39000,,,,trade
구리,구리청과(주),20260205,오이,백다다기,10.00kg,없음,전라남도 순천시,13,35500,,,,trade
구리,구리청과(주),20260205,오이,백다다기,10.00kg,없음,전라남도 순천시,1,28000,,,,trade
구리,구리청과(주),20260205,오이,백다다기,10.00kg,없음,전라남도 순천시,16,38000,,,,trade
구리,구리청과(주),20260205,오이,백다다기,10.00kg,없음,전라남도 순천시,22,40000,,,,trade
구리,구리청과(주),20260210,오이,백다다기,10.00kg,없음,경상북도 상주시,21,33500,,,,trade
구리,구리청과(주),20260210,오이,백다다기,10.00kg,없음,경상북도 상주시,38,33500,,,,trade
구리,구리청과(주),20260210,오이,백다다기,10.00kg,없음,경상북도 상주시,21,33500,,,,trade
구리,구리청과(주),20260210,오이,백다다기,10.00kg,없음,경상북도 상주시,3,29000,,,,trade
구리,구리청과(주),20260210,오이,백다다기,10.00kg,없음,경상북도 상주시,19,34500,,,,trade
구리,구리청과(주),20260210,오이,백다다기,10.00kg,없음,경상북도 상주시,6,32500,,,,trade
구리,구리청과(주),20260210,오이,백다다기,10.00kg,없음,경상북도 상주시,25,29000,,,,trade
구리,구리청과(주),20260210,오이,백다다기,10.00kg,없음,경상북도 상주시,31,35000,,,,trade
구리,구리청과(주),20260210,오이,백다다기,10.00kg,없음,경상북도 상주시,2,30000,,,,trade
구리,구리청과(주),20260210,오이,백다다기,10.00kg,없음,경상북도 상주시,6,32500,,,,trade
구리,구리청과(주),20260210,오이,백다다기,10.00kg,없음,경상북도 상주시,34,35000,,,,trade
구리,구리청과(주),20260210,오이,백다다기,10.00kg,없음,경상북도 상주시,54,32000,,,,trade
구리,구리청과(주),20260210,오이,백다다기,10.00kg,없음,경상북도 상주시,16,31500,,,,trade
구리,구리청과(주),20260210,오이,백다다기,10.00kg,없음,경상북도 상주시,24,34500,,,,trade
구리,구리청과(주),20260210,오이,백다다기,10.00kg,없음,경상북도 상주시,43,47000,,,,trade
구리,구리청과(주),20260210,오이,백다다기,10.00kg,없음,경상북도 상주시,1,39000,,,,trade
구리,구리청과(주),20260210,오이,백다다기,10.00kg,없음,경상북도 상주시,8,41000,,,,trade
구리,구리청과(주),20260210,오이,백다다기,10.00kg,없음,경상북도 상주시,2,36500,,,,trade
구리,구리청과(주),20260210,오이,백다다기,10.00kg,없음,경상북도 상주시,4,34500,,,,trade
구리,구리청과(주),20260210,오이,백다다기,10.00kg,없음,경상북도 상주시,27,47000,,,,trade
구리,구리청과(주),20260210,오이,백다다기,10.00kg,없음,경상북도 상주시,20,47000,,,,trade
구리,구리청과(주),20260210,오이,백다다기,10.00kg,없음,전라남도 순천시,6,33000,,,,trade
구리,구리청과(주),20260210,오이,백다다기,10.00kg,없음,전라남도 순천시,2,19000,,,,trade
구리,구리청과(주),20260210,오이,백다다기,10.00kg,없음,전라남도 순천시,2,22500,,,,trade
구리,구리청과(주),20260210,오이,백다다기,10.00kg,없음,전라남도 순천시,4,27000,,,,trade
구리,구리청과(주),20260210,오이,백다다기,10.00kg,없음,전라남도 순천시,7,34000,,,,trade
구리,구리청과(주),20260210,오이,백다다기,10.00kg,없음,전라남도 순천시,9,27500,,,,trade
구리,구리청과(주),20260210,오이,백다다기,10.00kg,없음,전라남도 순천시,15,38500,,,,trade
구리,구리청과(주),20260210,오이,백다다기,10.00kg,없음,전라남도 순천시,33,27500,,,,trade
구리,구리청과(주),20260210,오이,백다다기,10.00kg,없음,전라남도 순천시,2,34500,,,,trade
구리,구리청과(주),20260210,오이,백다다기,10.00kg,없음,전라남도 순천시,8,27000,,,,trade
구리,구리청과(주),20260210,오이,백다다기,10.00kg,없음,전라남도 순천시,8,44000,,,,trade
구리,구리청과(주),20260210,오이,백다다기,10.00kg,없음,전라남도 순천시,2,24500,,,,trade
구리,구리청과(주),20260210,오이,백다다기,10.00kg,없음,전라남도 순천시,5,32500,,,,trade
구리,구리청과(주),20260210,오이,백다다기,10.00kg,없음,전라남도 순천시,45,35500,,,,trade
구리,구리청과(주),20260210,오이,백다다기,10.00kg,없음,전라남도 순천시,14,15500,,,,trade
구리,구리청과(주),20260210,오이,백다다기,10.00kg,없음,전라남도 순천시,21,30000,,,,trade
구리,구리청과(주),20260210,오이,백다다기,10.00kg,없음,전라남도 순천시,33,37500,,,,trade
구리,구리청과(주),20260210,오이,백다다기,10.00kg,없음,전라남도 순천시,1,16500,,,,trade
구리,구리청과(주),20260210,오이,백다다기,10.00kg,없음,전라남도 순천시,33,45000,,,,trade
구리,구리청과(주),20260210,오이,백다다기,10.00kg,없음,전라남도 순천시,33,43500,,,,trade
구리,구리청과(주),20260210,오이,백다다기,10.00kg,없음,전라남도 순천시,3,20000,,,,trade
구리,구리청과(주),20260210,오이,백다다기,10.00kg,없음,전라남도 순천시,1,22500,,,,trade
구리,구리청과(주),20260210,오이,백다다기,10.00kg,없음,전라남도 순천시,3,27000,,,,trade
구리,구리청과(주),20260210,오이,백다다기,10.00kg,없음,전라남도 순천시,4,38500,,,,trade
구리,구리청과(주),20260210,오이,백다다기,10.00kg,없음,전라남도 순천시,3,26500,,,,trade
구리,구리청과(주),20260210,오이,백다다기,10.00kg,없음,전라남도 순천시,22,39000,,,,trade
구리,구리청과(주),20260210,오이,백다다기,10.00kg,없음,전라남도 순천시,1,14500,,,,trade
구리,구리청과(주),20260210,오이,백다다기,10.00kg,없음,전라남도 순천시,1,22500,,,,trade
구리,구리청과(주),20260210,오이,백다다기,10.00kg,없음,전라남도 순천시,1,25500,,,,trade
구리,구리청과(주),20260210,오이,백다다기,10.00kg,없음,전라남도 순천시,16,38500,,,,trade
구리,구리청과(주),20260210,오이,백다다기,10.00kg,없음,전라남도 순천시,21,45000,,,,trade
구리,구리청과(주),20260212,오이,백다다기,10.00kg,없음,경상북도 상주시,1,34500,,,,trade
구리,구리청과(주),20260212,오이,백다다기,10.00kg,없음,경상북도 상주시,3,35500,,,,trade
구리,구리청과(주),20260212,오이,백다다기,10.00kg,없음,경상북도 상주시,1,33500,,,,trade
구리,구리청과(주),20260212,오이,백다다기,10.00kg,없음,경상북도 상주시,16,35500,,,,trade
구리,구리청과(주),20260212,오이,백다다기,10.00kg,없음,경상북도 상주시,8,38000,,,,trade
구리,구리청과(주),20260212,오이,백다다기,10.00kg,없음,경상북도 상주시,11,37500,,,,trade
구리,구리청과(주),20260212,오이,백다다기,10.00kg,없음,경상북도 상주시,43,38000,,,,trade
구리,구리청과(주),20260212,오이,백다다기,10.00kg,없음,경상북도 상주시,11,36500,,,,trade
구리,구리청과(주),20260212,오이,백다다기,10.00kg,없음,경상북도 상주시,7,34500,,,,trade
구리,구리청과(주),20260212,오이,백다다기,10.00kg,없음,경상북도 상주시,19,35500,,,,trade
구리,구리청과(주),20260212,오이,백다다기,10.00kg,없음,경상북도 상주시,14,40000,,,,trade
구리,구리청과(주),20260212,오이,백다다기,10.00kg,없음,경상북도 상주시,63,31500,,,,trade
구리,구리청과(주),20260212,오이,백다다기,10.00kg,없음,경상북도 상주시,9,35000,,,,trade
구리,구리청과(주),20260212,오이,백다다기,10.00kg,없음,경상북도 상주시,27,41500,,,,trade
구리,구리청과(주),20260212,오이,백다다기,10.00kg,없음,경상북도 상주시,2,35500,,,,trade
구리,구리청과(주),20260212,오이,백다다기,10.00kg,없음,경상북도 상주시,2,36500,,,,trade
구리,구리청과(주),20260212,오이,백다다기,10.00kg,없음,경상북도 상주시,1,36500,,,,trade
구리,구리청과(주),20260212,오이,백다다기,10.00kg,없음,경상북도 상주시,6,37500,,,,trade
구리,구리청과(주),20260212,오이,백다다기,10.00kg,없음,경상북도 상주시,13,38500,,,,trade
구리,구리청과(주),20260212,오이,백다다기,10.00kg,없음,경상북도 상주시,4,41000,,,,trade
구리,구리청과(주),20260212,오이,백다다기,10.00kg,없음,경상북도 상주시,16,41500,,,,trade
구리,구리청과(주),20260212,오이,백다다기,10.00kg,없음,경상북도 상주시,3,37500,,,,trade
구리,구리청과(주),20260212,오이,백다다기,10.00kg,없음,경상북도 상주시,5,34500,,,,trade
구리,구리청과(주),20260212,오이,백다다기,10.00kg,없음,경상북도 상주시,7,42000,,,,trade
구리,구리청과(주),20260212,오이,백다다기,10.00kg,없음,경상북도 상주시,4,34500,,,,trade
구리,구리청과(주),20260212,오이,백다다기,10.00kg,없음,경상북도 상주시,5,35500,,,,trade
구리,구리청과(주),20260212,오이,백다다기,10.00kg,없음,경상북도 상주시,1,37000,,,,trade
구리,구리청과(주),20260212,오이,백다다기,10.00kg,없음,경상북도 상주시,20,40000,,,,trade
구리,구리청과(주),20260212,오이,백다다기,10.00kg,없음,경상북도 상주시,8,34000,,,,trade
구리,구리청과(주),20260212,오이,백다다기,10.00kg,없음,경상북도 상주시,18,37000,,,,trade
구리,구리청과(주),20260212,오이,백다다기,10.00kg,없음,경상북도 상주시,6,37500,,,,trade
구리,구리청과(주),20260212,오이,백다다기,10.00kg,없음,경상북도 상주시,19,35500,,,,trade
구리,구리청과(주),20260212,오이,백다다기,10.00kg,없음,경상북도 상주시,5,36500,,,,trade
구리,구리청과(주),20260212,오이,백다다기,10.00kg,없음,경상북도 상주시,4,36500,,,,trade
구리,구리청과(주),20260212,오이,백다다기,10.00kg,없음,경상북도 상주시,8,36000,,,,trade
구리,구리청과(주),20260212,오이,백다다기,10.00kg,없음,전라남도 순천시,5,41000,,,,trade
구리,구리청과(주),20260212,오이,백다다기,10.00kg,없음,전라남도 순천시,2,22500,,,,trade
구리,구리청과(주),20260212,오이,백다다기,10.00kg,없음,전라남도 순천시,1,26500,,,,trade
구리,구리청과(주),20260212,오이,백다다기,10.00kg,없음,전라남도 순천시,2,30000,,,,trade
구리,구리청과(주),20260212,오이,백다다기,10.00kg,없음,전라남도 순천시,6,39000,,,,trade
구리,구리청과(주),20260212,오이,백다다기,10.00kg,없음,전라남도 순천시,2,22500,,,,trade
구리,구리청과(주),20260212,오이,백다다기,10.00kg,없음,전라남도 순천시,15,32500,,,,trade
구리,구리청과(주),20260212,오이,백다다기,10.00kg,없음,전라남도 순천시,27,45500,,,,trade
구리,구리청과(주),20260212,오이,백다다기,10.00kg,없음,전라남도 순천시,5,28500,,,,trade
구리,구리청과(주),20260212,오이,백다다기,10.00kg,없음,전라남도 순천시,5,33000,,,,trade
구리,구리청과(주),20260212,오이,백다다기,10.00kg,없음,전라남도 순천시,24,32000,,,,trade
구리,구리청과(주),20260212,오이,백다다기,10.00kg,없음,전라남도 순천시,1,33000,,,,trade
구리,구리청과(주),20260212,오이,백다다기,10.00kg,없음,전라남도 순천시,1,25000,,,,trade
구리,구리청과(주),20260212,오이,백다다기,10.00kg,없음,전라남도 순천시,9,32000,,,,trade
구리,구리청과(주),20260212,오이,백다다기,10.00kg,없음,전라남도 순천시,6,41500,,,,trade
구리,구리청과(주),20260212,오이,백다다기,10.00kg,없음,전라남도 순천시,14,32500,,,,trade
구리,구리청과(주),20260212,오이,백다다기,10.00kg,없음,전라남도 순천시,11,43500,,,,trade
구리,구리청과(주),20260212,오이,백다다기,10.00kg,없음,전라남도 순천시,65,40000,,,,trade
구리,구리청과(주),20260212,오이,백다다기,10.00kg,없음,전라남도 순천시,19,22500,,,,trade
구리,구리청과(주),20260212,오이,백다다기,10.00kg,없음,전라남도 순천시,21,33500,,,,trade
구리,구리청과(주),20260212,오이,백다다기,10.00kg,없음,전라남도 순천시,47,38500,,,,trade
구리,구리청과(주),20260212,오이,백다다기,10.00kg,없음,전라남도 순천시,1,23000,,,,trade
구리,구리청과(주),20260212,오이,백다다기,10.00kg,없음,전라남도 순천시,9,45500,,,,trade
구리,구리청과(주),20260212,오이,백다다기,10.00kg,없음,전라남도 순천시,1,25500,,,,trade
구리,구리청과(주),20260212,오이,백다다기,10.00kg,없음,전라남도 순천시,19,47500,,,,trade
구리,구리청과(주),20260212,오이,백다다기,10.00kg,없음,전라남도 순천시,2,23000,,,,trade
구리,구리청과(주),20260212,오이,백다다기,10.00kg,없음,전라남도 순천시,4,26500,,,,trade
구리,구리청과(주),20260212,오이,백다다기,10.00kg,없음,전라남도 순천시,6,32500,,,,trade
구리,구리청과(주),20260212,오이,백다다기,10.00kg,없음,전라남도 순천시,7,42500,,,,trade
구리,구리청과(주),20260212,오이,백다다기,10.00kg,없음,전라남도 순천시,2,20000,,,,trade
구리,구리청과(주),20260212,오이,백다다기,10.00kg,없음,전라남도 순천시,3,31000,,,,trade
구리,구리청과(주),20260212,오이,백다다기,10.00kg,없음,전라남도 순천시,18,47000,,,,trade
구리,구리청과(주),20260212,오이,백다다기,10.00kg,없음,전라남도 순천시,1,20000,,,,trade
구리,구리청과(주),20260212,오이,백다다기,10.00kg,없음,전라남도 순천시,1,25500,,,,trade
구리,구리청과(주),20260212,오이,백다다기,10.00kg,없음,전라남도 순천시,1,30000,,,,trade
구리,구리청과(주),20260212,오이,백다다기,10.00kg,없음,전라남도 순천시,24,45000,,,,trade
구리,구리청과(주),20260212,오이,백다다기,10.00kg,없음,전라남도 순천시,15,47000,,,,trade
구리,구리청과(주),20260212,오이,백다다기,10.00kg,없음,경기도 평택시,5,43500,,,,trade
구리,구리청과(주),20260212,오이,백다다기,10.00kg,없음,경기도 평택시,12,45500,,,,trade
구리,구리청과(주),20260212,오이,백다다기,10.00kg,없음,경기도 평택시,10,44500,,,,trade
구리,구리청과(주),20260212,오이,백다다기,10.00kg,없음,경기도 평택시,46,48000,,,,trade
구리,구리청과(주),20260212,오이,백다다기,10.00kg,없음,경기도 오산시,6,42500,,,,trade
구리,구리청과(주),20260212,오이,백다다기,10.00kg,없음,경기도 오산시,18,50000,,,,trade
구리,구리청과(주),20260212,오이,백다다기,10.00kg,없음,경기도 오산시,9,48000,,,,trade
구리,구리청과(주),20260212,오이,백다다기,10.00kg,없음,경기도 오산시,10,45000,,,,trade
구리,구리청과(주),20260212,오이,백다다기,10.00kg,없음,경기도 오산시,22,52000,,,,trade
구리,구리청과(주),20260212,오이,백다다기,10.00kg,없음,경기도 오산시,14,50000,,,,trade
구리,구리청과(주),20260219,오이,백다다기,10.00kg,없음,경상북도 상주시,7,9000,,,,trade
구리,구리청과(주),20260219,오이,백다다기,10.00kg,없음,경상북도 상주시,14,12500,,,,trade
구리,구리청과(주),20260219,오이,백다다기,10.00kg,없음,경상북도 상주시,10,18500,,,,trade
구리,구리청과(주),20260219,오이,백다다기,10.00kg,없음,경상북도 상주시,21,18500,,,,trade
구리,구리청과(주),20260219,오이,백다다기,10.00kg,없음,경상북도 상주시,74,19000,,,,trade
구리,구리청과(주),20260219,오이,백다다기,10.00kg,없음,경상북도 상주시,74,18500,,,,trade
구리,구리청과(주),20260219,오이,백다다기,10.00kg,없음,경상북도 상주시,27,19000,,,,trade
구리,구리청과(주),20260219,오이,백다다기,10.00kg,없음,경상북도 상주시,24,18000,,,,trade
구리,구리청과(주),20260219,오이,백다다기,10.00kg,없음,경상북도 상주시,2,18000,,,,trade
구리,구리청과(주),20260219,오이,백다다기,10.00kg,없음,경상북도 상주시,4,17500,,,,trade
구리,구리청과(주),20260219,오이,백다다기,10.00kg,없음,경상북도 상주시,42,18500,,,,trade
구리,구리청과(주),20260219,오이,백다다기,10.00kg,없음,경상북도 상주시,33,18500,,,,trade
구리,구리청과(주),20260219,오이,백다다기,10.00kg,없음,경상북도 상주시,25,19000,,,,trade
구리,구리청과(주),20260219,오이,백다다기,10.00kg,없음,경상북도 상주시,42,19000,,,,trade
구리,구리청과(주),20260219,오이,백다다기,10.00kg,없음,경상북도 상주시,18,19000,,,,trade
구리,구리청과(주),20260219,오이,백다다기,10.00kg,없음,경상북도 상주시,12,18500,,,,trade
구리,구리청과(주),20260219,오이,백다다기,10.00kg,없음,경상북도 상주시,4,18000,,,,trade
구리,구리청과(주),20260219,오이,백다다기,10.00kg,없음,경상북도 상주시,26,20000,,,,trade
구리,구리청과(주),20260219,오이,백다다기,10.00kg,없음,경상북도 상주시,1,16500,,,,trade
구리,구리청과(주),20260219,오이,백다다기,10.00kg,없음,경상북도 상주시,5,17500,,,,trade
구리,구리청과(주),20260219,오이,백다다기,10.00kg,없음,경상북도 상주시,29,17500,,,,trade
구리,구리청과(주),20260219,오이,백다다기,10.00kg,없음,경상북도 상주시,12,18000,,,,trade
구리,구리청과(주),20260219,오이,백다다기,10.00kg,없음,경상북도 상주시,13,17500,,,,trade
구리,구리청과(주),20260219,오이,백다다기,10.00kg,없음,경상북도 상주시,2,18500,,,,trade
구리,구리청과(주),20260219,오이,백다다기,10.00kg,없음,전라남도 고흥군,5,13000,,,,trade
구리,구리청과(주),20260219,오이,백다다기,10.00kg,없음,전라남도 고흥군,21,21000,,,,trade
구리,구리청과(주),20260219,오이,백다다기,10.00kg,없음,전라남도 고흥군,12,16500,,,,trade
구리,구리청과(주),20260219,오이,백다다기,10.00kg,없음,전라남도 고흥군,16,18000,,,,trade
구리,구리청과(주),20260219,오이,백다다기,10.00kg,없음,전라남도 고흥군,15,21000,,,,trade
구리,구리청과(주),20260219,오이,백다다기,10.00kg,없음,전라남도 순천시,13,14000,,,,trade
구리,구리청과(주),20260219,오이,백다다기,10.00kg,없음,전라남도 순천시,7,16000,,,,trade
구리,구리청과(주),20260219,오이,백다다기,10.00kg,없음,전라남도 순천시,5,9500,,,,trade
구리,구리청과(주),20260219,오이,백다다기,10.00kg,없음,전라남도 순천시,4,12000,,,,trade
구리,구리청과(주),20260219,오이,백다다기,10.00kg,없음,전라남도 순천시,7,15000,,,,trade
구리,구리청과(주),20260219,오이,백다다기,10.00kg,없음,전라남도 순천시,10,17500,,,,trade
구리,구리청과(주),20260219,오이,백다다기,10.00kg,없음,전라남도 순천시,1,9000,,,,trade
구리,구리청과(주),20260219,오이,백다다기,10.00kg,없음,전라남도 순천시,19,15000,,,,trade
구리,구리청과(주),20260219,오이,백다다기,10.00kg,없음,전라남도 순천시,19,21500,,,,trade
구리,구리청과(주),20260219,오이,백다다기,10.00kg,없음,전라남도 순천시,31,14000,,,,trade
구리,구리청과(주),20260219,오이,백다다기,10.00kg,없음,전라남도 순천시,1,16000,,,,trade
구리,구리청과(주),20260219,오이,백다다기,10.00kg,없음,전라남도 순천시,1,4000,,,,trade
구리,구리청과(주),20260219,오이,백다다기,10.00kg,없음,전라남도 순천시,5,11500,,,,trade
구리,구리청과(주),20260219,오이,백다다기,10.00kg,없음,전라남도 순천시,25,17000,,,,trade
구리,구리청과(주),20260219,오이,백다다기,10.00kg,없음,전라남도 순천시,32,24500,,,,trade
구리,구리청과(주),20260219,오이,백다다기,10.00kg,없음,전라남도 순천시,30,18500,,,,trade
구리,구리청과(주),20260219,오이,백다다기,10.00kg,없음,전라남도 순천시,20,19500,,,,trade
구리,구리청과(주),20260219,오이,백다다기,10.00kg,없음,전라남도 순천시,13,8000,,,,trade
구리,구리청과(주),20260219,오이,백다다기,10.00kg,없음,전라남도 순천시,19,14500,,,,trade
구리,구리청과(주),20260219,오이,백다다기,10.00kg,없음,전라남도 순천시,39,18500,,,,trade
구리,구리청과(주),20260219,오이,백다다기,10.00kg,없음,전라남도 순천시,4,13500,,,,trade
구리,구리청과(주),20260219,오이,백다다기,10.00kg,없음,전라남도 순천시,43,24000,,,,trade
구리,구리청과(주),20260219,오이,백다다기,10.00kg,없음,전라남도 순천시,1,11500,,,,trade
구리,구리청과(주),20260219,오이,백다다기,10.00kg,없음,전라남도 순천시,29,19500,,,,trade
구리,구리청과(주),20260219,오이,백다다기,10.00kg,없음,전라남도 순천시,11,11000,,,,trade
구리,구리청과(주),20260219,오이,백다다기,10.00kg,없음,전라남도 순천시,8,14500,,,,trade
구리,구리청과(주),20260219,오이,백다다기,10.00kg,없음,전라남도 순천시,12,17500,,,,trade
구리,구리청과(주),20260219,오이,백다다기,10.00kg,없음,전라남도 순천시,7,22500,,,,trade
구리,구리청과(주),20260219,오이,백다다기,10.00kg,없음,전라남도 순천시,2,12500,,,,trade
구리,구리청과(주),20260219,오이,백다다기,10.00kg,없음,전라남도 순천시,1,16500,,,,trade
구리,구리청과(주),20260219,오이,백다다기,10.00kg,없음,전라남도 순천시,11,24500,,,,trade
구리,구리청과(주),20260219,오이,백다다기,10.00kg,없음,전라남도 순천시,1,15500,,,,trade
구리,구리청과(주),20260219,오이,백다다기,10.00kg,없음,전라남도 순천시,12,26500,,,,trade
구리,구리청과(주),20260219,오이,백다다기,10.00kg,없음,전라남도 순천시,52,28000,,,,trade
구리,구리청과(주),20260219,오이,백다다기,10.00kg,없음,경기도 오산시,45,22500,,,,trade
구리,구리청과(주),20260219,오이,백다다기,10.00kg,없음,경기도 오산시,26,26000,,,,trade
구리,구리청과(주),20260219,오이,백다다기,10.00kg,없음,경기도 오산시,24,26500,,,,trade
구리,구리청과(주),20260219,오이,백다다기,10.00kg,없음,경기도 오산시,9,24500,,,,trade
구리,구리청과(주),20260219,오이,백다다기,10.00kg,없음,경기도 오산시,44,20000,,,,trade
구리,구리청과(주),20260219,오이,백다다기,10.00kg,없음,경기도 오산시,43,28000,,,,trade
구리,구리청과(주),20260219,오이,백다다기,10.00kg,없음,경기도 오산시,30,27500,,,,trade
구리,구리청과(주),20260219,오이,백다다기,10.00kg,없음,경기도 평택시,1,2500,,,,trade
구리,구리청과(주),20260219,오이,백다다기,10.00kg,없음,경기도 평택시,2,16000,,,,trade
구리,구리청과(주),20260219,오이,백다다기,10.00kg,없음,경기도 평택시,30,24500,,,,trade
구리,구리청과(주),20260219,오이,백다다기,10.00kg,없음,경기도 평택시,80,22000,,,,trade
구리,구리청과(주),20260219,오이,백다다기,10.00kg,없음,경기도 평택시,80,23500,,,,trade
구리,구리청과(주),20260219,오이,백다다기,10.00kg,없음,경기도 평택시,123,26000,,,,trade
구리,구리청과(주),20260219,오이,백다다기,10.00kg,없음,경기도 평택시,95,25000,,,,trade
구리,구리청과(주),20260219,오이,백다다기,10.00kg,없음,경기도 평택시,43,25000,,,,trade
구리,구리청과(주),20260224,오이,백다다기,10.00kg,없음,경상북도 상주시,6,18500,,,,trade
구리,구리청과(주),20260224,오이,백다다기,10.00kg,없음,경상북도 상주시,27,20000,,,,trade
구리,구리청과(주),20260224,오이,백다다기,10.00kg,없음,경상북도 상주시,21,21500,,,,trade
구리,구리청과(주),20260224,오이,백다다기,10.00kg,없음,경상북도 상주시,68,22500,,,,trade
구리,구리청과(주),20260224,오이,백다다기,10.00kg,없음,경상북도 상주시,23,22500,,,,trade
구리,구리청과(주),20260224,오이,백다다기,10.00kg,없음,경상북도 상주시,1,19000,,,,trade
구리,구리청과(주),20260224,오이,백다다기,10.00kg,없음,경상북도 상주시,14,19000,,,,trade
구리,구리청과(주),20260224,오이,백다다기,10.00kg,없음,경상북도 상주시,26,23000,,,,trade
구리,구리청과(주),20260224,오이,백다다기,10.00kg,없음,경상북도 상주시,9,22000,,,,trade
구리,구리청과(주),20260224,오이,백다다기,10.00kg,없음,경상북도 상주시,5,22000,,,,trade
구리,구리청과(주),20260224,오이,백다다기,10.00kg,없음,전라남도 보성군,3,22500,,,,trade
구리,구리청과(주),20260224,오이,백다다기,10.00kg,없음,전라남도 순천시,1,14500,,,,trade
구리,구리청과(주),20260224,오이,백다다기,10.00kg,없음,전라남도 순천시,2,16500,,,,trade
구리,구리청과(주),20260224,오이,백다다기,10.00kg,없음,전라남도 순천시,3,15500,,,,trade
구리,구리청과(주),20260224,오이,백다다기,10.00kg,없음,전라남도 순천시,2,16500,,,,trade
구리,구리청과(주),20260224,오이,백다다기,10.00kg,없음,전라남도 순천시,3,15500,,,,trade
구리,구리청과(주),20260224,오이,백다다기,10.00kg,없음,전라남도 순천시,8,17500,,,,trade
구리,구리청과(주),20260224,오이,백다다기,10.00kg,없음,전라남도 순천시,17,22500,,,,trade
구리,구리청과(주),20260224,오이,백다다기,10.00kg,없음,전라남도 순천시,8,15500,,,,trade
구리,구리청과(주),20260224,오이,백다다기,10.00kg,없음,전라남도 순천시,3,18000,,,,trade
구리,구리청과(주),20260224,오이,백다다기,10.00kg,없음,전라남도 순천시,29,17500,,,,trade
구리,구리청과(주),20260224,오이,백다다기,10.00kg,없음,전라남도 순천시,3,19000,,,,trade
구리,구리청과(주),20260224,오이,백다다기,10.00kg,없음,전라남도 순천시,8,17500,,,,trade
구리,구리청과(주),20260224,오이,백다다기,10.00kg,없음,전라남도 순천시,8,22500,,,,trade
구리,구리청과(주),20260224,오이,백다다기,10.00kg,없음,전라남도 순천시,14,8000,,,,trade
구리,구리청과(주),20260224,오이,백다다기,10.00kg,없음,전라남도 순천시,18,19000,,,,trade
구리,구리청과(주),20260224,오이,백다다기,10.00kg,없음,전라남도 순천시,25,20500,,,,trade
구리,구리청과(주),20260224,오이,백다다기,10.00kg,없음,전라남도 순천시,3,15500,,,,trade
구리,구리청과(주),20260224,오이,백다다기,10.00kg,없음,전라남도 순천시,13,24500,,,,trade
구리,구리청과(주),20260224,오이,백다다기,10.00kg,없음,전라남도 순천시,14,23500,,,,trade
구리,구리청과(주),20260224,오이,백다다기,10.00kg,없음,전라남도 순천시,6,13500,,,,trade
구리,구리청과(주),20260224,오이,백다다기,10.00kg,없음,전라남도 순천시,7,15500,,,,trade
구리,구리청과(주),20260224,오이,백다다기,10.00kg,없음,전라남도 순천시,13,18000,,,,trade
구리,구리청과(주),20260224,오이,백다다기,10.00kg,없음,전라남도 순천시,13,160100,,,,trade
구리,구리청과(주),20260224,오이,백다다기,10.00kg,없음,전라남도 순천시,10,20000,,,,trade
구리,구리청과(주),20260224,오이,백다다기,10.00kg,없음,전라남도 순천시,7,24000,,,,trade
구리,구리청과(주),20260224,오이,백다다기,10.00kg,없음,전라남도 순천시,1,7500,,,,trade
구리,구리청과(주),20260224,오이,백다다기,10.00kg,없음,전라남도 순천시,1,12500,,,,trade
구리,구리청과(주),20260224,오이,백다다기,10.00kg,없음,전라남도 순천시,1,21500,,,,trade
구리,구리청과(주),20260224,오이,백다다기,10.00kg,없음,전라남도 순천시,10,27500,,,,trade
구리,구리청과(주),20260224,오이,백다다기,10.00kg,없음,전라남도 순천시,29,28000,,,,trade
구리,구리청과(주),20260224,오이,백다다기,10.00kg,없음,경기도 평택시,25,29000,,,,trade
구리,구리청과(주),20260224,오이,백다다기,10.00kg,없음,경기도 평택시,5,18500,,,,trade
구리,구리청과(주),20260224,오이,백다다기,10.00kg,없음,경기도 평택시,1,10000,,,,trade
구리,구리청과(주),20260224,오이,백다다기,10.00kg,없음,경기도 평택시,3,16500,,,,trade
구리,구리청과(주),20260224,오이,백다다기,10.00kg,없음,경기도 평택시,9,29000,,,,trade
구리,구리청과(주),20260224,오이,백다다기,10.00kg,없음,경기도 평택시,49,29000,,,,trade
구리,구리청과(주),20260224,오이,백다다기,10.00kg,없음,경기도 평택시,73,28500,,,,trade
구리,구리청과(주),20260224,오이,백다다기,10.00kg,없음,경기도 평택시,28,29500,,,,trade
구리,구리청과(주),20260224,오이,백다다기,10.00kg,없음,경기도 평택시,25,29000,,,,trade
구리,구리청과(주),20260224,오이,백다다기,10.00kg,없음,경기도 평택시,4,29000,,,,trade
구리,구리청과(주),20260224,오이,백다다기,10.00kg,없음,경기도 평택시,40,30000,,,,trade
구리,구리청과(주),20260224,오이,백다다기,10.00kg,없음,경기도 평택시,46,29000,,,,trade
구리,구리청과(주),20260224,오이,백다다기,10.00kg,없음,경기도 오산시,23,23500,,,,trade
구리,구리청과(주),20260224,오이,백다다기,10.00kg,없음,경기도 오산시,14,28500,,,,trade
구리,구리청과(주),20260224,오이,백다다기,10.00kg,없음,경기도 오산시,14,28000,,,,trade
구리,구리청과(주),20260224,오이,백다다기,10.00kg,없음,경기도 오산시,21,26000,,,,trade
구리,구리청과(주),20260224,오이,백다다기,10.00kg,없음,경기도 오산시,36,29000,,,,trade
구리,구리청과(주),20260224,오이,백다다기,10.00kg,없음,경기도 오산시,15,29500,,,,trade
구리,구리청과(주),20260226,오이,백다다기,10.00kg,없음,경상북도 상주시,3,21500,,,,trade
구리,구리청과(주),20260226,오이,백다다기,10.00kg,없음,경상북도 상주시,5,24500,,,,trade
구리,구리청과(주),20260226,오이,백다다기,10.00kg,없음,경상북도 상주시,3,27000,,,,trade
구리,구리청과(주),20260226,오이,백다다기,10.00kg,없음,경상북도 상주시,6,29000,,,,trade
구리,구리청과(주),20260226,오이,백다다기,10.00kg,없음,경상북도 상주시,22,27500,,,,trade
구리,구리청과(주),20260226,오이,백다다기,10.00kg,없음,경상북도 상주시,11,28500,,,,trade
구리,구리청과(주),20260226,오이,백다다기,10.00kg,없음,경상북도 상주시,51,29000,,,,trade
구리,구리청과(주),20260226,오이,백다다기,10.00kg,없음,경상북도 상주시,18,29000,,,,trade
구리,구리청과(주),20260226,오이,백다다기,10.00kg,없음,경상북도 상주시,16,28000,,,,trade
구리,구리청과(주),20260226,오이,백다다기,10.00kg,없음,경상북도 상주시,29,29000,,,,trade
구리,구리청과(주),20260226,오이,백다다기,10.00kg,없음,경상북도 상주시,14,28000,,,,trade
구리,구리청과(주),20260226,오이,백다다기,10.00kg,없음,경상북도 상주시,30,28000,,,,trade
구리,구리청과(주),20260226,오이,백다다기,10.00kg,없음,전라남도 보성군,9,31000,,,,trade
구리,구리청과(주),20260226,오이,백다다기,10.00kg,없음,전라남도 순천시,2,23500,,,,trade
구리,구리청과(주),20260226,오이,백다다기,10.00kg,없음,전라남도 순천시,1,26000,,,,trade
구리,구리청과(주),20260226,오이,백다다기,10.00kg,없음,전라남도 순천시,2,28000,,,,trade
구리,구리청과(주),20260226,오이,백다다기,10.00kg,없음,전라남도 순천시,2,28000,,,,trade
구리,구리청과(주),20260226,오이,백다다기,10.00kg,없음,전라남도 순천시,25,26000,,,,trade
구리,구리청과(주),20260226,오이,백다다기,10.00kg,없음,전라남도 순천시,5,28000,,,,trade
구리,구리청과(주),20260226,오이,백다다기,10.00kg,없음,전라남도 순천시,3,22500,,,,trade
구리,구리청과(주),20260226,오이,백다다기,10.00kg,없음,전라남도 순천시,10,25000,,,,trade
구리,구리청과(주),20260226,오이,백다다기,10.00kg,없음,전라남도 순천시,11,30000,,,,trade
구리,구리청과(주),20260226,오이,백다다기,10.00kg,없음,전라남도 순천시,1,25000,,,,trade
구리,구리청과(주),20260226,오이,백다다기,10.00kg,없음,전라남도 순천시,7,24500,,,,trade
구리,구리청과(주),20260226,오이,백다다기,10.00kg,없음,전라남도 순천시,7,28500,,,,trade
구리,구리청과(주),20260226,오이,백다다기,10.00kg,없음,전라남도 순천시,1,20000,,,,trade
구리,구리청과(주),20260226,오이,백다다기,10.00kg,없음,전라남도 순천시,14,30000,,,,trade
구리,구리청과(주),20260226,오이,백다다기,10.00kg,없음,전라남도 순천시,33,19500,,,,trade
구리,구리청과(주),20260226,오이,백다다기,10.00kg,없음,전라남도 순천시,30,26000,,,,trade
구리,구리청과(주),20260226,오이,백다다기,10.00kg,없음,전라남도 순천시,70,27000,,,,trade
구리,구리청과(주),20260226,오이,백다다기,10.00kg,없음,전라남도 순천시,14,30000,,,,trade
구리,구리청과(주),20260226,오이,백다다기,10.00kg,없음,전라남도 순천시,3,19500,,,,trade
구리,구리청과(주),20260226,오이,백다다기,10.00kg,없음,전라남도 순천시,5,21000,,,,trade
구리,구리청과(주),20260226,오이,백다다기,10.00kg,없음,전라남도 순천시,4,24000,,,,trade
구리,구리청과(주),20260226,오이,백다다기,10.00kg,없음,전라남도 순천시,7,29000,,,,trade
구리,구리청과(주),20260226,오이,백다다기,10.00kg,없음,전라남도 순천시,6,28500,,,,trade
구리,구리청과(주),20260226,오이,백다다기,10.00kg,없음,전라남도 순천시,6,29000,,,,trade
구리,구리청과(주),20260226,오이,백다다기,10.00kg,없음,전라남도 순천시,26,30000,,,,trade
구리,구리청과(주),20260226,오이,백다다기,10.00kg,없음,경기도 평택시,40,32000,,,,trade
구리,구리청과(주),20260226,오이,백다다기,10.00kg,없음,경기도 평택시,1,6000,,,,trade
구리,구리청과(주),20260226,오이,백다다기,10.00kg,없음,경기도 평택시,2,25000,,,,trade
구리,구리청과(주),20260226,오이,백다다기,10.00kg,없음,경기도 평택시,11,30000,,,,trade
구리,구리청과(주),20260226,오이,백다다기,10.00kg,없음,경기도 평택시,3,25000,,,,trade
구리,구리청과(주),20260226,오이,백다다기,10.00kg,없음,경기도 평택시,21,33000,,,,trade
구리,구리청과(주),20260226,오이,백다다기,10.00kg,없음,경기도 평택시,51,32000,,,,trade
구리,구리청과(주),20260226,오이,백다다기,10.00kg,없음,경기도 평택시,33,32000,,,,trade
구리,구리청과(주),20260226,오이,백다다기,10.00kg,없음,경기도 평택시,30,32000,,,,trade
구리,구리청과(주),20260226,오이,백다다기,10.00kg,없음,경기도 평택시,8,32000,,,,trade
구리,구리청과(주),20260226,오이,백다다기,10.00kg,없음,경기도 평택시,41,32000,,,,trade
구리,구리청과(주),20260226,오이,백다다기,10.00kg,없음,경기도 오산시,7,23500,,,,trade
구리,구리청과(주),20260226,오이,백다다기,10.00kg,없음,경기도 오산시,8,31500,,,,trade
구리,구리청과(주),20260226,오이,백다다기,10.00kg,없음,경기도 오산시,4,30000,,,,trade
구리,구리청과(주),20260226,오이,백다다기,10.00kg,없음,경기도 오산시,11,30000,,,,trade
구리,구리청과(주),20260226,오이,백다다기,10.00kg,없음,경기도 오산시,12,32000,,,,trade
구리,구리청과(주),20260226,오이,백다다기,10.00kg,없음,경기도 오산시,6,31500,,,,trade
구리,구리청과(주),20260702,오이,백다다기,8.00kg,없음,서울특별시 도봉구,45,5900,,,,trade
구리,구리청과(주),20260702,오이,백다다기,8.00kg,없음,경기도 양주시,121,5400,,,,trade
구리,구리청과(주),20260702,오이,백다다기,8.00kg,없음,경기도 양주시,13,3800,,,,trade
구리,구리청과(주),20260702,오이,백다다기,8.00kg,없음,경기도 양주시,70,5800,,,,trade
구리,구리청과(주),20260702,오이,백다다기,8.00kg,없음,경기도,1,500,,,,trade
구리,구리청과(주),20260702,오이,백다다기,8.00kg,없음,경기도,53,4600,,,,trade
구리,구리청과(주),20260702,오이,백다다기,8.00kg,없음,경기도,53,4600,,,,trade
구리,구리청과(주),20260702,오이,백다다기,8.00kg,없음,경기도 양주시,47,5800,,,,trade
구리,구리청과(주),20260702,오이,백다다기,8.00kg,없음,경기도 포천시,1,2500,,,,trade
구리,구리청과(주),20260702,오이,백다다기,8.00kg,없음,경기도 포천시,62,6100,,,,trade
구리,구리청과(주),20260702,오이,백다다기,18.00kg,없음,강원도 춘천시,1,3000,,,,trade
구리,구리청과(주),20260702,오이,백다다기,18.00kg,없음,강원도 춘천시,3,5000,,,,trade
구리,구리청과(주),20260702,오이,백다다기,18.00kg,없음,강원도 춘천시,4,4000,,,,trade
구리,구리청과(주),20260702,오이,백다다기,18.00kg,없음,강원도 춘천시,3,3000,,,,trade
구리,구리청과(주),20260702,오이,백다다기,10.00kg,없음,강원도 춘천시,6,1000,,,,trade
구리,구리청과(주),20260702,오이,백다다기,10.00kg,없음,강원도 춘천시,2,1000,,,,trade
구리,구리청과(주),20260702,오이,백다다기,10.00kg,없음,강원도 춘천시,4,1000,,,,trade
구리,구리청과(주),20260702,오이,백다다기,10.00kg,없음,강원도 춘천시,1,1000,,,,trade
구리,구리청과(주),20260702,오이,백다다기,10.00kg,없음,강원도 춘천시,18,4500,,,,trade
구리,구리청과(주),20260702,오이,백다다기,10.00kg,없음,강원도 춘천시,17,3500,,,,trade
구리,구리청과(주),20260702,오이,백다다기,10.00kg,없음,강원도 춘천시,17,3500,,,,trade
구리,구리청과(주),20260702,오이,백다다기,10.00kg,없음,강원도 춘천시,33,2000,,,,trade
구리,구리청과(주),20260702,오이,백다다기,10.00kg,없음,강원도 춘천시,5,2000,,,,trade
구리,구리청과(주),20260702,오이,백다다기,10.00kg,없음,강원도 춘천시,8,3500,,,,trade
구리,구리청과(주),20260702,오이,백다다기,10.00kg,없음,강원도 춘천시,18,5500,,,,trade
구리,구리청과(주),20260702,오이,백다다기,10.00kg,없음,강원도 춘천시,4,3500,,,,trade
구리,구리청과(주),20260702,오이,백다다기,10.00kg,없음,강원도 춘천시,6,7000,,,,trade
구리,구리청과(주),20260702,오이,백다다기,10.00kg,없음,강원도 춘천시,17,10000,,,,trade
구리,구리청과(주),20260702,오이,백다다기,10.00kg,없음,강원도 춘천시,20,10000,,,,trade
구리,구리청과(주),20260702,오이,백다다기,10.00kg,없음,강원도 춘천시,17,10000,,,,trade
구리,구리청과(주),20260702,오이,백다다기,10.00kg,없음,경상북도 상주시,26,6500,,,,trade
구리,구리청과(주),20260702,오이,백다다기,10.00kg,없음,경상북도 상주시,5,2000,,,,trade
구리,구리청과(주),20260702,오이,백다다기,10.00kg,없음,경상북도 상주시,8,2000,,,,trade
구리,구리청과(주),20260702,오이,백다다기,10.00kg,없음,경상북도 상주시,6,2000,,,,trade
구리,구리청과(주),20260702,오이,백다다기,10.00kg,없음,경상북도 상주시,4,2000,,,,trade
구리,구리청과(주),20260702,오이,백다다기,10.00kg,없음,경상북도 상주시,13,2000,,,,trade
구리,구리청과(주),20260702,오이,백다다기,10.00kg,없음,경상북도 상주시,14,2000,,,,trade
구리,구리청과(주),20260702,오이,백다다기,10.00kg,없음,경상북도 상주시,1,2000,,,,trade
구리,구리청과(주),20260702,오이,백다다기,10.00kg,없음,경상북도 상주시,5,2500,,,,trade
구리,구리청과(주),20260702,오이,백다다기,10.00kg,없음,경상북도 상주시,51,5500,,,,trade
구리,구리청과(주),20260702,오이,백다다기,18.00kg,없음,강원도 철원군,3,7000,,,,trade
구리,구리청과(주),20260702,오이,백다다기,10.00kg,없음,강원도 철원군,5,5000,,,,trade
구리,구리청과(주),20260702,오이,백다다기,10.00kg,없음,강원도 철원군,20,3000,,,,trade
구리,구리청과(주),20260702,오이,백다다기,10.00kg,없음,경기도 하남시,3,1000,,,,trade
구리,구리청과(주),20260702,오이,백다다기,10.00kg,없음,경기도 하남시,24,3000,,,,trade
구리,구리청과(주),20260702,오이,백다다기,10.00kg,없음,강원도 철원군,10,3000,,,,trade
구리,구리청과(주),20260702,오이,백다다기,10.00kg,없음,강원도 철원군,14,2000,,,,trade
구리,구리청과(주),20260702,오이,백다다기,10.00kg,없음,강원도 철원군,1,3000,,,,trade
구리,구리청과(주),20260702,오이,백다다기,10.00kg,없음,강원도 철원군,14,3500,,,,trade
구리,구리청과(주),20260702,오이,백다다기,10.00kg,없음,경기도 남양주시,23,7000,,,,trade
구리,구리청과(주),20260702,오이,백다다기,10.00kg,없음,경기도 가평군,5,3500,,,,trade
구리,구리청과(주),20260702,오이,백다다기,10.00kg,없음,경기도 가평군,14,11000,,,,trade
구리,구리청과(주),20260702,오이,백다다기,10.00kg,없음,경기도 가평군,6,4000,,,,trade
구리,구리청과(주),20260702,오이,백다다기,10.00kg,없음,경기도 가평군,85,7000,,,,trade
구리,구리청과(주),20260702,오이,백다다기,10.00kg,없음,강원도 홍천군,51,6000,,,,trade
구리,구리청과(주),20260702,오이,백다다기,10.00kg,없음,강원도 홍천군,2,1500,,,,trade
구리,구리청과(주),20260702,오이,백다다기,10.00kg,없음,강원도 홍천군,19,8500,,,,trade
구리,구리청과(주),20260702,오이,백다다기,10.00kg,없음,강원도 홍천군,4,2000,,,,trade
구리,구리청과(주),20260702,오이,백다다기,10.00kg,없음,강원도 홍천군,9,9000,,,,trade
구리,구리청과(주),20260702,오이,백다다기,10.00kg,없음,강원도 홍천군,10,11000,,,,trade
구리,구리청과(주),20260702,오이,백다다기,10.00kg,없음,강원도 홍천군,10,99000,,,,trade
구리,구리청과(주),20260702,오이,백다다기,10.00kg,없음,경기도 평택시,10,1000,,,,trade
구리,구리청과(주),20260702,오이,백다다기,10.00kg,없음,경기도 평택시,15,3000,,,,trade
구리,구리청과(주),20260702,오이,백다다기,10.00kg,없음,경기도 평택시,11,3000,,,,trade
구리,구리청과(주),20260702,오이,백다다기,10.00kg,없음,경기도 평택시,18,3000,,,,trade
구리,구리청과(주),20260702,오이,백다다기,10.00kg,없음,경기도 평택시,13,3500,,,,trade
구리,구리청과(주),20260702,오이,백다다기,10.00kg,없음,경기도 평택시,10,3000,,,,trade
구리,구리청과(주),20260702,오이,백다다기,10.00kg,없음,경기도 평택시,25,3000,,,,trade
구리,구리청과(주),20260702,오이,백다다기,10.00kg,없음,경기도 오산시,18,3000,,,,trade
구리,구리청과(주),20260702,오이,백다다기,10.00kg,없음,경기도 평택시,58,4500,,,,trade
구리,구리청과(주),20260702,오이,백다다기,10.00kg,없음,경기도 평택시,15,3500,,,,trade
구리,구리청과(주),20260702,오이,백다다기,10.00kg,없음,경기도 평택시,28,3000,,,,trade
구리,구리청과(주),20260702,오이,백다다기,10.00kg,없음,경기도 평택시,36,3500,,,,trade
구리,구리청과(주),20260702,오이,백다다기,10.00kg,없음,경기도 평택시,54,5000,,,,trade
구리,구리청과(주),20260702,오이,백다다기,10.00kg,없음,경기도 평택시,61,5000,,,,trade
구리,구리청과(주),20260702,오이,백다다기,10.00kg,없음,경기도 평택시,22,4000,,,,trade
구리,구리청과(주),20260702,오이,백다다기,10.00kg,없음,경기도 평택시,61,6000,,,,trade
구리,구리청과(주),20260702,오이,백다다기,10.00kg,없음,경기도 평택시,19,3500,,,,trade
구리,구리청과(주),20260702,오이,백다다기,10.00kg,없음,경기도 평택시,23,5500,,,,trade
구리,구리청과(주),20260702,오이,백다다기,10.00kg,없음,경기도 평택시,40,7000,,,,trade
구리,구리청과(주),20260702,오이,백다다기,10.00kg,없음,강원도 화천군,18,6000,,,,trade
구리,구리청과(주),20260702,오이,백다다기,10.00kg,없음,강원도 화천군,5,2500,,,,trade
구리,구리청과(주),20260702,오이,백다다기,10.00kg,없음,강원도 화천군,11,6000,,,,trade
구리,구리청과(주),20260702,오이,백다다기,10.00kg,없음,강원도 화천군,32,7500,,,,trade
구리,구리청과(주),20260702,오이,백다다기,10.00kg,없음,강원도 화천군,35,5500,,,,trade
구리,구리청과(주),20260702,오이,백다다기,10.00kg,없음,강원도 화천군,10,4500,,,,trade
구리,구리청과(주),20260702,오이,백다다기,10.00kg,없음,강원도 화천군,24,5500,,,,trade
구리,구리청과(주),20260702,오이,백다다기,10.00kg,없음,강원도 화천군,44,12500,,,,trade
구리,구리청과(주),20260707,오이,백다다기,8.00kg,없음,경기도 연천군,1,3500,,,,trade
구리,구리청과(주),20260707,오이,백다다기,8.00kg,없음,경기도 연천군,24,6600,,,,trade
구리,구리청과(주),20260707,오이,백다다기,8.00kg,없음,경기도 양주시,44,6100,,,,trade
구리,구리청과(주),20260707,오이,백다다기,8.00kg,없음,서울특별시 도봉구,60,5800,,,,trade
구리,구리청과(주),20260707,오이,백다다기,18.00kg,없음,강원도 춘천시,2,12000,,,,trade
구리,구리청과(주),20260707,오이,백다다기,18.00kg,없음,강원도 춘천시,3,7000,,,,trade
구리,구리청과(주),20260707,오이,백다다기,18.00kg,없음,강원도 춘천시,2,6000,,,,trade
구리,구리청과(주),20260707,오이,백다다기,18.00kg,없음,강원도 춘천시,1,6000,,,,trade
구리,구리청과(주),20260707,오이,백다다기,10.00kg,없음,강원도 춘천시,2,2500,,,,trade
구리,구리청과(주),20260707,오이,백다다기,10.00kg,없음,강원도 춘천시,1,2500,,,,trade
구리,구리청과(주),20260707,오이,백다다기,10.00kg,없음,강원도 춘천시,4,4000,,,,trade
구리,구리청과(주),20260707,오이,백다다기,10.00kg,없음,강원도 춘천시,10,7000,,,,trade
구리,구리청과(주),20260707,오이,백다다기,10.00kg,없음,강원도 춘천시,18,6000,,,,trade
구리,구리청과(주),20260707,오이,백다다기,10.00kg,없음,강원도 춘천시,5,9500,,,,trade
구리,구리청과(주),20260707,오이,백다다기,10.00kg,없음,강원도 춘천시,8,8500,,,,trade
구리,구리청과(주),20260707,오이,백다다기,10.00kg,없음,강원도 춘천시,8,10000,,,,trade
구리,구리청과(주),20260707,오이,백다다기,10.00kg,없음,강원도 춘천시,11,9000,,,,trade
구리,구리청과(주),20260707,오이,백다다기,10.00kg,없음,강원도 철원군,26,6500,,,,trade
구리,구리청과(주),20260707,오이,백다다기,18.00kg,없음,강원도 철원군,5,8000,,,,trade
구리,구리청과(주),20260707,오이,백다다기,18.00kg,없음,강원도 철원군,2,11000,,,,trade
구리,구리청과(주),20260707,오이,백다다기,10.00kg,없음,강원도 철원군,1,7000,,,,trade
구리,구리청과(주),20260707,오이,백다다기,10.00kg,없음,강원도 철원군,5,5000,,,,trade
구리,구리청과(주),20260707,오이,백다다기,10.00kg,없음,강원도 철원군,7,8000,,,,trade
구리,구리청과(주),20260707,오이,백다다기,10.00kg,없음,경기도 가평군,3,8000,,,,trade
구리,구리청과(주),20260707,오이,백다다기,10.00kg,없음,경기도 가평군,3,12000,,,,trade
구리,구리청과(주),20260707,오이,백다다기,10.00kg,없음,경기도 가평군,3,5500,,,,trade
구리,구리청과(주),20260707,오이,백다다기,10.00kg,없음,경기도 가평군,40,13000,,,,trade
구리,구리청과(주),20260707,오이,백다다기,10.00kg,없음,강원도 홍천군,7,4000,,,,trade
구리,구리청과(주),20260707,오이,백다다기,10.00kg,없음,강원도 홍천군,18,8000,,,,trade
구리,구리청과(주),20260707,오이,백다다기,10.00kg,없음,강원도 홍천군,2,2000,,,,trade
구리,구리청과(주),20260707,오이,백다다기,10.00kg,없음,강원도 홍천군,13,7500,,,,trade
구리,구리청과(주),20260707,오이,백다다기,10.00kg,없음,강원도 홍천군,5,4000,,,,trade
구리,구리청과(주),20260707,오이,백다다기,10.00kg,없음,강원도 홍천군,51,12500,,,,trade
구리,구리청과(주),20260707,오이,백다다기,10.00kg,없음,강원도 홍천군,1,8500,,,,trade
구리,구리청과(주),20260707,오이,백다다기,10.00kg,없음,강원도 홍천군,3,3500,,,,trade
구리,구리청과(주),20260707,오이,백다다기,10.00kg,없음,강원도 홍천군,6,9500,,,,trade
구리,구리청과(주),20260707,오이,백다다기,10.00kg,없음,강원도 홍천군,3,3500,,,,trade
구리,구리청과(주),20260707,오이,백다다기,10.00kg,없음,강원도 홍천군,30,13000,,,,trade
구리,구리청과(주),20260707,오이,백다다기,10.00kg,없음,경기도 평택시,12,4000,,,,trade
구리,구리청과(주),20260707,오이,백다다기,10.00kg,없음,경기도 평택시,16,5500,,,,trade
구리,구리청과(주),20260707,오이,백다다기,10.00kg,없음,경기도 평택시,14,4500,,,,trade
구리,구리청과(주),20260707,오이,백다다기,10.00kg,없음,경기도 오산시,8,9000,,,,trade
구리,구리청과(주),20260707,오이,백다다기,10.00kg,없음,경기도 평택시,50,10500,,,,trade
구리,구리청과(주),20260707,오이,백다다기,10.00kg,없음,경기도 평택시,23,10000,,,,trade
구리,구리청과(주),20260707,오이,백다다기,10.00kg,없음,경기도 평택시,23,10000,,,,trade
구리,구리청과(주),20260707,오이,백다다기,10.00kg,없음,경기도 평택시,59,10000,,,,trade
구리,구리청과(주),20260707,오이,백다다기,10.00kg,없음,경기도 평택시,73,10500,,,,trade
구리,구리청과(주),20260707,오이,백다다기,10.00kg,없음,경기도 평택시,20,10000,,,,trade
구리,구리청과(주),20260707,오이,백다다기,10.00kg,없음,경기도 평택시,26,10000,,,,trade
구리,구리청과(주),20260707,오이,백다다기,10.00kg,없음,경기도 평택시,18,10000,,,,trade
구리,구리청과(주),20260707,오이,백다다기,5.00kg,없음,강원도 화천군,7,7000,,,,trade
구리,구리청과(주),20260707,오이,백다다기,10.00kg,없음,강원도 화천군,13,6000,,,,trade
구리,구리청과(주),20260707,오이,백다다기,10.00kg,없음,강원도 화천군,20,6000,,,,trade
구리,구리청과(주),20260707,오이,백다다기,10.00kg,없음,강원도 화천군,9,4000,,,,trade
구리,구리청과(주),20260707,오이,백다다기,10.00kg,없음,강원도 화천군,51,12000,,,,trade
구리,구리청과(주),20260707,오이,백다다기,10.00kg,없음,강원도 화천군,1,6500,,,,trade
구리,구리청과(주),20260707,오이,백다다기,10.00kg,없음,강원도 화천군,5,13500,,,,trade
구리,구리청과(주),20260707,오이,백다다기,10.00kg,없음,강원도 화천군,15,7500,,,,trade
구리,구리청과(주),20260707,오이,백다다기,10.00kg,없음,강원도 화천군,23,13000,,,,trade
구리,구리청과(주),20260707,오이,백다다기,10.00kg,없음,강원도 화천군,25,11000,,,,trade
구리,구리청과(주),20260707,오이,백다다기,10.00kg,없음,강원도 화천군,27,13000,,,,trade
구리,구리청과(주),20260707,오이,백다다기,10.00kg,없음,강원도 화천군,10,13000,,,,trade
구리,구리청과(주),20260707,오이,백다다기,10.00kg,없음,강원도 화천군,32,7000,,,,trade
구리,구리청과(주),20260707,오이,백다다기,10.00kg,없음,강원도 화천군,16,13000,,,,trade
구리,구리청과(주),20260709,오이,백다다기,8.00kg,없음,경기도 연천군,15,6800,,,,trade
구리,구리청과(주),20260709,오이,백다다기,8.00kg,없음,경기도 연천군,38,7600,,,,trade
구리,구리청과(주),20260709,오이,백다다기,8.00kg,없음,경기도 양주시,57,4700,,,,trade
구리,구리청과(주),20260709,오이,백다다기,8.00kg,없음,경기도 양주시,72,5700,,,,trade
구리,구리청과(주),20260709,오이,백다다기,8.00kg,없음,경기도 양주시,36,6800,,,,trade
구리,구리청과(주),20260709,오이,백다다기,18.00kg,없음,강원도 춘천시,1,7000,,,,trade
구리,구리청과(주),20260709,오이,백다다기,18.00kg,없음,강원도 춘천시,1,6000,,,,trade
구리,구리청과(주),20260709,오이,백다다기,10.00kg,없음,강원도 춘천시,2,4500,,,,trade
구리,구리청과(주),20260709,오이,백다다기,10.00kg,없음,강원도 춘천시,3,5500,,,,trade
구리,구리청과(주),20260709,오이,백다다기,10.00kg,없음,강원도 춘천시,4,4500,,,,trade
구리,구리청과(주),20260709,오이,백다다기,10.00kg,없음,강원도 춘천시,27,6500,,,,trade
구리,구리청과(주),20260709,오이,백다다기,10.00kg,없음,강원도 춘천시,22,8500,,,,trade
구리,구리청과(주),20260709,오이,백다다기,10.00kg,없음,강원도 춘천시,4,12000,,,,trade
구리,구리청과(주),20260709,오이,백다다기,10.00kg,없음,강원도 춘천시,6,11000,,,,trade
구리,구리청과(주),20260709,오이,백다다기,10.00kg,없음,강원도 춘천시,12,13000,,,,trade
구리,구리청과(주),20260709,오이,백다다기,10.00kg,없음,강원도 철원군,11,7000,,,,trade
구리,구리청과(주),20260709,오이,백다다기,10.00kg,없음,강원도 철원군,4,10000,,,,trade
구리,구리청과(주),20260709,오이,백다다기,10.00kg,없음,경상남도 진주시,60,4500,,,,trade
구리,구리청과(주),20260709,오이,백다다기,18.00kg,없음,강원도 철원군,1,13000,,,,trade
구리,구리청과(주),20260709,오이,백다다기,18.00kg,없음,강원도 철원군,3,13000,,,,trade
구리,구리청과(주),20260709,오이,백다다기,10.00kg,없음,강원도 철원군,1,11500,,,,trade
구리,구리청과(주),20260709,오이,백다다기,10.00kg,없음,강원도 철원군,4,6500,,,,trade
구리,구리청과(주),20260709,오이,백다다기,10.00kg,없음,강원도 철원군,22,10500,,,,trade
구리,구리청과(주),20260709,오이,백다다기,10.00kg,없음,경기도 가평군,2,7000,,,,trade
구리,구리청과(주),20260709,오이,백다다기,10.00kg,없음,경기도 가평군,3,14500,,,,trade
구리,구리청과(주),20260709,오이,백다다기,10.00kg,없음,경기도 가평군,5,7000,,,,trade
구리,구리청과(주),20260709,오이,백다다기,10.00kg,없음,경기도 가평군,34,17000,,,,trade
구리,구리청과(주),20260709,오이,백다다기,10.00kg,없음,강원도 홍천군,1,4500,,,,trade
구리,구리청과(주),20260709,오이,백다다기,10.00kg,없음,강원도 홍천군,12,12000,,,,trade
구리,구리청과(주),20260709,오이,백다다기,10.00kg,없음,강원도 홍천군,1,8500,,,,trade
구리,구리청과(주),20260709,오이,백다다기,10.00kg,없음,강원도 홍천군,21,13500,,,,trade
구리,구리청과(주),20260709,오이,백다다기,10.00kg,없음,강원도 홍천군,5,4500,,,,trade
구리,구리청과(주),20260709,오이,백다다기,10.00kg,없음,강원도 홍천군,31,13500,,,,trade
구리,구리청과(주),20260709,오이,백다다기,10.00kg,없음,강원도 홍천군,3,6500,,,,trade
구리,구리청과(주),20260709,오이,백다다기,10.00kg,없음,강원도 홍천군,9,14500,,,,trade
구리,구리청과(주),20260709,오이,백다다기,10.00kg,없음,강원도 홍천군,1,5500,,,,trade
구리,구리청과(주),20260709,오이,백다다기,10.00kg,없음,강원도 홍천군,13,15000,,,,trade
구리,구리청과(주),20260709,오이,백다다기,10.00kg,없음,경기도 평택시,7,4500,,,,trade
구리,구리청과(주),20260709,오이,백다다기,10.00kg,없음,경기도 평택시,15,7500,,,,trade
구리,구리청과(주),20260709,오이,백다다기,10.00kg,없음,경기도 평택시,29,10000,,,,trade
구리,구리청과(주),20260709,오이,백다다기,10.00kg,없음,경기도 평택시,12,10000,,,,trade
구리,구리청과(주),20260709,오이,백다다기,10.00kg,없음,경기도 평택시,15,7500,,,,trade
구리,구리청과(주),20260709,오이,백다다기,10.00kg,없음,경기도 평택시,37,11000,,,,trade
구리,구리청과(주),20260709,오이,백다다기,10.00kg,없음,경기도 평택시,27,11500,,,,trade
구리,구리청과(주),20260709,오이,백다다기,10.00kg,없음,경기도 평택시,16,11500,,,,trade
구리,구리청과(주),20260709,오이,백다다기,10.00kg,없음,강원도 화천군,15,7000,,,,trade
구리,구리청과(주),20260709,오이,백다다기,10.00kg,없음,강원도 화천군,13,4000,,,,trade
구리,구리청과(주),20260709,오이,백다다기,10.00kg,없음,강원도 화천군,27,12500,,,,trade
구리,구리청과(주),20260709,오이,백다다기,10.00kg,없음,강원도 화천군,39,12500,,,,trade
구리,구리청과(주),20260709,오이,백다다기,10.00kg,없음,강원도 화천군,1,7500,,,,trade
구리,구리청과(주),20260709,오이,백다다기,10.00kg,없음,강원도 화천군,12,15000,,,,trade
구리,구리청과(주),20260709,오이,백다다기,10.00kg,없음,강원도 화천군,65,15500,,,,trade
구리,구리청과(주),20260709,오이,백다다기,10.00kg,없음,강원도 화천군,16,13500,,,,trade
구리,구리청과(주),20260709,오이,백다다기,10.00kg,없음,강원도 화천군,3,5500,,,,trade
구리,구리청과(주),20260709,오이,백다다기,10.00kg,없음,강원도 화천군,82,10000,,,,trade
구리,구리청과(주),20260709,오이,백다다기,10.00kg,없음,강원도 화천군,29,13500,,,,trade
구리,구리청과(주),20260709,오이,백다다기,10.00kg,없음,강원도 화천군,14,13500,,,,trade
구리,구리청과(주),20260709,오이,백다다기,10.00kg,없음,강원도 화천군,1,3500,,,,trade
구리,구리청과(주),20260709,오이,백다다기,10.00kg,없음,강원도 화천군,15,12000,,,,trade
구리,구리청과(주),20260709,오이,백다다기,10.00kg,없음,강원도 화천군,26,6000,,,,trade
구리,구리청과(주),20260709,오이,백다다기,10.00kg,없음,강원도 화천군,17,15000,,,,trade
구리,구리청과(주),20260714,오이,백다다기,18.00kg,없음,강원도 철원군,1,12500,,,,trade
구리,구리청과(주),20260714,오이,백다다기,18.00kg,없음,강원도 철원군,4,24000,,,,trade
구리,구리청과(주),20260714,오이,백다다기,18.00kg,없음,강원도 철원군,3,27000,,,,trade
구리,구리청과(주),20260714,오이,백다다기,10.00kg,없음,강원도 철원군,1,16000,,,,trade
구리,구리청과(주),20260714,오이,백다다기,10.00kg,없음,강원도 철원군,1,5000,,,,trade
구리,구리청과(주),20260714,오이,백다다기,10.00kg,없음,강원도 철원군,12,17500,,,,trade
구리,구리청과(주),20260714,오이,백다다기,10.00kg,없음,강원도 철원군,2,14500,,,,trade
구리,구리청과(주),20260714,오이,백다다기,10.00kg,없음,강원도 춘천시,1,500,,,,trade
구리,구리청과(주),20260714,오이,백다다기,10.00kg,없음,강원도 춘천시,3,10000,,,,trade
구리,구리청과(주),20260714,오이,백다다기,18.00kg,없음,강원도 춘천시,1,18000,,,,trade
구리,구리청과(주),20260714,오이,백다다기,18.00kg,없음,강원도 춘천시,2,15000,,,,trade
구리,구리청과(주),20260714,오이,백다다기,10.00kg,없음,강원도 춘천시,7,3000,,,,trade
구리,구리청과(주),20260714,오이,백다다기,10.00kg,없음,강원도 춘천시,8,19000,,,,trade
구리,구리청과(주),20260714,오이,백다다기,10.00kg,없음,강원도 춘천시,22,20500,,,,trade
구리,구리청과(주),20260714,오이,백다다기,10.00kg,없음,강원도 춘천시,2,20000,,,,trade
구리,구리청과(주),20260714,오이,백다다기,10.00kg,없음,강원도 춘천시,9,23000,,,,trade
구리,구리청과(주),20260714,오이,백다다기,10.00kg,없음,강원도 철원군,7,17000,,,,trade
구리,구리청과(주),20260714,오이,백다다기,10.00kg,없음,강원도 철원군,3,4500,,,,trade
구리,구리청과(주),20260714,오이,백다다기,10.00kg,없음,강원도 철원군,11,14500,,,,trade
구리,구리청과(주),20260714,오이,백다다기,10.00kg,없음,강원도 철원군,12,17500,,,,trade
구리,구리청과(주),20260714,오이,백다다기,8.00kg,없음,강원도 인제군,2,4000,,,,trade
구리,구리청과(주),20260714,오이,백다다기,10.00kg,없음,경기도 연천군,1,1000,,,,trade
구리,구리청과(주),20260714,오이,백다다기,10.00kg,없음,경기도 연천군,3,5000,,,,trade
구리,구리청과(주),20260714,오이,백다다기,10.00kg,없음,경기도 연천군,24,19000,,,,trade
구리,구리청과(주),20260714,오이,백다다기,20.00kg,없음,경상북도 상주시,3,35000,,,,trade
구리,구리청과(주),20260714,오이,백다다기,20.00kg,없음,경상북도 상주시,11,71000,,,,trade
구리,구리청과(주),20260714,오이,백다다기,20.00kg,없음,경상북도 상주시,14,75000,,,,trade
구리,구리청과(주),20260714,오이,백다다기,20.00kg,없음,경상북도 상주시,2,30000,,,,trade
구리,구리청과(주),20260714,오이,백다다기,20.00kg,없음,경상북도 상주시,3,28000,,,,trade
구리,구리청과(주),20260714,오이,백다다기,20.00kg,없음,경상북도 상주시,3,73000,,,,trade
구리,구리청과(주),20260714,오이,백다다기,20.00kg,없음,경상북도 상주시,3,28000,,,,trade
구리,구리청과(주),20260714,오이,백다다기,20.00kg,없음,경상북도 상주시,45,76000,,,,trade
구리,구리청과(주),20260714,오이,백다다기,20.00kg,없음,경상북도 상주시,4,18000,,,,trade
구리,구리청과(주),20260714,오이,백다다기,20.00kg,없음,경상북도 상주시,3,42000,,,,trade
구리,구리청과(주),20260714,오이,백다다기,20.00kg,없음,경상북도 상주시,20,77000,,,,trade
구리,구리청과(주),20260714,오이,백다다기,20.00kg,없음,경상북도 상주시,1,25000,,,,trade
구리,구리청과(주),20260714,오이,백다다기,20.00kg,없음,경상북도 상주시,31,78000,,,,trade
구리,구리청과(주),20260714,오이,백다다기,20.00kg,없음,경상북도 상주시,2,23000,,,,trade
구리,구리청과(주),20260714,오이,백다다기,20.00kg,없음,경상북도 상주시,2,44000,,,,trade
구리,구리청과(주),20260714,오이,백다다기,20.00kg,없음,경상북도 상주시,5,80000,,,,trade
구리,구리청과(주),20260714,오이,백다다기,10.00kg,없음,경기도 가평군,3,20000,,,,trade
구리,구리청과(주),20260714,오이,백다다기,10.00kg,없음,경기도 가평군,2,18500,,,,trade
구리,구리청과(주),20260714,오이,백다다기,10.00kg,없음,경기도 가평군,20,35000,,,,trade
구리,구리청과(주),20260714,오이,백다다기,10.00kg,없음,강원도 홍천군,1,9500,,,,trade
구리,구리청과(주),20260714,오이,백다다기,10.00kg,없음,강원도 홍천군,6,22500,,,,trade
구리,구리청과(주),20260714,오이,백다다기,10.00kg,없음,강원도 홍천군,3,8500,,,,trade
구리,구리청과(주),20260714,오이,백다다기,10.00kg,없음,강원도 홍천군,5,24500,,,,trade
구리,구리청과(주),20260714,오이,백다다기,10.00kg,없음,강원도 홍천군,3,26000,,,,trade
구리,구리청과(주),20260714,오이,백다다기,10.00kg,없음,강원도 홍천군,19,17000,,,,trade
구리,구리청과(주),20260714,오이,백다다기,10.00kg,없음,강원도 홍천군,5,12500,,,,trade
구리,구리청과(주),20260714,오이,백다다기,10.00kg,없음,강원도 홍천군,47,28500,,,,trade
구리,구리청과(주),20260714,오이,백다다기,10.00kg,없음,강원도 홍천군,4,28500,,,,trade
구리,구리청과(주),20260714,오이,백다다기,10.00kg,없음,강원도 홍천군,2,14500,,,,trade
구리,구리청과(주),20260714,오이,백다다기,10.00kg,없음,강원도 홍천군,2,24500,,,,trade
구리,구리청과(주),20260714,오이,백다다기,10.00kg,없음,강원도 홍천군,4,18500,,,,trade
구리,구리청과(주),20260714,오이,백다다기,10.00kg,없음,강원도 홍천군,20,38500,,,,trade
구리,구리청과(주),20260714,오이,백다다기,10.00kg,없음,경기도 오산시,1,1000,,,,trade
구리,구리청과(주),20260714,오이,백다다기,10.00kg,없음,경기도 오산시,2,2000,,,,trade
구리,구리청과(주),20260714,오이,백다다기,10.00kg,없음,경기도 오산시,4,6000,,,,trade
구리,구리청과(주),20260714,오이,백다다기,10.00kg,없음,경기도 평택시,6,17000,,,,trade
구리,구리청과(주),20260714,오이,백다다기,10.00kg,없음,경기도 평택시,6,30500,,,,trade
구리,구리청과(주),20260714,오이,백다다기,10.00kg,없음,강원도 화천군,17,17500,,,,trade
구리,구리청과(주),20260714,오이,백다다기,10.00kg,없음,강원도 화천군,19,18500,,,,trade
구리,구리청과(주),20260714,오이,백다다기,10.00kg,없음,강원도 화천군,2,34500,,,,trade
구리,구리청과(주),20260714,오이,백다다기,10.00kg,없음,강원도 화천군,1,14000,,,,trade
구리,구리청과(주),20260714,오이,백다다기,10.00kg,없음,강원도 화천군,12,34000,,,,trade
구리,구리청과(주),20260714,오이,백다다기,10.00kg,없음,강원도 화천군,23,30000,,,,trade
구리,구리청과(주),20260714,오이,백다다기,10.00kg,없음,강원도 화천군,3,22500,,,,trade
구리,구리청과(주),20260714,오이,백다다기,10.00kg,없음,강원도 화천군,13,30000,,,,trade
구리,구리청과(주),20260714,오이,백다다기,10.00kg,없음,강원도 화천군,10,11000,,,,trade
구리,구리청과(주),20260714,오이,백다다기,10.00kg,없음,강원도 화천군,7,34500,,,,trade
구리,구리청과(주),20260714,오이,백다다기,10.00kg,없음,강원도 화천군,23,24000,,,,trade
구리,구리청과(주),20260714,오이,백다다기,10.00kg,없음,강원도 화천군,9,17000,,,,trade
구리,구리청과(주),20260714,오이,백다다기,10.00kg,없음,강원도 화천군,13,37000,,,,trade
구리,구리청과(주),20260714,오이,백다다기,10.00kg,없음,강원도 화천군,11,12500,,,,trade
구리,구리청과(주),20260714,오이,백다다기,10.00kg,없음,강원도 화천군,5,27000,,,,trade
구리,구리청과(주),20260714,오이,백다다기,10.00kg,없음,강원도 화천군,30,31500,,,,trade
구리,구리청과(주),20260714,오이,백다다기,10.00kg,없음,강원도 화천군,30,31500,,,,trade
구리,구리청과(주),20260714,오이,백다다기,10.00kg,없음,강원도 화천군,6,17000,,,,trade
구리,구리청과(주),20260714,오이,백다다기,10.00kg,없음,강원도 화천군,20,33500,,,,trade
구리,구리청과(주),20260714,오이,백다다기,10.00kg,없음,강원도 화천군,2,15500,,,,trade
구리,구리청과(주),20260714,오이,백다다기,10.00kg,없음,강원도 화천군,30,34500,,,,trade
구리,구리청과(주),20260714,오이,백다다기,10.00kg,없음,강원도 화천군,13,35500,,,,trade
구리,구리청과(주),20260714,오이,백다다기,10.00kg,없음,강원도 화천군,19,17500,,,,trade
구리,구리청과(주),20260714,오이,백다다기,10.00kg,없음,강원도 화천군,3,31500,,,,trade
구리,구리청과(주),20260714,오이,백다다기,10.00kg,없음,경기도 연천군,13,20000,,,,trade
구리,구리청과(주),20260714,오이,백다다기,8.00kg,없음,경기도,39,10200,,,,trade
구리,구리청과(주),20260714,오이,백다다기,8.00kg,없음,경기도 연천군,6,12000,,,,trade
구리,구리청과(주),20260714,오이,백다다기,8.00kg,없음,경기도 연천군,19,18500,,,,trade
구리,구리청과(주),20260714,오이,백다다기,8.00kg,없음,서울특별시 도봉구,37,9800,,,,trade
구리,구리청과(주),20260714,오이,백다다기,8.00kg,없음,경기도 양주시,35,18200,,,,trade
구리,구리청과(주),20260716,오이,백다다기,10.00kg,없음,강원도 철원군,8,11500,,,,trade
구리,구리청과(주),20260716,오이,백다다기,10.00kg,없음,강원도 철원군,2,1000,,,,trade
구리,구리청과(주),20260716,오이,백다다기,10.00kg,없음,강원도 철원군,8,11000,,,,trade
구리,구리청과(주),20260716,오이,백다다기,18.00kg,없음,강원도 춘천시,2,11000,,,,trade
구리,구리청과(주),20260716,오이,백다다기,18.00kg,없음,강원도 춘천시,3,15000,,,,trade
구리,구리청과(주),20260716,오이,백다다기,10.00kg,없음,강원도 춘천시,2,7500,,,,trade
구리,구리청과(주),20260716,오이,백다다기,10.00kg,없음,강원도 춘천시,5,3500,,,,trade
구리,구리청과(주),20260716,오이,백다다기,10.00kg,없음,강원도 춘천시,19,15500,,,,trade
구리,구리청과(주),20260716,오이,백다다기,10.00kg,없음,강원도 춘천시,7,11000,,,,trade
구리,구리청과(주),20260716,오이,백다다기,10.00kg,없음,강원도 춘천시,3,16000,,,,trade
구리,구리청과(주),20260716,오이,백다다기,10.00kg,없음,강원도 춘천시,15,15500,,,,trade
구리,구리청과(주),20260716,오이,백다다기,18.00kg,없음,강원도 철원군,1,15000,,,,trade
구리,구리청과(주),20260716,오이,백다다기,10.00kg,없음,강원도 철원군,1,6000,,,,trade
구리,구리청과(주),20260716,오이,백다다기,10.00kg,없음,강원도 철원군,10,14000,,,,trade
구리,구리청과(주),20260716,오이,백다다기,10.00kg,없음,경기도 연천군,13,14500,,,,trade
구리,구리청과(주),20260716,오이,백다다기,20.00kg,없음,경상북도 상주시,4,26000,,,,trade
구리,구리청과(주),20260716,오이,백다다기,20.00kg,없음,경상북도 상주시,23,45000,,,,trade
구리,구리청과(주),20260716,오이,백다다기,20.00kg,없음,경상북도 상주시,1,34000,,,,trade
구리,구리청과(주),20260716,오이,백다다기,20.00kg,없음,경상북도 상주시,3,26000,,,,trade
구리,구리청과(주),20260716,오이,백다다기,20.00kg,없음,경상북도 상주시,3,43000,,,,trade
구리,구리청과(주),20260716,오이,백다다기,20.00kg,없음,경상북도 상주시,19,62000,,,,trade
구리,구리청과(주),20260716,오이,백다다기,20.00kg,없음,경상북도 상주시,1,16000,,,,trade
구리,구리청과(주),20260716,오이,백다다기,20.00kg,없음,경상북도 상주시,1,35000,,,,trade
구리,구리청과(주),20260716,오이,백다다기,20.00kg,없음,경상북도 상주시,26,55000,,,,trade
구리,구리청과(주),20260716,오이,백다다기,20.00kg,없음,경상북도 상주시,3,27000,,,,trade
구리,구리청과(주),20260716,오이,백다다기,20.00kg,없음,경상북도 상주시,1,32000,,,,trade
구리,구리청과(주),20260716,오이,백다다기,20.00kg,없음,경상북도 상주시,28,55000,,,,trade
구리,구리청과(주),20260716,오이,백다다기,20.00kg,없음,경상북도 상주시,1,24000,,,,trade
구리,구리청과(주),20260716,오이,백다다기,20.00kg,없음,경상북도 상주시,9,65000,,,,trade
구리,구리청과(주),20260716,오이,백다다기,20.00kg,없음,경상북도 상주시,6,30000,,,,trade
구리,구리청과(주),20260716,오이,백다다기,20.00kg,없음,경상북도 상주시,1,48000,,,,trade
구리,구리청과(주),20260716,오이,백다다기,20.00kg,없음,경상북도 상주시,4,70000,,,,trade
구리,구리청과(주),20260716,오이,백다다기,20.00kg,없음,경상북도 상주시,14,60000,,,,trade
구리,구리청과(주),20260716,오이,백다다기,10.00kg,없음,경기도 오산시,1,1000,,,,trade
구리,구리청과(주),20260716,오이,백다다기,10.00kg,없음,경기도 오산시,1,8500,,,,trade
구리,구리청과(주),20260716,오이,백다다기,10.00kg,없음,경기도 오산시,2,7500,,,,trade
구리,구리청과(주),20260716,오이,백다다기,10.00kg,없음,경기도 오산시,10,13500,,,,trade
구리,구리청과(주),20260716,오이,백다다기,10.00kg,없음,경기도 평택시,16,18500,,,,trade
구리,구리청과(주),20260716,오이,백다다기,10.00kg,없음,경기도 평택시,11,13000,,,,trade
구리,구리청과(주),20260716,오이,백다다기,10.00kg,없음,경기도 평택시,13,17000,,,,trade
구리,구리청과(주),20260716,오이,백다다기,10.00kg,없음,경기도 가평군,3,16000,,,,trade
구리,구리청과(주),20260716,오이,백다다기,10.00kg,없음,경기도 가평군,2,25500,,,,trade
구리,구리청과(주),20260716,오이,백다다기,10.00kg,없음,경기도 가평군,2,15000,,,,trade
구리,구리청과(주),20260716,오이,백다다기,10.00kg,없음,경기도 가평군,9,30000,,,,trade
구리,구리청과(주),20260716,오이,백다다기,10.00kg,없음,강원도 홍천군,5,19500,,,,trade
구리,구리청과(주),20260716,오이,백다다기,10.00kg,없음,강원도 홍천군,2,5000,,,,trade
구리,구리청과(주),20260716,오이,백다다기,10.00kg,없음,강원도 홍천군,7,15500,,,,trade
구리,구리청과(주),20260716,오이,백다다기,10.00kg,없음,강원도 홍천군,3,5000,,,,trade
구리,구리청과(주),20260716,오이,백다다기,10.00kg,없음,강원도 홍천군,8,17000,,,,trade
구리,구리청과(주),20260716,오이,백다다기,10.00kg,없음,강원도 홍천군,2,15500,,,,trade
구리,구리청과(주),20260716,오이,백다다기,10.00kg,없음,강원도 홍천군,17,16000,,,,trade
구리,구리청과(주),20260716,오이,백다다기,10.00kg,없음,강원도 홍천군,2,5000,,,,trade
구리,구리청과(주),20260716,오이,백다다기,10.00kg,없음,강원도 홍천군,2,20000,,,,trade
구리,구리청과(주),20260716,오이,백다다기,10.00kg,없음,강원도 홍천군,5,7000,,,,trade
구리,구리청과(주),20260716,오이,백다다기,10.00kg,없음,강원도 홍천군,27,23500,,,,trade
구리,구리청과(주),20260716,오이,백다다기,10.00kg,없음,강원도 홍천군,2,12000,,,,trade
구리,구리청과(주),20260716,오이,백다다기,10.00kg,없음,강원도 홍천군,25,31000,,,,trade
구리,구리청과(주),20260716,오이,백다다기,10.00kg,없음,강원도 화천군,14,16000,,,,trade
구리,구리청과(주),20260716,오이,백다다기,10.00kg,없음,강원도 화천군,13,12000,,,,trade
구리,구리청과(주),20260716,오이,백다다기,10.00kg,없음,강원도 화천군,7,18500,,,,trade
구리,구리청과(주),20260716,오이,백다다기,10.00kg,없음,강원도 화천군,43,12500,,,,trade
구리,구리청과(주),20260716,오이,백다다기,10.00kg,없음,강원도 화천군,8,21500,,,,trade
구리,구리청과(주),20260716,오이,백다다기,10.00kg,없음,강원도 화천군,3,18500,,,,trade
구리,구리청과(주),20260716,오이,백다다기,10.00kg,없음,강원도 화천군,21,23500,,,,trade
구리,구리청과(주),20260716,오이,백다다기,10.00kg,없음,강원도 화천군,3,19500,,,,trade
구리,구리청과(주),20260716,오이,백다다기,10.00kg,없음,강원도 화천군,11,10000,,,,trade
구리,구리청과(주),20260716,오이,백다다기,10.00kg,없음,강원도 화천군,4,15000,,,,trade
구리,구리청과(주),20260716,오이,백다다기,10.00kg,없음,강원도 화천군,52,23000,,,,trade
구리,구리청과(주),20260716,오이,백다다기,10.00kg,없음,강원도 화천군,40,23500,,,,trade
구리,구리청과(주),20260716,오이,백다다기,10.00kg,없음,강원도 화천군,2,9000,,,,trade
구리,구리청과(주),20260716,오이,백다다기,10.00kg,없음,강원도 화천군,50,25500,,,,trade
구리,구리청과(주),20260716,오이,백다다기,10.00kg,없음,강원도 화천군,3,13000,,,,trade
구리,구리청과(주),20260716,오이,백다다기,10.00kg,없음,강원도 화천군,48,23500,,,,trade
구리,구리청과(주),20260716,오이,백다다기,10.00kg,없음,강원도 화천군,20,14500,,,,trade
구리,구리청과(주),20260716,오이,백다다기,10.00kg,없음,강원도 화천군,1,22000,,,,trade
구리,구리청과(주),20260716,오이,백다다기,10.00kg,없음,강원도 화천군,4,13500,,,,trade
구리,구리청과(주),20260716,오이,백다다기,10.00kg,없음,강원도 화천군,1,12000,,,,trade
구리,구리청과(주),20260716,오이,백다다기,10.00kg,없음,강원도 화천군,2,18500,,,,trade
구리,구리청과(주),20260716,오이,백다다기,10.00kg,없음,강원도 화천군,11,24000,,,,trade
구리,구리청과(주),20260716,오이,백다다기,10.00kg,없음,강원도 화천군,15,25500,,,,trade
구리,구리청과(주),20260716,오이,백다다기,10.00kg,없음,강원도 화천군,17,23500,,,,trade
구리,구리청과(주),20260716,오이,백다다기,8.00kg,없음,경기도 연천군,7,5500,,,,trade
구리,구리청과(주),20260716,오이,백다다기,8.00kg,없음,경기도 연천군,32,10400,,,,trade
구리,구리청과(주),20260716,오이,백다다기,8.00kg,없음,경기도 양주시,30,10800,,,,trade
구리,구리청과(주),20260721,오이,백다다기,8.00kg,없음,경기도 양주시,1,1000,,,,trade
구리,구리청과(주),20260721,오이,백다다기,8.00kg,없음,경기도 양주시,63,4800,,,,trade
구리,구리청과(주),20260721,오이,백다다기,8.00kg,없음,경기도 양주시,37,11000,,,,trade
구리,구리청과(주),20260721,오이,백다다기,10.00kg,없음,경기도 오산시,4,1500,,,,trade
구리,구리청과(주),20260721,오이,백다다기,10.00kg,없음,경기도 오산시,1,1000,,,,trade
구리,구리청과(주),20260721,오이,백다다기,10.00kg,없음,경기도 오산시,2,1000,,,,trade
구리,구리청과(주),20260721,오이,백다다기,10.00kg,없음,경기도 오산시,2,3500,,,,trade
구리,구리청과(주),20260721,오이,백다다기,10.00kg,없음,경기도 오산시,21,8500,,,,trade
구리,구리청과(주),20260721,오이,백다다기,10.00kg,없음,경기도 평택시,4,4000,,,,trade
구리,구리청과(주),20260721,오이,백다다기,10.00kg,없음,경기도 평택시,21,14000,,,,trade
구리,구리청과(주),20260721,오이,백다다기,10.00kg,없음,경기도 평택시,16,8500,,,,trade
구리,구리청과(주),20260721,오이,백다다기,10.00kg,없음,경기도 가평군,3,10500,,,,trade
구리,구리청과(주),20260721,오이,백다다기,10.00kg,없음,경기도 가평군,27,21000,,,,trade
구리,구리청과(주),20260721,오이,백다다기,10.00kg,없음,강원도 홍천군,1,4000,,,,trade
구리,구리청과(주),20260721,오이,백다다기,10.00kg,없음,강원도 홍천군,11,15500,,,,trade
구리,구리청과(주),20260721,오이,백다다기,10.00kg,없음,강원도 홍천군,2,8500,,,,trade
구리,구리청과(주),20260721,오이,백다다기,10.00kg,없음,강원도 홍천군,3,10500,,,,trade
구리,구리청과(주),20260721,오이,백다다기,18.00kg,없음,강원도 홍천군,1,4000,,,,trade
구리,구리청과(주),20260721,오이,백다다기,10.00kg,없음,강원도 홍천군,14,8500,,,,trade
구리,구리청과(주),20260721,오이,백다다기,10.00kg,없음,강원도 홍천군,2,13500,,,,trade
구리,구리청과(주),20260721,오이,백다다기,10.00kg,없음,강원도 홍천군,19,9000,,,,trade
구리,구리청과(주),20260721,오이,백다다기,10.00kg,없음,강원도 홍천군,6,5000,,,,trade
구리,구리청과(주),20260721,오이,백다다기,10.00kg,없음,강원도 홍천군,50,16500,,,,trade
구리,구리청과(주),20260721,오이,백다다기,10.00kg,없음,강원도 홍천군,2,6500,,,,trade
구리,구리청과(주),20260721,오이,백다다기,10.00kg,없음,강원도 홍천군,5,19000,,,,trade
구리,구리청과(주),20260721,오이,백다다기,10.00kg,없음,강원도 홍천군,9,4500,,,,trade
구리,구리청과(주),20260721,오이,백다다기,10.00kg,없음,강원도 홍천군,41,16500,,,,trade
구리,구리청과(주),20260721,오이,백다다기,10.00kg,없음,강원도 화천군,10,17500,,,,trade
구리,구리청과(주),20260721,오이,백다다기,10.00kg,없음,강원도 화천군,25,8500,,,,trade
구리,구리청과(주),20260721,오이,백다다기,10.00kg,없음,강원도 화천군,17,12500,,,,trade
구리,구리청과(주),20260721,오이,백다다기,10.00kg,없음,강원도 화천군,19,20000,,,,trade
구리,구리청과(주),20260721,오이,백다다기,10.00kg,없음,강원도 화천군,3,11000,,,,trade
구리,구리청과(주),20260721,오이,백다다기,10.00kg,없음,강원도 화천군,5,8500,,,,trade
구리,구리청과(주),20260721,오이,백다다기,10.00kg,없음,강원도 화천군,25,17500,,,,trade
구리,구리청과(주),20260721,오이,백다다기,10.00kg,없음,강원도 화천군,10,7500,,,,trade
구리,구리청과(주),20260721,오이,백다다기,10.00kg,없음,강원도 화천군,30,16000,,,,trade
구리,구리청과(주),20260721,오이,백다다기,10.00kg,없음,강원도 화천군,1,6000,,,,trade
구리,구리청과(주),20260721,오이,백다다기,10.00kg,없음,강원도 화천군,1,10000,,,,trade
구리,구리청과(주),20260721,오이,백다다기,10.00kg,없음,강원도 화천군,10,18000,,,,trade
구리,구리청과(주),20260721,오이,백다다기,10.00kg,없음,강원도 화천군,4,16500,,,,trade
구리,구리청과(주),20260721,오이,백다다기,10.00kg,없음,강원도 화천군,23,17000,,,,trade
구리,구리청과(주),20260721,오이,백다다기,10.00kg,없음,강원도 화천군,3,8500,,,,trade
구리,구리청과(주),20260721,오이,백다다기,10.00kg,없음,강원도 화천군,60,17500,,,,trade
구리,구리청과(주),20260721,오이,백다다기,10.00kg,없음,강원도 화천군,17,8500,,,,trade
구리,구리청과(주),20260721,오이,백다다기,10.00kg,없음,강원도 화천군,4,18000,,,,trade
구리,구리청과(주),20260721,오이,백다다기,10.00kg,없음,강원도 화천군,1,6500,,,,trade
구리,구리청과(주),20260721,오이,백다다기,10.00kg,없음,강원도 화천군,19,18500,,,,trade
구리,구리청과(주),20260721,오이,백다다기,10.00kg,없음,강원도 철원군,5,9000,,,,trade
구리,구리청과(주),20260721,오이,백다다기,10.00kg,없음,강원도 철원군,10,7000,,,,trade
구리,구리청과(주),20260721,오이,백다다기,10.00kg,없음,강원도 춘천시,1,3000,,,,trade
구리,구리청과(주),20260721,오이,백다다기,10.00kg,없음,강원도 춘천시,7,6000,,,,trade
구리,구리청과(주),20260721,오이,백다다기,10.00kg,없음,강원도 춘천시,1,10000,,,,trade
구리,구리청과(주),20260721,오이,백다다기,10.00kg,없음,강원도 춘천시,11,11000,,,,trade
구리,구리청과(주),20260721,오이,백다다기,20.00kg,없음,경상북도 상주시,1,13000,,,,trade
구리,구리청과(주),20260721,오이,백다다기,20.00kg,없음,경상북도 상주시,2,23000,,,,trade
구리,구리청과(주),20260721,오이,백다다기,20.00kg,없음,경상북도 상주시,3,38000,,,,trade
구리,구리청과(주),20260721,오이,백다다기,20.00kg,없음,경상북도 상주시,1,12000,,,,trade
구리,구리청과(주),20260721,오이,백다다기,20.00kg,없음,경상북도 상주시,2,22000,,,,trade
구리,구리청과(주),20260721,오이,백다다기,20.00kg,없음,경상북도 상주시,27,35000,,,,trade
구리,구리청과(주),20260721,오이,백다다기,20.00kg,없음,경상북도 상주시,1,18000,,,,trade
구리,구리청과(주),20260721,오이,백다다기,20.00kg,없음,경상북도 상주시,10,45000,,,,trade
구리,구리청과(주),20260721,오이,백다다기,20.00kg,없음,경상북도 상주시,2,22000,,,,trade
구리,구리청과(주),20260721,오이,백다다기,20.00kg,없음,경상북도 상주시,8,47000,,,,trade
구리,구리청과(주),20260721,오이,백다다기,20.00kg,없음,경상북도 상주시,2,22000,,,,trade
구리,구리청과(주),20260721,오이,백다다기,20.00kg,없음,경상북도 상주시,18,46000,,,,trade
구리,구리청과(주),20260721,오이,백다다기,20.00kg,없음,경상북도 상주시,6,12000,,,,trade
구리,구리청과(주),20260721,오이,백다다기,20.00kg,없음,경상북도 상주시,2,22000,,,,trade
구리,구리청과(주),20260721,오이,백다다기,20.00kg,없음,경상북도 상주시,24,38000,,,,trade
구리,구리청과(주),20260721,오이,백다다기,20.00kg,없음,경상북도 상주시,1,27000,,,,trade
구리,구리청과(주),20260721,오이,백다다기,20.00kg,없음,경상북도 상주시,3,45000,,,,trade
구리,구리청과(주),20260721,오이,백다다기,20.00kg,없음,경상북도 상주시,1,25000,,,,trade
구리,구리청과(주),20260721,오이,백다다기,20.00kg,없음,경상북도 상주시,2,24000,,,,trade
구리,구리청과(주),20260721,오이,백다다기,20.00kg,없음,경상북도 상주시,33,51000,,,,trade
구리,구리청과(주),20260721,오이,백다다기,20.00kg,없음,경상북도 상주시,1,7000,,,,trade
구리,구리청과(주),20260721,오이,백다다기,20.00kg,없음,경상북도 상주시,3,14000,,,,trade
구리,구리청과(주),20260721,오이,백다다기,20.00kg,없음,경상북도 상주시,13,38000,,,,trade
구리,구리청과(주),20260721,오이,백다다기,20.00kg,없음,경상북도 상주시,11,18000,,,,trade
구리,구리청과(주),20260721,오이,백다다기,20.00kg,없음,경상북도 상주시,11,51000,,,,trade
구리,구리청과(주),20260721,오이,백다다기,20.00kg,없음,경상북도 상주시,4,22000,,,,trade
구리,구리청과(주),20260721,오이,백다다기,20.00kg,없음,경상북도 상주시,18,48000,,,,trade
구리,구리청과(주),20260723,오이,백다다기,10.00kg,없음,강원도 춘천시,10,15500,,,,trade
구리,구리청과(주),20260723,오이,백다다기,20.00kg,없음,경상북도 상주시,5,60000,,,,trade
구리,구리청과(주),20260723,오이,백다다기,20.00kg,없음,경상북도 상주시,2,43000,,,,trade
구리,구리청과(주),20260723,오이,백다다기,20.00kg,없음,경상북도 상주시,6,60000,,,,trade
구리,구리청과(주),20260723,오이,백다다기,20.00kg,없음,경상북도 상주시,1,30000,,,,trade
구리,구리청과(주),20260723,오이,백다다기,20.00kg,없음,경상북도 상주시,7,64000,,,,trade
구리,구리청과(주),20260723,오이,백다다기,20.00kg,없음,경상북도 상주시,1,24000,,,,trade
구리,구리청과(주),20260723,오이,백다다기,20.00kg,없음,경상북도 상주시,1,30000,,,,trade
구리,구리청과(주),20260723,오이,백다다기,20.00kg,없음,경상북도 상주시,8,54000,,,,trade
구리,구리청과(주),20260723,오이,백다다기,20.00kg,없음,경상북도 상주시,3,30000,,,,trade
구리,구리청과(주),20260723,오이,백다다기,20.00kg,없음,경상북도 상주시,5,63000,,,,trade
구리,구리청과(주),20260723,오이,백다다기,20.00kg,없음,경상북도 상주시,1,28000,,,,trade
구리,구리청과(주),20260723,오이,백다다기,20.00kg,없음,경상북도 상주시,4,35000,,,,trade
구리,구리청과(주),20260723,오이,백다다기,20.00kg,없음,경상북도 상주시,14,60000,,,,trade
구리,구리청과(주),20260723,오이,백다다기,20.00kg,없음,경상북도 상주시,6,26000,,,,trade
구리,구리청과(주),20260723,오이,백다다기,20.00kg,없음,경상북도 상주시,4,36000,,,,trade
구리,구리청과(주),20260723,오이,백다다기,20.00kg,없음,경상북도 상주시,24,57000,,,,trade
구리,구리청과(주),20260723,오이,백다다기,20.00kg,없음,경상북도 상주시,3,28000,,,,trade
구리,구리청과(주),20260723,오이,백다다기,20.00kg,없음,경상북도 상주시,2,40000,,,,trade
구리,구리청과(주),20260723,오이,백다다기,20.00kg,없음,경상북도 상주시,2,45000,,,,trade
구리,구리청과(주),20260723,오이,백다다기,20.00kg,없음,경상북도 상주시,33,68000,,,,trade
구리,구리청과(주),20260723,오이,백다다기,20.00kg,없음,경상북도 상주시,1,22000,,,,trade
구리,구리청과(주),20260723,오이,백다다기,20.00kg,없음,경상북도 상주시,2,25000,,,,trade
구리,구리청과(주),20260723,오이,백다다기,20.00kg,없음,경상북도 상주시,13,64000,,,,trade
구리,구리청과(주),20260723,오이,백다다기,20.00kg,없음,경상북도 상주시,15,28000,,,,trade
구리,구리청과(주),20260723,오이,백다다기,20.00kg,없음,경상북도 상주시,9,50000,,,,trade
구리,구리청과(주),20260723,오이,백다다기,20.00kg,없음,경상북도 상주시,2,35000,,,,trade
구리,구리청과(주),20260723,오이,백다다기,20.00kg,없음,경상북도 상주시,16,58000,,,,trade
구리,구리청과(주),20260723,오이,백다다기,10.00kg,없음,강원도 철원군,1,4000,,,,trade
구리,구리청과(주),20260723,오이,백다다기,10.00kg,없음,강원도 철원군,6,12500,,,,trade
구리,구리청과(주),20260723,오이,백다다기,10.00kg,없음,강원도 철원군,10,16000,,,,trade
구리,구리청과(주),20260723,오이,백다다기,10.00kg,없음,경기도 가평군,2,16500,,,,trade
구리,구리청과(주),20260723,오이,백다다기,10.00kg,없음,경기도 가평군,21,29000,,,,trade
구리,구리청과(주),20260723,오이,백다다기,10.00kg,없음,강원도 홍천군,1,6500,,,,trade
구리,구리청과(주),20260723,오이,백다다기,10.00kg,없음,강원도 홍천군,5,12500,,,,trade
구리,구리청과(주),20260723,오이,백다다기,10.00kg,없음,강원도 홍천군,2,17000,,,,trade
구리,구리청과(주),20260723,오이,백다다기,10.00kg,없음,강원도 홍천군,12,16500,,,,trade
구리,구리청과(주),20260723,오이,백다다기,10.00kg,없음,강원도 홍천군,7,14000,,,,trade
구리,구리청과(주),20260723,오이,백다다기,10.00kg,없음,강원도 홍천군,37,24500,,,,trade
구리,구리청과(주),20260723,오이,백다다기,10.00kg,없음,강원도 홍천군,4,21500,,,,trade
구리,구리청과(주),20260723,오이,백다다기,10.00kg,없음,강원도 홍천군,5,26500,,,,trade
구리,구리청과(주),20260723,오이,백다다기,10.00kg,없음,강원도 홍천군,5,14500,,,,trade
구리,구리청과(주),20260723,오이,백다다기,10.00kg,없음,강원도 홍천군,40,25500,,,,trade
구리,구리청과(주),20260723,오이,백다다기,10.00kg,없음,강원도 화천군,13,16000,,,,trade
구리,구리청과(주),20260723,오이,백다다기,10.00kg,없음,강원도 화천군,6,16500,,,,trade
구리,구리청과(주),20260723,오이,백다다기,10.00kg,없음,강원도 화천군,11,31000,,,,trade
구리,구리청과(주),20260723,오이,백다다기,10.00kg,없음,강원도 화천군,3,17500,,,,trade
구리,구리청과(주),20260723,오이,백다다기,10.00kg,없음,강원도 화천군,19,27500,,,,trade
구리,구리청과(주),20260723,오이,백다다기,10.00kg,없음,강원도 화천군,8,12500,,,,trade
구리,구리청과(주),20260723,오이,백다다기,10.00kg,없음,강원도 화천군,17,26500,,,,trade
구리,구리청과(주),20260723,오이,백다다기,10.00kg,없음,강원도 화천군,19,30000,,,,trade
구리,구리청과(주),20260723,오이,백다다기,10.00kg,없음,강원도 화천군,8,28000,,,,trade
구리,구리청과(주),20260723,오이,백다다기,10.00kg,없음,강원도 화천군,8,14500,,,,trade
구리,구리청과(주),20260723,오이,백다다기,10.00kg,없음,강원도 화천군,1,24500,,,,trade
구리,구리청과(주),20260723,오이,백다다기,10.00kg,없음,강원도 화천군,50,29000,,,,trade
구리,구리청과(주),20260723,오이,백다다기,10.00kg,없음,강원도 화천군,29,27000,,,,trade
구리,구리청과(주),20260728,오이,백다다기,10.00kg,없음,강원도 홍천군,9,15500,,,,trade
구리,구리청과(주),20260728,오이,백다다기,10.00kg,없음,강원도 홍천군,13,30000,,,,trade
구리,구리청과(주),20260728,오이,백다다기,10.00kg,없음,강원도 홍천군,7,18500,,,,trade
구리,구리청과(주),20260728,오이,백다다기,10.00kg,없음,강원도 홍천군,1,6000,,,,trade
구리,구리청과(주),20260728,오이,백다다기,10.00kg,없음,강원도 홍천군,6,19000,,,,trade
구리,구리청과(주),20260728,오이,백다다기,10.00kg,없음,강원도 홍천군,3,21000,,,,trade
구리,구리청과(주),20260728,오이,백다다기,10.00kg,없음,강원도 홍천군,1,14500,,,,trade
구리,구리청과(주),20260728,오이,백다다기,10.00kg,없음,강원도 홍천군,9,27500,,,,trade
구리,구리청과(주),20260728,오이,백다다기,10.00kg,없음,강원도 홍천군,3,14500,,,,trade
구리,구리청과(주),20260728,오이,백다다기,10.00kg,없음,강원도 홍천군,18,34000,,,,trade
구리,구리청과(주),20260728,오이,백다다기,10.00kg,없음,강원도 화천군,30,6000,,,,trade
구리,구리청과(주),20260728,오이,백다다기,10.00kg,없음,강원도 화천군,4,15000,,,,trade
구리,구리청과(주),20260728,오이,백다다기,10.00kg,없음,강원도 화천군,24,19500,,,,trade
구리,구리청과(주),20260728,오이,백다다기,10.00kg,없음,강원도 화천군,6,10000,,,,trade
구리,구리청과(주),20260728,오이,백다다기,10.00kg,없음,강원도 화천군,20,33000,,,,trade
구리,구리청과(주),20260728,오이,백다다기,10.00kg,없음,강원도 화천군,6,10000,,,,trade
구리,구리청과(주),20260728,오이,백다다기,10.00kg,없음,강원도 화천군,5,28000,,,,trade
구리,구리청과(주),20260728,오이,백다다기,10.00kg,없음,강원도 화천군,3,18500,,,,trade
구리,구리청과(주),20260728,오이,백다다기,10.00kg,없음,강원도 화천군,1,32500,,,,trade
구리,구리청과(주),20260728,오이,백다다기,10.00kg,없음,강원도 화천군,12,13500,,,,trade
구리,구리청과(주),20260728,오이,백다다기,10.00kg,없음,강원도 화천군,2,19000,,,,trade
구리,구리청과(주),20260728,오이,백다다기,10.00kg,없음,강원도 화천군,23,35000,,,,trade
구리,구리청과(주),20260728,오이,백다다기,10.00kg,없음,강원도 화천군,2,11000,,,,trade
구리,구리청과(주),20260728,오이,백다다기,10.00kg,없음,강원도 화천군,4,34000,,,,trade
구리,구리청과(주),20260728,오이,백다다기,10.00kg,없음,강원도 화천군,6,12000,,,,trade
구리,구리청과(주),20260728,오이,백다다기,10.00kg,없음,강원도 화천군,44,33500,,,,trade
구리,구리청과(주),20260728,오이,백다다기,10.00kg,없음,강원도 화천군,5,12500,,,,trade
구리,구리청과(주),20260728,오이,백다다기,10.00kg,없음,강원도 화천군,2,10000,,,,trade
구리,구리청과(주),20260728,오이,백다다기,10.00kg,없음,강원도 화천군,16,27500,,,,trade
구리,구리청과(주),20260728,오이,백다다기,10.00kg,없음,강원도 철원군,5,15500,,,,trade
구리,구리청과(주),20260728,오이,백다다기,18.00kg,없음,경기도,7,19000,,,,trade
구리,구리청과(주),20260728,오이,백다다기,18.00kg,없음,경기도,10,36000,,,,trade
구리,구리청과(주),20260728,오이,백다다기,10.00kg,없음,강원도 춘천시,1,4000,,,,trade
구리,구리청과(주),20260728,오이,백다다기,10.00kg,없음,강원도 춘천시,4,12500,,,,trade
구리,구리청과(주),20260728,오이,백다다기,20.00kg,없음,경상북도 상주시,2,50000,,,,trade
구리,구리청과(주),20260728,오이,백다다기,20.00kg,없음,경상북도 상주시,2,21000,,,,trade
구리,구리청과(주),20260728,오이,백다다기,20.00kg,없음,경상북도 상주시,2,30000,,,,trade
구리,구리청과(주),20260728,오이,백다다기,20.00kg,없음,경상북도 상주시,4,34000,,,,trade
구리,구리청과(주),20260728,오이,백다다기,20.00kg,없음,경상북도 상주시,1,45000,,,,trade
구리,구리청과(주),20260728,오이,백다다기,20.00kg,없음,경상북도 상주시,9,74000,,,,trade
구리,구리청과(주),20260728,오이,백다다기,20.00kg,없음,경상북도 상주시,1,18000,,,,trade
구리,구리청과(주),20260728,오이,백다다기,20.00kg,없음,경상북도 상주시,1,19000,,,,trade
구리,구리청과(주),20260728,오이,백다다기,20.00kg,없음,경상북도 상주시,1,40000,,,,trade
구리,구리청과(주),20260728,오이,백다다기,20.00kg,없음,경상북도 상주시,5,68000,,,,trade
구리,구리청과(주),20260728,오이,백다다기,20.00kg,없음,경상북도 상주시,1,26000,,,,trade
구리,구리청과(주),20260728,오이,백다다기,20.00kg,없음,경상북도 상주시,11,75000,,,,trade
구리,구리청과(주),20260728,오이,백다다기,20.00kg,없음,경상북도 상주시,1,38000,,,,trade
구리,구리청과(주),20260728,오이,백다다기,20.00kg,없음,경상북도 상주시,6,68000,,,,trade
구리,구리청과(주),20260728,오이,백다다기,20.00kg,없음,경상북도 상주시,2,18000,,,,trade
구리,구리청과(주),20260728,오이,백다다기,20.00kg,없음,경상북도 상주시,1,18000,,,,trade
구리,구리청과(주),20260728,오이,백다다기,20.00kg,없음,경상북도 상주시,4,20000,,,,trade
구리,구리청과(주),20260728,오이,백다다기,20.00kg,없음,경상북도 상주시,9,50000,,,,trade
구리,구리청과(주),20260728,오이,백다다기,20.00kg,없음,경상북도 상주시,1,23000,,,,trade
구리,구리청과(주),20260728,오이,백다다기,20.00kg,없음,경상북도 상주시,3,29000,,,,trade
구리,구리청과(주),20260728,오이,백다다기,20.00kg,없음,경상북도 상주시,40,67000,,,,trade
구리,구리청과(주),20260728,오이,백다다기,20.00kg,없음,경상북도 상주시,2,26000,,,,trade
구리,구리청과(주),20260728,오이,백다다기,20.00kg,없음,경상북도 상주시,3,40000,,,,trade
구리,구리청과(주),20260728,오이,백다다기,20.00kg,없음,경상북도 상주시,27,57000,,,,trade
구리,구리청과(주),20260728,오이,백다다기,20.00kg,없음,경상북도 상주시,1,31000,,,,trade
구리,구리청과(주),20260728,오이,백다다기,20.00kg,없음,경상북도 상주시,11,56000,,,,trade
구리,구리청과(주),20260728,오이,백다다기,20.00kg,없음,경상북도 상주시,2,33000,,,,trade
구리,구리청과(주),20260728,오이,백다다기,20.00kg,없음,경상북도 상주시,18,67000,,,,trade
구리,구리청과(주),20260728,오이,백다다기,20.00kg,없음,경상북도 상주시,1,32000,,,,trade
구리,구리청과(주),20260728,오이,백다다기,20.00kg,없음,경상북도 상주시,8,60000,,,,trade
구리,구리청과(주),20260728,오이,백다다기,20.00kg,없음,경상북도 상주시,1,23000,,,,trade
구리,구리청과(주),20260728,오이,백다다기,20.00kg,없음,경상북도 상주시,12,62000,,,,trade
구리,구리청과(주),20260728,오이,백다다기,20.00kg,없음,경상북도 상주시,2,31000,,,,trade
구리,구리청과(주),20260728,오이,백다다기,20.00kg,없음,경상북도 상주시,20,43000,,,,trade
구리,구리청과(주),20260728,오이,백다다기,20.00kg,없음,경상북도 상주시,11,24000,,,,trade
구리,구리청과(주),20260728,오이,백다다기,20.00kg,없음,경상북도 상주시,1,28000,,,,trade
구리,구리청과(주),20260728,오이,백다다기,20.00kg,없음,경상북도 상주시,8,40000,,,,trade
구리,구리청과(주),20260728,오이,백다다기,20.00kg,없음,경상북도 상주시,2,29000,,,,trade
구리,구리청과(주),20260728,오이,백다다기,20.00kg,없음,경상북도 상주시,13,60000,,,,trade
구리,구리청과(주),20260728,오이,백다다기,20.00kg,없음,경상북도 상주시,1,16000,,,,trade
구리,구리청과(주),20260728,오이,백다다기,20.00kg,없음,경상북도 상주시,2,20000,,,,trade
구리,구리청과(주),20260728,오이,백다다기,20.00kg,없음,경상북도 상주시,4,40000,,,,trade
구리,구리청과(주),20260728,오이,백다다기,20.00kg,없음,경상북도 상주시,9,44000,,,,trade
구리,구리청과(주),20260728,오이,백다다기,20.00kg,없음,경상북도 상주시,6,39000,,,,trade
구리,구리청과(주),20260728,오이,백다다기,20.00kg,없음,경상북도 상주시,26,60000,,,,trade
구리,구리청과(주),20260728,오이,백다다기,20.00kg,없음,경상북도 상주시,1,33000,,,,trade
구리,구리청과(주),20260728,오이,백다다기,20.00kg,없음,경상북도 상주시,2,38000,,,,trade
구리,구리청과(주),20260728,오이,백다다기,20.00kg,없음,경상북도 상주시,17,68000,,,,trade
구리,구리청과(주),20260728,오이,백다다기,20.00kg,없음,경상북도 상주시,10,22000,,,,trade
구리,구리청과(주),20260728,오이,백다다기,20.00kg,없음,경상북도 상주시,2,34000,,,,trade
구리,구리청과(주),20260728,오이,백다다기,20.00kg,없음,경상북도 상주시,12,55000,,,,trade
구리,구리청과(주),20260728,오이,백다다기,20.00kg,없음,경상북도 상주시,1,32000,,,,trade
구리,구리청과(주),20260728,오이,백다다기,20.00kg,없음,경상북도 상주시,46,50000,,,,trade
구리,구리청과(주),20260728,오이,백다다기,20.00kg,없음,경상북도 상주시,13,62000,,,,trade
구리,구리청과(주),20260728,오이,백다다기,20.00kg,없음,경상북도 상주시,3,28000,,,,trade
구리,구리청과(주),20260728,오이,백다다기,20.00kg,없음,경상북도 상주시,37,65000,,,,trade
구리,구리청과(주),20260728,오이,백다다기,20.00kg,없음,경상북도 상주시,2,28000,,,,trade
구리,구리청과(주),20260728,오이,백다다기,20.00kg,없음,경상북도 상주시,1,25000,,,,trade
구리,구리청과(주),20260728,오이,백다다기,20.00kg,없음,경상북도 상주시,3,38000,,,,trade
구리,구리청과(주),20260728,오이,백다다기,20.00kg,없음,경상북도 상주시,26,58000,,,,trade
구리,구리청과(주),20260728,오이,백다다기,20.00kg,없음,경상북도 상주시,1,25000,,,,trade
구리,구리청과(주),20260728,오이,백다다기,20.00kg,없음,경상북도 상주시,10,55000,,,,trade
구리,구리청과(주),20260728,오이,백다다기,20.00kg,없음,경상북도 상주시,4,32000,,,,trade
구리,구리청과(주),20260728,오이,백다다기,20.00kg,없음,경상북도 상주시,12,64000,,,,trade
구리,구리청과(주),20260728,오이,백다다기,20.00kg,없음,경상북도 상주시,4,19000,,,,trade
구리,구리청과(주),20260728,오이,백다다기,20.00kg,없음,경상북도 상주시,3,36000,,,,trade
구리,구리청과(주),20260728,오이,백다다기,20.00kg,없음,경상북도 상주시,20,63000,,,,trade
구리,구리청과(주),20260728,오이,백다다기,20.00kg,없음,경상북도 상주시,2,38000,,,,trade
구리,구리청과(주),20260728,오이,백다다기,20.00kg,없음,경상북도 상주시,7,27000,,,,trade
구리,구리청과(주),20260728,오이,백다다기,20.00kg,없음,경상북도 상주시,44,68000,,,,trade
구리,구리청과(주),20260728,오이,백다다기,20.00kg,없음,경상북도 상주시,1,33000,,,,trade
구리,구리청과(주),20260728,오이,백다다기,20.00kg,없음,경상북도 상주시,3,29000,,,,trade
구리,구리청과(주),20260728,오이,백다다기,20.00kg,없음,경상북도 상주시,1,35000,,,,trade
구리,구리청과(주),20260728,오이,백다다기,20.00kg,없음,경상북도 상주시,5,50000,,,,trade
구리,구리청과(주),20260728,오이,백다다기,20.00kg,없음,경상북도 상주시,54,68000,,,,trade
구리,구리청과(주),20260728,오이,백다다기,20.00kg,없음,경상북도 상주시,10,73000,,,,trade
구리,구리청과(주),20260728,오이,백다다기,20.00kg,없음,경상북도 상주시,1,23000,,,,trade
구리,구리청과(주),20260728,오이,백다다기,20.00kg,없음,경상북도 상주시,29,70000,,,,trade
구리,구리청과(주),20260728,오이,백다다기,8.00kg,없음,경기도 양주시,24,12200,,,,trade
구리,구리청과(주),20260728,오이,백다다기,8.00kg,없음,경기도 연천군,1,6900,,,,trade
구리,구리청과(주),20260728,오이,백다다기,8.00kg,없음,경기도 연천군,7,8100,,,,trade
구리,구리청과(주),20260728,오이,백다다기,8.00kg,없음,경기도 연천군,39,11400,,,,trade
구리,구리청과(주),20260728,오이,백다다기,10.00kg,없음,강원도 철원군,6,14000,,,,trade
구리,구리청과(주),20260730,오이,백다다기,10.00kg,없음,강원도 철원군,3,10500,,,,trade
구리,구리청과(주),20260730,오이,백다다기,10.00kg,없음,강원도 철원군,9,12500,,,,trade
구리,구리청과(주),20260730,오이,백다다기,18.00kg,없음,충청남도 논산시,4,13000,,,,trade
구리,구리청과(주),20260730,오이,백다다기,18.00kg,없음,충청남도 논산시,12,31000,,,,trade
구리,구리청과(주),20260730,오이,백다다기,10.00kg,없음,강원도 춘천시,1,8500,,,,trade
구리,구리청과(주),20260730,오이,백다다기,10.00kg,없음,강원도 춘천시,8,13500,,,,trade
구리,구리청과(주),20260730,오이,백다다기,20.00kg,없음,경상북도 상주시,1,24000,,,,trade
구리,구리청과(주),20260730,오이,백다다기,20.00kg,없음,경상북도 상주시,23,43000,,,,trade
구리,구리청과(주),20260730,오이,백다다기,20.00kg,없음,경상북도 상주시,1,26000,,,,trade
구리,구리청과(주),20260730,오이,백다다기,20.00kg,없음,경상북도 상주시,2,30000,,,,trade
구리,구리청과(주),20260730,오이,백다다기,20.00kg,없음,경상북도 상주시,10,40000,,,,trade
구리,구리청과(주),20260730,오이,백다다기,20.00kg,없음,경상북도 상주시,2,28000,,,,trade
구리,구리청과(주),20260730,오이,백다다기,20.00kg,없음,경상북도 상주시,10,45000,,,,trade
구리,구리청과(주),20260730,오이,백다다기,20.00kg,없음,경상북도 상주시,2,30000,,,,trade
구리,구리청과(주),20260730,오이,백다다기,20.00kg,없음,경상북도 상주시,11,52000,,,,trade
구리,구리청과(주),20260730,오이,백다다기,20.00kg,없음,경상북도 상주시,1,23000,,,,trade
구리,구리청과(주),20260730,오이,백다다기,20.00kg,없음,경상북도 상주시,5,53000,,,,trade
구리,구리청과(주),20260730,오이,백다다기,20.00kg,없음,경상북도 상주시,7,25000,,,,trade
구리,구리청과(주),20260730,오이,백다다기,20.00kg,없음,경상북도 상주시,1,21000,,,,trade
구리,구리청과(주),20260730,오이,백다다기,20.00kg,없음,경상북도 상주시,3,28000,,,,trade
구리,구리청과(주),20260730,오이,백다다기,20.00kg,없음,경상북도 상주시,17,42000,,,,trade
구리,구리청과(주),20260730,오이,백다다기,20.00kg,없음,경상북도 상주시,2,22000,,,,trade
구리,구리청과(주),20260730,오이,백다다기,20.00kg,없음,경상북도 상주시,3,33000,,,,trade
구리,구리청과(주),20260730,오이,백다다기,20.00kg,없음,경상북도 상주시,23,51000,,,,trade
구리,구리청과(주),20260730,오이,백다다기,20.00kg,없음,경상북도 상주시,1,25000,,,,trade
구리,구리청과(주),20260730,오이,백다다기,20.00kg,없음,경상북도 상주시,10,40000,,,,trade
구리,구리청과(주),20260730,오이,백다다기,20.00kg,없음,경상북도 상주시,1,22000,,,,trade
구리,구리청과(주),20260730,오이,백다다기,20.00kg,없음,경상북도 상주시,2,27000,,,,trade
구리,구리청과(주),20260730,오이,백다다기,20.00kg,없음,경상북도 상주시,12,50000,,,,trade
구리,구리청과(주),20260730,오이,백다다기,20.00kg,없음,경상북도 상주시,2,15000,,,,trade
구리,구리청과(주),20260730,오이,백다다기,20.00kg,없음,경상북도 상주시,2,18000,,,,trade
구리,구리청과(주),20260730,오이,백다다기,20.00kg,없음,경상북도 상주시,14,41000,,,,trade
구리,구리청과(주),20260730,오이,백다다기,20.00kg,없음,경상북도 상주시,1,28000,,,,trade
구리,구리청과(주),20260730,오이,백다다기,20.00kg,없음,경상북도 상주시,2,25000,,,,trade
구리,구리청과(주),20260730,오이,백다다기,20.00kg,없음,경상북도 상주시,2,21000,,,,trade
구리,구리청과(주),20260730,오이,백다다기,20.00kg,없음,경상북도 상주시,2,128000,,,,trade
구리,구리청과(주),20260730,오이,백다다기,20.00kg,없음,경상북도 상주시,20,31000,,,,trade
구리,구리청과(주),20260730,오이,백다다기,20.00kg,없음,경상북도 상주시,34,37000,,,,trade
구리,구리청과(주),20260730,오이,백다다기,20.00kg,없음,경상북도 상주시,4,10000,,,,trade
구리,구리청과(주),20260730,오이,백다다기,20.00kg,없음,경상북도 상주시,14,20000,,,,trade
구리,구리청과(주),20260730,오이,백다다기,20.00kg,없음,경상북도 상주시,12,28000,,,,trade
구리,구리청과(주),20260730,오이,백다다기,20.00kg,없음,경상북도 상주시,9,30000,,,,trade
구리,구리청과(주),20260730,오이,백다다기,20.00kg,없음,경상북도 상주시,4,29000,,,,trade
구리,구리청과(주),20260730,오이,백다다기,20.00kg,없음,경상북도 상주시,3,25000,,,,trade
구리,구리청과(주),20260730,오이,백다다기,20.00kg,없음,경상북도 상주시,33,27000,,,,trade
구리,구리청과(주),20260730,오이,백다다기,20.00kg,없음,경상북도 상주시,10,22000,,,,trade
구리,구리청과(주),20260730,오이,백다다기,20.00kg,없음,경상북도 상주시,5,26000,,,,trade
구리,구리청과(주),20260730,오이,백다다기,20.00kg,없음,경상북도 상주시,25,53000,,,,trade
구리,구리청과(주),20260730,오이,백다다기,20.00kg,없음,경상북도 상주시,1,18000,,,,trade
구리,구리청과(주),20260730,오이,백다다기,20.00kg,없음,경상북도 상주시,3,23000,,,,trade
구리,구리청과(주),20260730,오이,백다다기,20.00kg,없음,경상북도 상주시,9,43000,,,,trade
구리,구리청과(주),20260730,오이,백다다기,20.00kg,없음,경상북도 상주시,4,22000,,,,trade
구리,구리청과(주),20260730,오이,백다다기,20.00kg,없음,경상북도 상주시,3,21000,,,,trade
구리,구리청과(주),20260730,오이,백다다기,20.00kg,없음,경상북도 상주시,6,28000,,,,trade
구리,구리청과(주),20260730,오이,백다다기,20.00kg,없음,경상북도 상주시,33,60000,,,,trade
구리,구리청과(주),20260730,오이,백다다기,20.00kg,없음,경상북도 상주시,4,47000,,,,trade
구리,구리청과(주),20260730,오이,백다다기,20.00kg,없음,경상북도 상주시,1,22000,,,,trade
구리,구리청과(주),20260730,오이,백다다기,20.00kg,없음,경상북도 상주시,50,50000,,,,trade
구리,구리청과(주),20260730,오이,백다다기,10.00kg,없음,경기도 가평군,8,18000,,,,trade
구리,구리청과(주),20260730,오이,백다다기,10.00kg,없음,경기도 가평군,78,23000,,,,trade
구리,구리청과(주),20260730,오이,백다다기,10.00kg,없음,강원도 홍천군,14,14500,,,,trade
구리,구리청과(주),20260730,오이,백다다기,10.00kg,없음,강원도 홍천군,9,14500,,,,trade
구리,구리청과(주),20260730,오이,백다다기,10.00kg,없음,강원도 홍천군,43,23500,,,,trade
구리,구리청과(주),20260730,오이,백다다기,10.00kg,없음,강원도 홍천군,2,6500,,,,trade
구리,구리청과(주),20260730,오이,백다다기,10.00kg,없음,강원도 홍천군,16,16500,,,,trade
구리,구리청과(주),20260730,오이,백다다기,10.00kg,없음,강원도 홍천군,2,18000,,,,trade
구리,구리청과(주),20260730,오이,백다다기,10.00kg,없음,강원도 홍천군,3,19000,,,,trade
구리,구리청과(주),20260730,오이,백다다기,10.00kg,없음,강원도 홍천군,2,13000,,,,trade
구리,구리청과(주),20260730,오이,백다다기,10.00kg,없음,강원도 홍천군,11,22000,,,,trade
구리,구리청과(주),20260730,오이,백다다기,10.00kg,없음,강원도 홍천군,8,16500,,,,trade
구리,구리청과(주),20260730,오이,백다다기,10.00kg,없음,강원도 홍천군,48,28000,,,,trade
구리,구리청과(주),20260730,오이,백다다기,10.00kg,없음,강원도 화천군,7,17500,,,,trade
구리,구리청과(주),20260730,오이,백다다기,10.00kg,없음,강원도 화천군,9,14000,,,,trade
구리,구리청과(주),20260730,오이,백다다기,10.00kg,없음,강원도 화천군,3,17500,,,,trade
구리,구리청과(주),20260730,오이,백다다기,10.00kg,없음,강원도 화천군,25,23000,,,,trade
구리,구리청과(주),20260730,오이,백다다기,10.00kg,없음,강원도 화천군,3,24500,,,,trade
구리,구리청과(주),20260730,오이,백다다기,10.00kg,없음,강원도 화천군,7,10000,,,,trade
구리,구리청과(주),20260730,오이,백다다기,10.00kg,없음,강원도 화천군,6,18500,,,,trade
구리,구리청과(주),20260730,오이,백다다기,10.00kg,없음,강원도 화천군,35,25000,,,,trade
구리,구리청과(주),20260730,오이,백다다기,10.00kg,없음,강원도 화천군,11,29500,,,,trade
구리,구리청과(주),20260730,오이,백다다기,10.00kg,없음,강원도 화천군,10,18500,,,,trade
구리,구리청과(주),20260730,오이,백다다기,10.00kg,없음,강원도 화천군,17,19000,,,,trade
구리,구리청과(주),20260730,오이,백다다기,10.00kg,없음,강원도 화천군,1,11500,,,,trade
구리,구리청과(주),20260730,오이,백다다기,10.00kg,없음,강원도 화천군,5,23500,,,,trade
구리,구리청과(주),20260730,오이,백다다기,10.00kg,없음,강원도 화천군,5,12500,,,,trade
구리,구리청과(주),20260730,오이,백다다기,10.00kg,없음,강원도 화천군,38,23500,,,,trade
구리,구리청과(주),20260730,오이,백다다기,10.00kg,없음,강원도 화천군,3,10500,,,,trade
구리,구리청과(주),20260730,오이,백다다기,10.00kg,없음,강원도 화천군,27,27000,,,,trade
구리,구리청과(주),20260730,오이,백다다기,20.00kg,없음,경상북도 상주시,4,26000,,,,trade
구리,구리청과(주),20260730,오이,백다다기,20.00kg,없음,경상북도 상주시,38,58000,,,,trade
구리,구리청과(주),20260730,오이,백다다기,20.00kg,없음,경상북도 상주시,35,63000,,,,trade
구리,구리청과(주),20260730,오이,백다다기,8.00kg,없음,경기도 양주시,15,15100,,,,trade
구리,구리청과(주),20260730,오이,백다다기,8.00kg,없음,경기도 양주시,52,14900,,,,trade
구리,구리청과(주),20260730,오이,백다다기,8.00kg,없음,경기도 연천군,8,11800,,,,trade
구리,구리청과(주),20260730,오이,백다다기,8.00kg,없음,경기도 연천군,7,12200,,,,trade
구리,구리청과(주),20260730,오이,백다다기,8.00kg,없음,경기도 연천군,31,17000,,,,trade
구리,구리청과(주),20260804,오이,백다다기,10.00kg,없음,경기도 가평군,4,12000,,,,trade
구리,구리청과(주),20260804,오이,백다다기,10.00kg,없음,경기도 가평군,42,16500,,,,trade
구리,구리청과(주),20260804,오이,백다다기,10.00kg,없음,강원도 홍천군,2,5000,,,,trade
구리,구리청과(주),20260804,오이,백다다기,10.00kg,없음,강원도 홍천군,20,14500,,,,trade
구리,구리청과(주),20260804,오이,백다다기,10.00kg,없음,강원도 홍천군,15,13500,,,,trade
구리,구리청과(주),20260804,오이,백다다기,10.00kg,없음,강원도 홍천군,6,16500,,,,trade
구리,구리청과(주),20260804,오이,백다다기,10.00kg,없음,강원도 홍천군,2,14500,,,,trade
구리,구리청과(주),20260804,오이,백다다기,10.00kg,없음,강원도 홍천군,10,8500,,,,trade
구리,구리청과(주),20260804,오이,백다다기,10.00kg,없음,강원도 홍천군,36,17500,,,,trade
구리,구리청과(주),20260804,오이,백다다기,10.00kg,없음,강원도 홍천군,2,12500,,,,trade
구리,구리청과(주),20260804,오이,백다다기,10.00kg,없음,강원도 홍천군,2,13500,,,,trade
구리,구리청과(주),20260804,오이,백다다기,10.00kg,없음,강원도 홍천군,9,16000,,,,trade
구리,구리청과(주),20260804,오이,백다다기,10.00kg,없음,강원도 홍천군,16,10500,,,,trade
구리,구리청과(주),20260804,오이,백다다기,10.00kg,없음,강원도 홍천군,40,17000,,,,trade
구리,구리청과(주),20260804,오이,백다다기,10.00kg,없음,강원도 화천군,1,15500,,,,trade
구리,구리청과(주),20260804,오이,백다다기,10.00kg,없음,강원도 화천군,4,13000,,,,trade
구리,구리청과(주),20260804,오이,백다다기,10.00kg,없음,강원도 화천군,17,22000,,,,trade
구리,구리청과(주),20260804,오이,백다다기,10.00kg,없음,강원도 화천군,17,6000,,,,trade
구리,구리청과(주),20260804,오이,백다다기,10.00kg,없음,강원도 화천군,3,15500,,,,trade
구리,구리청과(주),20260804,오이,백다다기,10.00kg,없음,강원도 화천군,31,14500,,,,trade
구리,구리청과(주),20260804,오이,백다다기,10.00kg,없음,강원도 화천군,27,5500,,,,trade
구리,구리청과(주),20260804,오이,백다다기,10.00kg,없음,강원도 화천군,6,15500,,,,trade
구리,구리청과(주),20260804,오이,백다다기,10.00kg,없음,강원도 화천군,26,18500,,,,trade
구리,구리청과(주),20260804,오이,백다다기,10.00kg,없음,강원도 화천군,14,16000,,,,trade
구리,구리청과(주),20260804,오이,백다다기,10.00kg,없음,강원도 화천군,5,10000,,,,trade
구리,구리청과(주),20260804,오이,백다다기,10.00kg,없음,강원도 화천군,21,17000,,,,trade
구리,구리청과(주),20260804,오이,백다다기,10.00kg,없음,강원도 화천군,1,7000,,,,trade
구리,구리청과(주),20260804,오이,백다다기,10.00kg,없음,강원도 화천군,5,18500,,,,trade
구리,구리청과(주),20260804,오이,백다다기,10.00kg,없음,강원도 화천군,16,6500,,,,trade
구리,구리청과(주),20260804,오이,백다다기,10.00kg,없음,강원도 화천군,80,19500,,,,trade
구리,구리청과(주),20260804,오이,백다다기,10.00kg,없음,강원도 화천군,7,8500,,,,trade
구리,구리청과(주),20260804,오이,백다다기,10.00kg,없음,강원도 화천군,22,14500,,,,trade
구리,구리청과(주),20260804,오이,백다다기,18.00kg,없음,강원도 철원군,6,16000,,,,trade
구리,구리청과(주),20260804,오이,백다다기,18.00kg,없음,강원도 철원군,20,27000,,,,trade
구리,구리청과(주),20260804,오이,백다다기,8.00kg,없음,강원도 철원군,3,1500,,,,trade
구리,구리청과(주),20260804,오이,백다다기,18.00kg,없음,강원도 철원군,1,7000,,,,trade
구리,구리청과(주),20260804,오이,백다다기,15.00kg,없음,충청남도 논산시,4,5000,,,,trade
구리,구리청과(주),20260804,오이,백다다기,15.00kg,없음,충청남도 논산시,11,18000,,,,trade
구리,구리청과(주),20260804,오이,백다다기,20.00kg,없음,경상북도 상주시,5,18000,,,,trade
구리,구리청과(주),20260804,오이,백다다기,20.00kg,없음,경상북도 상주시,10,38000,,,,trade
구리,구리청과(주),20260804,오이,백다다기,20.00kg,없음,경상북도 상주시,9,12000,,,,trade
구리,구리청과(주),20260804,오이,백다다기,20.00kg,없음,경상북도 상주시,4,22000,,,,trade
구리,구리청과(주),20260804,오이,백다다기,20.00kg,없음,경상북도 상주시,12,37000,,,,trade
구리,구리청과(주),20260804,오이,백다다기,20.00kg,없음,경상북도 상주시,1,12000,,,,trade
구리,구리청과(주),20260804,오이,백다다기,20.00kg,없음,경상북도 상주시,1,8000,,,,trade
구리,구리청과(주),20260804,오이,백다다기,20.00kg,없음,경상북도 상주시,3,13000,,,,trade
구리,구리청과(주),20260804,오이,백다다기,20.00kg,없음,경상북도 상주시,14,40000,,,,trade
구리,구리청과(주),20260804,오이,백다다기,20.00kg,없음,경상북도 상주시,1,8000,,,,trade
구리,구리청과(주),20260804,오이,백다다기,20.00kg,없음,경상북도 상주시,8,22000,,,,trade
구리,구리청과(주),20260804,오이,백다다기,20.00kg,없음,경상북도 상주시,24,45000,,,,trade
구리,구리청과(주),20260804,오이,백다다기,20.00kg,없음,경상북도 상주시,1,4000,,,,trade
구리,구리청과(주),20260804,오이,백다다기,20.00kg,없음,경상북도 상주시,2,16000,,,,trade
구리,구리청과(주),20260804,오이,백다다기,20.00kg,없음,경상북도 상주시,3,21000,,,,trade
구리,구리청과(주),20260804,오이,백다다기,20.00kg,없음,경상북도 상주시,1,23000,,,,trade
구리,구리청과(주),20260804,오이,백다다기,20.00kg,없음,경상북도 상주시,3,18000,,,,trade
구리,구리청과(주),20260804,오이,백다다기,20.00kg,없음,경상북도 상주시,50,32000,,,,trade
구리,구리청과(주),20260804,오이,백다다기,20.00kg,없음,경상북도 상주시,3,10000,,,,trade
구리,구리청과(주),20260804,오이,백다다기,20.00kg,없음,경상북도 상주시,2,17000,,,,trade
구리,구리청과(주),20260804,오이,백다다기,20.00kg,없음,경상북도 상주시,4,28000,,,,trade
구리,구리청과(주),20260804,오이,백다다기,20.00kg,없음,경상북도 상주시,6,8000,,,,trade
구리,구리청과(주),20260804,오이,백다다기,20.00kg,없음,경상북도 상주시,16,26000,,,,trade
구리,구리청과(주),20260804,오이,백다다기,20.00kg,없음,경상북도 상주시,5,28000,,,,trade
구리,구리청과(주),20260804,오이,백다다기,20.00kg,없음,경상북도 상주시,18,42000,,,,trade
구리,구리청과(주),20260804,오이,백다다기,20.00kg,없음,경상북도 상주시,4,12000,,,,trade
구리,구리청과(주),20260804,오이,백다다기,20.00kg,없음,경상북도 상주시,4,8000,,,,trade
구리,구리청과(주),20260804,오이,백다다기,20.00kg,없음,경상북도 상주시,1,15000,,,,trade
구리,구리청과(주),20260804,오이,백다다기,20.00kg,없음,경상북도 상주시,20,36000,,,,trade
구리,구리청과(주),20260804,오이,백다다기,20.00kg,없음,경상북도 상주시,2,5000,,,,trade
구리,구리청과(주),20260804,오이,백다다기,20.00kg,없음,경상북도 상주시,5,13000,,,,trade
구리,구리청과(주),20260804,오이,백다다기,20.00kg,없음,경상북도 상주시,25,47000,,,,trade
구리,구리청과(주),20260804,오이,백다다기,20.00kg,없음,경상북도 상주시,2,3000,,,,trade
구리,구리청과(주),20260804,오이,백다다기,20.00kg,없음,경상북도 상주시,8,3000,,,,trade
구리,구리청과(주),20260804,오이,백다다기,20.00kg,없음,경상북도 상주시,54,11000,,,,trade
구리,구리청과(주),20260804,오이,백다다기,20.00kg,없음,경상북도 상주시,2,16000,,,,trade
구리,구리청과(주),20260804,오이,백다다기,20.00kg,없음,경상북도 상주시,5,41000,,,,trade
구리,구리청과(주),20260804,오이,백다다기,20.00kg,없음,경상북도 상주시,3,12000,,,,trade
구리,구리청과(주),20260804,오이,백다다기,20.00kg,없음,경상북도 상주시,4,20000,,,,trade
구리,구리청과(주),20260804,오이,백다다기,20.00kg,없음,경상북도 상주시,25,38000,,,,trade
구리,구리청과(주),20260804,오이,백다다기,20.00kg,없음,경상북도 상주시,11,16000,,,,trade
구리,구리청과(주),20260804,오이,백다다기,20.00kg,없음,경상북도 상주시,19,47000,,,,trade
구리,구리청과(주),20260804,오이,백다다기,20.00kg,없음,경상북도 상주시,14,47000,,,,trade
구리,구리청과(주),20260804,오이,백다다기,20.00kg,없음,경상북도 상주시,1,7000,,,,trade
구리,구리청과(주),20260804,오이,백다다기,20.00kg,없음,경상북도 상주시,4,13000,,,,trade
구리,구리청과(주),20260804,오이,백다다기,20.00kg,없음,경상북도 상주시,27,20000,,,,trade
구리,구리청과(주),20260804,오이,백다다기,20.00kg,없음,경상북도 상주시,2,9000,,,,trade
구리,구리청과(주),20260804,오이,백다다기,20.00kg,없음,경상북도 상주시,2,11000,,,,trade
구리,구리청과(주),20260804,오이,백다다기,20.00kg,없음,경상북도 상주시,5,16000,,,,trade
구리,구리청과(주),20260804,오이,백다다기,20.00kg,없음,경상북도 상주시,31,24000,,,,trade
구리,구리청과(주),20260804,오이,백다다기,20.00kg,없음,경상북도 상주시,10,10000,,,,trade
구리,구리청과(주),20260804,오이,백다다기,20.00kg,없음,경상북도 상주시,4,14000,,,,trade
구리,구리청과(주),20260804,오이,백다다기,20.00kg,없음,경상북도 상주시,35,22000,,,,trade
구리,구리청과(주),20260804,오이,백다다기,20.00kg,없음,경상북도 상주시,2,12000,,,,trade
구리,구리청과(주),20260804,오이,백다다기,20.00kg,없음,경상북도 상주시,4,10000,,,,trade
구리,구리청과(주),20260804,오이,백다다기,20.00kg,없음,경상북도 상주시,8,25000,,,,trade
구리,구리청과(주),20260804,오이,백다다기,20.00kg,없음,경상북도 상주시,2,7000,,,,trade
구리,구리청과(주),20260804,오이,백다다기,20.00kg,없음,경상북도 상주시,2,15000,,,,trade
구리,구리청과(주),20260804,오이,백다다기,20.00kg,없음,경상북도 상주시,28,36000,,,,trade
구리,구리청과(주),20260804,오이,백다다기,20.00kg,없음,경상북도 상주시,11,17000,,,,trade
구리,구리청과(주),20260804,오이,백다다기,20.00kg,없음,경상북도 상주시,22,34000,,,,trade
구리,구리청과(주),20260804,오이,백다다기,20.00kg,없음,경상북도 상주시,3,7000,,,,trade
구리,구리청과(주),20260804,오이,백다다기,20.00kg,없음,경상북도 상주시,8,5000,,,,trade
구리,구리청과(주),20260804,오이,백다다기,20.00kg,없음,경상북도 상주시,48,16000,,,,trade
구리,구리청과(주),20260804,오이,백다다기,20.00kg,없음,경상북도 상주시,65,27000,,,,trade
구리,구리청과(주),20260804,오이,백다다기,20.00kg,없음,경상북도 상주시,2,10000,,,,trade
구리,구리청과(주),20260804,오이,백다다기,20.00kg,없음,경상북도 상주시,1,12000,,,,trade
구리,구리청과(주),20260804,오이,백다다기,20.00kg,없음,경상북도 상주시,21,40000,,,,trade
구리,구리청과(주),20260804,오이,백다다기,20.00kg,없음,경상북도 상주시,8,15000,,,,trade
구리,구리청과(주),20260804,오이,백다다기,20.00kg,없음,경상북도 상주시,24,45000,,,,trade
구리,구리청과(주),20260804,오이,백다다기,20.00kg,없음,경상북도 상주시,3,18000,,,,trade
구리,구리청과(주),20260804,오이,백다다기,20.00kg,없음,경상북도 상주시,4,20000,,,,trade
구리,구리청과(주),20260804,오이,백다다기,20.00kg,없음,경상북도 상주시,33,42000,,,,trade
구리,구리청과(주),20260804,오이,백다다기,15.00kg,없음,충청남도 공주시,1,2000,,,,trade
구리,구리청과(주),20260804,오이,백다다기,15.00kg,없음,충청남도 공주시,6,20000,,,,trade
구리,구리청과(주),20260804,오이,백다다기,18.00kg,없음,강원도 철원군,3,16000,,,,trade
구리,구리청과(주),20260804,오이,백다다기,18.00kg,없음,강원도 철원군,28,31000,,,,trade
구리,구리청과(주),20260804,오이,백다다기,8.00kg,없음,경기도 연천군,10,4600,,,,trade
구리,구리청과(주),20260804,오이,백다다기,8.00kg,없음,경기도 연천군,30,7000,,,,trade
구리,구리청과(주),20260804,오이,백다다기,8.00kg,없음,경기도 연천군,51,9500,,,,trade
구리,구리청과(주),20260804,오이,백다다기,10.00kg,없음,강원도 철원군,1,10000,,,,trade
구리,구리청과(주),20260806,오이,백다다기,10.00kg,없음,경기도 가평군,4,7500,,,,trade
구리,구리청과(주),20260806,오이,백다다기,10.00kg,없음,경기도 가평군,47,16500,,,,trade
구리,구리청과(주),20260806,오이,백다다기,10.00kg,없음,강원도 홍천군,3,3000,,,,trade
구리,구리청과(주),20260806,오이,백다다기,10.00kg,없음,강원도 홍천군,16,5000,,,,trade
구리,구리청과(주),20260806,오이,백다다기,10.00kg,없음,강원도 홍천군,1,5000,,,,trade
구리,구리청과(주),20260806,오이,백다다기,10.00kg,없음,강원도 홍천군,20,8000,,,,trade
구리,구리청과(주),20260806,오이,백다다기,10.00kg,없음,강원도 홍천군,3,5000,,,,trade
구리,구리청과(주),20260806,오이,백다다기,10.00kg,없음,강원도 홍천군,7,14000,,,,trade
구리,구리청과(주),20260806,오이,백다다기,10.00kg,없음,강원도 홍천군,11,3500,,,,trade
구리,구리청과(주),20260806,오이,백다다기,10.00kg,없음,강원도 홍천군,34,16500,,,,trade
구리,구리청과(주),20260806,오이,백다다기,10.00kg,없음,강원도 홍천군,5,8000,,,,trade
구리,구리청과(주),20260806,오이,백다다기,10.00kg,없음,강원도 홍천군,5,3500,,,,trade
구리,구리청과(주),20260806,오이,백다다기,10.00kg,없음,강원도 홍천군,11,15500,,,,trade
구리,구리청과(주),20260806,오이,백다다기,10.00kg,없음,강원도 홍천군,11,7000,,,,trade
구리,구리청과(주),20260806,오이,백다다기,10.00kg,없음,강원도 홍천군,23,15500,,,,trade
구리,구리청과(주),20260806,오이,백다다기,10.00kg,없음,강원도 화천군,6,3500,,,,trade
구리,구리청과(주),20260806,오이,백다다기,10.00kg,없음,강원도 화천군,9,1000,,,,trade
구리,구리청과(주),20260806,오이,백다다기,10.00kg,없음,강원도 화천군,3,4500,,,,trade
구리,구리청과(주),20260806,오이,백다다기,10.00kg,없음,강원도 화천군,75,9500,,,,trade
구리,구리청과(주),20260806,오이,백다다기,10.00kg,없음,강원도 화천군,4,8000,,,,trade
구리,구리청과(주),20260806,오이,백다다기,10.00kg,없음,강원도 화천군,17,21000,,,,trade
구리,구리청과(주),20260806,오이,백다다기,10.00kg,없음,강원도 화천군,6,16000,,,,trade
구리,구리청과(주),20260806,오이,백다다기,10.00kg,없음,강원도 화천군,17,13000,,,,trade
구리,구리청과(주),20260806,오이,백다다기,10.00kg,없음,강원도 화천군,14,4500,,,,trade
구리,구리청과(주),20260806,오이,백다다기,10.00kg,없음,강원도 화천군,7,7000,,,,trade
구리,구리청과(주),20260806,오이,백다다기,10.00kg,없음,강원도 화천군,22,11000,,,,trade
구리,구리청과(주),20260806,오이,백다다기,10.00kg,없음,강원도 화천군,12,7500,,,,trade
구리,구리청과(주),20260806,오이,백다다기,10.00kg,없음,강원도 화천군,1,4500,,,,trade
구리,구리청과(주),20260806,오이,백다다기,10.00kg,없음,강원도 화천군,4,14000,,,,trade
구리,구리청과(주),20260806,오이,백다다기,10.00kg,없음,강원도 화천군,17,4500,,,,trade
구리,구리청과(주),20260806,오이,백다다기,10.00kg,없음,강원도 화천군,69,11500,,,,trade
구리,구리청과(주),20260806,오이,백다다기,18.00kg,없음,충청남도 논산시,5,7000,,,,trade
구리,구리청과(주),20260806,오이,백다다기,18.00kg,없음,충청남도 논산시,9,15000,,,,trade
구리,구리청과(주),20260806,오이,백다다기,10.00kg,없음,강원도 철원군,3,4500,,,,trade
구리,구리청과(주),20260806,오이,백다다기,10.00kg,없음,강원도 철원군,13,6500,,,,trade
구리,구리청과(주),20260806,오이,백다다기,10.00kg,없음,강원도 철원군,6,13500,,,,trade
구리,구리청과(주),20260806,오이,백다다기,10.00kg,없음,강원도 철원군,7,20000,,,,trade
구리,구리청과(주),20260806,오이,백다다기,18.00kg,없음,강원도 철원군,8,13500,,,,trade
구리,구리청과(주),20260806,오이,백다다기,18.00kg,없음,강원도 철원군,20,21000,,,,trade
구리,구리청과(주),20260806,오이,백다다기,20.00kg,없음,경상북도 상주시,2,15000,,,,trade
구리,구리청과(주),20260806,오이,백다다기,20.00kg,없음,경상북도 상주시,11,37000,,,,trade
구리,구리청과(주),20260806,오이,백다다기,20.00kg,없음,경상북도 상주시,18,6000,,,,trade
구리,구리청과(주),20260806,오이,백다다기,20.00kg,없음,경상북도 상주시,13,10000,,,,trade
구리,구리청과(주),20260806,오이,백다다기,20.00kg,없음,경상북도 상주시,11,24000,,,,trade
구리,구리청과(주),20260806,오이,백다다기,20.00kg,없음,경상북도 상주시,5,8000,,,,trade
구리,구리청과(주),20260806,오이,백다다기,20.00kg,없음,경상북도 상주시,13,8000,,,,trade
구리,구리청과(주),20260806,오이,백다다기,20.00kg,없음,경상북도 상주시,18,27000,,,,trade
구리,구리청과(주),20260806,오이,백다다기,20.00kg,없음,경상북도 상주시,3,4000,,,,trade
구리,구리청과(주),20260806,오이,백다다기,20.00kg,없음,경상북도 상주시,2,5000,,,,trade
구리,구리청과(주),20260806,오이,백다다기,20.00kg,없음,경상북도 상주시,12,8000,,,,trade
구리,구리청과(주),20260806,오이,백다다기,20.00kg,없음,경상북도 상주시,3,27000,,,,trade
구리,구리청과(주),20260806,오이,백다다기,20.00kg,없음,경상북도 상주시,1,5000,,,,trade
구리,구리청과(주),20260806,오이,백다다기,20.00kg,없음,경상북도 상주시,2,30000,,,,trade
구리,구리청과(주),20260806,오이,백다다기,20.00kg,없음,경상북도 상주시,15,46000,,,,trade
구리,구리청과(주),20260806,오이,백다다기,20.00kg,없음,경상북도 상주시,15,13000,,,,trade
구리,구리청과(주),20260806,오이,백다다기,20.00kg,없음,경상북도 상주시,30,30000,,,,trade
구리,구리청과(주),20260806,오이,백다다기,20.00kg,없음,경상북도 상주시,3,5000,,,,trade
구리,구리청과(주),20260806,오이,백다다기,20.00kg,없음,경상북도 상주시,1,9000,,,,trade
구리,구리청과(주),20260806,오이,백다다기,20.00kg,없음,경상북도 상주시,3,18000,,,,trade
구리,구리청과(주),20260806,오이,백다다기,20.00kg,없음,경상북도 상주시,13,32000,,,,trade
구리,구리청과(주),20260806,오이,백다다기,20.00kg,없음,경상북도 상주시,1,6000,,,,trade
구리,구리청과(주),20260806,오이,백다다기,20.00kg,없음,경상북도 상주시,3,20000,,,,trade
구리,구리청과(주),20260806,오이,백다다기,20.00kg,없음,경상북도 상주시,40,45000,,,,trade
구리,구리청과(주),20260806,오이,백다다기,20.00kg,없음,경상북도 상주시,2,6000,,,,trade
구리,구리청과(주),20260806,오이,백다다기,20.00kg,없음,경상북도 상주시,9,25000,,,,trade
구리,구리청과(주),20260806,오이,백다다기,20.00kg,없음,경상북도 상주시,3,26000,,,,trade
구리,구리청과(주),20260806,오이,백다다기,20.00kg,없음,경상북도 상주시,2,8000,,,,trade
구리,구리청과(주),20260806,오이,백다다기,20.00kg,없음,경상북도 상주시,2,19000,,,,trade
구리,구리청과(주),20260806,오이,백다다기,20.00kg,없음,경상북도 상주시,23,25000,,,,trade
구리,구리청과(주),20260806,오이,백다다기,20.00kg,없음,경상북도 상주시,3,5000,,,,trade
구리,구리청과(주),20260806,오이,백다다기,20.00kg,없음,경상북도 상주시,12,16000,,,,trade
구리,구리청과(주),20260806,오이,백다다기,20.00kg,없음,경상북도 상주시,25,40000,,,,trade
구리,구리청과(주),20260806,오이,백다다기,20.00kg,없음,경상북도 상주시,2,9000,,,,trade
구리,구리청과(주),20260806,오이,백다다기,20.00kg,없음,경상북도 상주시,12,15000,,,,trade
구리,구리청과(주),20260806,오이,백다다기,20.00kg,없음,경상북도 상주시,9,27000,,,,trade
구리,구리청과(주),20260806,오이,백다다기,20.00kg,없음,경상북도 상주시,6,5000,,,,trade
구리,구리청과(주),20260806,오이,백다다기,20.00kg,없음,경상북도 상주시,1,2000,,,,trade
구리,구리청과(주),20260806,오이,백다다기,20.00kg,없음,경상북도 상주시,1,8000,,,,trade
구리,구리청과(주),20260806,오이,백다다기,20.00kg,없음,경상북도 상주시,16,20000,,,,trade
구리,구리청과(주),20260806,오이,백다다기,20.00kg,없음,경상북도 상주시,3,3000,,,,trade
구리,구리청과(주),20260806,오이,백다다기,20.00kg,없음,경상북도 상주시,11,13000,,,,trade
구리,구리청과(주),20260806,오이,백다다기,20.00kg,없음,경상북도 상주시,23,18000,,,,trade
구리,구리청과(주),20260806,오이,백다다기,20.00kg,없음,경상북도 상주시,2,12000,,,,trade
구리,구리청과(주),20260806,오이,백다다기,20.00kg,없음,경상북도 상주시,2,9000,,,,trade
구리,구리청과(주),20260806,오이,백다다기,20.00kg,없음,경상북도 상주시,3,11000,,,,trade
구리,구리청과(주),20260806,오이,백다다기,20.00kg,없음,경상북도 상주시,11,25000,,,,trade
구리,구리청과(주),20260806,오이,백다다기,20.00kg,없음,경상북도 상주시,2,10000,,,,trade
구리,구리청과(주),20260806,오이,백다다기,20.00kg,없음,경상북도 상주시,7,23000,,,,trade
구리,구리청과(주),20260806,오이,백다다기,20.00kg,없음,경상북도 상주시,6,12000,,,,trade
구리,구리청과(주),20260806,오이,백다다기,20.00kg,없음,경상북도 상주시,8,14000,,,,trade
구리,구리청과(주),20260806,오이,백다다기,20.00kg,없음,경상북도 상주시,14,40000,,,,trade
구리,구리청과(주),20260806,오이,백다다기,20.00kg,없음,경상북도 상주시,2,3000,,,,trade
구리,구리청과(주),20260806,오이,백다다기,20.00kg,없음,경상북도 상주시,6,10000,,,,trade
구리,구리청과(주),20260806,오이,백다다기,20.00kg,없음,경상북도 상주시,24,37000,,,,trade
구리,구리청과(주),20260806,오이,백다다기,20.00kg,없음,경상북도 상주시,4,4000,,,,trade
구리,구리청과(주),20260806,오이,백다다기,20.00kg,없음,경상북도 상주시,3,16000,,,,trade
구리,구리청과(주),20260806,오이,백다다기,20.00kg,없음,경상북도 상주시,4,20000,,,,trade
구리,구리청과(주),20260806,오이,백다다기,20.00kg,없음,경상북도 상주시,12,12000,,,,trade
구리,구리청과(주),20260806,오이,백다다기,20.00kg,없음,경상북도 상주시,15,26000,,,,trade
구리,구리청과(주),20260806,오이,백다다기,20.00kg,없음,경상북도 상주시,3,14000,,,,trade
구리,구리청과(주),20260806,오이,백다다기,20.00kg,없음,경상북도 상주시,64,26000,,,,trade
구리,구리청과(주),20260806,오이,백다다기,20.00kg,없음,경상북도 상주시,6,15000,,,,trade
구리,구리청과(주),20260806,오이,백다다기,20.00kg,없음,경상북도 상주시,16,32000,,,,trade
구리,구리청과(주),20260806,오이,백다다기,20.00kg,없음,경상북도 상주시,80,28000,,,,trade
구리,구리청과(주),20260806,오이,백다다기,20.00kg,없음,경상북도 상주시,1,20000,,,,trade
구리,구리청과(주),20260806,오이,백다다기,20.00kg,없음,경상북도 상주시,23,42000,,,,trade
구리,구리청과(주),20260806,오이,백다다기,20.00kg,없음,경상북도 상주시,3,7000,,,,trade
구리,구리청과(주),20260806,오이,백다다기,20.00kg,없음,경상북도 상주시,5,5000,,,,trade
구리,구리청과(주),20260806,오이,백다다기,20.00kg,없음,경상북도 상주시,17,9000,,,,trade
구리,구리청과(주),20260806,오이,백다다기,20.00kg,없음,경상북도 상주시,26,43000,,,,trade
구리,구리청과(주),20260806,오이,백다다기,20.00kg,없음,경상북도 상주시,2,29000,,,,trade
구리,구리청과(주),20260806,오이,백다다기,20.00kg,없음,경상북도 상주시,14,21000,,,,trade
구리,구리청과(주),20260806,오이,백다다기,20.00kg,없음,경상북도 상주시,56,50000,,,,trade
구리,구리청과(주),20260806,오이,백다다기,20.00kg,없음,경상북도 상주시,2,16000,,,,trade
구리,구리청과(주),20260806,오이,백다다기,20.00kg,없음,경상북도 상주시,2,15000,,,,trade
구리,구리청과(주),20260806,오이,백다다기,20.00kg,없음,경상북도 상주시,20,46000,,,,trade
구리,구리청과(주),20260806,오이,백다다기,8.00kg,없음,경기도 연천군,24,4600,,,,trade
구리,구리청과(주),20260806,오이,백다다기,8.00kg,없음,경기도 연천군,50,5400,,,,trade
구리,구리청과(주),20260806,오이,백다다기,8.00kg,없음,경기도 연천군,50,66000,,,,trade
구리,구리청과(주),20260806,오이,백다다기,8.00kg,없음,경기도 연천군,65,7500,,,,trade
구리,구리청과(주),20260806,오이,백다다기,18.00kg,없음,충청남도 공주시,1,8000,,,,trade
구리,구리청과(주),20260806,오이,백다다기,18.00kg,없음,충청남도 공주시,3,20000,,,,trade
구리,구리청과(주),20260811,오이,백다다기,10.00kg,없음,강원도 철원군,3,8000,,,,trade
구리,구리청과(주),20260811,오이,백다다기,10.00kg,없음,강원도 철원군,14,13500,,,,trade
구리,구리청과(주),20260811,오이,백다다기,10.00kg,없음,강원도 철원군,9,16500,,,,trade
구리,구리청과(주),20260811,오이,백다다기,10.00kg,없음,강원도 철원군,11,31000,,,,trade
구리,구리청과(주),20260811,오이,백다다기,20.00kg,없음,경상북도 상주시,1,9000,,,,trade
구리,구리청과(주),20260811,오이,백다다기,20.00kg,없음,경상북도 상주시,2,15000,,,,trade
구리,구리청과(주),20260811,오이,백다다기,20.00kg,없음,경상북도 상주시,3,24000,,,,trade
구리,구리청과(주),20260811,오이,백다다기,20.00kg,없음,경상북도 상주시,14,58000,,,,trade
구리,구리청과(주),20260811,오이,백다다기,20.00kg,없음,경상북도 상주시,1,12000,,,,trade
구리,구리청과(주),20260811,오이,백다다기,20.00kg,없음,경상북도 상주시,1,17000,,,,trade
구리,구리청과(주),20260811,오이,백다다기,20.00kg,없음,경상북도 상주시,2,28000,,,,trade
구리,구리청과(주),20260811,오이,백다다기,20.00kg,없음,경상북도 상주시,19,65000,,,,trade
구리,구리청과(주),20260811,오이,백다다기,20.00kg,없음,경상북도 상주시,1,14000,,,,trade
구리,구리청과(주),20260811,오이,백다다기,20.00kg,없음,경상북도 상주시,1,12000,,,,trade
구리,구리청과(주),20260811,오이,백다다기,20.00kg,없음,경상북도 상주시,5,48000,,,,trade
구리,구리청과(주),20260811,오이,백다다기,20.00kg,없음,경상북도 상주시,1,12000,,,,trade
구리,구리청과(주),20260811,오이,백다다기,20.00kg,없음,경상북도 상주시,21,36000,,,,trade
구리,구리청과(주),20260811,오이,백다다기,20.00kg,없음,경상북도 상주시,1,14000,,,,trade
구리,구리청과(주),20260811,오이,백다다기,20.00kg,없음,경상북도 상주시,2,24000,,,,trade
구리,구리청과(주),20260811,오이,백다다기,20.00kg,없음,경상북도 상주시,13,57000,,,,trade
구리,구리청과(주),20260811,오이,백다다기,20.00kg,없음,경상북도 상주시,19,58000,,,,trade
구리,구리청과(주),20260811,오이,백다다기,20.00kg,없음,경상북도 상주시,1,26000,,,,trade
구리,구리청과(주),20260811,오이,백다다기,20.00kg,없음,경상북도 상주시,10,62000,,,,trade
구리,구리청과(주),20260811,오이,백다다기,20.00kg,없음,경상북도 상주시,1,26000,,,,trade
구리,구리청과(주),20260811,오이,백다다기,20.00kg,없음,경상북도 상주시,5,54000,,,,trade
구리,구리청과(주),20260811,오이,백다다기,20.00kg,없음,경상북도 상주시,1,23000,,,,trade
구리,구리청과(주),20260811,오이,백다다기,20.00kg,없음,경상북도 상주시,5,54000,,,,trade
구리,구리청과(주),20260811,오이,백다다기,20.00kg,없음,경상북도 상주시,30,27000,,,,trade
구리,구리청과(주),20260811,오이,백다다기,20.00kg,없음,경상북도 상주시,11,18000,,,,trade
구리,구리청과(주),20260811,오이,백다다기,20.00kg,없음,경상북도 상주시,39,65000,,,,trade
구리,구리청과(주),20260811,오이,백다다기,20.00kg,없음,경상북도 상주시,1,14000,,,,trade
구리,구리청과(주),20260811,오이,백다다기,20.00kg,없음,경상북도 상주시,1,16000,,,,trade
구리,구리청과(주),20260811,오이,백다다기,20.00kg,없음,경상북도 상주시,3,47000,,,,trade
구리,구리청과(주),20260811,오이,백다다기,20.00kg,없음,경상북도 상주시,2,22000,,,,trade
구리,구리청과(주),20260811,오이,백다다기,20.00kg,없음,경상북도 상주시,10,54000,,,,trade
구리,구리청과(주),20260811,오이,백다다기,20.00kg,없음,경상북도 상주시,2,15000,,,,trade
구리,구리청과(주),20260811,오이,백다다기,20.00kg,없음,경상북도 상주시,1,15000,,,,trade
구리,구리청과(주),20260811,오이,백다다기,20.00kg,없음,경상북도 상주시,8,58000,,,,trade
구리,구리청과(주),20260811,오이,백다다기,20.00kg,없음,경상북도 상주시,1,8000,,,,trade
구리,구리청과(주),20260811,오이,백다다기,20.00kg,없음,경상북도 상주시,23,60000,,,,trade
구리,구리청과(주),20260811,오이,백다다기,20.00kg,없음,경상북도 상주시,3,20000,,,,trade
구리,구리청과(주),20260811,오이,백다다기,20.00kg,없음,경상북도 상주시,29,64000,,,,trade
구리,구리청과(주),20260811,오이,백다다기,20.00kg,없음,경상북도 상주시,3,35000,,,,trade
구리,구리청과(주),20260811,오이,백다다기,20.00kg,없음,경상북도 상주시,10,18000,,,,trade
구리,구리청과(주),20260811,오이,백다다기,20.00kg,없음,경상북도 상주시,23,58000,,,,trade
구리,구리청과(주),20260811,오이,백다다기,10.00kg,없음,경기도 가평군,2,10000,,,,trade
구리,구리청과(주),20260811,오이,백다다기,10.00kg,없음,경기도 가평군,13,17500,,,,trade
구리,구리청과(주),20260811,오이,백다다기,10.00kg,없음,강원도 홍천군,2,15500,,,,trade
구리,구리청과(주),20260811,오이,백다다기,10.00kg,없음,강원도 홍천군,1,6000,,,,trade
구리,구리청과(주),20260811,오이,백다다기,10.00kg,없음,강원도 홍천군,11,9500,,,,trade
구리,구리청과(주),20260811,오이,백다다기,10.00kg,없음,강원도 홍천군,1,11500,,,,trade
구리,구리청과(주),20260811,오이,백다다기,10.00kg,없음,강원도 홍천군,11,18500,,,,trade
구리,구리청과(주),20260811,오이,백다다기,10.00kg,없음,강원도 홍천군,3,13500,,,,trade
구리,구리청과(주),20260811,오이,백다다기,10.00kg,없음,강원도 홍천군,7,20500,,,,trade
구리,구리청과(주),20260811,오이,백다다기,10.00kg,없음,강원도 화천군,27,11000,,,,trade
구리,구리청과(주),20260811,오이,백다다기,10.00kg,없음,강원도 화천군,1,12500,,,,trade
구리,구리청과(주),20260811,오이,백다다기,10.00kg,없음,강원도 화천군,11,9500,,,,trade
구리,구리청과(주),20260811,오이,백다다기,10.00kg,없음,강원도 화천군,2,28000,,,,trade
구리,구리청과(주),20260811,오이,백다다기,10.00kg,없음,강원도 화천군,9,27500,,,,trade
구리,구리청과(주),20260811,오이,백다다기,10.00kg,없음,강원도 화천군,18,11000,,,,trade
구리,구리청과(주),20260811,오이,백다다기,10.00kg,없음,강원도 화천군,31,11000,,,,trade
구리,구리청과(주),20260811,오이,백다다기,10.00kg,없음,강원도 화천군,3,18000,,,,trade
구리,구리청과(주),20260811,오이,백다다기,8.00kg,없음,경기도 연천군,15,2700,,,,trade
구리,구리청과(주),20260811,오이,백다다기,8.00kg,없음,경기도 연천군,42,3200,,,,trade
구리,구리청과(주),20260811,오이,백다다기,8.00kg,없음,경기도 연천군,44,5200,,,,trade
구리,구리청과(주),20260813,오이,백다다기,8.00kg,없음,경기도 연천군,7,7500,,,,trade
구리,구리청과(주),20260813,오이,백다다기,8.00kg,없음,경기도 연천군,9,9200,,,,trade
구리,구리청과(주),20260813,오이,백다다기,8.00kg,없음,경기도 연천군,19,14100,,,,trade
구리,구리청과(주),20260813,오이,백다다기,10.00kg,없음,강원도 철원군,10,35000,,,,trade
구리,구리청과(주),20260813,오이,백다다기,18.00kg,없음,강원도 철원군,10,34000,,,,trade
구리,구리청과(주),20260813,오이,백다다기,10.00kg,없음,강원도 철원군,3,22500,,,,trade
구리,구리청과(주),20260813,오이,백다다기,10.00kg,없음,강원도 철원군,10,41000,,,,trade
구리,구리청과(주),20260813,오이,백다다기,18.00kg,없음,충청남도 논산시,7,13500,,,,trade
구리,구리청과(주),20260813,오이,백다다기,18.00kg,없음,충청남도 논산시,18,30000,,,,trade
구리,구리청과(주),20260813,오이,백다다기,10.00kg,없음,강원도 춘천시,4,21000,,,,trade
구리,구리청과(주),20260813,오이,백다다기,20.00kg,없음,경상북도 상주시,4,33000,,,,trade
구리,구리청과(주),20260813,오이,백다다기,20.00kg,없음,경상북도 상주시,16,78000,,,,trade
구리,구리청과(주),20260813,오이,백다다기,20.00kg,없음,경상북도 상주시,4,36000,,,,trade
구리,구리청과(주),20260813,오이,백다다기,20.00kg,없음,경상북도 상주시,10,67000,,,,trade
구리,구리청과(주),20260813,오이,백다다기,20.00kg,없음,경상북도 상주시,40,65000,,,,trade
구리,구리청과(주),20260813,오이,백다다기,20.00kg,없음,경상북도 상주시,3,32000,,,,trade
구리,구리청과(주),20260813,오이,백다다기,20.00kg,없음,경상북도 상주시,15,71000,,,,trade
구리,구리청과(주),20260813,오이,백다다기,20.00kg,없음,경상북도 상주시,2,18000,,,,trade
구리,구리청과(주),20260813,오이,백다다기,20.00kg,없음,경상북도 상주시,3,44000,,,,trade
구리,구리청과(주),20260813,오이,백다다기,20.00kg,없음,경상북도 상주시,5,10000,,,,trade
구리,구리청과(주),20260813,오이,백다다기,20.00kg,없음,경상북도 상주시,19,54000,,,,trade
구리,구리청과(주),20260813,오이,백다다기,20.00kg,없음,경상북도 상주시,1,23000,,,,trade
구리,구리청과(주),20260813,오이,백다다기,20.00kg,없음,경상북도 상주시,3,32000,,,,trade
구리,구리청과(주),20260813,오이,백다다기,20.00kg,없음,경상북도 상주시,12,67000,,,,trade
구리,구리청과(주),20260813,오이,백다다기,20.00kg,없음,경상북도 상주시,3,33000,,,,trade
구리,구리청과(주),20260813,오이,백다다기,20.00kg,없음,경상북도 상주시,5,41000,,,,trade
구리,구리청과(주),20260813,오이,백다다기,20.00kg,없음,경상북도 상주시,5,73000,,,,trade
구리,구리청과(주),20260813,오이,백다다기,20.00kg,없음,경상북도 상주시,16,32000,,,,trade
구리,구리청과(주),20260813,오이,백다다기,20.00kg,없음,경상북도 상주시,6,22000,,,,trade
구리,구리청과(주),20260813,오이,백다다기,20.00kg,없음,경상북도 상주시,42,52000,,,,trade
구리,구리청과(주),20260813,오이,백다다기,20.00kg,없음,경상북도 상주시,1,20000,,,,trade
구리,구리청과(주),20260813,오이,백다다기,20.00kg,없음,경상북도 상주시,28,56000,,,,trade
구리,구리청과(주),20260813,오이,백다다기,20.00kg,없음,경상북도 상주시,4,31000,,,,trade
구리,구리청과(주),20260813,오이,백다다기,20.00kg,없음,경상북도 상주시,6,67000,,,,trade
구리,구리청과(주),20260813,오이,백다다기,20.00kg,없음,경상북도 상주시,1,15000,,,,trade
구리,구리청과(주),20260813,오이,백다다기,20.00kg,없음,경상북도 상주시,16,27000,,,,trade
구리,구리청과(주),20260813,오이,백다다기,20.00kg,없음,경상북도 상주시,50,39000,,,,trade
구리,구리청과(주),20260813,오이,백다다기,20.00kg,없음,경상북도 상주시,2,36000,,,,trade
구리,구리청과(주),20260813,오이,백다다기,20.00kg,없음,경상북도 상주시,8,77000,,,,trade
구리,구리청과(주),20260813,오이,백다다기,20.00kg,없음,경상북도 상주시,1,32000,,,,trade
구리,구리청과(주),20260813,오이,백다다기,20.00kg,없음,경상북도 상주시,17,82000,,,,trade
구리,구리청과(주),20260813,오이,백다다기,20.00kg,없음,경상북도 상주시,2,36000,,,,trade
구리,구리청과(주),20260813,오이,백다다기,20.00kg,없음,경상북도 상주시,5,72000,,,,trade
구리,구리청과(주),20260813,오이,백다다기,20.00kg,없음,경상북도 상주시,2,40000,,,,trade
구리,구리청과(주),20260813,오이,백다다기,20.00kg,없음,경상북도 상주시,30,77000,,,,trade
구리,구리청과(주),20260813,오이,백다다기,20.00kg,없음,경상북도 상주시,1,31000,,,,trade
구리,구리청과(주),20260813,오이,백다다기,20.00kg,없음,경상북도 상주시,1,33000,,,,trade
구리,구리청과(주),20260813,오이,백다다기,20.00kg,없음,경상북도 상주시,2,62000,,,,trade
구리,구리청과(주),20260813,오이,백다다기,20.00kg,없음,경상북도 상주시,1,35000,,,,trade
구리,구리청과(주),20260813,오이,백다다기,20.00kg,없음,경상북도 상주시,10,65000,,,,trade
구리,구리청과(주),20260813,오이,백다다기,20.00kg,없음,경상북도 상주시,1,20000,,,,trade
구리,구리청과(주),20260813,오이,백다다기,20.00kg,없음,경상북도 상주시,3,40000,,,,trade
구리,구리청과(주),20260813,오이,백다다기,20.00kg,없음,경상북도 상주시,12,72000,,,,trade
구리,구리청과(주),20260813,오이,백다다기,20.00kg,없음,경상북도 상주시,1,34000,,,,trade
구리,구리청과(주),20260813,오이,백다다기,20.00kg,없음,경상북도 상주시,6,36000,,,,trade
구리,구리청과(주),20260813,오이,백다다기,20.00kg,없음,경상북도 상주시,35,82000,,,,trade
구리,구리청과(주),20260813,오이,백다다기,20.00kg,없음,경상북도 상주시,1,48000,,,,trade
구리,구리청과(주),20260813,오이,백다다기,20.00kg,없음,경상북도 상주시,4,34000,,,,trade
구리,구리청과(주),20260813,오이,백다다기,20.00kg,없음,경상북도 상주시,27,80000,,,,trade
구리,구리청과(주),20260813,오이,백다다기,8.00kg,없음,강원도 철원군,3,23500,,,,trade
구리,구리청과(주),20260813,오이,백다다기,10.00kg,없음,강원도 철원군,2,23000,,,,trade
구리,구리청과(주),20260813,오이,백다다기,10.00kg,없음,강원도 홍천군,2,14500,,,,trade
구리,구리청과(주),20260813,오이,백다다기,10.00kg,없음,강원도 홍천군,11,20000,,,,trade
구리,구리청과(주),20260813,오이,백다다기,10.00kg,없음,강원도 홍천군,1,18500,,,,trade
구리,구리청과(주),20260813,오이,백다다기,10.00kg,없음,강원도 홍천군,10,34500,,,,trade
구리,구리청과(주),20260813,오이,백다다기,10.00kg,없음,강원도 홍천군,3,28000,,,,trade
구리,구리청과(주),20260813,오이,백다다기,10.00kg,없음,강원도 홍천군,3,19000,,,,trade
구리,구리청과(주),20260813,오이,백다다기,10.00kg,없음,강원도 홍천군,8,33000,,,,trade
구리,구리청과(주),20260813,오이,백다다기,10.00kg,없음,강원도 화천군,15,8500,,,,trade
구리,구리청과(주),20260813,오이,백다다기,10.00kg,없음,강원도 화천군,25,18500,,,,trade
구리,구리청과(주),20260813,오이,백다다기,10.00kg,없음,강원도 화천군,3,21000,,,,trade
구리,구리청과(주),20260813,오이,백다다기,10.00kg,없음,강원도 화천군,13,21000,,,,trade
구리,구리청과(주),20260813,오이,백다다기,10.00kg,없음,강원도 화천군,20,15500,,,,trade
구리,구리청과(주),20260813,오이,백다다기,10.00kg,없음,강원도 화천군,13,31000,,,,trade
구리,구리청과(주),20260813,오이,백다다기,10.00kg,없음,강원도 화천군,30,18500,,,,trade
구리,구리청과(주),20260813,오이,백다다기,10.00kg,없음,강원도 화천군,8,15500,,,,trade
구리,구리청과(주),20260813,오이,백다다기,10.00kg,없음,강원도 화천군,6,28500,,,,trade
구리,구리청과(주),20260813,오이,백다다기,10.00kg,없음,강원도 화천군,13,42000,,,,trade
구리,구리청과(주),20260818,오이,백다다기,8.00kg,없음,경기도 포천시,11,13100,,,,trade
구리,구리청과(주),20260818,오이,백다다기,18.00kg,없음,강원도 철원군,6,29000,,,,trade
구리,구리청과(주),20260818,오이,백다다기,10.00kg,없음,강원도 철원군,3,12500,,,,trade
구리,구리청과(주),20260818,오이,백다다기,10.00kg,없음,강원도 철원군,4,18500,,,,trade
구리,구리청과(주),20260818,오이,백다다기,10.00kg,없음,강원도 철원군,5,9000,,,,trade
구리,구리청과(주),20260818,오이,백다다기,10.00kg,없음,강원도 철원군,22,20000,,,,trade
구리,구리청과(주),20260818,오이,백다다기,10.00kg,없음,충청남도 논산시,2,2000,,,,trade
구리,구리청과(주),20260818,오이,백다다기,18.00kg,없음,충청남도 논산시,4,2000,,,,trade
구리,구리청과(주),20260818,오이,백다다기,18.00kg,없음,충청남도 논산시,11,10000,,,,trade
구리,구리청과(주),20260818,오이,백다다기,18.00kg,없음,강원도 춘천시,1,2000,,,,trade
구리,구리청과(주),20260818,오이,백다다기,10.00kg,없음,강원도 춘천시,8,8000,,,,trade
구리,구리청과(주),20260818,오이,백다다기,10.00kg,없음,강원도 춘천시,2,2000,,,,trade
구리,구리청과(주),20260818,오이,백다다기,10.00kg,없음,강원도 춘천시,15,13000,,,,trade
구리,구리청과(주),20260818,오이,백다다기,20.00kg,없음,경상북도 상주시,2,9000,,,,trade
구리,구리청과(주),20260818,오이,백다다기,20.00kg,없음,경상북도 상주시,3,16000,,,,trade
구리,구리청과(주),20260818,오이,백다다기,20.00kg,없음,경상북도 상주시,1,15000,,,,trade
구리,구리청과(주),20260818,오이,백다다기,20.00kg,없음,경상북도 상주시,14,51000,,,,trade
구리,구리청과(주),20260818,오이,백다다기,20.00kg,없음,경상북도 상주시,3,18000,,,,trade
구리,구리청과(주),20260818,오이,백다다기,20.00kg,없음,경상북도 상주시,7,37000,,,,trade
구리,구리청과(주),20260818,오이,백다다기,20.00kg,없음,경상북도 상주시,1,13000,,,,trade
구리,구리청과(주),20260818,오이,백다다기,20.00kg,없음,경상북도 상주시,10,43000,,,,trade
구리,구리청과(주),20260818,오이,백다다기,20.00kg,없음,경상북도 상주시,5,20000,,,,trade
구리,구리청과(주),20260818,오이,백다다기,20.00kg,없음,경상북도 상주시,5,46000,,,,trade
구리,구리청과(주),20260818,오이,백다다기,20.00kg,없음,경상북도 상주시,3,17000,,,,trade
구리,구리청과(주),20260818,오이,백다다기,20.00kg,없음,경상북도 상주시,1,26000,,,,trade
구리,구리청과(주),20260818,오이,백다다기,20.00kg,없음,경상북도 상주시,5,38000,,,,trade
구리,구리청과(주),20260818,오이,백다다기,20.00kg,없음,경상북도 상주시,3,12000,,,,trade
구리,구리청과(주),20260818,오이,백다다기,20.00kg,없음,경상북도 상주시,13,27000,,,,trade
구리,구리청과(주),20260818,오이,백다다기,20.00kg,없음,경상북도 상주시,6,15000,,,,trade
구리,구리청과(주),20260818,오이,백다다기,20.00kg,없음,경상북도 상주시,2,35000,,,,trade
구리,구리청과(주),20260818,오이,백다다기,20.00kg,없음,경상북도 상주시,19,22000,,,,trade
구리,구리청과(주),20260818,오이,백다다기,20.00kg,없음,경상북도 상주시,7,14000,,,,trade
구리,구리청과(주),20260818,오이,백다다기,20.00kg,없음,경상북도 상주시,14,54000,,,,trade
구리,구리청과(주),20260818,오이,백다다기,20.00kg,없음,경상북도 상주시,20,15000,,,,trade
구리,구리청과(주),20260818,오이,백다다기,20.00kg,없음,경상북도 상주시,1,18000,,,,trade
구리,구리청과(주),20260818,오이,백다다기,20.00kg,없음,경상북도 상주시,8,45000,,,,trade
구리,구리청과(주),20260818,오이,백다다기,20.00kg,없음,경상북도 상주시,15,20000,,,,trade
구리,구리청과(주),20260818,오이,백다다기,20.00kg,없음,경상북도 상주시,1,19000,,,,trade
구리,구리청과(주),20260818,오이,백다다기,20.00kg,없음,경상북도 상주시,6,41000,,,,trade
구리,구리청과(주),20260818,오이,백다다기,20.00kg,없음,경상북도 상주시,3,12000,,,,trade
구리,구리청과(주),20260818,오이,백다다기,20.00kg,없음,경상북도 상주시,27,50000,,,,trade
구리,구리청과(주),20260818,오이,백다다기,20.00kg,없음,경상북도 상주시,1,10000,,,,trade
구리,구리청과(주),20260818,오이,백다다기,20.00kg,없음,경상북도 상주시,1,12000,,,,trade
구리,구리청과(주),20260818,오이,백다다기,20.00kg,없음,경상북도 상주시,1,15000,,,,trade
구리,구리청과(주),20260818,오이,백다다기,20.00kg,없음,경상북도 상주시,3,29000,,,,trade
구리,구리청과(주),20260818,오이,백다다기,20.00kg,없음,경상북도 상주시,1,12000,,,,trade
구리,구리청과(주),20260818,오이,백다다기,20.00kg,없음,경상북도 상주시,9,38000,,,,trade
구리,구리청과(주),20260818,오이,백다다기,20.00kg,없음,경상북도 상주시,1,12000,,,,trade
구리,구리청과(주),20260818,오이,백다다기,20.00kg,없음,경상북도 상주시,3,6000,,,,trade
구리,구리청과(주),20260818,오이,백다다기,20.00kg,없음,경상북도 상주시,6,12000,,,,trade
구리,구리청과(주),20260818,오이,백다다기,20.00kg,없음,경상북도 상주시,6,40000,,,,trade
구리,구리청과(주),20260818,오이,백다다기,20.00kg,없음,경상북도 상주시,1,12000,,,,trade
구리,구리청과(주),20260818,오이,백다다기,20.00kg,없음,경상북도 상주시,1,25000,,,,trade
구리,구리청과(주),20260818,오이,백다다기,20.00kg,없음,경상북도 상주시,5,12000,,,,trade
구리,구리청과(주),20260818,오이,백다다기,20.00kg,없음,경상북도 상주시,33,56000,,,,trade
구리,구리청과(주),20260818,오이,백다다기,20.00kg,없음,경상북도 상주시,3,13000,,,,trade
구리,구리청과(주),20260818,오이,백다다기,20.00kg,없음,경상북도 상주시,1,31000,,,,trade
구리,구리청과(주),20260818,오이,백다다기,20.00kg,없음,경상북도 상주시,8,22000,,,,trade
구리,구리청과(주),20260818,오이,백다다기,20.00kg,없음,경상북도 상주시,28,60000,,,,trade
구리,구리청과(주),20260818,오이,백다다기,10.00kg,없음,경기도 가평군,10,4500,,,,trade
구리,구리청과(주),20260818,오이,백다다기,10.00kg,없음,경기도 가평군,49,19000,,,,trade
구리,구리청과(주),20260818,오이,백다다기,10.00kg,없음,강원도 홍천군,2,13000,,,,trade
구리,구리청과(주),20260818,오이,백다다기,10.00kg,없음,강원도 홍천군,3,2500,,,,trade
구리,구리청과(주),20260818,오이,백다다기,10.00kg,없음,강원도 홍천군,8,12500,,,,trade
구리,구리청과(주),20260818,오이,백다다기,10.00kg,없음,강원도 홍천군,20,22000,,,,trade
구리,구리청과(주),20260818,오이,백다다기,10.00kg,없음,강원도 홍천군,2,11000,,,,trade
구리,구리청과(주),20260818,오이,백다다기,10.00kg,없음,강원도 홍천군,11,21500,,,,trade
구리,구리청과(주),20260818,오이,백다다기,10.00kg,없음,강원도 홍천군,2,10500,,,,trade
구리,구리청과(주),20260818,오이,백다다기,10.00kg,없음,강원도 홍천군,5,19500,,,,trade
구리,구리청과(주),20260818,오이,백다다기,10.00kg,없음,강원도 화천군,11,22500,,,,trade
구리,구리청과(주),20260818,오이,백다다기,10.00kg,없음,강원도 화천군,20,4500,,,,trade
구리,구리청과(주),20260818,오이,백다다기,10.00kg,없음,강원도 화천군,24,12500,,,,trade
구리,구리청과(주),20260818,오이,백다다기,10.00kg,없음,강원도 화천군,20,7500,,,,trade
구리,구리청과(주),20260818,오이,백다다기,10.00kg,없음,강원도 화천군,20,17500,,,,trade
구리,구리청과(주),20260818,오이,백다다기,10.00kg,없음,강원도 화천군,12,6500,,,,trade
구리,구리청과(주),20260818,오이,백다다기,10.00kg,없음,강원도 화천군,10,17000,,,,trade
구리,구리청과(주),20260818,오이,백다다기,10.00kg,없음,강원도 화천군,1,12500,,,,trade
구리,구리청과(주),20260818,오이,백다다기,10.00kg,없음,강원도 화천군,2,16000,,,,trade
구리,구리청과(주),20260818,오이,백다다기,10.00kg,없음,강원도 화천군,2,14500,,,,trade
구리,구리청과(주),20260818,오이,백다다기,10.00kg,없음,강원도 화천군,8,27000,,,,trade
구리,구리청과(주),20260820,오이,백다다기,10.00kg,없음,경기도 양주시,9,2500,,,,trade
구리,구리청과(주),20260820,오이,백다다기,10.00kg,없음,경기도 양주시,27,8500,,,,trade
구리,구리청과(주),20260820,오이,백다다기,10.00kg,없음,강원도 철원군,1,11000,,,,trade
구리,구리청과(주),20260820,오이,백다다기,10.00kg,없음,강원도 철원군,3,12500,,,,trade
구리,구리청과(주),20260820,오이,백다다기,10.00kg,없음,강원도 춘천시,6,5000,,,,trade
구리,구리청과(주),20260820,오이,백다다기,10.00kg,없음,강원도 춘천시,21,17000,,,,trade
구리,구리청과(주),20260820,오이,백다다기,10.00kg,없음,경기도 남양주시,5,13500,,,,trade
구리,구리청과(주),20260820,오이,백다다기,18.00kg,없음,강원도 철원군,5,28000,,,,trade
구리,구리청과(주),20260820,오이,백다다기,10.00kg,없음,강원도 철원군,11,13500,,,,trade
구리,구리청과(주),20260820,오이,백다다기,10.00kg,없음,강원도 철원군,14,20500,,,,trade
구리,구리청과(주),20260820,오이,백다다기,20.00kg,없음,경상북도 상주시,1,25000,,,,trade
구리,구리청과(주),20260820,오이,백다다기,20.00kg,없음,경상북도 상주시,6,39000,,,,trade
구리,구리청과(주),20260820,오이,백다다기,20.00kg,없음,경상북도 상주시,3,30000,,,,trade
구리,구리청과(주),20260820,오이,백다다기,20.00kg,없음,경상북도 상주시,5,11000,,,,trade
구리,구리청과(주),20260820,오이,백다다기,20.00kg,없음,경상북도 상주시,40,17000,,,,trade
구리,구리청과(주),20260820,오이,백다다기,20.00kg,없음,경상북도 상주시,22,40000,,,,trade
구리,구리청과(주),20260820,오이,백다다기,20.00kg,없음,경상북도 상주시,3,25000,,,,trade
구리,구리청과(주),20260820,오이,백다다기,20.00kg,없음,경상북도 상주시,7,44000,,,,trade
구리,구리청과(주),20260820,오이,백다다기,20.00kg,없음,경상북도 상주시,2,18000,,,,trade
구리,구리청과(주),20260820,오이,백다다기,20.00kg,없음,경상북도 상주시,13,44000,,,,trade
구리,구리청과(주),20260820,오이,백다다기,20.00kg,없음,경상북도 상주시,3,35000,,,,trade
구리,구리청과(주),20260820,오이,백다다기,20.00kg,없음,경상북도 상주시,3,47000,,,,trade
구리,구리청과(주),20260820,오이,백다다기,20.00kg,없음,경상북도 상주시,10,56000,,,,trade
구리,구리청과(주),20260820,오이,백다다기,20.00kg,없음,경상북도 상주시,7,23000,,,,trade
구리,구리청과(주),20260820,오이,백다다기,20.00kg,없음,경상북도 상주시,4,27000,,,,trade
구리,구리청과(주),20260820,오이,백다다기,20.00kg,없음,경상북도 상주시,4,43000,,,,trade
구리,구리청과(주),20260820,오이,백다다기,20.00kg,없음,경상북도 상주시,1,16000,,,,trade
구리,구리청과(주),20260820,오이,백다다기,20.00kg,없음,경상북도 상주시,8,12000,,,,trade
구리,구리청과(주),20260820,오이,백다다기,20.00kg,없음,경상북도 상주시,11,22000,,,,trade
구리,구리청과(주),20260820,오이,백다다기,20.00kg,없음,경상북도 상주시,18,26000,,,,trade
구리,구리청과(주),20260820,오이,백다다기,20.00kg,없음,경상북도 상주시,11,15000,,,,trade
구리,구리청과(주),20260820,오이,백다다기,20.00kg,없음,경상북도 상주시,11,51000,,,,trade
구리,구리청과(주),20260820,오이,백다다기,20.00kg,없음,경상북도 상주시,4,17000,,,,trade
구리,구리청과(주),20260820,오이,백다다기,20.00kg,없음,경상북도 상주시,4,38000,,,,trade
구리,구리청과(주),20260820,오이,백다다기,20.00kg,없음,경상북도 상주시,1,20000,,,,trade
구리,구리청과(주),20260820,오이,백다다기,20.00kg,없음,경상북도 상주시,20,43000,,,,trade
구리,구리청과(주),20260820,오이,백다다기,20.00kg,없음,경상북도 상주시,6,15000,,,,trade
구리,구리청과(주),20260820,오이,백다다기,20.00kg,없음,경상북도 상주시,34,50000,,,,trade
구리,구리청과(주),20260820,오이,백다다기,20.00kg,없음,경상북도 상주시,1,18000,,,,trade
구리,구리청과(주),20260820,오이,백다다기,20.00kg,없음,경상북도 상주시,8,32000,,,,trade
구리,구리청과(주),20260820,오이,백다다기,20.00kg,없음,경상북도 상주시,3,26000,,,,trade
구리,구리청과(주),20260820,오이,백다다기,20.00kg,없음,경상북도 상주시,3,31000,,,,trade
구리,구리청과(주),20260820,오이,백다다기,20.00kg,없음,경상북도 상주시,16,22000,,,,trade
구리,구리청과(주),20260820,오이,백다다기,20.00kg,없음,경상북도 상주시,38,48000,,,,trade
구리,구리청과(주),20260820,오이,백다다기,20.00kg,없음,경상북도 상주시,40,47000,,,,trade
구리,구리청과(주),20260820,오이,백다다기,20.00kg,없음,경상북도 상주시,2,16000,,,,trade
구리,구리청과(주),20260820,오이,백다다기,20.00kg,없음,경상북도 상주시,6,18000,,,,trade
구리,구리청과(주),20260820,오이,백다다기,20.00kg,없음,경상북도 상주시,12,32000,,,,trade
구리,구리청과(주),20260820,오이,백다다기,10.00kg,없음,경기도 가평군,6,8500,,,,trade
구리,구리청과(주),20260820,오이,백다다기,10.00kg,없음,경기도 가평군,51,16000,,,,trade
구리,구리청과(주),20260820,오이,백다다기,10.00kg,없음,강원도 홍천군,5,8500,,,,trade
구리,구리청과(주),20260820,오이,백다다기,10.00kg,없음,강원도 홍천군,12,6500,,,,trade
구리,구리청과(주),20260820,오이,백다다기,10.00kg,없음,강원도 홍천군,5,5500,,,,trade
구리,구리청과(주),20260820,오이,백다다기,10.00kg,없음,강원도 홍천군,40,20000,,,,trade
구리,구리청과(주),20260820,오이,백다다기,10.00kg,없음,강원도 홍천군,3,5500,,,,trade
구리,구리청과(주),20260820,오이,백다다기,10.00kg,없음,강원도 홍천군,9,16000,,,,trade
구리,구리청과(주),20260820,오이,백다다기,10.00kg,없음,강원도 화천군,20,5500,,,,trade
구리,구리청과(주),20260820,오이,백다다기,10.00kg,없음,강원도 화천군,37,13500,,,,trade
구리,구리청과(주),20260820,오이,백다다기,10.00kg,없음,강원도 화천군,18,7000,,,,trade
구리,구리청과(주),20260820,오이,백다다기,10.00kg,없음,강원도 화천군,15,17500,,,,trade
구리,구리청과(주),20260820,오이,백다다기,10.00kg,없음,강원도 화천군,12,14000,,,,trade
구리,구리청과(주),20260820,오이,백다다기,10.00kg,없음,강원도 화천군,2,6500,,,,trade
구리,구리청과(주),20260820,오이,백다다기,10.00kg,없음,강원도 화천군,6,2500,,,,trade
구리,구리청과(주),20260820,오이,백다다기,10.00kg,없음,강원도 화천군,6,12500,,,,trade
구리,구리청과(주),20260820,오이,백다다기,10.00kg,없음,강원도 화천군,3,16500,,,,trade
구리,구리청과(주),20260820,오이,백다다기,10.00kg,없음,강원도 화천군,1,12500,,,,trade
구리,구리청과(주),20260820,오이,백다다기,10.00kg,없음,강원도 화천군,10,24000,,,,trade
구리,구리청과(주),20260825,오이,백다다기,10.00kg,없음,강원도 철원군,3,28000,,,,trade
구리,구리청과(주),20260825,오이,백다다기,10.00kg,없음,강원도 철원군,3,22500,,,,trade
구리,구리청과(주),20260825,오이,백다다기,10.00kg,없음,강원도 철원군,3,40000,,,,trade
구리,구리청과(주),20260825,오이,백다다기,18.00kg,없음,강원도 철원군,7,55000,,,,trade
구리,구리청과(주),20260825,오이,백다다기,20.00kg,없음,경상북도 상주시,5,75000,,,,trade
구리,구리청과(주),20260825,오이,백다다기,20.00kg,없음,경상북도 상주시,2,65000,,,,trade
구리,구리청과(주),20260825,오이,백다다기,20.00kg,없음,경상북도 상주시,7,8000,,,,trade
구리,구리청과(주),20260825,오이,백다다기,20.00kg,없음,경상북도 상주시,19,42000,,,,trade
구리,구리청과(주),20260825,오이,백다다기,20.00kg,없음,경상북도 상주시,24,100000,,,,trade
구리,구리청과(주),20260825,오이,백다다기,20.00kg,없음,경상북도 상주시,2,18000,,,,trade
구리,구리청과(주),20260825,오이,백다다기,20.00kg,없음,경상북도 상주시,12,84000,,,,trade
구리,구리청과(주),20260825,오이,백다다기,20.00kg,없음,경상북도 상주시,3,29000,,,,trade
구리,구리청과(주),20260825,오이,백다다기,20.00kg,없음,경상북도 상주시,3,88000,,,,trade
구리,구리청과(주),20260825,오이,백다다기,20.00kg,없음,경상북도 상주시,1,28000,,,,trade
구리,구리청과(주),20260825,오이,백다다기,20.00kg,없음,경상북도 상주시,8,84000,,,,trade
구리,구리청과(주),20260825,오이,백다다기,20.00kg,없음,경상북도 상주시,1,5000,,,,trade
구리,구리청과(주),20260825,오이,백다다기,20.00kg,없음,경상북도 상주시,1,15000,,,,trade
구리,구리청과(주),20260825,오이,백다다기,20.00kg,없음,경상북도 상주시,2,16000,,,,trade
구리,구리청과(주),20260825,오이,백다다기,20.00kg,없음,경상북도 상주시,3,38000,,,,trade
구리,구리청과(주),20260825,오이,백다다기,20.00kg,없음,경상북도 상주시,6,78000,,,,trade
구리,구리청과(주),20260825,오이,백다다기,20.00kg,없음,경상북도 상주시,3,100000,,,,trade
구리,구리청과(주),20260825,오이,백다다기,20.00kg,없음,경상북도 상주시,4,97000,,,,trade
구리,구리청과(주),20260825,오이,백다다기,20.00kg,없음,경상북도 상주시,6,28000,,,,trade
구리,구리청과(주),20260825,오이,백다다기,20.00kg,없음,경상북도 상주시,1,39000,,,,trade
구리,구리청과(주),20260825,오이,백다다기,20.00kg,없음,경상북도 상주시,1,48000,,,,trade
구리,구리청과(주),20260825,오이,백다다기,20.00kg,없음,경상북도 상주시,2,86000,,,,trade
구리,구리청과(주),20260825,오이,백다다기,20.00kg,없음,경상북도 상주시,2,33000,,,,trade
구리,구리청과(주),20260825,오이,백다다기,20.00kg,없음,경상북도 상주시,4,40000,,,,trade
구리,구리청과(주),20260825,오이,백다다기,20.00kg,없음,경상북도 상주시,10,68000,,,,trade
구리,구리청과(주),20260825,오이,백다다기,20.00kg,없음,경상북도 상주시,2,12000,,,,trade
구리,구리청과(주),20260825,오이,백다다기,20.00kg,없음,경상북도 상주시,4,26000,,,,trade
구리,구리청과(주),20260825,오이,백다다기,20.00kg,없음,경상북도 상주시,5,52000,,,,trade
구리,구리청과(주),20260825,오이,백다다기,20.00kg,없음,경상북도 상주시,1,44000,,,,trade
구리,구리청과(주),20260825,오이,백다다기,20.00kg,없음,경상북도 상주시,1,35000,,,,trade
구리,구리청과(주),20260825,오이,백다다기,20.00kg,없음,경상북도 상주시,3,84000,,,,trade
구리,구리청과(주),20260825,오이,백다다기,20.00kg,없음,경상북도 상주시,2,35000,,,,trade
구리,구리청과(주),20260825,오이,백다다기,20.00kg,없음,경상북도 상주시,16,91000,,,,trade
구리,구리청과(주),20260825,오이,백다다기,20.00kg,없음,경상북도 상주시,12,87000,,,,trade
구리,구리청과(주),20260825,오이,백다다기,20.00kg,없음,경상북도 상주시,13,28000,,,,trade
구리,구리청과(주),20260825,오이,백다다기,20.00kg,없음,경상북도 상주시,7,94000,,,,trade
구리,구리청과(주),20260825,오이,백다다기,20.00kg,없음,경상북도 상주시,4,27000,,,,trade
구리,구리청과(주),20260825,오이,백다다기,20.00kg,없음,경상북도 상주시,16,90000,,,,trade
구리,구리청과(주),20260825,오이,백다다기,20.00kg,없음,경상북도 상주시,1,38000,,,,trade
구리,구리청과(주),20260825,오이,백다다기,20.00kg,없음,경상북도 상주시,4,67000,,,,trade
구리,구리청과(주),20260825,오이,백다다기,20.00kg,없음,경상북도 상주시,4,20000,,,,trade
구리,구리청과(주),20260825,오이,백다다기,20.00kg,없음,경상북도 상주시,4,72000,,,,trade
구리,구리청과(주),20260825,오이,백다다기,20.00kg,없음,경상북도 상주시,11,40000,,,,trade
구리,구리청과(주),20260825,오이,백다다기,20.00kg,없음,경상북도 상주시,31,87000,,,,trade
구리,구리청과(주),20260825,오이,백다다기,10.00kg,없음,서울특별시 서울 중구,9,9500,,,,trade
구리,구리청과(주),20260825,오이,백다다기,10.00kg,없음,서울특별시 서울 중구,1,15500,,,,trade
구리,구리청과(주),20260825,오이,백다다기,10.00kg,없음,강원도 춘천시,4,19000,,,,trade
구리,구리청과(주),20260825,오이,백다다기,10.00kg,없음,강원도 춘천시,12,31500,,,,trade
구리,구리청과(주),20260825,오이,백다다기,10.00kg,없음,강원도 춘천시,21,47500,,,,trade
구리,구리청과(주),20260825,오이,백다다기,10.00kg,없음,경기도 하남시,3,14500,,,,trade
구리,구리청과(주),20260825,오이,백다다기,10.00kg,없음,경기도 하남시,11,22500,,,,trade
구리,구리청과(주),20260825,오이,백다다기,10.00kg,없음,강원도 홍천군,2,16000,,,,trade
구리,구리청과(주),20260825,오이,백다다기,10.00kg,없음,강원도 홍천군,21,35000,,,,trade
구리,구리청과(주),20260825,오이,백다다기,10.00kg,없음,강원도 홍천군,3,22500,,,,trade
구리,구리청과(주),20260825,오이,백다다기,10.00kg,없음,강원도 화천군,10,15500,,,,trade
구리,구리청과(주),20260825,오이,백다다기,10.00kg,없음,강원도 화천군,15,28500,,,,trade
구리,구리청과(주),20260825,오이,백다다기,10.00kg,없음,강원도 화천군,3,12500,,,,trade
구리,구리청과(주),20260825,오이,백다다기,10.00kg,없음,강원도 화천군,10,14500,,,,trade
구리,구리청과(주),20260825,오이,백다다기,10.00kg,없음,강원도 화천군,14,7500,,,,trade
구리,구리청과(주),20260825,오이,백다다기,10.00kg,없음,강원도 화천군,2,19500,,,,trade
구리,구리청과(주),20260825,오이,백다다기,10.00kg,없음,강원도 화천군,1,13500,,,,trade
구리,구리청과(주),20260825,오이,백다다기,10.00kg,없음,강원도 화천군,6,26500,,,,trade
구리,구리청과(주),20260825,오이,백다다기,10.00kg,없음,강원도 화천군,4,34500,,,,trade
구리,구리청과(주),20260827,오이,백다다기,10.00kg,없음,강원도 철원군,4,21000,,,,trade
구리,구리청과(주),20260827,오이,백다다기,10.00kg,없음,강원도 철원군,2,18500,,,,trade
구리,구리청과(주),20260827,오이,백다다기,10.00kg,없음,강원도 철원군,2,33000,,,,trade
구리,구리청과(주),20260827,오이,백다다기,18.00kg,없음,강원도 철원군,11,54000,,,,trade
구리,구리청과(주),20260827,오이,백다다기,20.00kg,없음,경상북도 상주시,3,86000,,,,trade
구리,구리청과(주),20260827,오이,백다다기,20.00kg,없음,경상북도 상주시,6,84000,,,,trade
구리,구리청과(주),20260827,오이,백다다기,20.00kg,없음,경상북도 상주시,3,36000,,,,trade
구리,구리청과(주),20260827,오이,백다다기,20.00kg,없음,경상북도 상주시,4,38000,,,,trade
구리,구리청과(주),20260827,오이,백다다기,20.00kg,없음,경상북도 상주시,1,42000,,,,trade
구리,구리청과(주),20260827,오이,백다다기,20.00kg,없음,경상북도 상주시,3,61000,,,,trade
구리,구리청과(주),20260827,오이,백다다기,20.00kg,없음,경상북도 상주시,3,25000,,,,trade
구리,구리청과(주),20260827,오이,백다다기,20.00kg,없음,경상북도 상주시,9,74000,,,,trade
구리,구리청과(주),20260827,오이,백다다기,20.00kg,없음,경상북도 상주시,1,13000,,,,trade
구리,구리청과(주),20260827,오이,백다다기,20.00kg,없음,경상북도 상주시,13,72000,,,,trade
구리,구리청과(주),20260827,오이,백다다기,20.00kg,없음,경상북도 상주시,1,16000,,,,trade
구리,구리청과(주),20260827,오이,백다다기,20.00kg,없음,경상북도 상주시,2,56000,,,,trade
구리,구리청과(주),20260827,오이,백다다기,20.00kg,없음,경상북도 상주시,1,13000,,,,trade
구리,구리청과(주),20260827,오이,백다다기,20.00kg,없음,경상북도 상주시,2,15000,,,,trade
구리,구리청과(주),20260827,오이,백다다기,20.00kg,없음,경상북도 상주시,3,28000,,,,trade
구리,구리청과(주),20260827,오이,백다다기,20.00kg,없음,경상북도 상주시,6,75000,,,,trade
구리,구리청과(주),20260827,오이,백다다기,20.00kg,없음,경상북도 상주시,4,25000,,,,trade
구리,구리청과(주),20260827,오이,백다다기,20.00kg,없음,경상북도 상주시,9,74000,,,,trade
구리,구리청과(주),20260827,오이,백다다기,20.00kg,없음,경상북도 상주시,6,20000,,,,trade
구리,구리청과(주),20260827,오이,백다다기,20.00kg,없음,경상북도 상주시,8,72000,,,,trade
구리,구리청과(주),20260827,오이,백다다기,20.00kg,없음,경상북도 상주시,5,14000,,,,trade
구리,구리청과(주),20260827,오이,백다다기,20.00kg,없음,경상북도 상주시,1,16000,,,,trade
구리,구리청과(주),20260827,오이,백다다기,20.00kg,없음,경상북도 상주시,2,59000,,,,trade
구리,구리청과(주),20260827,오이,백다다기,20.00kg,없음,경상북도 상주시,4,11000,,,,trade
구리,구리청과(주),20260827,오이,백다다기,20.00kg,없음,경상북도 상주시,1,19000,,,,trade
구리,구리청과(주),20260827,오이,백다다기,20.00kg,없음,경상북도 상주시,5,67000,,,,trade
구리,구리청과(주),20260827,오이,백다다기,20.00kg,없음,경상북도 상주시,1,22000,,,,trade
구리,구리청과(주),20260827,오이,백다다기,20.00kg,없음,경상북도 상주시,1,14000,,,,trade
구리,구리청과(주),20260827,오이,백다다기,20.00kg,없음,경상북도 상주시,4,21000,,,,trade
구리,구리청과(주),20260827,오이,백다다기,20.00kg,없음,경상북도 상주시,10,45000,,,,trade
구리,구리청과(주),20260827,오이,백다다기,20.00kg,없음,경상북도 상주시,4,70000,,,,trade
구리,구리청과(주),20260827,오이,백다다기,20.00kg,없음,경상북도 상주시,4,27000,,,,trade
구리,구리청과(주),20260827,오이,백다다기,20.00kg,없음,경상북도 상주시,2,59000,,,,trade
구리,구리청과(주),20260827,오이,백다다기,20.00kg,없음,경상북도 상주시,6,26000,,,,trade
구리,구리청과(주),20260827,오이,백다다기,20.00kg,없음,경상북도 상주시,11,17000,,,,trade
구리,구리청과(주),20260827,오이,백다다기,20.00kg,없음,경상북도 상주시,7,68000,,,,trade
구리,구리청과(주),20260827,오이,백다다기,20.00kg,없음,경상북도 상주시,2,56000,,,,trade
구리,구리청과(주),20260827,오이,백다다기,20.00kg,없음,경상북도 상주시,2,46000,,,,trade
구리,구리청과(주),20260827,오이,백다다기,20.00kg,없음,경상북도 상주시,6,14000,,,,trade
구리,구리청과(주),20260827,오이,백다다기,20.00kg,없음,경상북도 상주시,17,28000,,,,trade
구리,구리청과(주),20260827,오이,백다다기,20.00kg,없음,경상북도 상주시,44,72000,,,,trade
구리,구리청과(주),20260827,오이,백다다기,20.00kg,없음,경상북도 상주시,6,23000,,,,trade
구리,구리청과(주),20260827,오이,백다다기,20.00kg,없음,경상북도 상주시,24,76000,,,,trade
구리,구리청과(주),20260827,오이,백다다기,20.00kg,없음,경상북도 상주시,8,68000,,,,trade
구리,구리청과(주),20260827,오이,백다다기,20.00kg,없음,경상북도 상주시,16,34000,,,,trade
구리,구리청과(주),20260827,오이,백다다기,20.00kg,없음,경상북도 상주시,24,74000,,,,trade
구리,구리청과(주),20260827,오이,백다다기,20.00kg,없음,경상북도 상주시,24,74000,,,,trade
구리,구리청과(주),20260827,오이,백다다기,10.00kg,없음,강원도 춘천시,12,20000,,,,trade
구리,구리청과(주),20260827,오이,백다다기,10.00kg,없음,강원도 춘천시,1,14500,,,,trade
구리,구리청과(주),20260827,오이,백다다기,10.00kg,없음,강원도 춘천시,19,43500,,,,trade
구리,구리청과(주),20260827,오이,백다다기,10.00kg,없음,강원도 춘천시,3,16000,,,,trade
구리,구리청과(주),20260827,오이,백다다기,10.00kg,없음,강원도 춘천시,27,41000,,,,trade
구리,구리청과(주),20260827,오이,백다다기,10.00kg,없음,경기도 남양주시,4,19000,,,,trade
구리,구리청과(주),20260827,오이,백다다기,10.00kg,없음,경기도 남양주시,6,40000,,,,trade
구리,구리청과(주),20260827,오이,백다다기,10.00kg,없음,경기도 하남시,5,10000,,,,trade
구리,구리청과(주),20260827,오이,백다다기,10.00kg,없음,경기도 하남시,5,13500,,,,trade
구리,구리청과(주),20260827,오이,백다다기,10.00kg,없음,경기도 하남시,14,23000,,,,trade
구리,구리청과(주),20260827,오이,백다다기,10.00kg,없음,강원도 홍천군,1,12000,,,,trade
구리,구리청과(주),20260827,오이,백다다기,10.00kg,없음,강원도 홍천군,4,14500,,,,trade
구리,구리청과(주),20260827,오이,백다다기,10.00kg,없음,강원도 홍천군,30,31500,,,,trade
구리,구리청과(주),20260827,오이,백다다기,10.00kg,없음,강원도 홍천군,1,9000,,,,trade
구리,구리청과(주),20260827,오이,백다다기,10.00kg,없음,강원도 홍천군,1,18500,,,,trade
구리,구리청과(주),20260827,오이,백다다기,10.00kg,없음,강원도 홍천군,2,23500,,,,trade
구리,구리청과(주),20260827,오이,백다다기,10.00kg,없음,강원도 화천군,18,9500,,,,trade
구리,구리청과(주),20260827,오이,백다다기,10.00kg,없음,강원도 화천군,18,21500,,,,trade
구리,구리청과(주),20260827,오이,백다다기,10.00kg,없음,강원도 화천군,6,26000,,,,trade
구리,구리청과(주),20260827,오이,백다다기,10.00kg,없음,강원도 화천군,10,11500,,,,trade
