market,corp,date,item,variety,unit,grade,origin,qty,price,price_min,price_max,price_avg,granularity
구리,(주)인터넷청과,20250701,오이,백다다기,8.00kg,특,강원도 철원군,5,6800,,,,trade
구리,(주)인터넷청과,20250701,오이,백다다기,8.00kg,특,강원도 철원군,3,5500,,,,trade
구리,(주)인터넷청과,20250701,오이,백다다기,10.00kg,특,강원도 철원군,1,12000,,,,trade
구리,(주)인터넷청과,20250701,오이,백다다기,18.00kg,특,강원도 철원군,1,11000,,,,trade
구리,(주)인터넷청과,20250701,오이,백다다기,18.00kg,특,강원도 철원군,2,3000,,,,trade
구리,(주)인터넷청과,20250701,오이,백다다기,10.00kg,특,강원도 철원군,22,12000,,,,trade
구리,(주)인터넷청과,20250701,오이,백다다기,10.00kg,특,강원도 철원군,5,9000,,,,trade
구리,(주)인터넷청과,20250701,오이,백다다기,10.00kg,특,강원도 철원군,10,10000,,,,trade
구리,(주)인터넷청과,20250701,오이,백다다기,10.00kg,특,강원도 철원군,1,9000,,,,trade
구리,(주)인터넷청과,20250701,오이,백다다기,10.00kg,특,강원도 철원군,10,10000,,,,trade
구리,(주)인터넷청과,20250701,오이,백다다기,10.00kg,특,강원도 철원군,8,5000,,,,trade
구리,(주)인터넷청과,20250701,오이,백다다기,10.00kg,특,강원도 철원군,40,9000,,,,trade
구리,(주)인터넷청과,20250701,오이,백다다기,8.00kg,특,경기도 양주시,70,9600,,,,trade
구리,(주)인터넷청과,20250701,오이,백다다기,8.00kg,특,경기도 양주시,70,9600,,,,trade
구리,(주)인터넷청과,20250701,오이,백다다기,8.00kg,특,경기도 양주시,70,9600,,,,trade
구리,(주)인터넷청과,20250701,오이,백다다기,8.00kg,특,경기도 양주시,70,9600,,,,trade
구리,(주)인터넷청과,20250701,오이,백다다기,8.00kg,특,경기도 양주시,70,9800,,,,trade
구리,(주)인터넷청과,20250701,오이,백다다기,8.00kg,특,경기도 양주시,61,9700,,,,trade
구리,(주)인터넷청과,20250701,오이,백다다기,8.00kg,특,경기도 양주시,70,6500,,,,trade
구리,(주)인터넷청과,20250701,오이,백다다기,8.00kg,특,경기도 양주시,70,6500,,,,trade
구리,(주)인터넷청과,20250701,오이,백다다기,8.00kg,특,경기도 양주시,70,6500,,,,trade
구리,(주)인터넷청과,20250701,오이,백다다기,8.00kg,특,경기도 양주시,23,6500,,,,trade
구리,(주)인터넷청과,20250701,오이,백다다기,10.00kg,특,강원도 철원군,23,8000,,,,trade
구리,(주)인터넷청과,20250701,오이,백다다기,10.00kg,특,강원도 철원군,8,3500,,,,trade
구리,(주)인터넷청과,20250701,오이,백다다기,10.00kg,특,경기도 용인시,17,14000,,,,trade
구리,(주)인터넷청과,20250701,오이,백다다기,10.00kg,특,경기도 용인시,36,11500,,,,trade
구리,(주)인터넷청과,20250701,오이,백다다기,18.00kg,특,충청남도 공주시,8,14000,,,,trade
구리,(주)인터넷청과,20250701,오이,백다다기,18.00kg,특,충청남도 공주시,1,3000,,,,trade
구리,(주)인터넷청과,20250701,오이,백다다기,18.00kg,특,충청남도 공주시,2,6000,,,,trade
구리,(주)인터넷청과,20250701,오이,백다다기,18.00kg,특,충청남도 공주시,5,12000,,,,trade
구리,(주)인터넷청과,20250701,오이,백다다기,18.00kg,특,충청남도 공주시,3,2000,,,,trade
구리,(주)인터넷청과,20250701,오이,백다다기,18.00kg,특,충청남도 공주시,2,6000,,,,trade
구리,(주)인터넷청과,20250701,오이,백다다기,18.00kg,특,충청남도 공주시,2,3000,,,,trade
구리,(주)인터넷청과,20250701,오이,백다다기,18.00kg,특,충청남도 공주시,16,11000,,,,trade
구리,(주)인터넷청과,20250701,오이,백다다기,18.00kg,특,충청남도 공주시,7,6000,,,,trade
구리,(주)인터넷청과,20250701,오이,백다다기,18.00kg,특,충청남도 공주시,4,8000,,,,trade
구리,(주)인터넷청과,20250701,오이,백다다기,18.00kg,특,충청남도 공주시,2,5000,,,,trade
구리,(주)인터넷청과,20250701,오이,백다다기,18.00kg,특,충청남도 공주시,8,11000,,,,trade
구리,(주)인터넷청과,20250701,오이,백다다기,18.00kg,특,충청남도 공주시,3,3000,,,,trade
구리,(주)인터넷청과,20250701,오이,백다다기,18.00kg,특,충청남도 공주시,10,17000,,,,trade
구리,(주)인터넷청과,20250701,오이,백다다기,18.00kg,특,충청남도 공주시,2,5000,,,,trade
구리,(주)인터넷청과,20250701,오이,백다다기,18.00kg,특,충청남도 공주시,5,11000,,,,trade
구리,(주)인터넷청과,20250701,오이,백다다기,18.00kg,특,충청남도 공주시,1,5000,,,,trade
구리,(주)인터넷청과,20250701,오이,백다다기,18.00kg,특,충청남도 공주시,3,5000,,,,trade
구리,(주)인터넷청과,20250701,오이,백다다기,18.00kg,특,충청남도 공주시,5,11000,,,,trade
구리,(주)인터넷청과,20250701,오이,백다다기,18.00kg,특,충청남도 공주시,2,4000,,,,trade
구리,(주)인터넷청과,20250701,오이,백다다기,18.00kg,특,충청남도 공주시,1,12000,,,,trade
구리,(주)인터넷청과,20250701,오이,백다다기,18.00kg,특,충청남도 공주시,2,6000,,,,trade
구리,(주)인터넷청과,20250701,오이,백다다기,18.00kg,특,충청남도 공주시,6,5000,,,,trade
구리,(주)인터넷청과,20250701,오이,백다다기,18.00kg,특,충청남도 공주시,1,4000,,,,trade
구리,(주)인터넷청과,20250701,오이,백다다기,18.00kg,특,충청남도 공주시,7,10000,,,,trade
구리,(주)인터넷청과,20250701,오이,백다다기,18.00kg,특,충청남도 공주시,1,5000,,,,trade
구리,(주)인터넷청과,20250701,오이,백다다기,18.00kg,특,충청남도 공주시,8,15000,,,,trade
구리,(주)인터넷청과,20250701,오이,백다다기,18.00kg,특,충청남도 공주시,1,6000,,,,trade
구리,(주)인터넷청과,20250701,오이,백다다기,18.00kg,특,충청남도 공주시,11,10000,,,,trade
구리,(주)인터넷청과,20250701,오이,백다다기,18.00kg,특,충청남도 공주시,1,4000,,,,trade
구리,(주)인터넷청과,20250701,오이,백다다기,18.00kg,특,충청남도 공주시,7,10000,,,,trade
구리,(주)인터넷청과,20250701,오이,백다다기,18.00kg,특,충청남도 공주시,10,20000,,,,trade
구리,(주)인터넷청과,20250701,오이,백다다기,18.00kg,특,충청남도 공주시,2,6000,,,,trade
구리,(주)인터넷청과,20250701,오이,백다다기,18.00kg,특,충청남도 공주시,9,18000,,,,trade
구리,(주)인터넷청과,20250701,오이,백다다기,18.00kg,특,충청남도 공주시,22,20000,,,,trade
구리,(주)인터넷청과,20250701,오이,백다다기,18.00kg,특,충청남도 공주시,6,12000,,,,trade
구리,(주)인터넷청과,20250701,오이,백다다기,18.00kg,특,충청남도 공주시,8,18000,,,,trade
구리,(주)인터넷청과,20250701,오이,백다다기,18.00kg,특,충청남도 공주시,2,10000,,,,trade
구리,(주)인터넷청과,20250701,오이,백다다기,18.00kg,특,충청남도 공주시,15,18000,,,,trade
구리,(주)인터넷청과,20250701,오이,백다다기,18.00kg,특,충청남도 공주시,1,3000,,,,trade
구리,(주)인터넷청과,20250701,오이,백다다기,18.00kg,특,충청남도 공주시,14,16000,,,,trade
구리,(주)인터넷청과,20250701,오이,백다다기,18.00kg,특,충청남도 공주시,11,16000,,,,trade
구리,(주)인터넷청과,20250701,오이,백다다기,18.00kg,특,충청남도 공주시,1,8000,,,,trade
구리,(주)인터넷청과,20250701,오이,백다다기,18.00kg,특,충청남도 공주시,5,13000,,,,trade
구리,(주)인터넷청과,20250701,오이,백다다기,10.00kg,특,경기도 광주시,29,13500,,,,trade
구리,(주)인터넷청과,20250701,오이,백다다기,10.00kg,특,경기도 광주시,1,7000,,,,trade
구리,(주)인터넷청과,20250701,오이,백다다기,18.00kg,특,강원도 홍천군,1,15000,,,,trade
구리,(주)인터넷청과,20250701,오이,백다다기,10.00kg,특,강원도 홍천군,2,7000,,,,trade
구리,(주)인터넷청과,20250701,오이,백다다기,10.00kg,특,강원도 홍천군,19,15000,,,,trade
구리,(주)인터넷청과,20250701,오이,백다다기,10.00kg,특,강원도 홍천군,1,8000,,,,trade
구리,(주)인터넷청과,20250701,오이,백다다기,10.00kg,특,강원도 홍천군,18,15000,,,,trade
구리,(주)인터넷청과,20250701,오이,백다다기,10.00kg,특,강원도 홍천군,12,15500,,,,trade
구리,(주)인터넷청과,20250701,오이,백다다기,10.00kg,특,강원도 홍천군,42,11000,,,,trade
구리,(주)인터넷청과,20250701,오이,백다다기,10.00kg,특,강원도 홍천군,3,7000,,,,trade
구리,(주)인터넷청과,20250701,오이,백다다기,10.00kg,특,강원도 홍천군,28,12000,,,,trade
구리,(주)인터넷청과,20250701,오이,백다다기,10.00kg,특,강원도 홍천군,1,7000,,,,trade
구리,(주)인터넷청과,20250701,오이,백다다기,10.00kg,특,강원도 홍천군,2,5000,,,,trade
구리,(주)인터넷청과,20250701,오이,백다다기,18.00kg,특,강원도 홍천군,2,14000,,,,trade
구리,(주)인터넷청과,20250701,오이,백다다기,18.00kg,특,강원도 홍천군,3,12000,,,,trade
구리,(주)인터넷청과,20250701,오이,백다다기,18.00kg,특,강원도 홍천군,8,13000,,,,trade
구리,(주)인터넷청과,20250701,오이,백다다기,18.00kg,특,강원도 홍천군,25,28000,,,,trade
구리,(주)인터넷청과,20250701,오이,백다다기,18.00kg,특,강원도 홍천군,1,14000,,,,trade
구리,(주)인터넷청과,20250701,오이,백다다기,10.00kg,특,강원도 홍천군,1,11000,,,,trade
구리,(주)인터넷청과,20250701,오이,백다다기,18.00kg,특,강원도 홍천군,29,33000,,,,trade
구리,(주)인터넷청과,20250701,오이,백다다기,18.00kg,특,강원도 홍천군,2,17000,,,,trade
구리,(주)인터넷청과,20250701,오이,백다다기,18.00kg,특,강원도 홍천군,7,26000,,,,trade
구리,(주)인터넷청과,20250701,오이,백다다기,18.00kg,특,강원도 홍천군,11,20000,,,,trade
구리,(주)인터넷청과,20250701,오이,백다다기,18.00kg,특,강원도 홍천군,2,15000,,,,trade
구리,(주)인터넷청과,20250701,오이,백다다기,18.00kg,특,강원도 홍천군,1,14000,,,,trade
구리,(주)인터넷청과,20250701,오이,백다다기,10.00kg,특,강원도 홍천군,1,8500,,,,trade
구리,(주)인터넷청과,20250701,오이,백다다기,18.00kg,특,강원도 홍천군,9,20000,,,,trade
구리,(주)인터넷청과,20250701,오이,백다다기,18.00kg,특,강원도 홍천군,2,14000,,,,trade
구리,(주)인터넷청과,20250701,오이,백다다기,18.00kg,특,강원도 홍천군,1,16000,,,,trade
구리,(주)인터넷청과,20250701,오이,백다다기,18.00kg,특,강원도 홍천군,1,18000,,,,trade
구리,(주)인터넷청과,20250701,오이,백다다기,18.00kg,특,강원도 홍천군,15,25000,,,,trade
구리,(주)인터넷청과,20250701,오이,백다다기,18.00kg,특,강원도 홍천군,12,23000,,,,trade
구리,(주)인터넷청과,20250701,오이,백다다기,10.00kg,특,충청북도 제천시,20,22000,,,,trade
구리,(주)인터넷청과,20250701,오이,백다다기,10.00kg,특,충청북도 제천시,7,19000,,,,trade
구리,(주)인터넷청과,20250701,오이,백다다기,10.00kg,특,충청북도 제천시,8,16000,,,,trade
구리,(주)인터넷청과,20250701,오이,백다다기,10.00kg,특,충청북도 제천시,1,11000,,,,trade
구리,(주)인터넷청과,20250701,오이,백다다기,10.00kg,특,충청북도 제천시,4,9000,,,,trade
구리,(주)인터넷청과,20250701,오이,백다다기,10.00kg,특,충청북도 제천시,24,14000,,,,trade
구리,(주)인터넷청과,20250701,오이,백다다기,10.00kg,특,충청북도 제천시,17,20000,,,,trade
구리,(주)인터넷청과,20250701,오이,백다다기,10.00kg,특,충청북도 제천시,1,8000,,,,trade
구리,(주)인터넷청과,20250701,오이,백다다기,10.00kg,특,충청북도 제천시,14,8000,,,,trade
구리,(주)인터넷청과,20250701,오이,백다다기,10.00kg,특,충청북도 제천시,16,6500,,,,trade
구리,(주)인터넷청과,20250701,오이,백다다기,10.00kg,특,충청북도 제천시,4,17000,,,,trade
구리,(주)인터넷청과,20250701,오이,백다다기,10.00kg,특,충청북도 제천시,3,7000,,,,trade
구리,(주)인터넷청과,20250701,오이,백다다기,10.00kg,특,충청북도 제천시,40,23000,,,,trade
구리,(주)인터넷청과,20250701,오이,백다다기,10.00kg,특,충청북도 제천시,40,23000,,,,trade
구리,(주)인터넷청과,20250701,오이,백다다기,10.00kg,특,충청북도 제천시,14,13000,,,,trade
구리,(주)인터넷청과,20250701,오이,백다다기,10.00kg,특,충청북도 제천시,3,13000,,,,trade
구리,(주)인터넷청과,20250701,오이,백다다기,10.00kg,특,충청북도 제천시,5,8000,,,,trade
구리,(주)인터넷청과,20250701,오이,백다다기,10.00kg,특,충청북도 제천시,27,20000,,,,trade
구리,(주)인터넷청과,20250701,오이,백다다기,10.00kg,특,충청북도 제천시,21,15000,,,,trade
구리,(주)인터넷청과,20250701,오이,백다다기,10.00kg,특,충청북도 제천시,2,10000,,,,trade
구리,(주)인터넷청과,20250701,오이,백다다기,10.00kg,특,충청북도 제천시,39,9000,,,,trade
구리,(주)인터넷청과,20250701,오이,백다다기,10.00kg,특,충청북도 제천시,30,21000,,,,trade
구리,(주)인터넷청과,20250701,오이,백다다기,10.00kg,특,충청북도 제천시,2,14500,,,,trade
구리,(주)인터넷청과,20250701,오이,백다다기,10.00kg,특,충청북도 제천시,53,24000,,,,trade
구리,(주)인터넷청과,20250701,오이,백다다기,10.00kg,특,충청북도 제천시,8,18000,,,,trade
구리,(주)인터넷청과,20250701,오이,백다다기,10.00kg,특,충청북도 제천시,1,12000,,,,trade
구리,(주)인터넷청과,20250701,오이,백다다기,10.00kg,특,충청북도 제천시,4,7000,,,,trade
구리,(주)인터넷청과,20250701,오이,백다다기,10.00kg,특,충청북도 제천시,22,23000,,,,trade
구리,(주)인터넷청과,20250701,오이,백다다기,10.00kg,특,충청북도 제천시,2,14500,,,,trade
구리,(주)인터넷청과,20250701,오이,백다다기,10.00kg,특,충청북도 제천시,2,8500,,,,trade
구리,(주)인터넷청과,20250701,오이,백다다기,10.00kg,특,충청북도 제천시,55,24000,,,,trade
구리,(주)인터넷청과,20250701,오이,백다다기,10.00kg,특,충청북도 제천시,2,24000,,,,trade
구리,(주)인터넷청과,20250701,오이,백다다기,8.00kg,특,강원도 철원군,11,6500,,,,trade
구리,(주)인터넷청과,20250701,오이,백다다기,8.00kg,특,강원도 철원군,3,8200,,,,trade
구리,(주)인터넷청과,20250701,오이,백다다기,8.00kg,특,강원도 철원군,19,8000,,,,trade
구리,(주)인터넷청과,20250701,오이,백다다기,8.00kg,특,강원도 철원군,1,2500,,,,trade
구리,(주)인터넷청과,20250701,오이,백다다기,8.00kg,특,강원도 철원군,1,4200,,,,trade
구리,(주)인터넷청과,20250701,오이,백다다기,18.00kg,특,강원도 철원군,1,12000,,,,trade
구리,(주)인터넷청과,20250701,오이,백다다기,10.00kg,특,경기도 남양주시,4,4500,,,,trade
구리,(주)인터넷청과,20250701,오이,백다다기,8.00kg,특,경기도 포천시,2,2500,,,,trade
구리,(주)인터넷청과,20250701,오이,백다다기,8.00kg,특,경기도 포천시,1,2500,,,,trade
구리,(주)인터넷청과,20250701,오이,백다다기,8.00kg,특,경기도 포천시,40,7600,,,,trade
구리,(주)인터넷청과,20250701,오이,백다다기,8.00kg,특,경기도 포천시,1,1200,,,,trade
구리,(주)인터넷청과,20250701,오이,백다다기,8.00kg,특,경기도 포천시,7,6900,,,,trade
구리,(주)인터넷청과,20250701,오이,백다다기,8.00kg,특,경기도 포천시,3,4000,,,,trade
구리,(주)인터넷청과,20250701,오이,백다다기,8.00kg,특,경기도 포천시,35,8000,,,,trade
구리,(주)인터넷청과,20250703,오이,백다다기,8.00kg,특,강원도 철원군,1,7300,,,,trade
구리,(주)인터넷청과,20250703,오이,백다다기,8.00kg,특,강원도 철원군,16,14800,,,,trade
구리,(주)인터넷청과,20250703,오이,백다다기,8.00kg,특,강원도 철원군,15,12500,,,,trade
구리,(주)인터넷청과,20250703,오이,백다다기,8.00kg,특,강원도 철원군,8,12500,,,,trade
구리,(주)인터넷청과,20250703,오이,백다다기,8.00kg,특,강원도 철원군,3,7200,,,,trade
구리,(주)인터넷청과,20250703,오이,백다다기,8.00kg,특,강원도 철원군,11,13800,,,,trade
구리,(주)인터넷청과,20250703,오이,백다다기,8.00kg,특,경기도 양주시,6,6900,,,,trade
구리,(주)인터넷청과,20250703,오이,백다다기,8.00kg,특,경기도 양주시,17,11500,,,,trade
구리,(주)인터넷청과,20250703,오이,백다다기,8.00kg,특,경기도 양주시,14,7500,,,,trade
구리,(주)인터넷청과,20250703,오이,백다다기,8.00kg,특,경기도 양주시,4,4200,,,,trade
구리,(주)인터넷청과,20250703,오이,백다다기,10.00kg,특,경기도 남양주시,4,13000,,,,trade
구리,(주)인터넷청과,20250703,오이,백다다기,10.00kg,특,경기도 남양주시,9,12000,,,,trade
구리,(주)인터넷청과,20250703,오이,백다다기,10.00kg,특,경기도 남양주시,4,12000,,,,trade
구리,(주)인터넷청과,20250703,오이,백다다기,10.00kg,특,경기도 남양주시,5,12500,,,,trade
구리,(주)인터넷청과,20250703,오이,백다다기,10.00kg,특,경기도 양평군,8,13500,,,,trade
구리,(주)인터넷청과,20250703,오이,백다다기,10.00kg,특,경기도 용인시,18,15000,,,,trade
구리,(주)인터넷청과,20250703,오이,백다다기,10.00kg,특,경기도 용인시,30,13000,,,,trade
구리,(주)인터넷청과,20250703,오이,백다다기,10.00kg,특,경기도 용인시,23,12000,,,,trade
구리,(주)인터넷청과,20250703,오이,백다다기,10.00kg,특,경기도 용인시,12,10000,,,,trade
구리,(주)인터넷청과,20250703,오이,백다다기,10.00kg,특,경기도 용인시,10,12000,,,,trade
구리,(주)인터넷청과,20250703,오이,백다다기,18.00kg,특,강원도 홍천군,2,12000,,,,trade
구리,(주)인터넷청과,20250703,오이,백다다기,18.00kg,특,강원도 홍천군,2,32000,,,,trade
구리,(주)인터넷청과,20250703,오이,백다다기,18.00kg,특,강원도 홍천군,2,28000,,,,trade
구리,(주)인터넷청과,20250708,오이,백다다기,8.00kg,특,강원도 철원군,1,5500,,,,trade
구리,(주)인터넷청과,20250708,오이,백다다기,8.00kg,특,강원도 철원군,6,9600,,,,trade
구리,(주)인터넷청과,20250708,오이,백다다기,8.00kg,특,경기도 양주시,6,3200,,,,trade
구리,(주)인터넷청과,20250708,오이,백다다기,8.00kg,특,경기도 양주시,10,2300,,,,trade
구리,(주)인터넷청과,20250708,오이,백다다기,8.00kg,특,경기도 양주시,6,2300,,,,trade
구리,(주)인터넷청과,20250708,오이,백다다기,8.00kg,특,경기도 양주시,58,4000,,,,trade
구리,(주)인터넷청과,20250708,오이,백다다기,8.00kg,특,경기도 양주시,60,4000,,,,trade
구리,(주)인터넷청과,20250710,오이,백다다기,10.00kg,특,강원도 철원군,4,13000,,,,trade
구리,(주)인터넷청과,20250710,오이,백다다기,10.00kg,특,강원도 철원군,1,2500,,,,trade
구리,(주)인터넷청과,20250710,오이,백다다기,10.00kg,특,충청북도 제천시,75,25000,,,,trade
구리,(주)인터넷청과,20250710,오이,백다다기,10.00kg,특,충청북도 제천시,11,17000,,,,trade
구리,(주)인터넷청과,20250710,오이,백다다기,10.00kg,특,충청북도 제천시,5,12500,,,,trade
구리,(주)인터넷청과,20250710,오이,백다다기,10.00kg,특,충청북도 제천시,15,11000,,,,trade
구리,(주)인터넷청과,20250710,오이,백다다기,10.00kg,특,충청북도 제천시,1,10000,,,,trade
구리,(주)인터넷청과,20250710,오이,백다다기,10.00kg,특,충청북도 제천시,36,26000,,,,trade
구리,(주)인터넷청과,20250710,오이,백다다기,10.00kg,특,충청북도 제천시,25,26000,,,,trade
구리,(주)인터넷청과,20250710,오이,백다다기,10.00kg,특,충청북도 제천시,1,16000,,,,trade
구리,(주)인터넷청과,20250710,오이,백다다기,10.00kg,특,충청북도 제천시,7,14000,,,,trade
구리,(주)인터넷청과,20250710,오이,백다다기,10.00kg,특,충청북도 제천시,8,10000,,,,trade
구리,(주)인터넷청과,20250710,오이,백다다기,10.00kg,특,충청북도 제천시,10,14000,,,,trade
구리,(주)인터넷청과,20250710,오이,백다다기,10.00kg,특,충청북도 제천시,15,10000,,,,trade
구리,(주)인터넷청과,20250710,오이,백다다기,10.00kg,특,충청북도 제천시,21,24000,,,,trade
구리,(주)인터넷청과,20250710,오이,백다다기,10.00kg,특,충청북도 제천시,9,22000,,,,trade
구리,(주)인터넷청과,20250710,오이,백다다기,10.00kg,특,충청북도 제천시,5,10000,,,,trade
구리,(주)인터넷청과,20250710,오이,백다다기,10.00kg,특,충청북도 제천시,34,12000,,,,trade
구리,(주)인터넷청과,20250710,오이,백다다기,10.00kg,특,충청북도 제천시,67,26000,,,,trade
구리,(주)인터넷청과,20250710,오이,백다다기,10.00kg,특,충청북도 제천시,12,17000,,,,trade
구리,(주)인터넷청과,20250710,오이,백다다기,10.00kg,특,충청북도 제천시,5,10000,,,,trade
구리,(주)인터넷청과,20250710,오이,백다다기,10.00kg,특,충청북도 제천시,11,11000,,,,trade
구리,(주)인터넷청과,20250710,오이,백다다기,10.00kg,특,충청북도 제천시,39,24000,,,,trade
구리,(주)인터넷청과,20250710,오이,백다다기,10.00kg,특,충청북도 제천시,1,13500,,,,trade
구리,(주)인터넷청과,20250710,오이,백다다기,10.00kg,특,충청북도 제천시,4,10000,,,,trade
구리,(주)인터넷청과,20250710,오이,백다다기,10.00kg,특,충청북도 제천시,54,27000,,,,trade
구리,(주)인터넷청과,20250710,오이,백다다기,10.00kg,특,충청북도 제천시,1,14000,,,,trade
구리,(주)인터넷청과,20250710,오이,백다다기,10.00kg,특,충청북도 제천시,1,10000,,,,trade
구리,(주)인터넷청과,20250710,오이,백다다기,10.00kg,특,충청북도 제천시,9,15000,,,,trade
구리,(주)인터넷청과,20250710,오이,백다다기,10.00kg,특,충청북도 제천시,3,8000,,,,trade
구리,(주)인터넷청과,20250710,오이,백다다기,10.00kg,특,충청북도 제천시,7,21000,,,,trade
구리,(주)인터넷청과,20250710,오이,백다다기,10.00kg,특,충청북도 제천시,1,11000,,,,trade
구리,(주)인터넷청과,20250710,오이,백다다기,10.00kg,특,충청북도 제천시,10,25000,,,,trade
구리,(주)인터넷청과,20250710,오이,백다다기,10.00kg,특,충청북도 제천시,1,12000,,,,trade
구리,(주)인터넷청과,20250710,오이,백다다기,10.00kg,특,충청북도 제천시,1,11000,,,,trade
구리,(주)인터넷청과,20250710,오이,백다다기,10.00kg,특,충청북도 제천시,37,26500,,,,trade
구리,(주)인터넷청과,20250710,오이,백다다기,10.00kg,특,충청북도 제천시,6,22500,,,,trade
구리,(주)인터넷청과,20250710,오이,백다다기,10.00kg,특,충청북도 제천시,1,15000,,,,trade
구리,(주)인터넷청과,20250710,오이,백다다기,10.00kg,특,충청북도 제천시,2,12000,,,,trade
구리,(주)인터넷청과,20250710,오이,백다다기,10.00kg,특,충청북도 제천시,27,24000,,,,trade
구리,(주)인터넷청과,20250710,오이,백다다기,10.00kg,특,충청북도 제천시,13,11000,,,,trade
구리,(주)인터넷청과,20250710,오이,백다다기,10.00kg,특,충청북도 제천시,12,26500,,,,trade
구리,(주)인터넷청과,20250710,오이,백다다기,10.00kg,특,충청북도 제천시,10,18000,,,,trade
구리,(주)인터넷청과,20250710,오이,백다다기,10.00kg,특,충청북도 제천시,2,16000,,,,trade
구리,(주)인터넷청과,20250710,오이,백다다기,10.00kg,특,충청북도 제천시,1,13500,,,,trade
구리,(주)인터넷청과,20250710,오이,백다다기,10.00kg,특,충청북도 제천시,7,15000,,,,trade
구리,(주)인터넷청과,20250710,오이,백다다기,10.00kg,특,충청북도 제천시,6,16000,,,,trade
구리,(주)인터넷청과,20250710,오이,백다다기,10.00kg,특,충청북도 제천시,1,8000,,,,trade
구리,(주)인터넷청과,20250710,오이,백다다기,10.00kg,특,충청북도 제천시,55,25500,,,,trade
구리,(주)인터넷청과,20250710,오이,백다다기,10.00kg,특,충청북도 제천시,1,12000,,,,trade
구리,(주)인터넷청과,20250710,오이,백다다기,10.00kg,특,충청북도 제천시,2,10000,,,,trade
구리,(주)인터넷청과,20250710,오이,백다다기,18.00kg,특,충청남도 공주시,20,26000,,,,trade
구리,(주)인터넷청과,20250710,오이,백다다기,18.00kg,특,충청남도 공주시,10,21000,,,,trade
구리,(주)인터넷청과,20250710,오이,백다다기,18.00kg,특,충청남도 공주시,10,18000,,,,trade
구리,(주)인터넷청과,20250710,오이,백다다기,18.00kg,특,충청남도 공주시,3,18000,,,,trade
구리,(주)인터넷청과,20250710,오이,백다다기,18.00kg,특,충청남도 공주시,10,6000,,,,trade
구리,(주)인터넷청과,20250710,오이,백다다기,18.00kg,특,충청남도 공주시,9,21000,,,,trade
구리,(주)인터넷청과,20250710,오이,백다다기,18.00kg,특,충청남도 공주시,6,18000,,,,trade
구리,(주)인터넷청과,20250710,오이,백다다기,18.00kg,특,충청남도 공주시,4,8000,,,,trade
구리,(주)인터넷청과,20250710,오이,백다다기,18.00kg,특,충청남도 공주시,6,9000,,,,trade
구리,(주)인터넷청과,20250710,오이,백다다기,18.00kg,특,충청남도 공주시,14,20000,,,,trade
구리,(주)인터넷청과,20250710,오이,백다다기,18.00kg,특,충청남도 공주시,10,8000,,,,trade
구리,(주)인터넷청과,20250710,오이,백다다기,18.00kg,특,강원도 철원군,15,17000,,,,trade
구리,(주)인터넷청과,20250710,오이,백다다기,18.00kg,특,강원도 철원군,5,9000,,,,trade
구리,(주)인터넷청과,20250710,오이,백다다기,10.00kg,특,강원도 철원군,8,13000,,,,trade
구리,(주)인터넷청과,20250710,오이,백다다기,10.00kg,특,강원도 철원군,2,15000,,,,trade
구리,(주)인터넷청과,20250710,오이,백다다기,10.00kg,특,강원도 철원군,2,15000,,,,trade
구리,(주)인터넷청과,20250710,오이,백다다기,10.00kg,특,강원도 철원군,10,5500,,,,trade
구리,(주)인터넷청과,20250710,오이,백다다기,10.00kg,특,강원도 철원군,12,15000,,,,trade
구리,(주)인터넷청과,20250710,오이,백다다기,10.00kg,특,강원도 철원군,15,9000,,,,trade
구리,(주)인터넷청과,20250710,오이,백다다기,8.00kg,특,강원도 철원군,5,7000,,,,trade
구리,(주)인터넷청과,20250710,오이,백다다기,8.00kg,특,강원도 철원군,7,6500,,,,trade
구리,(주)인터넷청과,20250710,오이,백다다기,10.00kg,특,강원도 철원군,40,15500,,,,trade
구리,(주)인터넷청과,20250710,오이,백다다기,10.00kg,특,경기도 남양주시,3,11000,,,,trade
구리,(주)인터넷청과,20250710,오이,백다다기,10.00kg,특,경기도 남양주시,7,11000,,,,trade
구리,(주)인터넷청과,20250710,오이,백다다기,18.00kg,특,강원도 철원군,1,19000,,,,trade
구리,(주)인터넷청과,20250710,오이,백다다기,18.00kg,특,강원도 철원군,2,5000,,,,trade
구리,(주)인터넷청과,20250710,오이,백다다기,8.00kg,특,강원도 철원군,18,6000,,,,trade
구리,(주)인터넷청과,20250710,오이,백다다기,8.00kg,특,강원도 철원군,2,4000,,,,trade
구리,(주)인터넷청과,20250710,오이,백다다기,10.00kg,특,강원도 철원군,2,7000,,,,trade
구리,(주)인터넷청과,20250710,오이,백다다기,10.00kg,특,강원도 홍천군,22,20000,,,,trade
구리,(주)인터넷청과,20250710,오이,백다다기,10.00kg,특,강원도 홍천군,13,14000,,,,trade
구리,(주)인터넷청과,20250710,오이,백다다기,10.00kg,특,강원도 홍천군,11,18500,,,,trade
구리,(주)인터넷청과,20250710,오이,백다다기,10.00kg,특,강원도 홍천군,12,14000,,,,trade
구리,(주)인터넷청과,20250710,오이,백다다기,10.00kg,특,강원도 홍천군,4,8000,,,,trade
구리,(주)인터넷청과,20250710,오이,백다다기,18.00kg,특,강원도 홍천군,1,11000,,,,trade
구리,(주)인터넷청과,20250710,오이,백다다기,10.00kg,특,충청남도 논산시,6,9000,,,,trade
구리,(주)인터넷청과,20250710,오이,백다다기,10.00kg,특,충청남도 논산시,4,4000,,,,trade
구리,(주)인터넷청과,20250710,오이,백다다기,10.00kg,특,경기도 광주시,30,20000,,,,trade
구리,(주)인터넷청과,20250710,오이,백다다기,10.00kg,특,경기도 광주시,2,9000,,,,trade
구리,(주)인터넷청과,20250710,오이,백다다기,10.00kg,특,경기도 광주시,34,19000,,,,trade
구리,(주)인터넷청과,20250710,오이,백다다기,10.00kg,특,경기도 광주시,2,7000,,,,trade
구리,(주)인터넷청과,20250710,오이,백다다기,8.00kg,특,강원도 철원군,8,11000,,,,trade
구리,(주)인터넷청과,20250710,오이,백다다기,8.00kg,특,강원도 철원군,12,6800,,,,trade
구리,(주)인터넷청과,20250710,오이,백다다기,8.00kg,특,경기도 포천시,20,7200,,,,trade
구리,(주)인터넷청과,20250710,오이,백다다기,8.00kg,특,경기도 양주시,65,4200,,,,trade
구리,(주)인터넷청과,20250710,오이,백다다기,8.00kg,특,경기도 양주시,4,3000,,,,trade
구리,(주)인터넷청과,20250710,오이,백다다기,8.00kg,특,경기도 양주시,11,3500,,,,trade
구리,(주)인터넷청과,20250710,오이,백다다기,8.00kg,특,경기도 양주시,6,3300,,,,trade
구리,(주)인터넷청과,20250710,오이,백다다기,8.00kg,특,경기도 양주시,65,6500,,,,trade
구리,(주)인터넷청과,20250710,오이,백다다기,8.00kg,특,경기도 양주시,60,6500,,,,trade
구리,(주)인터넷청과,20250710,오이,백다다기,8.00kg,특,경기도 양주시,67,6500,,,,trade
구리,(주)인터넷청과,20250710,오이,백다다기,8.00kg,특,경기도 양주시,45,7000,,,,trade
구리,(주)인터넷청과,20250710,오이,백다다기,8.00kg,특,경기도 양주시,10,2600,,,,trade
구리,(주)인터넷청과,20250710,오이,백다다기,8.00kg,특,경기도 양주시,4,3500,,,,trade
구리,(주)인터넷청과,20250710,오이,백다다기,8.00kg,특,경기도 양주시,14,5000,,,,trade
구리,(주)인터넷청과,20250710,오이,백다다기,8.00kg,특,경기도 양주시,12,3500,,,,trade
구리,(주)인터넷청과,20250710,오이,백다다기,8.00kg,특,경기도 양주시,3,3000,,,,trade
구리,(주)인터넷청과,20250710,오이,백다다기,8.00kg,특,경기도 양주시,27,2500,,,,trade
구리,(주)인터넷청과,20250710,오이,백다다기,8.00kg,특,경기도 양주시,62,6000,,,,trade
구리,(주)인터넷청과,20250710,오이,백다다기,8.00kg,특,경기도 양주시,81,6500,,,,trade
구리,(주)인터넷청과,20250710,오이,백다다기,8.00kg,특,경기도 양주시,49,7000,,,,trade
구리,(주)인터넷청과,20250710,오이,백다다기,8.00kg,특,경기도 양주시,5,3300,,,,trade
구리,(주)인터넷청과,20250710,오이,백다다기,8.00kg,특,경기도 양주시,50,7300,,,,trade
구리,(주)인터넷청과,20250710,오이,백다다기,8.00kg,특,경기도 양주시,20,4000,,,,trade
구리,(주)인터넷청과,20250710,오이,백다다기,8.00kg,특,경기도 양주시,78,5800,,,,trade
구리,(주)인터넷청과,20250710,오이,백다다기,8.00kg,특,경기도 양주시,28,4000,,,,trade
구리,(주)인터넷청과,20250710,오이,백다다기,8.00kg,특,경기도 양주시,11,4000,,,,trade
구리,(주)인터넷청과,20250710,오이,백다다기,8.00kg,특,경기도 양주시,4,3500,,,,trade
구리,(주)인터넷청과,20250710,오이,백다다기,8.00kg,특,경기도 양주시,22,6200,,,,trade
구리,(주)인터넷청과,20250710,오이,백다다기,8.00kg,특,경기도 양주시,19,4000,,,,trade
구리,(주)인터넷청과,20250710,오이,백다다기,8.00kg,특,경기도 양주시,4,1500,,,,trade
구리,(주)인터넷청과,20250710,오이,백다다기,8.00kg,특,경기도 양주시,14,5000,,,,trade
구리,(주)인터넷청과,20250710,오이,백다다기,8.00kg,특,경기도 양주시,14,3600,,,,trade
구리,(주)인터넷청과,20250710,오이,백다다기,8.00kg,특,경기도 양주시,16,6200,,,,trade
구리,(주)인터넷청과,20250710,오이,백다다기,8.00kg,특,경기도 양주시,23,4800,,,,trade
구리,(주)인터넷청과,20250710,오이,백다다기,8.00kg,특,경기도 양주시,11,3700,,,,trade
구리,(주)인터넷청과,20250710,오이,백다다기,8.00kg,특,경기도 양주시,5,4000,,,,trade
구리,(주)인터넷청과,20250710,오이,백다다기,8.00kg,특,경기도 양주시,2,3300,,,,trade
구리,(주)인터넷청과,20250710,오이,백다다기,18.00kg,특,충청남도 부여군,5,16000,,,,trade
구리,(주)인터넷청과,20250710,오이,백다다기,18.00kg,특,충청남도 부여군,1,9000,,,,trade
구리,(주)인터넷청과,20250710,오이,백다다기,18.00kg,특,충청남도 부여군,1,8000,,,,trade
구리,(주)인터넷청과,20250710,오이,백다다기,18.00kg,특,충청남도 부여군,1,9000,,,,trade
구리,(주)인터넷청과,20250710,오이,백다다기,8.00kg,특,경기도 남양주시,4,9800,,,,trade
구리,(주)인터넷청과,20250710,오이,백다다기,10.00kg,특,경기도 양평군,7,10000,,,,trade
구리,(주)인터넷청과,20250710,오이,백다다기,10.00kg,특,경기도 양평군,6,12500,,,,trade
구리,(주)인터넷청과,20250710,오이,백다다기,10.00kg,특,경기도 남양주시,27,12000,,,,trade
구리,(주)인터넷청과,20250710,오이,백다다기,10.00kg,특,경기도 남양주시,51,13000,,,,trade
구리,(주)인터넷청과,20250710,오이,백다다기,10.00kg,특,경기도 남양주시,30,14000,,,,trade
구리,(주)인터넷청과,20250710,오이,백다다기,10.00kg,특,경기도 남양주시,59,13000,,,,trade
구리,(주)인터넷청과,20250710,오이,백다다기,10.00kg,특,경기도 남양주시,3,5000,,,,trade
구리,(주)인터넷청과,20250710,오이,백다다기,18.00kg,특,경기도 양주시,3,4000,,,,trade
구리,(주)인터넷청과,20250710,오이,백다다기,10.00kg,특,경기도 남양주시,8,17000,,,,trade
구리,(주)인터넷청과,20250710,오이,백다다기,10.00kg,특,경기도 광주시,21,16000,,,,trade
구리,(주)인터넷청과,20250710,오이,백다다기,10.00kg,특,경기도 광주시,6,8000,,,,trade
구리,(주)인터넷청과,20250710,오이,백다다기,18.00kg,특,강원도 홍천군,2,10000,,,,trade
구리,(주)인터넷청과,20250710,오이,백다다기,18.00kg,특,강원도 홍천군,3,13000,,,,trade
구리,(주)인터넷청과,20250710,오이,백다다기,18.00kg,특,강원도 홍천군,10,15000,,,,trade
구리,(주)인터넷청과,20250710,오이,백다다기,18.00kg,특,강원도 홍천군,3,13000,,,,trade
구리,(주)인터넷청과,20250710,오이,백다다기,18.00kg,특,강원도 홍천군,30,40000,,,,trade
구리,(주)인터넷청과,20250710,오이,백다다기,18.00kg,특,강원도 홍천군,30,40000,,,,trade
구리,(주)인터넷청과,20250710,오이,백다다기,18.00kg,특,강원도 홍천군,2,18000,,,,trade
구리,(주)인터넷청과,20250710,오이,백다다기,18.00kg,특,강원도 홍천군,26,44000,,,,trade
구리,(주)인터넷청과,20250710,오이,백다다기,18.00kg,특,강원도 홍천군,1,15000,,,,trade
구리,(주)인터넷청과,20250710,오이,백다다기,18.00kg,특,강원도 홍천군,14,25000,,,,trade
구리,(주)인터넷청과,20250710,오이,백다다기,18.00kg,특,강원도 홍천군,37,40000,,,,trade
구리,(주)인터넷청과,20250710,오이,백다다기,18.00kg,특,강원도 홍천군,3,12000,,,,trade
구리,(주)인터넷청과,20250710,오이,백다다기,18.00kg,특,강원도 홍천군,4,43000,,,,trade
구리,(주)인터넷청과,20250710,오이,백다다기,18.00kg,특,강원도 홍천군,1,12000,,,,trade
구리,(주)인터넷청과,20250710,오이,백다다기,18.00kg,특,강원도 홍천군,50,42000,,,,trade
구리,(주)인터넷청과,20250710,오이,백다다기,18.00kg,특,강원도 홍천군,4,13000,,,,trade
구리,(주)인터넷청과,20250710,오이,백다다기,18.00kg,특,강원도 홍천군,30,28000,,,,trade
구리,(주)인터넷청과,20250710,오이,백다다기,18.00kg,특,강원도 홍천군,2,12000,,,,trade
구리,(주)인터넷청과,20250710,오이,백다다기,10.00kg,특,강원도 홍천군,2,13000,,,,trade
구리,(주)인터넷청과,20250710,오이,백다다기,18.00kg,특,강원도 홍천군,2,44000,,,,trade
구리,(주)인터넷청과,20250710,오이,백다다기,10.00kg,특,강원도 홍천군,2,16000,,,,trade
구리,(주)인터넷청과,20250710,오이,백다다기,10.00kg,특,경기도 양평군,12,15000,,,,trade
구리,(주)인터넷청과,20250715,오이,백다다기,18.00kg,특,강원도 철원군,33,42000,,,,trade
구리,(주)인터넷청과,20250715,오이,백다다기,18.00kg,특,강원도 철원군,8,15000,,,,trade
구리,(주)인터넷청과,20250715,오이,백다다기,8.00kg,특,경기도 의정부시,6,7200,,,,trade
구리,(주)인터넷청과,20250715,오이,백다다기,10.00kg,특,경기도 광주시,28,18000,,,,trade
구리,(주)인터넷청과,20250715,오이,백다다기,10.00kg,특,경기도 광주시,4,4500,,,,trade
구리,(주)인터넷청과,20250715,오이,백다다기,10.00kg,특,경기도 광주시,12,22000,,,,trade
구리,(주)인터넷청과,20250715,오이,백다다기,10.00kg,특,경기도 광주시,2,5500,,,,trade
구리,(주)인터넷청과,20250715,오이,백다다기,8.00kg,특,경기도 양주시,54,11500,,,,trade
구리,(주)인터넷청과,20250715,오이,백다다기,8.00kg,특,경기도 양주시,20,2500,,,,trade
구리,(주)인터넷청과,20250715,오이,백다다기,8.00kg,특,경기도 양주시,85,11600,,,,trade
구리,(주)인터넷청과,20250715,오이,백다다기,8.00kg,특,경기도 양주시,42,9000,,,,trade
구리,(주)인터넷청과,20250715,오이,백다다기,8.00kg,특,경기도 양주시,29,8800,,,,trade
구리,(주)인터넷청과,20250715,오이,백다다기,8.00kg,특,경기도 양주시,37,11000,,,,trade
구리,(주)인터넷청과,20250715,오이,백다다기,8.00kg,특,경기도 양주시,5,5600,,,,trade
구리,(주)인터넷청과,20250715,오이,백다다기,8.00kg,특,경기도 양주시,70,10000,,,,trade
구리,(주)인터넷청과,20250715,오이,백다다기,8.00kg,특,경기도 양주시,60,10000,,,,trade
구리,(주)인터넷청과,20250715,오이,백다다기,8.00kg,특,경기도 양주시,51,9500,,,,trade
구리,(주)인터넷청과,20250715,오이,백다다기,8.00kg,특,경기도 양주시,50,9500,,,,trade
구리,(주)인터넷청과,20250715,오이,백다다기,8.00kg,특,경기도 양주시,81,11200,,,,trade
구리,(주)인터넷청과,20250715,오이,백다다기,8.00kg,특,경기도 양주시,10,7000,,,,trade
구리,(주)인터넷청과,20250715,오이,백다다기,8.00kg,특,경기도 양주시,40,11000,,,,trade
구리,(주)인터넷청과,20250715,오이,백다다기,8.00kg,특,경기도 양주시,10,9000,,,,trade
구리,(주)인터넷청과,20250715,오이,백다다기,8.00kg,특,경기도 양주시,4,8000,,,,trade
구리,(주)인터넷청과,20250715,오이,백다다기,8.00kg,특,경기도 양주시,2,4000,,,,trade
구리,(주)인터넷청과,20250715,오이,백다다기,8.00kg,특,경기도 양주시,3,3000,,,,trade
구리,(주)인터넷청과,20250715,오이,백다다기,8.00kg,특,경기도 양주시,55,11200,,,,trade
구리,(주)인터넷청과,20250715,오이,백다다기,18.00kg,특,충청남도 공주시,1,25000,,,,trade
구리,(주)인터넷청과,20250715,오이,백다다기,18.00kg,특,충청남도 공주시,4,14000,,,,trade
구리,(주)인터넷청과,20250715,오이,백다다기,18.00kg,특,충청남도 공주시,1,8000,,,,trade
구리,(주)인터넷청과,20250715,오이,백다다기,18.00kg,특,충청남도 공주시,3,17000,,,,trade
구리,(주)인터넷청과,20250715,오이,백다다기,18.00kg,특,충청남도 공주시,4,10000,,,,trade
구리,(주)인터넷청과,20250715,오이,백다다기,10.00kg,특,충청북도 제천시,10,24000,,,,trade
구리,(주)인터넷청과,20250715,오이,백다다기,10.00kg,특,충청북도 제천시,2,12000,,,,trade
구리,(주)인터넷청과,20250715,오이,백다다기,10.00kg,특,충청북도 제천시,15,10000,,,,trade
구리,(주)인터넷청과,20250715,오이,백다다기,10.00kg,특,충청북도 제천시,15,26000,,,,trade
구리,(주)인터넷청과,20250715,오이,백다다기,10.00kg,특,충청북도 제천시,48,30000,,,,trade
구리,(주)인터넷청과,20250715,오이,백다다기,10.00kg,특,충청북도 제천시,3,9000,,,,trade
구리,(주)인터넷청과,20250715,오이,백다다기,10.00kg,특,충청북도 제천시,2,13000,,,,trade
구리,(주)인터넷청과,20250715,오이,백다다기,10.00kg,특,충청북도 제천시,30,26000,,,,trade
구리,(주)인터넷청과,20250715,오이,백다다기,10.00kg,특,충청북도 제천시,8,34000,,,,trade
구리,(주)인터넷청과,20250715,오이,백다다기,10.00kg,특,충청북도 제천시,1,15000,,,,trade
구리,(주)인터넷청과,20250715,오이,백다다기,10.00kg,특,충청북도 제천시,68,31000,,,,trade
구리,(주)인터넷청과,20250715,오이,백다다기,10.00kg,특,충청북도 제천시,37,30000,,,,trade
구리,(주)인터넷청과,20250715,오이,백다다기,10.00kg,특,충청북도 제천시,9,15000,,,,trade
구리,(주)인터넷청과,20250715,오이,백다다기,10.00kg,특,충청북도 제천시,9,10000,,,,trade
구리,(주)인터넷청과,20250715,오이,백다다기,10.00kg,특,충청북도 제천시,20,28000,,,,trade
구리,(주)인터넷청과,20250715,오이,백다다기,10.00kg,특,충청북도 제천시,27,20000,,,,trade
구리,(주)인터넷청과,20250715,오이,백다다기,10.00kg,특,충청북도 제천시,7,14000,,,,trade
구리,(주)인터넷청과,20250715,오이,백다다기,10.00kg,특,충청북도 제천시,3,12000,,,,trade
구리,(주)인터넷청과,20250715,오이,백다다기,10.00kg,특,충청북도 제천시,5,13000,,,,trade
구리,(주)인터넷청과,20250715,오이,백다다기,10.00kg,특,충청북도 제천시,17,9500,,,,trade
구리,(주)인터넷청과,20250715,오이,백다다기,10.00kg,특,충청북도 제천시,37,30000,,,,trade
구리,(주)인터넷청과,20250715,오이,백다다기,10.00kg,특,충청북도 제천시,20,11000,,,,trade
구리,(주)인터넷청과,20250715,오이,백다다기,10.00kg,특,충청북도 제천시,51,36000,,,,trade
구리,(주)인터넷청과,20250715,오이,백다다기,10.00kg,특,충청북도 제천시,5,15000,,,,trade
구리,(주)인터넷청과,20250715,오이,백다다기,10.00kg,특,충청북도 제천시,1,9000,,,,trade
구리,(주)인터넷청과,20250715,오이,백다다기,10.00kg,특,충청북도 제천시,50,29000,,,,trade
구리,(주)인터넷청과,20250715,오이,백다다기,10.00kg,특,충청북도 제천시,16,18000,,,,trade
구리,(주)인터넷청과,20250715,오이,백다다기,10.00kg,특,충청북도 제천시,1,11000,,,,trade
구리,(주)인터넷청과,20250715,오이,백다다기,10.00kg,특,충청북도 제천시,15,12000,,,,trade
구리,(주)인터넷청과,20250715,오이,백다다기,10.00kg,특,충청북도 제천시,12,29000,,,,trade
구리,(주)인터넷청과,20250715,오이,백다다기,10.00kg,특,충청북도 제천시,3,18500,,,,trade
구리,(주)인터넷청과,20250715,오이,백다다기,10.00kg,특,충청북도 제천시,2,14000,,,,trade
구리,(주)인터넷청과,20250715,오이,백다다기,10.00kg,특,충청북도 제천시,56,30500,,,,trade
구리,(주)인터넷청과,20250715,오이,백다다기,10.00kg,특,충청북도 제천시,1,10000,,,,trade
구리,(주)인터넷청과,20250715,오이,백다다기,10.00kg,특,충청북도 제천시,1,11000,,,,trade
구리,(주)인터넷청과,20250715,오이,백다다기,10.00kg,특,충청북도 제천시,14,27000,,,,trade
구리,(주)인터넷청과,20250715,오이,백다다기,10.00kg,특,충청북도 제천시,7,14000,,,,trade
구리,(주)인터넷청과,20250715,오이,백다다기,10.00kg,특,충청북도 제천시,13,32000,,,,trade
구리,(주)인터넷청과,20250715,오이,백다다기,10.00kg,특,충청북도 제천시,9,30000,,,,trade
구리,(주)인터넷청과,20250715,오이,백다다기,10.00kg,특,충청북도 제천시,1,17000,,,,trade
구리,(주)인터넷청과,20250715,오이,백다다기,10.00kg,특,충청북도 제천시,2,11000,,,,trade
구리,(주)인터넷청과,20250715,오이,백다다기,10.00kg,특,충청북도 제천시,1,13000,,,,trade
구리,(주)인터넷청과,20250715,오이,백다다기,10.00kg,특,충청북도 제천시,14,25000,,,,trade
구리,(주)인터넷청과,20250715,오이,백다다기,10.00kg,특,충청북도 제천시,5,20000,,,,trade
구리,(주)인터넷청과,20250715,오이,백다다기,10.00kg,특,충청북도 제천시,1,10000,,,,trade
구리,(주)인터넷청과,20250715,오이,백다다기,10.00kg,특,충청북도 제천시,15,14000,,,,trade
구리,(주)인터넷청과,20250715,오이,백다다기,18.00kg,특,강원도 홍천군,1,22000,,,,trade
구리,(주)인터넷청과,20250715,오이,백다다기,18.00kg,특,강원도 홍천군,11,32000,,,,trade
구리,(주)인터넷청과,20250715,오이,백다다기,18.00kg,특,강원도 홍천군,39,52000,,,,trade
구리,(주)인터넷청과,20250715,오이,백다다기,18.00kg,특,강원도 홍천군,1,18000,,,,trade
구리,(주)인터넷청과,20250715,오이,백다다기,18.00kg,특,강원도 홍천군,21,48000,,,,trade
구리,(주)인터넷청과,20250715,오이,백다다기,18.00kg,특,강원도 홍천군,1,22000,,,,trade
구리,(주)인터넷청과,20250715,오이,백다다기,18.00kg,특,강원도 홍천군,30,48000,,,,trade
구리,(주)인터넷청과,20250715,오이,백다다기,18.00kg,특,강원도 홍천군,2,19000,,,,trade
구리,(주)인터넷청과,20250715,오이,백다다기,18.00kg,특,강원도 홍천군,29,43000,,,,trade
구리,(주)인터넷청과,20250715,오이,백다다기,18.00kg,특,강원도 홍천군,3,19000,,,,trade
구리,(주)인터넷청과,20250715,오이,백다다기,8.00kg,특,강원도 철원군,19,13200,,,,trade
구리,(주)인터넷청과,20250715,오이,백다다기,8.00kg,특,강원도 철원군,2,8900,,,,trade
구리,(주)인터넷청과,20250715,오이,백다다기,8.00kg,특,경기도 양주시,40,7800,,,,trade
구리,(주)인터넷청과,20250715,오이,백다다기,10.00kg,특,충청남도 청양군,5,6500,,,,trade
구리,(주)인터넷청과,20250715,오이,백다다기,10.00kg,특,강원도 철원군,1,6000,,,,trade
구리,(주)인터넷청과,20250715,오이,백다다기,8.00kg,특,강원도 철원군,3,12300,,,,trade
구리,(주)인터넷청과,20250715,오이,백다다기,8.00kg,특,강원도 철원군,2,11800,,,,trade
구리,(주)인터넷청과,20250715,오이,백다다기,10.00kg,특,강원도 철원군,2,16000,,,,trade
구리,(주)인터넷청과,20250715,오이,백다다기,10.00kg,특,강원도 철원군,8,20000,,,,trade
구리,(주)인터넷청과,20250715,오이,백다다기,10.00kg,특,강원도 철원군,15,16000,,,,trade
구리,(주)인터넷청과,20250715,오이,백다다기,10.00kg,특,강원도 철원군,2,5500,,,,trade
구리,(주)인터넷청과,20250715,오이,백다다기,10.00kg,특,강원도 철원군,13,13500,,,,trade
구리,(주)인터넷청과,20250715,오이,백다다기,10.00kg,특,강원도 철원군,43,21000,,,,trade
구리,(주)인터넷청과,20250715,오이,백다다기,10.00kg,특,강원도 철원군,25,19000,,,,trade
구리,(주)인터넷청과,20250715,오이,백다다기,10.00kg,특,경기도 양평군,3,12000,,,,trade
구리,(주)인터넷청과,20250715,오이,백다다기,10.00kg,특,경기도 양평군,7,12000,,,,trade
구리,(주)인터넷청과,20250715,오이,백다다기,10.00kg,특,경기도 남양주시,22,19000,,,,trade
구리,(주)인터넷청과,20250715,오이,백다다기,10.00kg,특,경기도 남양주시,2,5000,,,,trade
구리,(주)인터넷청과,20250715,오이,백다다기,10.00kg,특,경기도 남양주시,26,17000,,,,trade
구리,(주)인터넷청과,20250715,오이,백다다기,8.00kg,특,경기도 남양주시,2,13600,,,,trade
구리,(주)인터넷청과,20250715,오이,백다다기,10.00kg,특,경기도 남양주시,38,17000,,,,trade
구리,(주)인터넷청과,20250715,오이,백다다기,10.00kg,특,경기도 남양주시,46,18500,,,,trade
구리,(주)인터넷청과,20250715,오이,백다다기,10.00kg,특,경기도 남양주시,14,26000,,,,trade
구리,(주)인터넷청과,20250715,오이,백다다기,10.00kg,특,경기도 남양주시,15,18500,,,,trade
구리,(주)인터넷청과,20250715,오이,백다다기,10.00kg,특,경기도 남양주시,1,3500,,,,trade
구리,(주)인터넷청과,20250715,오이,백다다기,10.00kg,특,강원도 횡성군,6,15000,,,,trade
구리,(주)인터넷청과,20250715,오이,백다다기,10.00kg,특,강원도 횡성군,12,16000,,,,trade
구리,(주)인터넷청과,20250715,오이,백다다기,10.00kg,특,강원도 횡성군,2,6500,,,,trade
구리,(주)인터넷청과,20250715,오이,백다다기,10.00kg,특,강원도 횡성군,9,22000,,,,trade
구리,(주)인터넷청과,20250715,오이,백다다기,10.00kg,특,강원도 횡성군,10,13000,,,,trade
구리,(주)인터넷청과,20250715,오이,백다다기,10.00kg,특,강원도 횡성군,4,5500,,,,trade
구리,(주)인터넷청과,20250715,오이,백다다기,10.00kg,특,강원도 철원군,7,12000,,,,trade
구리,(주)인터넷청과,20250715,오이,백다다기,10.00kg,특,경기도 남양주시,16,11000,,,,trade
구리,(주)인터넷청과,20250715,오이,백다다기,10.00kg,특,강원도 철원군,9,13000,,,,trade
구리,(주)인터넷청과,20250715,오이,백다다기,18.00kg,특,강원도 홍천군,7,62000,,,,trade
구리,(주)인터넷청과,20250715,오이,백다다기,18.00kg,특,강원도 홍천군,3,38000,,,,trade
구리,(주)인터넷청과,20250715,오이,백다다기,18.00kg,특,강원도 홍천군,5,36000,,,,trade
구리,(주)인터넷청과,20250715,오이,백다다기,18.00kg,특,강원도 홍천군,5,21000,,,,trade
구리,(주)인터넷청과,20250715,오이,백다다기,18.00kg,특,강원도 홍천군,10,70000,,,,trade
구리,(주)인터넷청과,20250715,오이,백다다기,18.00kg,특,강원도 홍천군,1,48000,,,,trade
구리,(주)인터넷청과,20250715,오이,백다다기,18.00kg,특,강원도 홍천군,2,18000,,,,trade
구리,(주)인터넷청과,20250715,오이,백다다기,10.00kg,특,강원도 홍천군,10,23000,,,,trade
구리,(주)인터넷청과,20250715,오이,백다다기,10.00kg,특,강원도 홍천군,6,18000,,,,trade
구리,(주)인터넷청과,20250715,오이,백다다기,10.00kg,특,강원도 홍천군,36,15000,,,,trade
구리,(주)인터넷청과,20250715,오이,백다다기,18.00kg,특,강원도 홍천군,7,19000,,,,trade
구리,(주)인터넷청과,20250715,오이,백다다기,10.00kg,특,강원도 홍천군,9,15000,,,,trade
구리,(주)인터넷청과,20250715,오이,백다다기,10.00kg,특,강원도 홍천군,18,15000,,,,trade
구리,(주)인터넷청과,20250715,오이,백다다기,10.00kg,특,강원도 홍천군,3,10000,,,,trade
구리,(주)인터넷청과,20250715,오이,백다다기,18.00kg,특,강원도 홍천군,10,40000,,,,trade
구리,(주)인터넷청과,20250715,오이,백다다기,18.00kg,특,강원도 홍천군,1,11000,,,,trade
구리,(주)인터넷청과,20250715,오이,백다다기,10.00kg,특,강원도 홍천군,1,13000,,,,trade
구리,(주)인터넷청과,20250715,오이,백다다기,18.00kg,특,강원도 홍천군,2,47000,,,,trade
구리,(주)인터넷청과,20250715,오이,백다다기,10.00kg,특,강원도 홍천군,1,15000,,,,trade
구리,(주)인터넷청과,20250715,오이,백다다기,10.00kg,특,강원도 홍천군,1,18000,,,,trade
구리,(주)인터넷청과,20250715,오이,백다다기,18.00kg,특,강원도 홍천군,1,40000,,,,trade
구리,(주)인터넷청과,20250715,오이,백다다기,18.00kg,특,강원도 홍천군,1,16000,,,,trade
구리,(주)인터넷청과,20250715,오이,백다다기,18.00kg,특,강원도 홍천군,2,20000,,,,trade
구리,(주)인터넷청과,20250715,오이,백다다기,18.00kg,특,강원도 홍천군,10,19000,,,,trade
구리,(주)인터넷청과,20250717,오이,백다다기,8.00kg,특,경기도 양주시,54,10200,,,,trade
구리,(주)인터넷청과,20250717,오이,백다다기,8.00kg,특,경기도 양주시,39,8600,,,,trade
구리,(주)인터넷청과,20250717,오이,백다다기,8.00kg,특,경기도 양주시,70,8800,,,,trade
구리,(주)인터넷청과,20250717,오이,백다다기,8.00kg,특,경기도 양주시,64,7300,,,,trade
구리,(주)인터넷청과,20250717,오이,백다다기,8.00kg,특,경기도 양주시,60,9400,,,,trade
구리,(주)인터넷청과,20250717,오이,백다다기,8.00kg,특,경기도 양주시,57,10000,,,,trade
구리,(주)인터넷청과,20250717,오이,백다다기,8.00kg,특,경기도 양주시,6,8000,,,,trade
구리,(주)인터넷청과,20250717,오이,백다다기,8.00kg,특,경기도 양주시,8,6600,,,,trade
구리,(주)인터넷청과,20250717,오이,백다다기,8.00kg,특,경기도 양주시,18,9600,,,,trade
구리,(주)인터넷청과,20250717,오이,백다다기,8.00kg,특,경기도 양주시,18,5000,,,,trade
구리,(주)인터넷청과,20250717,오이,백다다기,8.00kg,특,경기도 양주시,4,4500,,,,trade
구리,(주)인터넷청과,20250717,오이,백다다기,8.00kg,특,경기도 양주시,54,11000,,,,trade
구리,(주)인터넷청과,20250717,오이,백다다기,8.00kg,특,경기도 양주시,18,7500,,,,trade
구리,(주)인터넷청과,20250717,오이,백다다기,8.00kg,특,경기도 양주시,4,8000,,,,trade
구리,(주)인터넷청과,20250717,오이,백다다기,8.00kg,특,경기도 양주시,18,2000,,,,trade
구리,(주)인터넷청과,20250717,오이,백다다기,18.00kg,특,충청남도 공주시,12,10000,,,,trade
구리,(주)인터넷청과,20250717,오이,백다다기,18.00kg,특,충청남도 공주시,8,8000,,,,trade
구리,(주)인터넷청과,20250717,오이,백다다기,18.00kg,특,충청남도 공주시,3,2000,,,,trade
구리,(주)인터넷청과,20250717,오이,백다다기,18.00kg,특,충청남도 공주시,2,15000,,,,trade
구리,(주)인터넷청과,20250717,오이,백다다기,18.00kg,특,충청남도 공주시,3,9000,,,,trade
구리,(주)인터넷청과,20250717,오이,백다다기,10.00kg,특,강원도 철원군,2,10000,,,,trade
구리,(주)인터넷청과,20250717,오이,백다다기,10.00kg,특,강원도 철원군,1,3500,,,,trade
구리,(주)인터넷청과,20250717,오이,백다다기,10.00kg,특,강원도 철원군,14,15000,,,,trade
구리,(주)인터넷청과,20250717,오이,백다다기,10.00kg,특,강원도 철원군,38,15000,,,,trade
구리,(주)인터넷청과,20250717,오이,백다다기,10.00kg,특,강원도 철원군,1,3500,,,,trade
구리,(주)인터넷청과,20250717,오이,백다다기,10.00kg,특,강원도 철원군,21,14000,,,,trade
구리,(주)인터넷청과,20250717,오이,백다다기,10.00kg,특,강원도 철원군,10,14000,,,,trade
구리,(주)인터넷청과,20250717,오이,백다다기,10.00kg,특,강원도 철원군,11,8500,,,,trade
구리,(주)인터넷청과,20250717,오이,백다다기,8.00kg,특,강원도 철원군,5,12000,,,,trade
구리,(주)인터넷청과,20250717,오이,백다다기,8.00kg,특,강원도 철원군,3,11200,,,,trade
구리,(주)인터넷청과,20250717,오이,백다다기,10.00kg,특,강원도 철원군,11,10000,,,,trade
구리,(주)인터넷청과,20250717,오이,백다다기,10.00kg,특,강원도 철원군,2,6000,,,,trade
구리,(주)인터넷청과,20250717,오이,백다다기,18.00kg,특,강원도 철원군,36,35000,,,,trade
구리,(주)인터넷청과,20250717,오이,백다다기,18.00kg,특,강원도 철원군,12,22000,,,,trade
구리,(주)인터넷청과,20250717,오이,백다다기,18.00kg,특,강원도 홍천군,9,55000,,,,trade
구리,(주)인터넷청과,20250717,오이,백다다기,18.00kg,특,강원도 홍천군,1,32000,,,,trade
구리,(주)인터넷청과,20250717,오이,백다다기,18.00kg,특,강원도 홍천군,1,15000,,,,trade
구리,(주)인터넷청과,20250717,오이,백다다기,18.00kg,특,강원도 홍천군,8,17000,,,,trade
구리,(주)인터넷청과,20250717,오이,백다다기,10.00kg,특,강원도 철원군,3,8000,,,,trade
구리,(주)인터넷청과,20250717,오이,백다다기,10.00kg,특,강원도 철원군,1,1500,,,,trade
구리,(주)인터넷청과,20250717,오이,백다다기,10.00kg,특,강원도 홍천군,10,16000,,,,trade
구리,(주)인터넷청과,20250717,오이,백다다기,18.00kg,특,강원도 홍천군,6,12000,,,,trade
구리,(주)인터넷청과,20250717,오이,백다다기,10.00kg,특,강원도 홍천군,13,11000,,,,trade
구리,(주)인터넷청과,20250717,오이,백다다기,10.00kg,특,강원도 홍천군,24,15000,,,,trade
구리,(주)인터넷청과,20250717,오이,백다다기,10.00kg,특,강원도 홍천군,1,7000,,,,trade
구리,(주)인터넷청과,20250717,오이,백다다기,10.00kg,특,경기도 광주시,11,16000,,,,trade
구리,(주)인터넷청과,20250717,오이,백다다기,10.00kg,특,경기도 광주시,2,4500,,,,trade
구리,(주)인터넷청과,20250717,오이,백다다기,8.00kg,특,강원도 철원군,30,11000,,,,trade
구리,(주)인터넷청과,20250717,오이,백다다기,8.00kg,특,경기도 양주시,79,7000,,,,trade
구리,(주)인터넷청과,20250717,오이,백다다기,8.00kg,특,경기도 양주시,1,1500,,,,trade
구리,(주)인터넷청과,20250717,오이,백다다기,10.00kg,특,강원도 횡성군,6,11000,,,,trade
구리,(주)인터넷청과,20250717,오이,백다다기,10.00kg,특,강원도 횡성군,8,10000,,,,trade
구리,(주)인터넷청과,20250717,오이,백다다기,10.00kg,특,강원도 횡성군,3,7500,,,,trade
구리,(주)인터넷청과,20250717,오이,백다다기,10.00kg,특,강원도 횡성군,3,11000,,,,trade
구리,(주)인터넷청과,20250717,오이,백다다기,10.00kg,특,강원도 횡성군,20,10000,,,,trade
구리,(주)인터넷청과,20250717,오이,백다다기,10.00kg,특,강원도 횡성군,5,6000,,,,trade
구리,(주)인터넷청과,20250717,오이,백다다기,10.00kg,특,경기도 남양주시,27,9000,,,,trade
구리,(주)인터넷청과,20250717,오이,백다다기,10.00kg,특,경기도 남양주시,39,10000,,,,trade
구리,(주)인터넷청과,20250717,오이,백다다기,8.00kg,특,경기도 남양주시,4,11500,,,,trade
구리,(주)인터넷청과,20250717,오이,백다다기,10.00kg,특,경기도 남양주시,47,10000,,,,trade
구리,(주)인터넷청과,20250717,오이,백다다기,10.00kg,특,경기도 남양주시,33,10000,,,,trade
구리,(주)인터넷청과,20250717,오이,백다다기,10.00kg,특,경기도 남양주시,1,2500,,,,trade
구리,(주)인터넷청과,20250717,오이,백다다기,10.00kg,특,경기도 양평군,4,10000,,,,trade
구리,(주)인터넷청과,20250717,오이,백다다기,10.00kg,특,경기도 남양주시,14,10500,,,,trade
구리,(주)인터넷청과,20250717,오이,백다다기,18.00kg,특,강원도 홍천군,8,50000,,,,trade
구리,(주)인터넷청과,20250717,오이,백다다기,18.00kg,특,강원도 홍천군,1,40000,,,,trade
구리,(주)인터넷청과,20250717,오이,백다다기,18.00kg,특,강원도 홍천군,2,27000,,,,trade
구리,(주)인터넷청과,20250717,오이,백다다기,18.00kg,특,강원도 홍천군,2,15000,,,,trade
구리,(주)인터넷청과,20250717,오이,백다다기,10.00kg,특,경기도 양평군,4,11000,,,,trade
구리,(주)인터넷청과,20250717,오이,백다다기,10.00kg,특,경기도 남양주시,23,10000,,,,trade
구리,(주)인터넷청과,20250717,오이,백다다기,10.00kg,특,경기도 남양주시,8,16000,,,,trade
구리,(주)인터넷청과,20250717,오이,백다다기,18.00kg,특,강원도 홍천군,2,11000,,,,trade
구리,(주)인터넷청과,20250717,오이,백다다기,18.00kg,특,강원도 홍천군,6,8000,,,,trade
구리,(주)인터넷청과,20250717,오이,백다다기,18.00kg,특,강원도 홍천군,34,38000,,,,trade
구리,(주)인터넷청과,20250717,오이,백다다기,18.00kg,특,강원도 홍천군,1,11000,,,,trade
구리,(주)인터넷청과,20250717,오이,백다다기,18.00kg,특,강원도 홍천군,29,35000,,,,trade
구리,(주)인터넷청과,20250717,오이,백다다기,18.00kg,특,강원도 홍천군,1,12000,,,,trade
구리,(주)인터넷청과,20250717,오이,백다다기,18.00kg,특,강원도 홍천군,40,34000,,,,trade
구리,(주)인터넷청과,20250717,오이,백다다기,18.00kg,특,강원도 홍천군,1,11000,,,,trade
구리,(주)인터넷청과,20250717,오이,백다다기,18.00kg,특,강원도 홍천군,24,28000,,,,trade
구리,(주)인터넷청과,20250717,오이,백다다기,18.00kg,특,강원도 홍천군,1,12000,,,,trade
구리,(주)인터넷청과,20250717,오이,백다다기,18.00kg,특,강원도 홍천군,20,25000,,,,trade
구리,(주)인터넷청과,20250717,오이,백다다기,18.00kg,특,강원도 홍천군,3,11000,,,,trade
구리,(주)인터넷청과,20250717,오이,백다다기,18.00kg,특,강원도 홍천군,5,31000,,,,trade
구리,(주)인터넷청과,20250717,오이,백다다기,18.00kg,특,강원도 홍천군,4,26000,,,,trade
구리,(주)인터넷청과,20250717,오이,백다다기,18.00kg,특,강원도 홍천군,10,30000,,,,trade
구리,(주)인터넷청과,20250717,오이,백다다기,18.00kg,특,강원도 홍천군,1,12000,,,,trade
구리,(주)인터넷청과,20250717,오이,백다다기,18.00kg,특,강원도 홍천군,1,9000,,,,trade
구리,(주)인터넷청과,20250717,오이,백다다기,18.00kg,특,강원도 홍천군,10,28000,,,,trade
구리,(주)인터넷청과,20250717,오이,백다다기,18.00kg,특,강원도 홍천군,1,8000,,,,trade
구리,(주)인터넷청과,20250717,오이,백다다기,18.00kg,특,강원도 홍천군,2,26000,,,,trade
구리,(주)인터넷청과,20250717,오이,백다다기,10.00kg,특,충청북도 제천시,55,23000,,,,trade
구리,(주)인터넷청과,20250717,오이,백다다기,10.00kg,특,충청북도 제천시,42,23500,,,,trade
구리,(주)인터넷청과,20250717,오이,백다다기,10.00kg,특,충청북도 제천시,6,14000,,,,trade
구리,(주)인터넷청과,20250717,오이,백다다기,10.00kg,특,충청북도 제천시,5,17500,,,,trade
구리,(주)인터넷청과,20250717,오이,백다다기,10.00kg,특,충청북도 제천시,7,11000,,,,trade
구리,(주)인터넷청과,20250717,오이,백다다기,10.00kg,특,충청북도 제천시,65,24500,,,,trade
구리,(주)인터넷청과,20250717,오이,백다다기,10.00kg,특,충청북도 제천시,29,20000,,,,trade
구리,(주)인터넷청과,20250717,오이,백다다기,10.00kg,특,충청북도 제천시,4,15000,,,,trade
구리,(주)인터넷청과,20250717,오이,백다다기,10.00kg,특,충청북도 제천시,4,12000,,,,trade
구리,(주)인터넷청과,20250717,오이,백다다기,10.00kg,특,충청북도 제천시,2,11000,,,,trade
구리,(주)인터넷청과,20250717,오이,백다다기,10.00kg,특,충청북도 제천시,8,11000,,,,trade
구리,(주)인터넷청과,20250717,오이,백다다기,10.00kg,특,충청북도 제천시,71,23000,,,,trade
구리,(주)인터넷청과,20250717,오이,백다다기,10.00kg,특,충청북도 제천시,21,17000,,,,trade
구리,(주)인터넷청과,20250717,오이,백다다기,10.00kg,특,충청북도 제천시,3,7000,,,,trade
구리,(주)인터넷청과,20250717,오이,백다다기,10.00kg,특,충청북도 제천시,9,7000,,,,trade
구리,(주)인터넷청과,20250717,오이,백다다기,10.00kg,특,충청북도 제천시,8,20000,,,,trade
구리,(주)인터넷청과,20250717,오이,백다다기,10.00kg,특,충청북도 제천시,9,19000,,,,trade
구리,(주)인터넷청과,20250717,오이,백다다기,10.00kg,특,충청북도 제천시,1,13000,,,,trade
구리,(주)인터넷청과,20250717,오이,백다다기,10.00kg,특,충청북도 제천시,1,8000,,,,trade
구리,(주)인터넷청과,20250717,오이,백다다기,10.00kg,특,충청북도 제천시,1,10000,,,,trade
구리,(주)인터넷청과,20250717,오이,백다다기,10.00kg,특,충청북도 제천시,9,17000,,,,trade
구리,(주)인터넷청과,20250717,오이,백다다기,10.00kg,특,충청북도 제천시,14,22000,,,,trade
구리,(주)인터넷청과,20250717,오이,백다다기,10.00kg,특,충청북도 제천시,25,20000,,,,trade
구리,(주)인터넷청과,20250717,오이,백다다기,10.00kg,특,충청북도 제천시,1,25000,,,,trade
구리,(주)인터넷청과,20250717,오이,백다다기,10.00kg,특,충청북도 제천시,7,13000,,,,trade
구리,(주)인터넷청과,20250717,오이,백다다기,10.00kg,특,충청북도 제천시,13,11000,,,,trade
구리,(주)인터넷청과,20250717,오이,백다다기,10.00kg,특,충청북도 제천시,30,18000,,,,trade
구리,(주)인터넷청과,20250717,오이,백다다기,10.00kg,특,충청북도 제천시,3,15000,,,,trade
구리,(주)인터넷청과,20250717,오이,백다다기,10.00kg,특,충청북도 제천시,3,10000,,,,trade
구리,(주)인터넷청과,20250717,오이,백다다기,10.00kg,특,충청북도 제천시,9,24000,,,,trade
구리,(주)인터넷청과,20250717,오이,백다다기,10.00kg,특,충청북도 제천시,3,14000,,,,trade
구리,(주)인터넷청과,20250717,오이,백다다기,10.00kg,특,충청북도 제천시,2,11500,,,,trade
구리,(주)인터넷청과,20250717,오이,백다다기,10.00kg,특,충청북도 제천시,1,7000,,,,trade
구리,(주)인터넷청과,20250717,오이,백다다기,10.00kg,특,충청북도 제천시,13,20000,,,,trade
구리,(주)인터넷청과,20250717,오이,백다다기,10.00kg,특,충청북도 제천시,1,4500,,,,trade
구리,(주)인터넷청과,20250717,오이,백다다기,10.00kg,특,충청북도 제천시,4,8000,,,,trade
구리,(주)인터넷청과,20250717,오이,백다다기,10.00kg,특,충청북도 제천시,11,18000,,,,trade
구리,(주)인터넷청과,20250717,오이,백다다기,10.00kg,특,충청북도 제천시,1,25000,,,,trade
구리,(주)인터넷청과,20250717,오이,백다다기,10.00kg,특,충청북도 제천시,1,8500,,,,trade
구리,(주)인터넷청과,20250717,오이,백다다기,10.00kg,특,충청북도 제천시,55,21000,,,,trade
구리,(주)인터넷청과,20250717,오이,백다다기,10.00kg,특,충청북도 제천시,40,22000,,,,trade
구리,(주)인터넷청과,20250717,오이,백다다기,10.00kg,특,충청북도 제천시,13,11000,,,,trade
구리,(주)인터넷청과,20250717,오이,백다다기,10.00kg,특,충청북도 제천시,45,26000,,,,trade
구리,(주)인터넷청과,20250717,오이,백다다기,10.00kg,특,충청북도 제천시,12,18500,,,,trade
구리,(주)인터넷청과,20250717,오이,백다다기,10.00kg,특,충청북도 제천시,2,6500,,,,trade
구리,(주)인터넷청과,20250717,오이,백다다기,10.00kg,특,충청북도 제천시,61,23000,,,,trade
구리,(주)인터넷청과,20250717,오이,백다다기,10.00kg,특,충청북도 제천시,11,18000,,,,trade
구리,(주)인터넷청과,20250717,오이,백다다기,10.00kg,특,충청북도 제천시,2,12000,,,,trade
구리,(주)인터넷청과,20250717,오이,백다다기,10.00kg,특,충청북도 제천시,12,10000,,,,trade
구리,(주)인터넷청과,20250717,오이,백다다기,10.00kg,특,충청북도 제천시,11,18000,,,,trade
구리,(주)인터넷청과,20250717,오이,백다다기,10.00kg,특,충청북도 제천시,7,15000,,,,trade
구리,(주)인터넷청과,20250717,오이,백다다기,10.00kg,특,충청북도 제천시,1,9000,,,,trade
구리,(주)인터넷청과,20250717,오이,백다다기,10.00kg,특,충청북도 제천시,17,11000,,,,trade
구리,(주)인터넷청과,20250717,오이,백다다기,10.00kg,특,충청북도 제천시,13,20000,,,,trade
구리,(주)인터넷청과,20250722,오이,백다다기,18.00kg,특,강원도 홍천군,16,28000,,,,trade
구리,(주)인터넷청과,20250722,오이,백다다기,18.00kg,특,강원도 홍천군,30,33000,,,,trade
구리,(주)인터넷청과,20250722,오이,백다다기,18.00kg,특,강원도 홍천군,2,10000,,,,trade
구리,(주)인터넷청과,20250722,오이,백다다기,18.00kg,특,강원도 홍천군,2,12000,,,,trade
구리,(주)인터넷청과,20250722,오이,백다다기,18.00kg,특,강원도 홍천군,1,15000,,,,trade
구리,(주)인터넷청과,20250722,오이,백다다기,18.00kg,특,강원도 홍천군,3,16000,,,,trade
구리,(주)인터넷청과,20250722,오이,백다다기,18.00kg,특,강원도 홍천군,2,14000,,,,trade
구리,(주)인터넷청과,20250722,오이,백다다기,18.00kg,특,강원도 홍천군,1,11000,,,,trade
구리,(주)인터넷청과,20250722,오이,백다다기,18.00kg,특,강원도 홍천군,1,11000,,,,trade
구리,(주)인터넷청과,20250722,오이,백다다기,18.00kg,특,강원도 홍천군,1,10000,,,,trade
구리,(주)인터넷청과,20250722,오이,백다다기,10.00kg,특,강원도 홍천군,2,11000,,,,trade
구리,(주)인터넷청과,20250722,오이,백다다기,18.00kg,특,강원도 홍천군,3,17000,,,,trade
구리,(주)인터넷청과,20250722,오이,백다다기,10.00kg,특,강원도 홍천군,8,9000,,,,trade
구리,(주)인터넷청과,20250722,오이,백다다기,10.00kg,특,강원도 홍천군,4,11000,,,,trade
구리,(주)인터넷청과,20250722,오이,백다다기,18.00kg,특,강원도 홍천군,9,49000,,,,trade
구리,(주)인터넷청과,20250722,오이,백다다기,18.00kg,특,강원도 홍천군,1,39000,,,,trade
구리,(주)인터넷청과,20250722,오이,백다다기,18.00kg,특,강원도 홍천군,15,14000,,,,trade
구리,(주)인터넷청과,20250722,오이,백다다기,10.00kg,특,충청북도 제천시,40,18000,,,,trade
구리,(주)인터넷청과,20250722,오이,백다다기,10.00kg,특,충청북도 제천시,10,12000,,,,trade
구리,(주)인터넷청과,20250722,오이,백다다기,10.00kg,특,충청북도 제천시,33,16000,,,,trade
구리,(주)인터넷청과,20250722,오이,백다다기,10.00kg,특,충청북도 제천시,7,7500,,,,trade
구리,(주)인터넷청과,20250722,오이,백다다기,10.00kg,특,충청북도 제천시,80,13000,,,,trade
구리,(주)인터넷청과,20250722,오이,백다다기,10.00kg,특,충청북도 제천시,8,8000,,,,trade
구리,(주)인터넷청과,20250722,오이,백다다기,10.00kg,특,충청북도 제천시,8,10000,,,,trade
구리,(주)인터넷청과,20250722,오이,백다다기,10.00kg,특,충청북도 제천시,5,8000,,,,trade
구리,(주)인터넷청과,20250722,오이,백다다기,10.00kg,특,충청북도 제천시,55,17500,,,,trade
구리,(주)인터넷청과,20250722,오이,백다다기,10.00kg,특,충청북도 제천시,50,18000,,,,trade
구리,(주)인터넷청과,20250722,오이,백다다기,10.00kg,특,충청북도 제천시,78,14000,,,,trade
구리,(주)인터넷청과,20250722,오이,백다다기,10.00kg,특,충청북도 제천시,2,7000,,,,trade
구리,(주)인터넷청과,20250722,오이,백다다기,10.00kg,특,충청북도 제천시,6,6000,,,,trade
구리,(주)인터넷청과,20250722,오이,백다다기,10.00kg,특,충청북도 제천시,22,15000,,,,trade
구리,(주)인터넷청과,20250722,오이,백다다기,10.00kg,특,충청북도 제천시,9,8000,,,,trade
구리,(주)인터넷청과,20250722,오이,백다다기,10.00kg,특,충청북도 제천시,3,8000,,,,trade
구리,(주)인터넷청과,20250722,오이,백다다기,10.00kg,특,충청북도 제천시,5,8000,,,,trade
구리,(주)인터넷청과,20250722,오이,백다다기,10.00kg,특,충청북도 제천시,24,17000,,,,trade
구리,(주)인터넷청과,20250722,오이,백다다기,10.00kg,특,충청북도 제천시,5,10000,,,,trade
구리,(주)인터넷청과,20250722,오이,백다다기,10.00kg,특,충청북도 제천시,5,5000,,,,trade
구리,(주)인터넷청과,20250722,오이,백다다기,10.00kg,특,충청북도 제천시,50,17000,,,,trade
구리,(주)인터넷청과,20250722,오이,백다다기,10.00kg,특,충청북도 제천시,16,12000,,,,trade
구리,(주)인터넷청과,20250722,오이,백다다기,10.00kg,특,충청북도 제천시,16,7000,,,,trade
구리,(주)인터넷청과,20250722,오이,백다다기,10.00kg,특,충청북도 제천시,60,15000,,,,trade
구리,(주)인터넷청과,20250722,오이,백다다기,10.00kg,특,충청북도 제천시,4,6000,,,,trade
구리,(주)인터넷청과,20250722,오이,백다다기,10.00kg,특,충청북도 제천시,6,9000,,,,trade
구리,(주)인터넷청과,20250722,오이,백다다기,10.00kg,특,충청북도 제천시,5,20000,,,,trade
구리,(주)인터넷청과,20250722,오이,백다다기,10.00kg,특,충청북도 제천시,19,17000,,,,trade
구리,(주)인터넷청과,20250722,오이,백다다기,10.00kg,특,충청북도 제천시,1,10000,,,,trade
구리,(주)인터넷청과,20250722,오이,백다다기,10.00kg,특,충청북도 제천시,16,20000,,,,trade
구리,(주)인터넷청과,20250722,오이,백다다기,10.00kg,특,충청북도 제천시,6,20000,,,,trade
구리,(주)인터넷청과,20250722,오이,백다다기,10.00kg,특,충청북도 제천시,2,10000,,,,trade
구리,(주)인터넷청과,20250722,오이,백다다기,10.00kg,특,충청북도 제천시,1,6500,,,,trade
구리,(주)인터넷청과,20250722,오이,백다다기,10.00kg,특,충청북도 제천시,1,6500,,,,trade
구리,(주)인터넷청과,20250722,오이,백다다기,10.00kg,특,충청북도 제천시,13,16000,,,,trade
구리,(주)인터넷청과,20250722,오이,백다다기,10.00kg,특,충청북도 제천시,5,12000,,,,trade
구리,(주)인터넷청과,20250722,오이,백다다기,10.00kg,특,충청북도 제천시,4,10000,,,,trade
구리,(주)인터넷청과,20250722,오이,백다다기,10.00kg,특,충청북도 제천시,15,8500,,,,trade
구리,(주)인터넷청과,20250722,오이,백다다기,10.00kg,특,충청북도 제천시,10,16000,,,,trade
구리,(주)인터넷청과,20250722,오이,백다다기,10.00kg,특,충청북도 제천시,23,15000,,,,trade
구리,(주)인터넷청과,20250722,오이,백다다기,10.00kg,특,충청북도 제천시,1,6000,,,,trade
구리,(주)인터넷청과,20250722,오이,백다다기,10.00kg,특,충청북도 제천시,23,15000,,,,trade
구리,(주)인터넷청과,20250722,오이,백다다기,10.00kg,특,충청북도 제천시,17,13000,,,,trade
구리,(주)인터넷청과,20250722,오이,백다다기,10.00kg,특,충청북도 제천시,25,16000,,,,trade
구리,(주)인터넷청과,20250722,오이,백다다기,10.00kg,특,충청북도 제천시,29,19000,,,,trade
구리,(주)인터넷청과,20250722,오이,백다다기,10.00kg,특,충청북도 제천시,5,13000,,,,trade
구리,(주)인터넷청과,20250722,오이,백다다기,10.00kg,특,충청북도 제천시,9,8000,,,,trade
구리,(주)인터넷청과,20250722,오이,백다다기,10.00kg,특,충청북도 제천시,9,7000,,,,trade
구리,(주)인터넷청과,20250722,오이,백다다기,18.00kg,특,강원도 철원군,9,13000,,,,trade
구리,(주)인터넷청과,20250722,오이,백다다기,18.00kg,특,강원도 철원군,16,21000,,,,trade
구리,(주)인터넷청과,20250722,오이,백다다기,8.00kg,특,강원도 철원군,2,13800,,,,trade
구리,(주)인터넷청과,20250722,오이,백다다기,8.00kg,특,강원도 철원군,14,17000,,,,trade
구리,(주)인터넷청과,20250722,오이,백다다기,8.00kg,특,강원도 철원군,16,18200,,,,trade
구리,(주)인터넷청과,20250722,오이,백다다기,10.00kg,특,강원도 철원군,3,5000,,,,trade
구리,(주)인터넷청과,20250722,오이,백다다기,10.00kg,특,강원도 철원군,4,4500,,,,trade
구리,(주)인터넷청과,20250722,오이,백다다기,10.00kg,특,강원도 철원군,7,6500,,,,trade
구리,(주)인터넷청과,20250722,오이,백다다기,10.00kg,특,경기도 양평군,2,5000,,,,trade
구리,(주)인터넷청과,20250722,오이,백다다기,8.00kg,특,경기도 남양주시,5,17000,,,,trade
구리,(주)인터넷청과,20250722,오이,백다다기,10.00kg,특,경기도 남양주시,9,5000,,,,trade
구리,(주)인터넷청과,20250722,오이,백다다기,10.00kg,특,강원도 철원군,13,6000,,,,trade
구리,(주)인터넷청과,20250722,오이,백다다기,8.00kg,특,강원도 철원군,1,13500,,,,trade
구리,(주)인터넷청과,20250722,오이,백다다기,8.00kg,특,강원도 철원군,9,18000,,,,trade
구리,(주)인터넷청과,20250722,오이,백다다기,10.00kg,특,강원도 홍천군,17,5000,,,,trade
구리,(주)인터넷청과,20250722,오이,백다다기,10.00kg,특,강원도 홍천군,15,11000,,,,trade
구리,(주)인터넷청과,20250722,오이,백다다기,10.00kg,특,강원도 홍천군,2,8000,,,,trade
구리,(주)인터넷청과,20250722,오이,백다다기,10.00kg,특,강원도 홍천군,4,12000,,,,trade
구리,(주)인터넷청과,20250722,오이,백다다기,10.00kg,특,강원도 홍천군,3,10000,,,,trade
구리,(주)인터넷청과,20250722,오이,백다다기,18.00kg,특,강원도 홍천군,17,14000,,,,trade
구리,(주)인터넷청과,20250722,오이,백다다기,10.00kg,특,강원도 홍천군,28,6000,,,,trade
구리,(주)인터넷청과,20250722,오이,백다다기,10.00kg,특,강원도 홍천군,20,15000,,,,trade
구리,(주)인터넷청과,20250722,오이,백다다기,18.00kg,특,강원도 홍천군,1,12000,,,,trade
구리,(주)인터넷청과,20250722,오이,백다다기,18.00kg,특,강원도 홍천군,6,16000,,,,trade
구리,(주)인터넷청과,20250722,오이,백다다기,18.00kg,특,강원도 홍천군,4,19000,,,,trade
구리,(주)인터넷청과,20250722,오이,백다다기,18.00kg,특,강원도 홍천군,1,36000,,,,trade
구리,(주)인터넷청과,20250722,오이,백다다기,18.00kg,특,강원도 홍천군,18,43000,,,,trade
구리,(주)인터넷청과,20250722,오이,백다다기,8.00kg,특,경기도 양주시,5,13000,,,,trade
구리,(주)인터넷청과,20250722,오이,백다다기,8.00kg,특,경기도 양주시,10,16300,,,,trade
구리,(주)인터넷청과,20250722,오이,백다다기,8.00kg,특,경기도 양주시,19,15600,,,,trade
구리,(주)인터넷청과,20250722,오이,백다다기,8.00kg,특,경기도 양주시,33,14000,,,,trade
구리,(주)인터넷청과,20250722,오이,백다다기,10.00kg,특,경기도 용인시,20,13000,,,,trade
구리,(주)인터넷청과,20250722,오이,백다다기,10.00kg,특,경기도 남양주시,1,1500,,,,trade
구리,(주)인터넷청과,20250722,오이,백다다기,10.00kg,특,경기도 남양주시,3,3000,,,,trade
구리,(주)인터넷청과,20250722,오이,백다다기,10.00kg,특,경기도 양평군,6,7000,,,,trade
구리,(주)인터넷청과,20250722,오이,백다다기,10.00kg,특,경기도 남양주시,1,2500,,,,trade
구리,(주)인터넷청과,20250722,오이,백다다기,10.00kg,특,경기도 남양주시,13,14000,,,,trade
구리,(주)인터넷청과,20250722,오이,백다다기,18.00kg,특,강원도 홍천군,3,7000,,,,trade
구리,(주)인터넷청과,20250722,오이,백다다기,18.00kg,특,강원도 홍천군,1,7000,,,,trade
구리,(주)인터넷청과,20250722,오이,백다다기,18.00kg,특,강원도 홍천군,5,7000,,,,trade
구리,(주)인터넷청과,20250722,오이,백다다기,10.00kg,특,경기도 여주군,12,1500,,,,trade
구리,(주)인터넷청과,20250722,오이,백다다기,10.00kg,특,경기도 여주군,16,8000,,,,trade
구리,(주)인터넷청과,20250722,오이,백다다기,10.00kg,특,경기도 광주시,4,4000,,,,trade
구리,(주)인터넷청과,20250722,오이,백다다기,10.00kg,특,경기도 광주시,13,12000,,,,trade
구리,(주)인터넷청과,20250722,오이,백다다기,10.00kg,특,경기도 광주시,2,4500,,,,trade
구리,(주)인터넷청과,20250722,오이,백다다기,10.00kg,특,경기도 광주시,17,10000,,,,trade
구리,(주)인터넷청과,20250722,오이,백다다기,18.00kg,특,강원도 철원군,14,28000,,,,trade
구리,(주)인터넷청과,20250722,오이,백다다기,18.00kg,특,강원도 철원군,6,12000,,,,trade
구리,(주)인터넷청과,20250722,오이,백다다기,10.00kg,특,강원도 철원군,7,7000,,,,trade
구리,(주)인터넷청과,20250722,오이,백다다기,18.00kg,특,강원도 홍천군,15,42000,,,,trade
구리,(주)인터넷청과,20250722,오이,백다다기,18.00kg,특,강원도 홍천군,2,36000,,,,trade
구리,(주)인터넷청과,20250722,오이,백다다기,18.00kg,특,강원도 홍천군,6,20000,,,,trade
구리,(주)인터넷청과,20250722,오이,백다다기,18.00kg,특,강원도 홍천군,4,18000,,,,trade
구리,(주)인터넷청과,20250722,오이,백다다기,18.00kg,특,강원도 홍천군,13,16000,,,,trade
구리,(주)인터넷청과,20250722,오이,백다다기,18.00kg,특,강원도 홍천군,13,29000,,,,trade
구리,(주)인터넷청과,20250722,오이,백다다기,18.00kg,특,강원도 홍천군,1,11000,,,,trade
구리,(주)인터넷청과,20250722,오이,백다다기,18.00kg,특,강원도 홍천군,24,33000,,,,trade
구리,(주)인터넷청과,20250722,오이,백다다기,18.00kg,특,강원도 홍천군,1,10000,,,,trade
구리,(주)인터넷청과,20250722,오이,백다다기,18.00kg,특,강원도 홍천군,20,20000,,,,trade
구리,(주)인터넷청과,20250722,오이,백다다기,18.00kg,특,강원도 홍천군,1,10000,,,,trade
구리,(주)인터넷청과,20250722,오이,백다다기,18.00kg,특,강원도 홍천군,2,13000,,,,trade
구리,(주)인터넷청과,20250722,오이,백다다기,18.00kg,특,강원도 홍천군,2,22000,,,,trade
구리,(주)인터넷청과,20250722,오이,백다다기,18.00kg,특,강원도 홍천군,7,18000,,,,trade
구리,(주)인터넷청과,20250722,오이,백다다기,18.00kg,특,강원도 홍천군,3,15000,,,,trade
구리,(주)인터넷청과,20250722,오이,백다다기,18.00kg,특,강원도 홍천군,3,11000,,,,trade
구리,(주)인터넷청과,20250722,오이,백다다기,10.00kg,특,충청북도 제천시,65,16000,,,,trade
구리,(주)인터넷청과,20250722,오이,백다다기,10.00kg,특,충청북도 제천시,15,10000,,,,trade
구리,(주)인터넷청과,20250722,오이,백다다기,8.00kg,특,강원도 철원군,29,17000,,,,trade
구리,(주)인터넷청과,20250722,오이,백다다기,8.00kg,특,강원도 철원군,15,15500,,,,trade
구리,(주)인터넷청과,20250722,오이,백다다기,8.00kg,특,강원도 철원군,4,16500,,,,trade
구리,(주)인터넷청과,20250722,오이,백다다기,8.00kg,특,강원도 철원군,3,17000,,,,trade
구리,(주)인터넷청과,20250722,오이,백다다기,18.00kg,특,강원도 철원군,1,13000,,,,trade
구리,(주)인터넷청과,20250722,오이,백다다기,10.00kg,특,강원도 철원군,6,10000,,,,trade
구리,(주)인터넷청과,20250722,오이,백다다기,10.00kg,특,강원도 철원군,11,8000,,,,trade
구리,(주)인터넷청과,20250722,오이,백다다기,10.00kg,특,강원도 철원군,10,8000,,,,trade
구리,(주)인터넷청과,20250722,오이,백다다기,5.00kg,특,강원도 철원군,4,7000,,,,trade
구리,(주)인터넷청과,20250722,오이,백다다기,10.00kg,특,경기도 남양주시,19,8000,,,,trade
구리,(주)인터넷청과,20250722,오이,백다다기,8.00kg,특,경기도 남양주시,9,15200,,,,trade
구리,(주)인터넷청과,20250722,오이,백다다기,10.00kg,특,경기도 양평군,3,8000,,,,trade
구리,(주)인터넷청과,20250722,오이,백다다기,8.00kg,특,강원도 철원군,2,10000,,,,trade
구리,(주)인터넷청과,20250722,오이,백다다기,8.00kg,특,강원도 철원군,9,15500,,,,trade
구리,(주)인터넷청과,20250722,오이,백다다기,8.00kg,특,경기도 양주시,28,9000,,,,trade
구리,(주)인터넷청과,20250722,오이,백다다기,8.00kg,특,경기도 양주시,16,12000,,,,trade
구리,(주)인터넷청과,20250722,오이,백다다기,8.00kg,특,경기도 양주시,13,13200,,,,trade
구리,(주)인터넷청과,20250722,오이,백다다기,8.00kg,특,경기도 양주시,8,12100,,,,trade
구리,(주)인터넷청과,20250722,오이,백다다기,8.00kg,특,경기도 양주시,1,8000,,,,trade
구리,(주)인터넷청과,20250722,오이,백다다기,18.00kg,특,강원도 홍천군,12,43000,,,,trade
구리,(주)인터넷청과,20250722,오이,백다다기,18.00kg,특,강원도 홍천군,1,17000,,,,trade
구리,(주)인터넷청과,20250722,오이,백다다기,18.00kg,특,강원도 홍천군,1,33000,,,,trade
구리,(주)인터넷청과,20250722,오이,백다다기,18.00kg,특,강원도 홍천군,10,16000,,,,trade
구리,(주)인터넷청과,20250722,오이,백다다기,10.00kg,특,경기도 남양주시,11,13000,,,,trade
구리,(주)인터넷청과,20250722,오이,백다다기,10.00kg,특,강원도 홍천군,8,13000,,,,trade
구리,(주)인터넷청과,20250722,오이,백다다기,10.00kg,특,강원도 홍천군,7,9000,,,,trade
구리,(주)인터넷청과,20250722,오이,백다다기,10.00kg,특,강원도 홍천군,15,14000,,,,trade
구리,(주)인터넷청과,20250722,오이,백다다기,10.00kg,특,강원도 홍천군,15,7000,,,,trade
구리,(주)인터넷청과,20250722,오이,백다다기,10.00kg,특,강원도 홍천군,5,14000,,,,trade
구리,(주)인터넷청과,20250722,오이,백다다기,18.00kg,특,강원도 홍천군,4,11000,,,,trade
구리,(주)인터넷청과,20250722,오이,백다다기,18.00kg,특,강원도 홍천군,1,10000,,,,trade
구리,(주)인터넷청과,20250722,오이,백다다기,18.00kg,특,강원도 홍천군,3,9000,,,,trade
구리,(주)인터넷청과,20250722,오이,백다다기,10.00kg,특,경기도 광주시,15,13000,,,,trade
구리,(주)인터넷청과,20250722,오이,백다다기,10.00kg,특,경기도 광주시,3,4000,,,,trade
구리,(주)인터넷청과,20250724,오이,백다다기,18.00kg,특,강원도 홍천군,40,52000,,,,trade
구리,(주)인터넷청과,20250724,오이,백다다기,18.00kg,특,강원도 홍천군,1,20000,,,,trade
구리,(주)인터넷청과,20250724,오이,백다다기,18.00kg,특,강원도 홍천군,20,54000,,,,trade
구리,(주)인터넷청과,20250724,오이,백다다기,18.00kg,특,강원도 홍천군,40,50000,,,,trade
구리,(주)인터넷청과,20250724,오이,백다다기,18.00kg,특,강원도 홍천군,18,45000,,,,trade
구리,(주)인터넷청과,20250724,오이,백다다기,18.00kg,특,강원도 홍천군,1,22000,,,,trade
구리,(주)인터넷청과,20250724,오이,백다다기,18.00kg,특,강원도 홍천군,15,33000,,,,trade
구리,(주)인터넷청과,20250724,오이,백다다기,18.00kg,특,강원도 홍천군,1,21000,,,,trade
구리,(주)인터넷청과,20250724,오이,백다다기,18.00kg,특,강원도 홍천군,1,28000,,,,trade
구리,(주)인터넷청과,20250724,오이,백다다기,18.00kg,특,강원도 홍천군,1,22000,,,,trade
구리,(주)인터넷청과,20250724,오이,백다다기,18.00kg,특,강원도 홍천군,3,37000,,,,trade
구리,(주)인터넷청과,20250724,오이,백다다기,18.00kg,특,강원도 홍천군,2,33000,,,,trade
구리,(주)인터넷청과,20250724,오이,백다다기,18.00kg,특,강원도 홍천군,1,30000,,,,trade
구리,(주)인터넷청과,20250724,오이,백다다기,18.00kg,특,강원도 홍천군,1,33000,,,,trade
구리,(주)인터넷청과,20250724,오이,백다다기,18.00kg,특,강원도 홍천군,2,22000,,,,trade
구리,(주)인터넷청과,20250724,오이,백다다기,10.00kg,특,강원도 홍천군,11,27000,,,,trade
구리,(주)인터넷청과,20250724,오이,백다다기,10.00kg,특,강원도 홍천군,4,28000,,,,trade
구리,(주)인터넷청과,20250724,오이,백다다기,10.00kg,특,강원도 홍천군,3,16000,,,,trade
구리,(주)인터넷청과,20250724,오이,백다다기,10.00kg,특,강원도 홍천군,3,26000,,,,trade
구리,(주)인터넷청과,20250724,오이,백다다기,10.00kg,특,강원도 홍천군,2,29000,,,,trade
구리,(주)인터넷청과,20250724,오이,백다다기,10.00kg,특,충청북도 제천시,40,32000,,,,trade
구리,(주)인터넷청과,20250724,오이,백다다기,10.00kg,특,충청북도 제천시,8,14000,,,,trade
구리,(주)인터넷청과,20250724,오이,백다다기,10.00kg,특,충청북도 제천시,34,35000,,,,trade
구리,(주)인터넷청과,20250724,오이,백다다기,10.00kg,특,충청북도 제천시,9,18000,,,,trade
구리,(주)인터넷청과,20250724,오이,백다다기,10.00kg,특,충청북도 제천시,2,13000,,,,trade
구리,(주)인터넷청과,20250724,오이,백다다기,10.00kg,특,충청북도 제천시,13,14000,,,,trade
구리,(주)인터넷청과,20250724,오이,백다다기,10.00kg,특,충청북도 제천시,23,26000,,,,trade
구리,(주)인터넷청과,20250724,오이,백다다기,10.00kg,특,충청북도 제천시,4,16000,,,,trade
구리,(주)인터넷청과,20250724,오이,백다다기,10.00kg,특,충청북도 제천시,2,13000,,,,trade
구리,(주)인터넷청과,20250724,오이,백다다기,10.00kg,특,충청북도 제천시,5,14000,,,,trade
구리,(주)인터넷청과,20250724,오이,백다다기,10.00kg,특,충청북도 제천시,9,13000,,,,trade
구리,(주)인터넷청과,20250724,오이,백다다기,10.00kg,특,충청북도 제천시,5,28000,,,,trade
구리,(주)인터넷청과,20250724,오이,백다다기,10.00kg,특,충청북도 제천시,33,14000,,,,trade
구리,(주)인터넷청과,20250724,오이,백다다기,10.00kg,특,충청북도 제천시,21,30000,,,,trade
구리,(주)인터넷청과,20250724,오이,백다다기,10.00kg,특,충청북도 제천시,8,32000,,,,trade
구리,(주)인터넷청과,20250724,오이,백다다기,10.00kg,특,충청북도 제천시,3,24000,,,,trade
구리,(주)인터넷청과,20250724,오이,백다다기,10.00kg,특,충청북도 제천시,1,12000,,,,trade
구리,(주)인터넷청과,20250724,오이,백다다기,10.00kg,특,충청북도 제천시,11,16000,,,,trade
구리,(주)인터넷청과,20250724,오이,백다다기,10.00kg,특,충청북도 제천시,48,32000,,,,trade
구리,(주)인터넷청과,20250724,오이,백다다기,10.00kg,특,충청북도 제천시,6,22000,,,,trade
구리,(주)인터넷청과,20250724,오이,백다다기,10.00kg,특,충청북도 제천시,1,14000,,,,trade
구리,(주)인터넷청과,20250724,오이,백다다기,10.00kg,특,충청북도 제천시,12,36000,,,,trade
구리,(주)인터넷청과,20250724,오이,백다다기,10.00kg,특,충청북도 제천시,9,38000,,,,trade
구리,(주)인터넷청과,20250724,오이,백다다기,10.00kg,특,충청북도 제천시,1,23000,,,,trade
구리,(주)인터넷청과,20250724,오이,백다다기,10.00kg,특,충청북도 제천시,48,37500,,,,trade
구리,(주)인터넷청과,20250724,오이,백다다기,10.00kg,특,충청북도 제천시,46,38000,,,,trade
구리,(주)인터넷청과,20250724,오이,백다다기,10.00kg,특,충청북도 제천시,33,21000,,,,trade
구리,(주)인터넷청과,20250724,오이,백다다기,10.00kg,특,충청북도 제천시,12,13000,,,,trade
구리,(주)인터넷청과,20250724,오이,백다다기,10.00kg,특,충청북도 제천시,10,20000,,,,trade
구리,(주)인터넷청과,20250724,오이,백다다기,10.00kg,특,충청북도 제천시,12,13000,,,,trade
구리,(주)인터넷청과,20250724,오이,백다다기,10.00kg,특,충청북도 제천시,17,28000,,,,trade
구리,(주)인터넷청과,20250724,오이,백다다기,10.00kg,특,충청북도 제천시,1,16000,,,,trade
구리,(주)인터넷청과,20250724,오이,백다다기,10.00kg,특,충청북도 제천시,1,12000,,,,trade
구리,(주)인터넷청과,20250724,오이,백다다기,10.00kg,특,충청북도 제천시,26,32000,,,,trade
구리,(주)인터넷청과,20250724,오이,백다다기,10.00kg,특,충청북도 제천시,1,15000,,,,trade
구리,(주)인터넷청과,20250724,오이,백다다기,10.00kg,특,충청북도 제천시,10,13000,,,,trade
구리,(주)인터넷청과,20250724,오이,백다다기,10.00kg,특,충청북도 제천시,52,23000,,,,trade
구리,(주)인터넷청과,20250724,오이,백다다기,10.00kg,특,충청북도 제천시,8,16000,,,,trade
구리,(주)인터넷청과,20250724,오이,백다다기,10.00kg,특,충청북도 제천시,50,13000,,,,trade
구리,(주)인터넷청과,20250724,오이,백다다기,10.00kg,특,충청북도 제천시,24,25000,,,,trade
구리,(주)인터넷청과,20250724,오이,백다다기,10.00kg,특,충청북도 제천시,5,15000,,,,trade
구리,(주)인터넷청과,20250724,오이,백다다기,10.00kg,특,충청북도 제천시,10,30000,,,,trade
구리,(주)인터넷청과,20250724,오이,백다다기,10.00kg,특,충청북도 제천시,1,12000,,,,trade
구리,(주)인터넷청과,20250724,오이,백다다기,10.00kg,특,충청북도 제천시,1,15000,,,,trade
구리,(주)인터넷청과,20250724,오이,백다다기,10.00kg,특,충청북도 제천시,15,26000,,,,trade
구리,(주)인터넷청과,20250724,오이,백다다기,10.00kg,특,충청북도 제천시,21,38000,,,,trade
구리,(주)인터넷청과,20250724,오이,백다다기,10.00kg,특,충청북도 제천시,2,16000,,,,trade
구리,(주)인터넷청과,20250724,오이,백다다기,10.00kg,특,충청북도 제천시,50,25000,,,,trade
구리,(주)인터넷청과,20250724,오이,백다다기,10.00kg,특,충청북도 제천시,7,21000,,,,trade
구리,(주)인터넷청과,20250724,오이,백다다기,8.00kg,특,강원도 철원군,3,13000,,,,trade
구리,(주)인터넷청과,20250724,오이,백다다기,8.00kg,특,강원도 철원군,20,24000,,,,trade
구리,(주)인터넷청과,20250724,오이,백다다기,8.00kg,특,강원도 철원군,14,23000,,,,trade
구리,(주)인터넷청과,20250724,오이,백다다기,8.00kg,특,강원도 철원군,26,23000,,,,trade
구리,(주)인터넷청과,20250724,오이,백다다기,8.00kg,특,강원도 철원군,3,22500,,,,trade
구리,(주)인터넷청과,20250724,오이,백다다기,8.00kg,특,강원도 철원군,10,24000,,,,trade
구리,(주)인터넷청과,20250724,오이,백다다기,10.00kg,특,강원도 철원군,1,8000,,,,trade
구리,(주)인터넷청과,20250724,오이,백다다기,10.00kg,특,강원도 철원군,6,13000,,,,trade
구리,(주)인터넷청과,20250724,오이,백다다기,18.00kg,특,강원도 철원군,9,22000,,,,trade
구리,(주)인터넷청과,20250724,오이,백다다기,18.00kg,특,강원도 철원군,32,40000,,,,trade
구리,(주)인터넷청과,20250724,오이,백다다기,8.00kg,특,강원도 철원군,10,23200,,,,trade
구리,(주)인터넷청과,20250724,오이,백다다기,8.00kg,특,강원도 철원군,1,13500,,,,trade
구리,(주)인터넷청과,20250724,오이,백다다기,8.00kg,특,강원도 철원군,2,14000,,,,trade
구리,(주)인터넷청과,20250724,오이,백다다기,8.00kg,특,강원도 철원군,9,18000,,,,trade
구리,(주)인터넷청과,20250724,오이,백다다기,10.00kg,특,강원도 철원군,12,16000,,,,trade
구리,(주)인터넷청과,20250724,오이,백다다기,10.00kg,특,경기도 양평군,4,19000,,,,trade
구리,(주)인터넷청과,20250724,오이,백다다기,18.00kg,특,강원도 홍천군,5,22000,,,,trade
구리,(주)인터넷청과,20250724,오이,백다다기,18.00kg,특,강원도 홍천군,6,23000,,,,trade
구리,(주)인터넷청과,20250724,오이,백다다기,18.00kg,특,강원도 홍천군,3,57000,,,,trade
구리,(주)인터넷청과,20250724,오이,백다다기,18.00kg,특,강원도 홍천군,12,88000,,,,trade
구리,(주)인터넷청과,20250724,오이,백다다기,18.00kg,특,강원도 홍천군,17,23000,,,,trade
구리,(주)인터넷청과,20250724,오이,백다다기,18.00kg,특,강원도 홍천군,1,28000,,,,trade
구리,(주)인터넷청과,20250724,오이,백다다기,18.00kg,특,강원도 홍천군,1,85000,,,,trade
구리,(주)인터넷청과,20250724,오이,백다다기,18.00kg,특,강원도 홍천군,1,53000,,,,trade
구리,(주)인터넷청과,20250724,오이,백다다기,18.00kg,특,강원도 홍천군,15,86000,,,,trade
구리,(주)인터넷청과,20250724,오이,백다다기,10.00kg,특,강원도 홍천군,66,14000,,,,trade
구리,(주)인터넷청과,20250724,오이,백다다기,10.00kg,특,강원도 홍천군,2,14000,,,,trade
구리,(주)인터넷청과,20250724,오이,백다다기,18.00kg,특,강원도 홍천군,8,22000,,,,trade
구리,(주)인터넷청과,20250724,오이,백다다기,8.00kg,특,경기도 양주시,6,13000,,,,trade
구리,(주)인터넷청과,20250724,오이,백다다기,8.00kg,특,경기도 양주시,7,18000,,,,trade
구리,(주)인터넷청과,20250724,오이,백다다기,8.00kg,특,경기도 양주시,14,18000,,,,trade
구리,(주)인터넷청과,20250724,오이,백다다기,8.00kg,특,경기도 양주시,20,10000,,,,trade
구리,(주)인터넷청과,20250724,오이,백다다기,18.00kg,특,강원도 홍천군,2,12000,,,,trade
구리,(주)인터넷청과,20250724,오이,백다다기,18.00kg,특,강원도 홍천군,2,8000,,,,trade
구리,(주)인터넷청과,20250724,오이,백다다기,18.00kg,특,강원도 홍천군,3,13000,,,,trade
구리,(주)인터넷청과,20250724,오이,백다다기,18.00kg,특,강원도 홍천군,2,14000,,,,trade
구리,(주)인터넷청과,20250724,오이,백다다기,10.00kg,특,경기도 용인시,7,24000,,,,trade
구리,(주)인터넷청과,20250724,오이,백다다기,10.00kg,특,경기도 광주시,2,13000,,,,trade
구리,(주)인터넷청과,20250724,오이,백다다기,10.00kg,특,경기도 광주시,11,25000,,,,trade
구리,(주)인터넷청과,20250724,오이,백다다기,18.00kg,특,강원도 홍천군,10,53000,,,,trade
구리,(주)인터넷청과,20250724,오이,백다다기,18.00kg,특,강원도 홍천군,1,33000,,,,trade
구리,(주)인터넷청과,20250724,오이,백다다기,18.00kg,특,강원도 홍천군,11,18000,,,,trade
구리,(주)인터넷청과,20250724,오이,백다다기,18.00kg,특,강원도 홍천군,18,19000,,,,trade
구리,(주)인터넷청과,20250724,오이,백다다기,10.00kg,특,경기도 광주시,9,14000,,,,trade
구리,(주)인터넷청과,20250724,오이,백다다기,10.00kg,특,경기도 광주시,4,8000,,,,trade
구리,(주)인터넷청과,20250724,오이,백다다기,10.00kg,특,경기도 광주시,17,13000,,,,trade
구리,(주)인터넷청과,20250724,오이,백다다기,10.00kg,특,강원도 철원군,4,10000,,,,trade
구리,(주)인터넷청과,20250724,오이,백다다기,10.00kg,특,강원도 철원군,3,6500,,,,trade
구리,(주)인터넷청과,20250724,오이,백다다기,8.00kg,특,강원도 철원군,4,17800,,,,trade
구리,(주)인터넷청과,20250724,오이,백다다기,8.00kg,특,강원도 철원군,3,18100,,,,trade
구리,(주)인터넷청과,20250724,오이,백다다기,8.00kg,특,강원도 철원군,18,18500,,,,trade
구리,(주)인터넷청과,20250724,오이,백다다기,8.00kg,특,강원도 철원군,20,17500,,,,trade
구리,(주)인터넷청과,20250724,오이,백다다기,10.00kg,특,충청북도 제천시,11,23000,,,,trade
구리,(주)인터넷청과,20250724,오이,백다다기,10.00kg,특,충청북도 제천시,7,24000,,,,trade
구리,(주)인터넷청과,20250724,오이,백다다기,10.00kg,특,충청북도 제천시,3,14000,,,,trade
구리,(주)인터넷청과,20250724,오이,백다다기,10.00kg,특,충청북도 제천시,1,12000,,,,trade
구리,(주)인터넷청과,20250724,오이,백다다기,10.00kg,특,충청북도 제천시,1,10000,,,,trade
구리,(주)인터넷청과,20250724,오이,백다다기,10.00kg,특,충청북도 제천시,71,20000,,,,trade
구리,(주)인터넷청과,20250724,오이,백다다기,10.00kg,특,충청북도 제천시,18,13000,,,,trade
구리,(주)인터넷청과,20250724,오이,백다다기,10.00kg,특,충청북도 제천시,36,20000,,,,trade
구리,(주)인터넷청과,20250724,오이,백다다기,10.00kg,특,충청북도 제천시,40,20000,,,,trade
구리,(주)인터넷청과,20250724,오이,백다다기,10.00kg,특,충청북도 제천시,8,13000,,,,trade
구리,(주)인터넷청과,20250724,오이,백다다기,10.00kg,특,충청북도 제천시,4,14000,,,,trade
구리,(주)인터넷청과,20250724,오이,백다다기,10.00kg,특,충청북도 제천시,8,9000,,,,trade
구리,(주)인터넷청과,20250724,오이,백다다기,10.00kg,특,충청북도 제천시,4,9000,,,,trade
구리,(주)인터넷청과,20250724,오이,백다다기,10.00kg,특,충청북도 제천시,25,20000,,,,trade
구리,(주)인터넷청과,20250724,오이,백다다기,10.00kg,특,충청북도 제천시,45,19000,,,,trade
구리,(주)인터넷청과,20250724,오이,백다다기,10.00kg,특,충청북도 제천시,45,19000,,,,trade
구리,(주)인터넷청과,20250724,오이,백다다기,10.00kg,특,충청북도 제천시,45,16000,,,,trade
구리,(주)인터넷청과,20250724,오이,백다다기,10.00kg,특,충청북도 제천시,3,12000,,,,trade
구리,(주)인터넷청과,20250724,오이,백다다기,10.00kg,특,충청북도 제천시,22,13000,,,,trade
구리,(주)인터넷청과,20250724,오이,백다다기,10.00kg,특,충청북도 제천시,15,16000,,,,trade
구리,(주)인터넷청과,20250724,오이,백다다기,10.00kg,특,충청북도 제천시,11,13000,,,,trade
구리,(주)인터넷청과,20250724,오이,백다다기,10.00kg,특,충청북도 제천시,1,10000,,,,trade
구리,(주)인터넷청과,20250724,오이,백다다기,10.00kg,특,충청북도 제천시,3,12000,,,,trade
구리,(주)인터넷청과,20250724,오이,백다다기,10.00kg,특,충청북도 제천시,32,18000,,,,trade
구리,(주)인터넷청과,20250724,오이,백다다기,10.00kg,특,충청북도 제천시,18,14000,,,,trade
구리,(주)인터넷청과,20250724,오이,백다다기,10.00kg,특,충청북도 제천시,3,13000,,,,trade
구리,(주)인터넷청과,20250724,오이,백다다기,10.00kg,특,충청북도 제천시,9,8000,,,,trade
구리,(주)인터넷청과,20250724,오이,백다다기,10.00kg,특,충청북도 제천시,12,20000,,,,trade
구리,(주)인터넷청과,20250724,오이,백다다기,10.00kg,특,충청북도 제천시,2,16000,,,,trade
구리,(주)인터넷청과,20250724,오이,백다다기,10.00kg,특,충청북도 제천시,23,20000,,,,trade
구리,(주)인터넷청과,20250724,오이,백다다기,10.00kg,특,충청북도 제천시,2,14000,,,,trade
구리,(주)인터넷청과,20250724,오이,백다다기,10.00kg,특,충청북도 제천시,1,12000,,,,trade
구리,(주)인터넷청과,20250724,오이,백다다기,10.00kg,특,충청북도 제천시,40,22500,,,,trade
구리,(주)인터넷청과,20250724,오이,백다다기,10.00kg,특,충청북도 제천시,15,13000,,,,trade
구리,(주)인터넷청과,20250724,오이,백다다기,10.00kg,특,충청북도 제천시,24,15000,,,,trade
구리,(주)인터넷청과,20250724,오이,백다다기,10.00kg,특,충청북도 제천시,10,16000,,,,trade
구리,(주)인터넷청과,20250724,오이,백다다기,10.00kg,특,충청북도 제천시,12,17000,,,,trade
구리,(주)인터넷청과,20250724,오이,백다다기,10.00kg,특,충청북도 제천시,4,16000,,,,trade
구리,(주)인터넷청과,20250724,오이,백다다기,10.00kg,특,충청북도 제천시,2,12000,,,,trade
구리,(주)인터넷청과,20250724,오이,백다다기,10.00kg,특,충청북도 제천시,11,12000,,,,trade
구리,(주)인터넷청과,20250724,오이,백다다기,10.00kg,특,충청북도 제천시,14,21000,,,,trade
구리,(주)인터넷청과,20250724,오이,백다다기,10.00kg,특,충청북도 제천시,13,15500,,,,trade
구리,(주)인터넷청과,20250724,오이,백다다기,10.00kg,특,충청북도 제천시,2,12000,,,,trade
구리,(주)인터넷청과,20250724,오이,백다다기,10.00kg,특,충청북도 제천시,1,13000,,,,trade
구리,(주)인터넷청과,20250724,오이,백다다기,10.00kg,특,충청북도 제천시,10,20000,,,,trade
구리,(주)인터넷청과,20250724,오이,백다다기,10.00kg,특,충청북도 제천시,1,11000,,,,trade
구리,(주)인터넷청과,20250724,오이,백다다기,10.00kg,특,충청북도 제천시,30,18500,,,,trade
구리,(주)인터넷청과,20250724,오이,백다다기,10.00kg,특,충청북도 제천시,7,12000,,,,trade
구리,(주)인터넷청과,20250724,오이,백다다기,10.00kg,특,충청북도 제천시,5,12000,,,,trade
구리,(주)인터넷청과,20250724,오이,백다다기,18.00kg,특,강원도 홍천군,26,28000,,,,trade
구리,(주)인터넷청과,20250724,오이,백다다기,18.00kg,특,강원도 홍천군,15,37000,,,,trade
구리,(주)인터넷청과,20250724,오이,백다다기,18.00kg,특,강원도 홍천군,32,38000,,,,trade
구리,(주)인터넷청과,20250724,오이,백다다기,18.00kg,특,강원도 홍천군,19,28000,,,,trade
구리,(주)인터넷청과,20250724,오이,백다다기,18.00kg,특,강원도 홍천군,3,20000,,,,trade
구리,(주)인터넷청과,20250724,오이,백다다기,18.00kg,특,강원도 홍천군,2,20000,,,,trade
구리,(주)인터넷청과,20250724,오이,백다다기,18.00kg,특,강원도 홍천군,1,20000,,,,trade
구리,(주)인터넷청과,20250724,오이,백다다기,18.00kg,특,강원도 홍천군,6,25000,,,,trade
구리,(주)인터넷청과,20250724,오이,백다다기,18.00kg,특,강원도 홍천군,3,18000,,,,trade
구리,(주)인터넷청과,20250724,오이,백다다기,18.00kg,특,강원도 홍천군,10,23000,,,,trade
구리,(주)인터넷청과,20250724,오이,백다다기,18.00kg,특,강원도 홍천군,3,20000,,,,trade
구리,(주)인터넷청과,20250724,오이,백다다기,18.00kg,특,강원도 홍천군,2,27000,,,,trade
구리,(주)인터넷청과,20250724,오이,백다다기,18.00kg,특,강원도 홍천군,2,20000,,,,trade
구리,(주)인터넷청과,20250724,오이,백다다기,10.00kg,특,강원도 홍천군,3,17000,,,,trade
구리,(주)인터넷청과,20250724,오이,백다다기,10.00kg,특,강원도 홍천군,8,14000,,,,trade
구리,(주)인터넷청과,20250724,오이,백다다기,10.00kg,특,강원도 홍천군,4,21000,,,,trade
구리,(주)인터넷청과,20250724,오이,백다다기,10.00kg,특,강원도 홍천군,1,12000,,,,trade
구리,(주)인터넷청과,20250724,오이,백다다기,18.00kg,특,강원도 철원군,27,25000,,,,trade
구리,(주)인터넷청과,20250724,오이,백다다기,18.00kg,특,강원도 철원군,14,14000,,,,trade
구리,(주)인터넷청과,20250724,오이,백다다기,10.00kg,특,강원도 철원군,2,8000,,,,trade
구리,(주)인터넷청과,20250724,오이,백다다기,10.00kg,특,강원도 철원군,1,5000,,,,trade
구리,(주)인터넷청과,20250724,오이,백다다기,8.00kg,특,경기도 남양주시,9,14600,,,,trade
구리,(주)인터넷청과,20250724,오이,백다다기,8.00kg,특,경기도 남양주시,1,10000,,,,trade
구리,(주)인터넷청과,20250724,오이,백다다기,10.00kg,특,강원도 철원군,9,12500,,,,trade
구리,(주)인터넷청과,20250724,오이,백다다기,8.00kg,특,강원도 철원군,10,18500,,,,trade
구리,(주)인터넷청과,20250724,오이,백다다기,8.00kg,특,강원도 철원군,2,16000,,,,trade
구리,(주)인터넷청과,20250724,오이,백다다기,8.00kg,특,경기도 양주시,27,8000,,,,trade
구리,(주)인터넷청과,20250724,오이,백다다기,8.00kg,특,경기도 양주시,14,13200,,,,trade
구리,(주)인터넷청과,20250724,오이,백다다기,8.00kg,특,경기도 양주시,7,14200,,,,trade
구리,(주)인터넷청과,20250724,오이,백다다기,8.00kg,특,경기도 양주시,5,12300,,,,trade
구리,(주)인터넷청과,20250724,오이,백다다기,18.00kg,특,충청남도 공주시,8,16000,,,,trade
구리,(주)인터넷청과,20250724,오이,백다다기,18.00kg,특,강원도 홍천군,12,62000,,,,trade
구리,(주)인터넷청과,20250724,오이,백다다기,18.00kg,특,강원도 홍천군,1,23000,,,,trade
구리,(주)인터넷청과,20250724,오이,백다다기,18.00kg,특,강원도 홍천군,1,38000,,,,trade
구리,(주)인터넷청과,20250724,오이,백다다기,18.00kg,특,강원도 홍천군,15,22000,,,,trade
구리,(주)인터넷청과,20250724,오이,백다다기,10.00kg,특,강원도 홍천군,31,13000,,,,trade
구리,(주)인터넷청과,20250724,오이,백다다기,10.00kg,특,강원도 홍천군,17,7000,,,,trade
구리,(주)인터넷청과,20250724,오이,백다다기,10.00kg,특,강원도 홍천군,7,8000,,,,trade
구리,(주)인터넷청과,20250724,오이,백다다기,10.00kg,특,강원도 홍천군,2,13000,,,,trade
구리,(주)인터넷청과,20250724,오이,백다다기,18.00kg,특,강원도 홍천군,11,15000,,,,trade
구리,(주)인터넷청과,20250724,오이,백다다기,10.00kg,특,강원도 홍천군,9,13000,,,,trade
구리,(주)인터넷청과,20250724,오이,백다다기,10.00kg,특,강원도 홍천군,2,7000,,,,trade
구리,(주)인터넷청과,20250724,오이,백다다기,18.00kg,특,강원도 홍천군,13,12000,,,,trade
구리,(주)인터넷청과,20250724,오이,백다다기,18.00kg,특,강원도 홍천군,1,12000,,,,trade
구리,(주)인터넷청과,20250724,오이,백다다기,18.00kg,특,강원도 홍천군,3,11000,,,,trade
구리,(주)인터넷청과,20250729,오이,백다다기,10.00kg,특,경상북도 상주시,43,25000,,,,trade
구리,(주)인터넷청과,20250729,오이,백다다기,10.00kg,특,경상북도 상주시,1,5000,,,,trade
구리,(주)인터넷청과,20250729,오이,백다다기,10.00kg,특,강원도 철원군,7,9500,,,,trade
구리,(주)인터넷청과,20250729,오이,백다다기,8.00kg,특,강원도 철원군,3,6800,,,,trade
구리,(주)인터넷청과,20250729,오이,백다다기,8.00kg,특,강원도 철원군,4,6800,,,,trade
구리,(주)인터넷청과,20250729,오이,백다다기,8.00kg,특,강원도 철원군,3,11200,,,,trade
구리,(주)인터넷청과,20250729,오이,백다다기,8.00kg,특,강원도 철원군,8,14500,,,,trade
구리,(주)인터넷청과,20250729,오이,백다다기,8.00kg,특,강원도 철원군,20,13200,,,,trade
구리,(주)인터넷청과,20250729,오이,백다다기,8.00kg,특,강원도 철원군,37,12800,,,,trade
구리,(주)인터넷청과,20250729,오이,백다다기,10.00kg,특,강원도 철원군,2,3500,,,,trade
구리,(주)인터넷청과,20250729,오이,백다다기,10.00kg,특,강원도 철원군,9,6000,,,,trade
구리,(주)인터넷청과,20250729,오이,백다다기,18.00kg,특,강원도 철원군,3,17000,,,,trade
구리,(주)인터넷청과,20250729,오이,백다다기,18.00kg,특,강원도 철원군,22,27000,,,,trade
구리,(주)인터넷청과,20250729,오이,백다다기,8.00kg,특,강원도 철원군,1,6000,,,,trade
구리,(주)인터넷청과,20250729,오이,백다다기,8.00kg,특,강원도 철원군,3,6800,,,,trade
구리,(주)인터넷청과,20250729,오이,백다다기,8.00kg,특,강원도 철원군,17,14200,,,,trade
구리,(주)인터넷청과,20250729,오이,백다다기,10.00kg,특,강원도 철원군,14,10000,,,,trade
구리,(주)인터넷청과,20250729,오이,백다다기,10.00kg,특,강원도 화천군,1,7000,,,,trade
구리,(주)인터넷청과,20250729,오이,백다다기,10.00kg,특,강원도 화천군,6,18500,,,,trade
구리,(주)인터넷청과,20250729,오이,백다다기,10.00kg,특,강원도 홍천군,2,6000,,,,trade
구리,(주)인터넷청과,20250729,오이,백다다기,18.00kg,특,강원도 홍천군,11,12000,,,,trade
구리,(주)인터넷청과,20250729,오이,백다다기,18.00kg,특,강원도 홍천군,1,23000,,,,trade
구리,(주)인터넷청과,20250729,오이,백다다기,18.00kg,특,강원도 홍천군,6,22000,,,,trade
구리,(주)인터넷청과,20250729,오이,백다다기,18.00kg,특,강원도 홍천군,4,32000,,,,trade
구리,(주)인터넷청과,20250729,오이,백다다기,18.00kg,특,강원도 홍천군,5,40000,,,,trade
구리,(주)인터넷청과,20250729,오이,백다다기,18.00kg,특,강원도 홍천군,4,36000,,,,trade
구리,(주)인터넷청과,20250729,오이,백다다기,18.00kg,특,강원도 홍천군,20,60000,,,,trade
구리,(주)인터넷청과,20250729,오이,백다다기,18.00kg,특,강원도 홍천군,11,16000,,,,trade
구리,(주)인터넷청과,20250729,오이,백다다기,18.00kg,특,강원도 홍천군,1,13000,,,,trade
구리,(주)인터넷청과,20250729,오이,백다다기,18.00kg,특,강원도 홍천군,1,36000,,,,trade
구리,(주)인터넷청과,20250729,오이,백다다기,18.00kg,특,강원도 홍천군,1,68000,,,,trade
구리,(주)인터넷청과,20250729,오이,백다다기,18.00kg,특,강원도 홍천군,27,62000,,,,trade
구리,(주)인터넷청과,20250729,오이,백다다기,10.00kg,특,강원도 홍천군,40,5000,,,,trade
구리,(주)인터넷청과,20250729,오이,백다다기,10.00kg,특,강원도 홍천군,40,9000,,,,trade
구리,(주)인터넷청과,20250729,오이,백다다기,8.00kg,특,경기도 양주시,8,5500,,,,trade
구리,(주)인터넷청과,20250729,오이,백다다기,8.00kg,특,경기도 양주시,10,10700,,,,trade
구리,(주)인터넷청과,20250729,오이,백다다기,8.00kg,특,경기도 양주시,2,1500,,,,trade
구리,(주)인터넷청과,20250729,오이,백다다기,8.00kg,특,경기도 양주시,44,8000,,,,trade
구리,(주)인터넷청과,20250729,오이,백다다기,8.00kg,특,경기도 양주시,29,12100,,,,trade
구리,(주)인터넷청과,20250729,오이,백다다기,10.00kg,특,경기도 광주시,5,6000,,,,trade
구리,(주)인터넷청과,20250729,오이,백다다기,10.00kg,특,경기도 광주시,15,15000,,,,trade
구리,(주)인터넷청과,20250729,오이,백다다기,10.00kg,특,강원도 홍천군,6,9000,,,,trade
구리,(주)인터넷청과,20250729,오이,백다다기,10.00kg,특,강원도 홍천군,2,15000,,,,trade
구리,(주)인터넷청과,20250729,오이,백다다기,10.00kg,특,강원도 홍천군,1,5500,,,,trade
구리,(주)인터넷청과,20250729,오이,백다다기,18.00kg,특,강원도 홍천군,1,5000,,,,trade
구리,(주)인터넷청과,20250729,오이,백다다기,18.00kg,특,강원도 홍천군,3,7000,,,,trade
구리,(주)인터넷청과,20250729,오이,백다다기,18.00kg,특,강원도 홍천군,5,6000,,,,trade
구리,(주)인터넷청과,20250729,오이,백다다기,18.00kg,특,강원도 홍천군,2,15000,,,,trade
구리,(주)인터넷청과,20250729,오이,백다다기,18.00kg,특,강원도 홍천군,2,6000,,,,trade
구리,(주)인터넷청과,20250729,오이,백다다기,18.00kg,특,강원도 홍천군,10,6000,,,,trade
구리,(주)인터넷청과,20250729,오이,백다다기,18.00kg,특,강원도 홍천군,7,11000,,,,trade
구리,(주)인터넷청과,20250729,오이,백다다기,18.00kg,특,강원도 홍천군,14,33000,,,,trade
구리,(주)인터넷청과,20250729,오이,백다다기,18.00kg,특,강원도 홍천군,3,14000,,,,trade
구리,(주)인터넷청과,20250729,오이,백다다기,18.00kg,특,강원도 홍천군,1,13500,,,,trade
구리,(주)인터넷청과,20250729,오이,백다다기,18.00kg,특,강원도 홍천군,1,16000,,,,trade
구리,(주)인터넷청과,20250729,오이,백다다기,18.00kg,특,강원도 홍천군,2,10000,,,,trade
구리,(주)인터넷청과,20250729,오이,백다다기,18.00kg,특,강원도 홍천군,5,21000,,,,trade
구리,(주)인터넷청과,20250729,오이,백다다기,18.00kg,특,강원도 홍천군,30,38000,,,,trade
구리,(주)인터넷청과,20250729,오이,백다다기,18.00kg,특,강원도 홍천군,3,7000,,,,trade
구리,(주)인터넷청과,20250729,오이,백다다기,18.00kg,특,강원도 홍천군,34,32000,,,,trade
구리,(주)인터넷청과,20250729,오이,백다다기,18.00kg,특,강원도 홍천군,19,30000,,,,trade
구리,(주)인터넷청과,20250729,오이,백다다기,18.00kg,특,강원도 홍천군,1,13000,,,,trade
구리,(주)인터넷청과,20250729,오이,백다다기,18.00kg,특,강원도 홍천군,23,33000,,,,trade
구리,(주)인터넷청과,20250729,오이,백다다기,10.00kg,특,충청북도 제천시,1,8500,,,,trade
구리,(주)인터넷청과,20250729,오이,백다다기,10.00kg,특,충청북도 제천시,2,3000,,,,trade
구리,(주)인터넷청과,20250729,오이,백다다기,10.00kg,특,충청북도 제천시,3,10000,,,,trade
구리,(주)인터넷청과,20250729,오이,백다다기,10.00kg,특,충청북도 제천시,20,17000,,,,trade
구리,(주)인터넷청과,20250729,오이,백다다기,10.00kg,특,충청북도 제천시,2,5000,,,,trade
구리,(주)인터넷청과,20250729,오이,백다다기,10.00kg,특,충청북도 제천시,3,3000,,,,trade
구리,(주)인터넷청과,20250729,오이,백다다기,10.00kg,특,충청북도 제천시,4,8000,,,,trade
구리,(주)인터넷청과,20250729,오이,백다다기,10.00kg,특,충청북도 제천시,20,21000,,,,trade
구리,(주)인터넷청과,20250729,오이,백다다기,10.00kg,특,충청북도 제천시,2,4000,,,,trade
구리,(주)인터넷청과,20250729,오이,백다다기,10.00kg,특,충청북도 제천시,8,8000,,,,trade
구리,(주)인터넷청과,20250729,오이,백다다기,10.00kg,특,충청북도 제천시,28,19000,,,,trade
구리,(주)인터넷청과,20250729,오이,백다다기,10.00kg,특,충청북도 제천시,1,7000,,,,trade
구리,(주)인터넷청과,20250729,오이,백다다기,10.00kg,특,충청북도 제천시,17,20000,,,,trade
구리,(주)인터넷청과,20250729,오이,백다다기,10.00kg,특,충청북도 제천시,5,2500,,,,trade
구리,(주)인터넷청과,20250729,오이,백다다기,10.00kg,특,충청북도 제천시,1,6500,,,,trade
구리,(주)인터넷청과,20250729,오이,백다다기,10.00kg,특,충청북도 제천시,13,18000,,,,trade
구리,(주)인터넷청과,20250729,오이,백다다기,10.00kg,특,충청북도 제천시,48,20000,,,,trade
구리,(주)인터넷청과,20250729,오이,백다다기,10.00kg,특,충청북도 제천시,12,8000,,,,trade
구리,(주)인터넷청과,20250729,오이,백다다기,10.00kg,특,충청북도 제천시,3,9000,,,,trade
구리,(주)인터넷청과,20250729,오이,백다다기,10.00kg,특,충청북도 제천시,5,14000,,,,trade
구리,(주)인터넷청과,20250729,오이,백다다기,10.00kg,특,충청북도 제천시,3,14000,,,,trade
구리,(주)인터넷청과,20250729,오이,백다다기,10.00kg,특,충청북도 제천시,35,25000,,,,trade
구리,(주)인터넷청과,20250729,오이,백다다기,10.00kg,특,충청북도 제천시,23,5000,,,,trade
구리,(주)인터넷청과,20250729,오이,백다다기,10.00kg,특,충청북도 제천시,10,15000,,,,trade
구리,(주)인터넷청과,20250729,오이,백다다기,10.00kg,특,충청북도 제천시,17,23000,,,,trade
구리,(주)인터넷청과,20250729,오이,백다다기,10.00kg,특,충청북도 제천시,15,2000,,,,trade
구리,(주)인터넷청과,20250729,오이,백다다기,10.00kg,특,충청북도 제천시,9,15000,,,,trade
구리,(주)인터넷청과,20250729,오이,백다다기,10.00kg,특,충청북도 제천시,16,20000,,,,trade
구리,(주)인터넷청과,20250729,오이,백다다기,10.00kg,특,충청북도 제천시,2,3500,,,,trade
구리,(주)인터넷청과,20250729,오이,백다다기,10.00kg,특,충청북도 제천시,58,14000,,,,trade
구리,(주)인터넷청과,20250729,오이,백다다기,10.00kg,특,충청북도 제천시,16,13000,,,,trade
구리,(주)인터넷청과,20250729,오이,백다다기,10.00kg,특,충청북도 제천시,39,19000,,,,trade
구리,(주)인터넷청과,20250729,오이,백다다기,10.00kg,특,충청북도 제천시,15,3000,,,,trade
구리,(주)인터넷청과,20250729,오이,백다다기,10.00kg,특,충청북도 제천시,19,5000,,,,trade
구리,(주)인터넷청과,20250729,오이,백다다기,10.00kg,특,충청북도 제천시,7,14000,,,,trade
구리,(주)인터넷청과,20250729,오이,백다다기,10.00kg,특,충청북도 제천시,66,21500,,,,trade
구리,(주)인터넷청과,20250729,오이,백다다기,10.00kg,특,충청북도 제천시,13,14000,,,,trade
구리,(주)인터넷청과,20250729,오이,백다다기,10.00kg,특,충청북도 제천시,44,23500,,,,trade
구리,(주)인터넷청과,20250729,오이,백다다기,10.00kg,특,충청북도 제천시,44,23000,,,,trade
구리,(주)인터넷청과,20250729,오이,백다다기,10.00kg,특,충청북도 제천시,3,7000,,,,trade
구리,(주)인터넷청과,20250729,오이,백다다기,10.00kg,특,충청북도 제천시,6,10000,,,,trade
구리,(주)인터넷청과,20250729,오이,백다다기,10.00kg,특,충청북도 제천시,40,25000,,,,trade
구리,(주)인터넷청과,20250729,오이,백다다기,10.00kg,특,충청북도 제천시,8,9000,,,,trade
구리,(주)인터넷청과,20250729,오이,백다다기,10.00kg,특,충청북도 제천시,5,9000,,,,trade
구리,(주)인터넷청과,20250729,오이,백다다기,10.00kg,특,충청북도 제천시,48,19000,,,,trade
구리,(주)인터넷청과,20250729,오이,백다다기,10.00kg,특,충청북도 제천시,16,20000,,,,trade
구리,(주)인터넷청과,20250729,오이,백다다기,10.00kg,특,충청북도 제천시,10,3000,,,,trade
구리,(주)인터넷청과,20250729,오이,백다다기,10.00kg,특,충청북도 제천시,17,3000,,,,trade
구리,(주)인터넷청과,20250729,오이,백다다기,10.00kg,특,충청북도 제천시,22,8000,,,,trade
구리,(주)인터넷청과,20250729,오이,백다다기,10.00kg,특,충청북도 제천시,9,12000,,,,trade
구리,(주)인터넷청과,20250729,오이,백다다기,10.00kg,특,충청북도 제천시,74,26000,,,,trade
구리,(주)인터넷청과,20250729,오이,백다다기,10.00kg,특,충청북도 제천시,1,6000,,,,trade
구리,(주)인터넷청과,20250729,오이,백다다기,10.00kg,특,충청북도 제천시,8,14000,,,,trade
구리,(주)인터넷청과,20250729,오이,백다다기,10.00kg,특,충청북도 제천시,12,26000,,,,trade
구리,(주)인터넷청과,20250729,오이,백다다기,10.00kg,특,충청북도 제천시,1,8000,,,,trade
구리,(주)인터넷청과,20250729,오이,백다다기,10.00kg,특,충청북도 제천시,4,8000,,,,trade
구리,(주)인터넷청과,20250729,오이,백다다기,10.00kg,특,충청북도 제천시,2,13500,,,,trade
구리,(주)인터넷청과,20250729,오이,백다다기,10.00kg,특,충청북도 제천시,48,28000,,,,trade
구리,(주)인터넷청과,20250729,오이,백다다기,10.00kg,특,강원도 철원군,18,10000,,,,trade
구리,(주)인터넷청과,20250729,오이,백다다기,10.00kg,특,강원도 철원군,3,4000,,,,trade
구리,(주)인터넷청과,20250729,오이,백다다기,18.00kg,특,강원도 철원군,19,33000,,,,trade
구리,(주)인터넷청과,20250729,오이,백다다기,18.00kg,특,강원도 철원군,1,16000,,,,trade
구리,(주)인터넷청과,20250729,오이,백다다기,18.00kg,특,강원도 철원군,6,16000,,,,trade
구리,(주)인터넷청과,20250729,오이,백다다기,10.00kg,특,경상북도 상주시,48,25000,,,,trade
구리,(주)인터넷청과,20250729,오이,백다다기,10.00kg,특,경상북도 상주시,1,9000,,,,trade
구리,(주)인터넷청과,20250729,오이,백다다기,18.00kg,특,강원도 홍천군,23,55000,,,,trade
구리,(주)인터넷청과,20250729,오이,백다다기,18.00kg,특,강원도 홍천군,3,15000,,,,trade
구리,(주)인터넷청과,20250729,오이,백다다기,18.00kg,특,강원도 홍천군,3,35000,,,,trade
구리,(주)인터넷청과,20250729,오이,백다다기,18.00kg,특,강원도 홍천군,7,40000,,,,trade
구리,(주)인터넷청과,20250729,오이,백다다기,18.00kg,특,강원도 홍천군,4,15000,,,,trade
구리,(주)인터넷청과,20250729,오이,백다다기,10.00kg,특,강원도 횡성군,8,12000,,,,trade
구리,(주)인터넷청과,20250729,오이,백다다기,8.00kg,특,강원도 철원군,38,12800,,,,trade
구리,(주)인터넷청과,20250729,오이,백다다기,8.00kg,특,강원도 철원군,19,13200,,,,trade
구리,(주)인터넷청과,20250729,오이,백다다기,8.00kg,특,강원도 철원군,19,14000,,,,trade
구리,(주)인터넷청과,20250729,오이,백다다기,8.00kg,특,강원도 철원군,1,6500,,,,trade
구리,(주)인터넷청과,20250729,오이,백다다기,8.00kg,특,강원도 철원군,3,9800,,,,trade
구리,(주)인터넷청과,20250729,오이,백다다기,8.00kg,특,강원도 철원군,5,11000,,,,trade
구리,(주)인터넷청과,20250729,오이,백다다기,8.00kg,특,강원도 철원군,11,12600,,,,trade
구리,(주)인터넷청과,20250729,오이,백다다기,8.00kg,특,강원도 철원군,3,12800,,,,trade
구리,(주)인터넷청과,20250729,오이,백다다기,10.00kg,특,강원도 철원군,6,15000,,,,trade
구리,(주)인터넷청과,20250729,오이,백다다기,10.00kg,특,강원도 철원군,2,9000,,,,trade
구리,(주)인터넷청과,20250729,오이,백다다기,10.00kg,특,강원도 철원군,21,13000,,,,trade
구리,(주)인터넷청과,20250729,오이,백다다기,10.00kg,특,강원도 철원군,1,6000,,,,trade
구리,(주)인터넷청과,20250729,오이,백다다기,8.00kg,특,강원도 철원군,4,8200,,,,trade
구리,(주)인터넷청과,20250729,오이,백다다기,8.00kg,특,강원도 철원군,1,5000,,,,trade
구리,(주)인터넷청과,20250729,오이,백다다기,8.00kg,특,강원도 철원군,11,14200,,,,trade
구리,(주)인터넷청과,20250729,오이,백다다기,18.00kg,특,강원도 홍천군,8,16000,,,,trade
구리,(주)인터넷청과,20250729,오이,백다다기,18.00kg,특,강원도 홍천군,25,61000,,,,trade
구리,(주)인터넷청과,20250729,오이,백다다기,18.00kg,특,강원도 홍천군,1,68000,,,,trade
구리,(주)인터넷청과,20250729,오이,백다다기,18.00kg,특,강원도 홍천군,1,23000,,,,trade
구리,(주)인터넷청과,20250729,오이,백다다기,18.00kg,특,강원도 홍천군,1,36000,,,,trade
구리,(주)인터넷청과,20250729,오이,백다다기,18.00kg,특,강원도 홍천군,8,16000,,,,trade
구리,(주)인터넷청과,20250729,오이,백다다기,10.00kg,특,경기도 남양주시,3,10000,,,,trade
구리,(주)인터넷청과,20250729,오이,백다다기,10.00kg,특,강원도 화천군,4,27500,,,,trade
구리,(주)인터넷청과,20250729,오이,백다다기,10.00kg,특,강원도 화천군,2,11500,,,,trade
구리,(주)인터넷청과,20250729,오이,백다다기,10.00kg,특,경기도 광주시,17,15000,,,,trade
구리,(주)인터넷청과,20250729,오이,백다다기,10.00kg,특,경기도 광주시,4,5000,,,,trade
구리,(주)인터넷청과,20250729,오이,백다다기,8.00kg,특,경기도 양주시,13,10200,,,,trade
구리,(주)인터넷청과,20250729,오이,백다다기,8.00kg,특,경기도 양주시,8,8600,,,,trade
구리,(주)인터넷청과,20250729,오이,백다다기,8.00kg,특,경기도 양주시,31,12100,,,,trade
구리,(주)인터넷청과,20250729,오이,백다다기,8.00kg,특,경기도 양주시,38,7500,,,,trade
구리,(주)인터넷청과,20250729,오이,백다다기,8.00kg,특,경기도 양주시,3,3000,,,,trade
구리,(주)인터넷청과,20250729,오이,백다다기,10.00kg,특,강원도 홍천군,1,12000,,,,trade
구리,(주)인터넷청과,20250729,오이,백다다기,10.00kg,특,강원도 홍천군,1,7000,,,,trade
구리,(주)인터넷청과,20250729,오이,백다다기,18.00kg,특,강원도 홍천군,6,8000,,,,trade
구리,(주)인터넷청과,20250729,오이,백다다기,18.00kg,특,강원도 홍천군,4,8000,,,,trade
구리,(주)인터넷청과,20250729,오이,백다다기,18.00kg,특,강원도 홍천군,2,23000,,,,trade
구리,(주)인터넷청과,20250729,오이,백다다기,18.00kg,특,강원도 홍천군,1,14000,,,,trade
구리,(주)인터넷청과,20250729,오이,백다다기,18.00kg,특,강원도 홍천군,23,35000,,,,trade
구리,(주)인터넷청과,20250729,오이,백다다기,18.00kg,특,강원도 홍천군,13,32000,,,,trade
구리,(주)인터넷청과,20250729,오이,백다다기,18.00kg,특,강원도 홍천군,10,13000,,,,trade
구리,(주)인터넷청과,20250729,오이,백다다기,18.00kg,특,강원도 홍천군,9,26000,,,,trade
구리,(주)인터넷청과,20250729,오이,백다다기,18.00kg,특,강원도 홍천군,3,12000,,,,trade
구리,(주)인터넷청과,20250729,오이,백다다기,18.00kg,특,강원도 홍천군,28,27000,,,,trade
구리,(주)인터넷청과,20250729,오이,백다다기,18.00kg,특,강원도 홍천군,32,28000,,,,trade
구리,(주)인터넷청과,20250729,오이,백다다기,18.00kg,특,강원도 홍천군,2,12000,,,,trade
구리,(주)인터넷청과,20250729,오이,백다다기,10.00kg,특,충청북도 제천시,48,19000,,,,trade
구리,(주)인터넷청과,20250729,오이,백다다기,10.00kg,특,충청북도 제천시,13,18000,,,,trade
구리,(주)인터넷청과,20250729,오이,백다다기,10.00kg,특,충청북도 제천시,4,8000,,,,trade
구리,(주)인터넷청과,20250729,오이,백다다기,10.00kg,특,충청북도 제천시,22,18000,,,,trade
구리,(주)인터넷청과,20250729,오이,백다다기,10.00kg,특,충청북도 제천시,2,17000,,,,trade
구리,(주)인터넷청과,20250729,오이,백다다기,10.00kg,특,충청북도 제천시,3,14500,,,,trade
구리,(주)인터넷청과,20250729,오이,백다다기,10.00kg,특,충청북도 제천시,3,9000,,,,trade
구리,(주)인터넷청과,20250729,오이,백다다기,10.00kg,특,충청북도 제천시,40,24000,,,,trade
구리,(주)인터넷청과,20250729,오이,백다다기,10.00kg,특,충청북도 제천시,4,15000,,,,trade
구리,(주)인터넷청과,20250729,오이,백다다기,10.00kg,특,충청북도 제천시,30,20000,,,,trade
구리,(주)인터넷청과,20250729,오이,백다다기,10.00kg,특,충청북도 제천시,6,14000,,,,trade
구리,(주)인터넷청과,20250729,오이,백다다기,10.00kg,특,충청북도 제천시,3,8000,,,,trade
구리,(주)인터넷청과,20250729,오이,백다다기,10.00kg,특,충청북도 제천시,25,20000,,,,trade
구리,(주)인터넷청과,20250729,오이,백다다기,10.00kg,특,충청북도 제천시,5,12000,,,,trade
구리,(주)인터넷청과,20250729,오이,백다다기,10.00kg,특,충청북도 제천시,3,3000,,,,trade
구리,(주)인터넷청과,20250729,오이,백다다기,10.00kg,특,충청북도 제천시,6,17000,,,,trade
구리,(주)인터넷청과,20250729,오이,백다다기,10.00kg,특,충청북도 제천시,2,10000,,,,trade
구리,(주)인터넷청과,20250729,오이,백다다기,10.00kg,특,충청북도 제천시,2,8000,,,,trade
구리,(주)인터넷청과,20250729,오이,백다다기,10.00kg,특,충청북도 제천시,28,12000,,,,trade
구리,(주)인터넷청과,20250729,오이,백다다기,10.00kg,특,충청북도 제천시,4,4000,,,,trade
구리,(주)인터넷청과,20250729,오이,백다다기,10.00kg,특,충청북도 제천시,19,24000,,,,trade
구리,(주)인터넷청과,20250729,오이,백다다기,10.00kg,특,충청북도 제천시,2,9000,,,,trade
구리,(주)인터넷청과,20250729,오이,백다다기,10.00kg,특,충청북도 제천시,1,6000,,,,trade
구리,(주)인터넷청과,20250729,오이,백다다기,10.00kg,특,충청북도 제천시,8,18000,,,,trade
구리,(주)인터넷청과,20250729,오이,백다다기,10.00kg,특,충청북도 제천시,4,14000,,,,trade
구리,(주)인터넷청과,20250729,오이,백다다기,10.00kg,특,충청북도 제천시,2,3500,,,,trade
구리,(주)인터넷청과,20250729,오이,백다다기,10.00kg,특,충청북도 제천시,13,7000,,,,trade
구리,(주)인터넷청과,20250729,오이,백다다기,10.00kg,특,충청북도 제천시,1,8000,,,,trade
구리,(주)인터넷청과,20250729,오이,백다다기,10.00kg,특,충청북도 제천시,70,26000,,,,trade
구리,(주)인터넷청과,20250729,오이,백다다기,10.00kg,특,충청북도 제천시,4,16500,,,,trade
구리,(주)인터넷청과,20250729,오이,백다다기,10.00kg,특,충청북도 제천시,3,7000,,,,trade
구리,(주)인터넷청과,20250729,오이,백다다기,10.00kg,특,충청북도 제천시,2,8500,,,,trade
구리,(주)인터넷청과,20250729,오이,백다다기,10.00kg,특,충청북도 제천시,10,26000,,,,trade
구리,(주)인터넷청과,20250729,오이,백다다기,10.00kg,특,충청북도 제천시,1,14000,,,,trade
구리,(주)인터넷청과,20250729,오이,백다다기,10.00kg,특,충청북도 제천시,8,17000,,,,trade
구리,(주)인터넷청과,20250729,오이,백다다기,10.00kg,특,충청북도 제천시,1,4500,,,,trade
구리,(주)인터넷청과,20250729,오이,백다다기,10.00kg,특,충청북도 제천시,62,24000,,,,trade
구리,(주)인터넷청과,20250729,오이,백다다기,10.00kg,특,충청북도 제천시,5,7000,,,,trade
구리,(주)인터넷청과,20250729,오이,백다다기,10.00kg,특,충청북도 제천시,10,15000,,,,trade
구리,(주)인터넷청과,20250729,오이,백다다기,10.00kg,특,충청북도 제천시,4,7000,,,,trade
구리,(주)인터넷청과,20250729,오이,백다다기,10.00kg,특,충청북도 제천시,12,7000,,,,trade
구리,(주)인터넷청과,20250729,오이,백다다기,10.00kg,특,충청북도 제천시,45,18000,,,,trade
구리,(주)인터넷청과,20250729,오이,백다다기,10.00kg,특,충청북도 제천시,11,3000,,,,trade
구리,(주)인터넷청과,20250729,오이,백다다기,10.00kg,특,충청북도 제천시,15,15000,,,,trade
구리,(주)인터넷청과,20250729,오이,백다다기,10.00kg,특,충청북도 제천시,50,12000,,,,trade
구리,(주)인터넷청과,20250729,오이,백다다기,10.00kg,특,충청북도 제천시,3,6000,,,,trade
구리,(주)인터넷청과,20250729,오이,백다다기,10.00kg,특,충청북도 제천시,71,18000,,,,trade
구리,(주)인터넷청과,20250729,오이,백다다기,10.00kg,특,충청북도 제천시,6,13000,,,,trade
구리,(주)인터넷청과,20250729,오이,백다다기,10.00kg,특,충청북도 제천시,11,7000,,,,trade
구리,(주)인터넷청과,20250729,오이,백다다기,10.00kg,특,충청북도 제천시,16,15000,,,,trade
구리,(주)인터넷청과,20250729,오이,백다다기,10.00kg,특,충청북도 제천시,14,7000,,,,trade
구리,(주)인터넷청과,20250729,오이,백다다기,10.00kg,특,충청북도 제천시,48,18000,,,,trade
구리,(주)인터넷청과,20250729,오이,백다다기,10.00kg,특,충청북도 제천시,2,8500,,,,trade
구리,(주)인터넷청과,20250729,오이,백다다기,10.00kg,특,충청북도 제천시,2,7000,,,,trade
구리,(주)인터넷청과,20250729,오이,백다다기,10.00kg,특,충청북도 제천시,24,24000,,,,trade
구리,(주)인터넷청과,20250729,오이,백다다기,10.00kg,특,충청북도 제천시,15,8000,,,,trade
구리,(주)인터넷청과,20250729,오이,백다다기,10.00kg,특,충청북도 제천시,26,20000,,,,trade
구리,(주)인터넷청과,20250729,오이,백다다기,10.00kg,특,충청북도 제천시,10,13000,,,,trade
구리,(주)인터넷청과,20250729,오이,백다다기,10.00kg,특,충청북도 제천시,13,1500,,,,trade
구리,(주)인터넷청과,20250731,오이,백다다기,10.00kg,특,충청북도 제천시,60,20000,,,,trade
구리,(주)인터넷청과,20250731,오이,백다다기,10.00kg,특,충청북도 제천시,5,16500,,,,trade
구리,(주)인터넷청과,20250731,오이,백다다기,10.00kg,특,충청북도 제천시,7,7000,,,,trade
구리,(주)인터넷청과,20250731,오이,백다다기,10.00kg,특,충청북도 제천시,8,5000,,,,trade
구리,(주)인터넷청과,20250731,오이,백다다기,10.00kg,특,충청북도 제천시,11,21000,,,,trade
구리,(주)인터넷청과,20250731,오이,백다다기,10.00kg,특,충청북도 제천시,2,14500,,,,trade
구리,(주)인터넷청과,20250731,오이,백다다기,10.00kg,특,충청북도 제천시,2,7000,,,,trade
구리,(주)인터넷청과,20250731,오이,백다다기,10.00kg,특,충청북도 제천시,67,24000,,,,trade
구리,(주)인터넷청과,20250731,오이,백다다기,10.00kg,특,충청북도 제천시,10,16000,,,,trade
구리,(주)인터넷청과,20250731,오이,백다다기,10.00kg,특,충청북도 제천시,58,22000,,,,trade
구리,(주)인터넷청과,20250731,오이,백다다기,10.00kg,특,충청북도 제천시,1,14500,,,,trade
구리,(주)인터넷청과,20250731,오이,백다다기,10.00kg,특,충청북도 제천시,16,5000,,,,trade
구리,(주)인터넷청과,20250731,오이,백다다기,10.00kg,특,충청북도 제천시,11,5000,,,,trade
구리,(주)인터넷청과,20250731,오이,백다다기,10.00kg,특,충청북도 제천시,50,23000,,,,trade
구리,(주)인터넷청과,20250731,오이,백다다기,10.00kg,특,충청북도 제천시,5,12500,,,,trade
구리,(주)인터넷청과,20250731,오이,백다다기,10.00kg,특,충청북도 제천시,6,6000,,,,trade
구리,(주)인터넷청과,20250731,오이,백다다기,10.00kg,특,충청북도 제천시,34,20000,,,,trade
구리,(주)인터넷청과,20250731,오이,백다다기,10.00kg,특,충청북도 제천시,40,10000,,,,trade
구리,(주)인터넷청과,20250731,오이,백다다기,10.00kg,특,충청북도 제천시,9,5000,,,,trade
구리,(주)인터넷청과,20250731,오이,백다다기,10.00kg,특,충청북도 제천시,21,28000,,,,trade
구리,(주)인터넷청과,20250731,오이,백다다기,10.00kg,특,충청북도 제천시,3,8000,,,,trade
구리,(주)인터넷청과,20250731,오이,백다다기,10.00kg,특,충청북도 제천시,35,12000,,,,trade
구리,(주)인터넷청과,20250731,오이,백다다기,10.00kg,특,충청북도 제천시,5,21000,,,,trade
구리,(주)인터넷청과,20250731,오이,백다다기,10.00kg,특,충청북도 제천시,3,7000,,,,trade
구리,(주)인터넷청과,20250731,오이,백다다기,10.00kg,특,충청북도 제천시,9,10000,,,,trade
구리,(주)인터넷청과,20250731,오이,백다다기,10.00kg,특,충청북도 제천시,23,7000,,,,trade
구리,(주)인터넷청과,20250731,오이,백다다기,10.00kg,특,충청북도 제천시,37,18000,,,,trade
구리,(주)인터넷청과,20250731,오이,백다다기,10.00kg,특,충청북도 제천시,3,9000,,,,trade
구리,(주)인터넷청과,20250731,오이,백다다기,10.00kg,특,충청북도 제천시,2,12500,,,,trade
구리,(주)인터넷청과,20250731,오이,백다다기,10.00kg,특,충청북도 제천시,5,5000,,,,trade
구리,(주)인터넷청과,20250731,오이,백다다기,10.00kg,특,충청북도 제천시,4,18000,,,,trade
구리,(주)인터넷청과,20250731,오이,백다다기,10.00kg,특,충청북도 제천시,3,18000,,,,trade
구리,(주)인터넷청과,20250731,오이,백다다기,10.00kg,특,충청북도 제천시,2,7000,,,,trade
구리,(주)인터넷청과,20250731,오이,백다다기,10.00kg,특,충청북도 제천시,15,9000,,,,trade
구리,(주)인터넷청과,20250731,오이,백다다기,10.00kg,특,충청북도 제천시,9,7000,,,,trade
구리,(주)인터넷청과,20250731,오이,백다다기,10.00kg,특,충청북도 제천시,17,22000,,,,trade
구리,(주)인터넷청과,20250731,오이,백다다기,10.00kg,특,충청북도 제천시,5,15000,,,,trade
구리,(주)인터넷청과,20250731,오이,백다다기,10.00kg,특,충청북도 제천시,7,3000,,,,trade
구리,(주)인터넷청과,20250731,오이,백다다기,10.00kg,특,충청북도 제천시,26,9000,,,,trade
구리,(주)인터넷청과,20250731,오이,백다다기,10.00kg,특,충청북도 제천시,6,3500,,,,trade
구리,(주)인터넷청과,20250731,오이,백다다기,10.00kg,특,충청북도 제천시,1,3500,,,,trade
구리,(주)인터넷청과,20250731,오이,백다다기,10.00kg,특,충청북도 제천시,18,18000,,,,trade
구리,(주)인터넷청과,20250731,오이,백다다기,10.00kg,특,충청북도 제천시,2,6000,,,,trade
구리,(주)인터넷청과,20250731,오이,백다다기,10.00kg,특,충청북도 제천시,22,20000,,,,trade
구리,(주)인터넷청과,20250731,오이,백다다기,10.00kg,특,충청북도 제천시,6,7000,,,,trade
구리,(주)인터넷청과,20250731,오이,백다다기,10.00kg,특,충청북도 제천시,8,8500,,,,trade
구리,(주)인터넷청과,20250731,오이,백다다기,10.00kg,특,충청북도 제천시,1,2500,,,,trade
구리,(주)인터넷청과,20250731,오이,백다다기,10.00kg,특,충청북도 제천시,2,16000,,,,trade
구리,(주)인터넷청과,20250731,오이,백다다기,10.00kg,특,충청북도 제천시,1,11000,,,,trade
구리,(주)인터넷청과,20250731,오이,백다다기,10.00kg,특,충청북도 제천시,1,3000,,,,trade
구리,(주)인터넷청과,20250731,오이,백다다기,10.00kg,특,충청북도 제천시,9,6000,,,,trade
구리,(주)인터넷청과,20250731,오이,백다다기,10.00kg,특,충청북도 제천시,15,21000,,,,trade
구리,(주)인터넷청과,20250731,오이,백다다기,10.00kg,특,충청북도 제천시,4,5000,,,,trade
구리,(주)인터넷청과,20250731,오이,백다다기,10.00kg,특,충청북도 제천시,2,5000,,,,trade
구리,(주)인터넷청과,20250731,오이,백다다기,10.00kg,특,강원도 횡성군,28,3500,,,,trade
구리,(주)인터넷청과,20250731,오이,백다다기,8.00kg,특,강원도 철원군,3,7800,,,,trade
구리,(주)인터넷청과,20250731,오이,백다다기,8.00kg,특,강원도 철원군,20,5000,,,,trade
구리,(주)인터넷청과,20250731,오이,백다다기,8.00kg,특,강원도 철원군,5,13200,,,,trade
구리,(주)인터넷청과,20250731,오이,백다다기,8.00kg,특,강원도 철원군,5,11200,,,,trade
구리,(주)인터넷청과,20250731,오이,백다다기,8.00kg,특,강원도 철원군,24,7200,,,,trade
구리,(주)인터넷청과,20250731,오이,백다다기,8.00kg,특,강원도 철원군,38,6500,,,,trade
구리,(주)인터넷청과,20250731,오이,백다다기,10.00kg,특,강원도 철원군,3,1500,,,,trade
구리,(주)인터넷청과,20250731,오이,백다다기,10.00kg,특,강원도 철원군,7,10000,,,,trade
구리,(주)인터넷청과,20250731,오이,백다다기,10.00kg,특,강원도 철원군,30,15000,,,,trade
구리,(주)인터넷청과,20250731,오이,백다다기,18.00kg,특,강원도 철원군,12,5000,,,,trade
구리,(주)인터넷청과,20250731,오이,백다다기,18.00kg,특,강원도 철원군,34,17000,,,,trade
구리,(주)인터넷청과,20250731,오이,백다다기,8.00kg,특,강원도 철원군,3,1500,,,,trade
구리,(주)인터넷청과,20250731,오이,백다다기,8.00kg,특,강원도 철원군,3,2300,,,,trade
구리,(주)인터넷청과,20250731,오이,백다다기,8.00kg,특,강원도 철원군,28,9200,,,,trade
구리,(주)인터넷청과,20250731,오이,백다다기,10.00kg,특,강원도 철원군,5,1000,,,,trade
구리,(주)인터넷청과,20250731,오이,백다다기,10.00kg,특,강원도 철원군,19,2000,,,,trade
구리,(주)인터넷청과,20250731,오이,백다다기,10.00kg,특,경기도 광주시,2,2500,,,,trade
구리,(주)인터넷청과,20250731,오이,백다다기,10.00kg,특,경기도 광주시,8,7000,,,,trade
구리,(주)인터넷청과,20250731,오이,백다다기,10.00kg,특,강원도 화천군,1,2500,,,,trade
구리,(주)인터넷청과,20250731,오이,백다다기,10.00kg,특,강원도 화천군,6,16000,,,,trade
구리,(주)인터넷청과,20250731,오이,백다다기,10.00kg,특,강원도 홍천군,2,4500,,,,trade
구리,(주)인터넷청과,20250731,오이,백다다기,10.00kg,특,강원도 홍천군,2,1000,,,,trade
구리,(주)인터넷청과,20250731,오이,백다다기,10.00kg,특,강원도 홍천군,8,6000,,,,trade
구리,(주)인터넷청과,20250731,오이,백다다기,18.00kg,특,강원도 홍천군,8,12000,,,,trade
구리,(주)인터넷청과,20250731,오이,백다다기,8.00kg,특,경기도 양주시,2,2000,,,,trade
구리,(주)인터넷청과,20250731,오이,백다다기,8.00kg,특,경기도 양주시,3,5000,,,,trade
구리,(주)인터넷청과,20250731,오이,백다다기,8.00kg,특,경기도 양주시,11,1000,,,,trade
구리,(주)인터넷청과,20250731,오이,백다다기,8.00kg,특,경기도 양주시,24,3500,,,,trade
구리,(주)인터넷청과,20250731,오이,백다다기,8.00kg,특,경기도 양주시,20,8000,,,,trade
구리,(주)인터넷청과,20250731,오이,백다다기,18.00kg,특,강원도 홍천군,2,9000,,,,trade
구리,(주)인터넷청과,20250731,오이,백다다기,18.00kg,특,강원도 홍천군,2,17000,,,,trade
구리,(주)인터넷청과,20250731,오이,백다다기,18.00kg,특,강원도 홍천군,1,58000,,,,trade
구리,(주)인터넷청과,20250731,오이,백다다기,18.00kg,특,강원도 홍천군,44,58000,,,,trade
구리,(주)인터넷청과,20250731,오이,백다다기,18.00kg,특,강원도 홍천군,24,12000,,,,trade
구리,(주)인터넷청과,20250731,오이,백다다기,18.00kg,특,강원도 홍천군,38,52000,,,,trade
구리,(주)인터넷청과,20250731,오이,백다다기,18.00kg,특,강원도 홍천군,1,13000,,,,trade
구리,(주)인터넷청과,20250731,오이,백다다기,18.00kg,특,강원도 홍천군,8,11000,,,,trade
구리,(주)인터넷청과,20250731,오이,백다다기,18.00kg,특,강원도 홍천군,3,32000,,,,trade
구리,(주)인터넷청과,20250731,오이,백다다기,18.00kg,특,강원도 홍천군,2,34000,,,,trade
구리,(주)인터넷청과,20250731,오이,백다다기,18.00kg,특,강원도 홍천군,2,30000,,,,trade
구리,(주)인터넷청과,20250731,오이,백다다기,18.00kg,특,강원도 홍천군,29,66000,,,,trade
구리,(주)인터넷청과,20250731,오이,백다다기,18.00kg,특,충청남도 공주시,7,7000,,,,trade
구리,(주)인터넷청과,20250731,오이,백다다기,10.00kg,특,강원도 홍천군,2,8000,,,,trade
구리,(주)인터넷청과,20250731,오이,백다다기,10.00kg,특,강원도 홍천군,4,5500,,,,trade
구리,(주)인터넷청과,20250731,오이,백다다기,10.00kg,특,강원도 홍천군,5,3000,,,,trade
구리,(주)인터넷청과,20250731,오이,백다다기,10.00kg,특,강원도 홍천군,6,12000,,,,trade
구리,(주)인터넷청과,20250731,오이,백다다기,10.00kg,특,강원도 홍천군,8,11000,,,,trade
구리,(주)인터넷청과,20250731,오이,백다다기,18.00kg,특,강원도 홍천군,6,3000,,,,trade
구리,(주)인터넷청과,20250731,오이,백다다기,18.00kg,특,강원도 홍천군,2,13000,,,,trade
구리,(주)인터넷청과,20250731,오이,백다다기,18.00kg,특,강원도 홍천군,3,4000,,,,trade
구리,(주)인터넷청과,20250731,오이,백다다기,18.00kg,특,강원도 홍천군,8,3000,,,,trade
구리,(주)인터넷청과,20250731,오이,백다다기,18.00kg,특,강원도 홍천군,3,16000,,,,trade
구리,(주)인터넷청과,20250731,오이,백다다기,18.00kg,특,강원도 홍천군,1,5000,,,,trade
구리,(주)인터넷청과,20250731,오이,백다다기,18.00kg,특,강원도 홍천군,5,24000,,,,trade
구리,(주)인터넷청과,20250731,오이,백다다기,18.00kg,특,강원도 홍천군,2,5000,,,,trade
구리,(주)인터넷청과,20250731,오이,백다다기,18.00kg,특,강원도 홍천군,3,21000,,,,trade
구리,(주)인터넷청과,20250731,오이,백다다기,18.00kg,특,강원도 홍천군,8,30000,,,,trade
구리,(주)인터넷청과,20250731,오이,백다다기,18.00kg,특,강원도 홍천군,8,7000,,,,trade
구리,(주)인터넷청과,20250731,오이,백다다기,18.00kg,특,강원도 홍천군,11,35000,,,,trade
구리,(주)인터넷청과,20250731,오이,백다다기,18.00kg,특,강원도 홍천군,2,7000,,,,trade
구리,(주)인터넷청과,20250731,오이,백다다기,18.00kg,특,강원도 홍천군,3,16000,,,,trade
구리,(주)인터넷청과,20250731,오이,백다다기,18.00kg,특,강원도 홍천군,7,26000,,,,trade
구리,(주)인터넷청과,20250731,오이,백다다기,18.00kg,특,강원도 홍천군,27,42000,,,,trade
구리,(주)인터넷청과,20250731,오이,백다다기,18.00kg,특,강원도 홍천군,2,8000,,,,trade
구리,(주)인터넷청과,20250731,오이,백다다기,18.00kg,특,강원도 홍천군,38,36000,,,,trade
구리,(주)인터넷청과,20250731,오이,백다다기,18.00kg,특,강원도 홍천군,14,33000,,,,trade
구리,(주)인터넷청과,20250731,오이,백다다기,18.00kg,특,강원도 홍천군,1,7000,,,,trade
구리,(주)인터넷청과,20250731,오이,백다다기,18.00kg,특,강원도 홍천군,21,30000,,,,trade
구리,(주)인터넷청과,20250731,오이,백다다기,18.00kg,특,강원도 홍천군,26,65000,,,,trade
구리,(주)인터넷청과,20250731,오이,백다다기,18.00kg,특,강원도 홍천군,3,38000,,,,trade
구리,(주)인터넷청과,20250731,오이,백다다기,18.00kg,특,강원도 홍천군,1,24000,,,,trade
구리,(주)인터넷청과,20250731,오이,백다다기,18.00kg,특,강원도 홍천군,2,32000,,,,trade
구리,(주)인터넷청과,20250731,오이,백다다기,18.00kg,특,강원도 홍천군,7,35000,,,,trade
구리,(주)인터넷청과,20250731,오이,백다다기,18.00kg,특,강원도 홍천군,1,20000,,,,trade
구리,(주)인터넷청과,20250731,오이,백다다기,10.00kg,특,충청북도 제천시,43,23000,,,,trade
구리,(주)인터넷청과,20250731,오이,백다다기,10.00kg,특,충청북도 제천시,47,8000,,,,trade
구리,(주)인터넷청과,20250731,오이,백다다기,10.00kg,특,충청북도 제천시,4,6000,,,,trade
구리,(주)인터넷청과,20250731,오이,백다다기,10.00kg,특,충청북도 제천시,1,4000,,,,trade
구리,(주)인터넷청과,20250731,오이,백다다기,10.00kg,특,충청북도 제천시,8,25000,,,,trade
구리,(주)인터넷청과,20250731,오이,백다다기,10.00kg,특,충청북도 제천시,4,25000,,,,trade
구리,(주)인터넷청과,20250731,오이,백다다기,10.00kg,특,충청북도 제천시,5,14000,,,,trade
구리,(주)인터넷청과,20250731,오이,백다다기,10.00kg,특,충청북도 제천시,5,8000,,,,trade
구리,(주)인터넷청과,20250731,오이,백다다기,10.00kg,특,충청북도 제천시,28,10000,,,,trade
구리,(주)인터넷청과,20250731,오이,백다다기,10.00kg,특,충청북도 제천시,4,7000,,,,trade
구리,(주)인터넷청과,20250731,오이,백다다기,10.00kg,특,충청북도 제천시,1,4000,,,,trade
구리,(주)인터넷청과,20250731,오이,백다다기,10.00kg,특,충청북도 제천시,1,5500,,,,trade
구리,(주)인터넷청과,20250731,오이,백다다기,10.00kg,특,충청북도 제천시,40,17000,,,,trade
구리,(주)인터넷청과,20250731,오이,백다다기,10.00kg,특,충청북도 제천시,2,8500,,,,trade
구리,(주)인터넷청과,20250731,오이,백다다기,10.00kg,특,충청북도 제천시,4,8000,,,,trade
구리,(주)인터넷청과,20250731,오이,백다다기,10.00kg,특,충청북도 제천시,72,20000,,,,trade
구리,(주)인터넷청과,20250731,오이,백다다기,10.00kg,특,충청북도 제천시,8,8000,,,,trade
구리,(주)인터넷청과,20250731,오이,백다다기,10.00kg,특,충청북도 제천시,16,4000,,,,trade
구리,(주)인터넷청과,20250731,오이,백다다기,10.00kg,특,충청북도 제천시,6,8000,,,,trade
구리,(주)인터넷청과,20250731,오이,백다다기,10.00kg,특,충청북도 제천시,13,4500,,,,trade
구리,(주)인터넷청과,20250731,오이,백다다기,10.00kg,특,충청북도 제천시,2,8000,,,,trade
구리,(주)인터넷청과,20250731,오이,백다다기,10.00kg,특,충청북도 제천시,3,6000,,,,trade
구리,(주)인터넷청과,20250731,오이,백다다기,10.00kg,특,충청북도 제천시,55,14000,,,,trade
구리,(주)인터넷청과,20250731,오이,백다다기,10.00kg,특,충청북도 제천시,36,25000,,,,trade
구리,(주)인터넷청과,20250731,오이,백다다기,10.00kg,특,충청북도 제천시,7,15000,,,,trade
구리,(주)인터넷청과,20250731,오이,백다다기,10.00kg,특,충청북도 제천시,22,19000,,,,trade
구리,(주)인터넷청과,20250731,오이,백다다기,10.00kg,특,충청북도 제천시,5,9000,,,,trade
구리,(주)인터넷청과,20250731,오이,백다다기,10.00kg,특,충청북도 제천시,2,5000,,,,trade
구리,(주)인터넷청과,20250731,오이,백다다기,10.00kg,특,충청북도 제천시,21,20000,,,,trade
구리,(주)인터넷청과,20250731,오이,백다다기,10.00kg,특,충청북도 제천시,2,9000,,,,trade
구리,(주)인터넷청과,20250731,오이,백다다기,10.00kg,특,충청북도 제천시,45,15000,,,,trade
구리,(주)인터넷청과,20250731,오이,백다다기,10.00kg,특,충청북도 제천시,6,8000,,,,trade
구리,(주)인터넷청과,20250731,오이,백다다기,10.00kg,특,충청북도 제천시,4,4000,,,,trade
구리,(주)인터넷청과,20250731,오이,백다다기,10.00kg,특,충청북도 제천시,4,11000,,,,trade
구리,(주)인터넷청과,20250731,오이,백다다기,10.00kg,특,충청북도 제천시,2,10000,,,,trade
구리,(주)인터넷청과,20250731,오이,백다다기,10.00kg,특,충청북도 제천시,8,7000,,,,trade
구리,(주)인터넷청과,20250731,오이,백다다기,10.00kg,특,충청북도 제천시,13,10000,,,,trade
구리,(주)인터넷청과,20250731,오이,백다다기,10.00kg,특,충청북도 제천시,6,8000,,,,trade
구리,(주)인터넷청과,20250731,오이,백다다기,10.00kg,특,충청북도 제천시,8,21000,,,,trade
구리,(주)인터넷청과,20250731,오이,백다다기,10.00kg,특,충청북도 제천시,2,6000,,,,trade
구리,(주)인터넷청과,20250731,오이,백다다기,10.00kg,특,충청북도 제천시,15,22000,,,,trade
구리,(주)인터넷청과,20250731,오이,백다다기,10.00kg,특,충청북도 제천시,5,14000,,,,trade
구리,(주)인터넷청과,20250731,오이,백다다기,10.00kg,특,충청북도 제천시,6,5500,,,,trade
구리,(주)인터넷청과,20250731,오이,백다다기,10.00kg,특,충청북도 제천시,74,25000,,,,trade
구리,(주)인터넷청과,20250731,오이,백다다기,10.00kg,특,충청북도 제천시,6,18500,,,,trade
구리,(주)인터넷청과,20250731,오이,백다다기,10.00kg,특,충청북도 제천시,4,5500,,,,trade
구리,(주)인터넷청과,20250731,오이,백다다기,10.00kg,특,충청북도 제천시,3,5500,,,,trade
구리,(주)인터넷청과,20250731,오이,백다다기,10.00kg,특,충청북도 제천시,6,26500,,,,trade
구리,(주)인터넷청과,20250731,오이,백다다기,10.00kg,특,충청북도 제천시,5,18000,,,,trade
구리,(주)인터넷청과,20250731,오이,백다다기,10.00kg,특,충청북도 제천시,1,6500,,,,trade
구리,(주)인터넷청과,20250731,오이,백다다기,10.00kg,특,충청북도 제천시,16,6000,,,,trade
구리,(주)인터넷청과,20250731,오이,백다다기,10.00kg,특,충청북도 제천시,5,5000,,,,trade
구리,(주)인터넷청과,20250731,오이,백다다기,10.00kg,특,충청북도 제천시,44,18000,,,,trade
구리,(주)인터넷청과,20250731,오이,백다다기,10.00kg,특,충청북도 제천시,15,4500,,,,trade
구리,(주)인터넷청과,20250731,오이,백다다기,8.00kg,특,경기도 양주시,29,9300,,,,trade
구리,(주)인터넷청과,20250731,오이,백다다기,8.00kg,특,경기도 양주시,32,5700,,,,trade
구리,(주)인터넷청과,20250731,오이,백다다기,8.00kg,특,경기도 양주시,6,1500,,,,trade
구리,(주)인터넷청과,20250731,오이,백다다기,8.00kg,특,경기도 양주시,7,6800,,,,trade
구리,(주)인터넷청과,20250731,오이,백다다기,8.00kg,특,경기도 양주시,6,5800,,,,trade
구리,(주)인터넷청과,20250731,오이,백다다기,10.00kg,특,강원도 철원군,2,18000,,,,trade
구리,(주)인터넷청과,20250731,오이,백다다기,10.00kg,특,강원도 철원군,27,7000,,,,trade
구리,(주)인터넷청과,20250731,오이,백다다기,10.00kg,특,강원도 철원군,2,1500,,,,trade
구리,(주)인터넷청과,20250731,오이,백다다기,8.00kg,특,강원도 철원군,30,13300,,,,trade
구리,(주)인터넷청과,20250731,오이,백다다기,8.00kg,특,강원도 철원군,17,12500,,,,trade
구리,(주)인터넷청과,20250731,오이,백다다기,8.00kg,특,강원도 철원군,4,12800,,,,trade
구리,(주)인터넷청과,20250731,오이,백다다기,8.00kg,특,강원도 철원군,4,14600,,,,trade
구리,(주)인터넷청과,20250731,오이,백다다기,8.00kg,특,강원도 철원군,30,13000,,,,trade
구리,(주)인터넷청과,20250731,오이,백다다기,8.00kg,특,강원도 철원군,2,5300,,,,trade
구리,(주)인터넷청과,20250731,오이,백다다기,8.00kg,특,강원도 철원군,5,8700,,,,trade
구리,(주)인터넷청과,20250731,오이,백다다기,10.00kg,특,강원도 철원군,6,12000,,,,trade
구리,(주)인터넷청과,20250731,오이,백다다기,10.00kg,특,강원도 철원군,3,5000,,,,trade
구리,(주)인터넷청과,20250731,오이,백다다기,8.00kg,특,강원도 철원군,18,13100,,,,trade
구리,(주)인터넷청과,20250731,오이,백다다기,8.00kg,특,강원도 철원군,7,13600,,,,trade
구리,(주)인터넷청과,20250731,오이,백다다기,8.00kg,특,강원도 철원군,1,6500,,,,trade
구리,(주)인터넷청과,20250731,오이,백다다기,18.00kg,특,강원도 홍천군,22,53000,,,,trade
구리,(주)인터넷청과,20250731,오이,백다다기,18.00kg,특,강원도 홍천군,22,16000,,,,trade
구리,(주)인터넷청과,20250731,오이,백다다기,18.00kg,특,강원도 홍천군,22,60000,,,,trade
구리,(주)인터넷청과,20250731,오이,백다다기,18.00kg,특,강원도 홍천군,8,60000,,,,trade
구리,(주)인터넷청과,20250731,오이,백다다기,18.00kg,특,강원도 홍천군,1,68000,,,,trade
구리,(주)인터넷청과,20250731,오이,백다다기,18.00kg,특,강원도 홍천군,1,16000,,,,trade
구리,(주)인터넷청과,20250731,오이,백다다기,18.00kg,특,강원도 홍천군,2,38000,,,,trade
구리,(주)인터넷청과,20250731,오이,백다다기,18.00kg,특,강원도 홍천군,1,11000,,,,trade
구리,(주)인터넷청과,20250731,오이,백다다기,18.00kg,특,강원도 홍천군,12,10000,,,,trade
구리,(주)인터넷청과,20250731,오이,백다다기,10.00kg,특,강원도 홍천군,12,4500,,,,trade
구리,(주)인터넷청과,20250731,오이,백다다기,10.00kg,특,강원도 홍천군,2,1500,,,,trade
구리,(주)인터넷청과,20250731,오이,백다다기,10.00kg,특,강원도 철원군,3,7000,,,,trade
구리,(주)인터넷청과,20250731,오이,백다다기,10.00kg,특,강원도 철원군,1,3000,,,,trade
구리,(주)인터넷청과,20250731,오이,백다다기,18.00kg,특,강원도 철원군,33,30000,,,,trade
구리,(주)인터넷청과,20250731,오이,백다다기,18.00kg,특,강원도 철원군,11,10000,,,,trade
구리,(주)인터넷청과,20250731,오이,백다다기,10.00kg,특,경기도 광주시,11,14000,,,,trade
구리,(주)인터넷청과,20250731,오이,백다다기,10.00kg,특,경기도 광주시,2,3500,,,,trade
구리,(주)인터넷청과,20250731,오이,백다다기,10.00kg,특,강원도 화천군,3,20000,,,,trade
구리,(주)인터넷청과,20250731,오이,백다다기,18.00kg,특,충청남도 공주시,7,11000,,,,trade
구리,(주)인터넷청과,20250731,오이,백다다기,20.00kg,특,강원도 홍천군,21,7000,,,,trade
구리,(주)인터넷청과,20250731,오이,백다다기,20.00kg,특,강원도 홍천군,36,7000,,,,trade
구리,(주)인터넷청과,20250731,오이,백다다기,20.00kg,특,강원도 홍천군,27,7000,,,,trade
구리,(주)인터넷청과,20250731,오이,백다다기,10.00kg,특,강원도 홍천군,10,4000,,,,trade
구리,(주)인터넷청과,20250731,오이,백다다기,18.00kg,특,강원도 홍천군,1,6000,,,,trade
구리,(주)인터넷청과,20250731,오이,백다다기,18.00kg,특,강원도 홍천군,1,11000,,,,trade
구리,(주)인터넷청과,20250731,오이,백다다기,18.00kg,특,강원도 홍천군,1,8000,,,,trade
구리,(주)인터넷청과,20250731,오이,백다다기,18.00kg,특,강원도 홍천군,3,9000,,,,trade
구리,(주)인터넷청과,20250731,오이,백다다기,18.00kg,특,강원도 홍천군,1,9000,,,,trade
구리,(주)인터넷청과,20250731,오이,백다다기,18.00kg,특,강원도 홍천군,2,12000,,,,trade
구리,(주)인터넷청과,20250731,오이,백다다기,18.00kg,특,강원도 홍천군,7,9000,,,,trade
구리,(주)인터넷청과,20250731,오이,백다다기,18.00kg,특,강원도 홍천군,5,9000,,,,trade
구리,(주)인터넷청과,20250731,오이,백다다기,10.00kg,특,강원도 홍천군,5,15000,,,,trade
구리,(주)인터넷청과,20250731,오이,백다다기,18.00kg,특,강원도 홍천군,2,11000,,,,trade
구리,(주)인터넷청과,20250731,오이,백다다기,18.00kg,특,강원도 홍천군,24,30000,,,,trade
구리,(주)인터넷청과,20250731,오이,백다다기,18.00kg,특,강원도 홍천군,2,10000,,,,trade
구리,(주)인터넷청과,20250731,오이,백다다기,18.00kg,특,강원도 홍천군,5,26000,,,,trade
구리,(주)인터넷청과,20250731,오이,백다다기,18.00kg,특,강원도 홍천군,14,32000,,,,trade
구리,(주)인터넷청과,20250731,오이,백다다기,18.00kg,특,강원도 홍천군,34,35000,,,,trade
구리,(주)인터넷청과,20250731,오이,백다다기,18.00kg,특,강원도 홍천군,1,10000,,,,trade
구리,(주)인터넷청과,20250731,오이,백다다기,10.00kg,특,강원도 홍천군,1,6500,,,,trade
구리,(주)인터넷청과,20250731,오이,백다다기,18.00kg,특,강원도 홍천군,1,23000,,,,trade
구리,(주)인터넷청과,20250731,오이,백다다기,18.00kg,특,강원도 홍천군,1,9000,,,,trade
구리,(주)인터넷청과,20250731,오이,백다다기,18.00kg,특,강원도 홍천군,6,28000,,,,trade
구리,(주)인터넷청과,20250731,오이,백다다기,18.00kg,특,강원도 홍천군,4,22000,,,,trade
구리,(주)인터넷청과,20250731,오이,백다다기,18.00kg,특,강원도 홍천군,4,12000,,,,trade
구리,(주)인터넷청과,20250731,오이,백다다기,18.00kg,특,강원도 홍천군,2,10000,,,,trade
구리,(주)인터넷청과,20250731,오이,백다다기,18.00kg,특,강원도 홍천군,27,40000,,,,trade
구리,(주)인터넷청과,20250731,오이,백다다기,18.00kg,특,강원도 홍천군,16,28000,,,,trade
구리,(주)인터넷청과,20250731,오이,백다다기,18.00kg,특,강원도 홍천군,6,10000,,,,trade
구리,(주)인터넷청과,20250731,오이,백다다기,10.00kg,특,강원도 홍천군,9,14000,,,,trade
구리,(주)인터넷청과,20250731,오이,백다다기,10.00kg,특,강원도 홍천군,4,6000,,,,trade
구리,(주)인터넷청과,20250805,오이,백다다기,10.00kg,특,강원도 철원군,20,17000,,,,trade
구리,(주)인터넷청과,20250805,오이,백다다기,8.00kg,특,강원도 철원군,2,12200,,,,trade
구리,(주)인터넷청과,20250805,오이,백다다기,8.00kg,특,강원도 철원군,8,12700,,,,trade
구리,(주)인터넷청과,20250805,오이,백다다기,8.00kg,특,강원도 철원군,1,12700,,,,trade
구리,(주)인터넷청과,20250805,오이,백다다기,8.00kg,특,강원도 철원군,13,13200,,,,trade
구리,(주)인터넷청과,20250805,오이,백다다기,8.00kg,특,강원도 철원군,16,13200,,,,trade
구리,(주)인터넷청과,20250805,오이,백다다기,8.00kg,특,강원도 철원군,8,14000,,,,trade
구리,(주)인터넷청과,20250805,오이,백다다기,8.00kg,특,강원도 철원군,2,14000,,,,trade
구리,(주)인터넷청과,20250805,오이,백다다기,8.00kg,특,강원도 철원군,1,11000,,,,trade
구리,(주)인터넷청과,20250805,오이,백다다기,10.00kg,특,충청북도 제천시,6,13500,,,,trade
구리,(주)인터넷청과,20250805,오이,백다다기,10.00kg,특,충청북도 제천시,2,13000,,,,trade
구리,(주)인터넷청과,20250805,오이,백다다기,10.00kg,특,충청북도 제천시,39,27000,,,,trade
구리,(주)인터넷청과,20250805,오이,백다다기,10.00kg,특,충청북도 제천시,7,18500,,,,trade
구리,(주)인터넷청과,20250805,오이,백다다기,10.00kg,특,충청북도 제천시,2,12000,,,,trade
구리,(주)인터넷청과,20250805,오이,백다다기,10.00kg,특,충청북도 제천시,22,13000,,,,trade
구리,(주)인터넷청과,20250805,오이,백다다기,10.00kg,특,충청북도 제천시,18,25000,,,,trade
구리,(주)인터넷청과,20250805,오이,백다다기,10.00kg,특,충청북도 제천시,6,14500,,,,trade
구리,(주)인터넷청과,20250805,오이,백다다기,10.00kg,특,충청북도 제천시,26,24000,,,,trade
구리,(주)인터넷청과,20250805,오이,백다다기,10.00kg,특,충청북도 제천시,14,19000,,,,trade
구리,(주)인터넷청과,20250805,오이,백다다기,10.00kg,특,충청북도 제천시,1,13500,,,,trade
구리,(주)인터넷청과,20250805,오이,백다다기,10.00kg,특,충청북도 제천시,1,13500,,,,trade
구리,(주)인터넷청과,20250805,오이,백다다기,10.00kg,특,충청북도 제천시,40,23000,,,,trade
구리,(주)인터넷청과,20250805,오이,백다다기,10.00kg,특,충청북도 제천시,3,15000,,,,trade
구리,(주)인터넷청과,20250805,오이,백다다기,10.00kg,특,충청북도 제천시,3,12000,,,,trade
구리,(주)인터넷청과,20250805,오이,백다다기,10.00kg,특,충청북도 제천시,51,26500,,,,trade
구리,(주)인터넷청과,20250805,오이,백다다기,10.00kg,특,충청북도 제천시,6,16000,,,,trade
구리,(주)인터넷청과,20250805,오이,백다다기,10.00kg,특,충청북도 제천시,4,21000,,,,trade
구리,(주)인터넷청과,20250805,오이,백다다기,10.00kg,특,충청북도 제천시,2,16000,,,,trade
구리,(주)인터넷청과,20250805,오이,백다다기,10.00kg,특,충청북도 제천시,1,14000,,,,trade
구리,(주)인터넷청과,20250805,오이,백다다기,10.00kg,특,충청북도 제천시,11,14500,,,,trade
구리,(주)인터넷청과,20250805,오이,백다다기,10.00kg,특,충청북도 제천시,11,22000,,,,trade
구리,(주)인터넷청과,20250805,오이,백다다기,10.00kg,특,충청북도 제천시,8,16000,,,,trade
구리,(주)인터넷청과,20250805,오이,백다다기,10.00kg,특,충청북도 제천시,1,14000,,,,trade
구리,(주)인터넷청과,20250805,오이,백다다기,10.00kg,특,충청북도 제천시,4,14000,,,,trade
구리,(주)인터넷청과,20250805,오이,백다다기,10.00kg,특,충청북도 제천시,25,20000,,,,trade
구리,(주)인터넷청과,20250805,오이,백다다기,10.00kg,특,충청북도 제천시,5,16000,,,,trade
구리,(주)인터넷청과,20250805,오이,백다다기,10.00kg,특,충청북도 제천시,2,14000,,,,trade
구리,(주)인터넷청과,20250805,오이,백다다기,10.00kg,특,충청북도 제천시,44,26000,,,,trade
구리,(주)인터넷청과,20250805,오이,백다다기,10.00kg,특,충청북도 제천시,5,21000,,,,trade
구리,(주)인터넷청과,20250805,오이,백다다기,10.00kg,특,충청북도 제천시,8,23000,,,,trade
구리,(주)인터넷청과,20250805,오이,백다다기,10.00kg,특,충청북도 제천시,2,10000,,,,trade
구리,(주)인터넷청과,20250805,오이,백다다기,10.00kg,특,충청북도 제천시,2,13000,,,,trade
구리,(주)인터넷청과,20250805,오이,백다다기,10.00kg,특,충청북도 제천시,6,11000,,,,trade
구리,(주)인터넷청과,20250805,오이,백다다기,10.00kg,특,충청북도 제천시,1,11000,,,,trade
구리,(주)인터넷청과,20250805,오이,백다다기,10.00kg,특,충청북도 제천시,46,27000,,,,trade
구리,(주)인터넷청과,20250805,오이,백다다기,10.00kg,특,충청북도 제천시,31,18000,,,,trade
구리,(주)인터넷청과,20250805,오이,백다다기,10.00kg,특,충청북도 제천시,13,17000,,,,trade
구리,(주)인터넷청과,20250805,오이,백다다기,10.00kg,특,충청북도 제천시,3,10000,,,,trade
구리,(주)인터넷청과,20250805,오이,백다다기,10.00kg,특,충청북도 제천시,4,10500,,,,trade
구리,(주)인터넷청과,20250805,오이,백다다기,10.00kg,특,충청북도 제천시,5,16000,,,,trade
구리,(주)인터넷청과,20250805,오이,백다다기,10.00kg,특,충청북도 제천시,64,25000,,,,trade
구리,(주)인터넷청과,20250805,오이,백다다기,10.00kg,특,충청북도 제천시,41,19000,,,,trade
구리,(주)인터넷청과,20250805,오이,백다다기,10.00kg,특,충청북도 제천시,7,14000,,,,trade
구리,(주)인터넷청과,20250805,오이,백다다기,10.00kg,특,충청북도 제천시,4,14000,,,,trade
구리,(주)인터넷청과,20250805,오이,백다다기,10.00kg,특,충청북도 제천시,28,12500,,,,trade
구리,(주)인터넷청과,20250805,오이,백다다기,10.00kg,특,충청북도 제천시,20,19000,,,,trade
구리,(주)인터넷청과,20250805,오이,백다다기,10.00kg,특,충청북도 제천시,4,13000,,,,trade
구리,(주)인터넷청과,20250805,오이,백다다기,10.00kg,특,충청북도 제천시,2,8000,,,,trade
구리,(주)인터넷청과,20250805,오이,백다다기,10.00kg,특,충청북도 제천시,3,13000,,,,trade
구리,(주)인터넷청과,20250805,오이,백다다기,10.00kg,특,충청북도 제천시,13,20000,,,,trade
구리,(주)인터넷청과,20250805,오이,백다다기,10.00kg,특,충청북도 제천시,6,14000,,,,trade
구리,(주)인터넷청과,20250805,오이,백다다기,10.00kg,특,충청북도 제천시,7,10000,,,,trade
구리,(주)인터넷청과,20250805,오이,백다다기,10.00kg,특,충청북도 제천시,3,12000,,,,trade
구리,(주)인터넷청과,20250805,오이,백다다기,10.00kg,특,충청북도 제천시,20,26000,,,,trade
구리,(주)인터넷청과,20250805,오이,백다다기,10.00kg,특,충청북도 제천시,7,18500,,,,trade
구리,(주)인터넷청과,20250805,오이,백다다기,10.00kg,특,충청북도 제천시,1,13000,,,,trade
구리,(주)인터넷청과,20250805,오이,백다다기,10.00kg,특,충청북도 제천시,3,13000,,,,trade
구리,(주)인터넷청과,20250805,오이,백다다기,18.00kg,특,강원도 홍천군,8,28000,,,,trade
구리,(주)인터넷청과,20250805,오이,백다다기,18.00kg,특,강원도 홍천군,3,23000,,,,trade
구리,(주)인터넷청과,20250805,오이,백다다기,10.00kg,특,강원도 홍천군,7,16000,,,,trade
구리,(주)인터넷청과,20250805,오이,백다다기,18.00kg,특,강원도 홍천군,20,38000,,,,trade
구리,(주)인터넷청과,20250805,오이,백다다기,18.00kg,특,강원도 홍천군,2,22000,,,,trade
구리,(주)인터넷청과,20250805,오이,백다다기,18.00kg,특,강원도 홍천군,25,43000,,,,trade
구리,(주)인터넷청과,20250805,오이,백다다기,18.00kg,특,강원도 홍천군,2,21000,,,,trade
구리,(주)인터넷청과,20250805,오이,백다다기,18.00kg,특,강원도 홍천군,15,42000,,,,trade
구리,(주)인터넷청과,20250805,오이,백다다기,18.00kg,특,강원도 홍천군,4,47000,,,,trade
구리,(주)인터넷청과,20250805,오이,백다다기,18.00kg,특,강원도 홍천군,10,37000,,,,trade
구리,(주)인터넷청과,20250805,오이,백다다기,18.00kg,특,강원도 홍천군,2,15000,,,,trade
구리,(주)인터넷청과,20250805,오이,백다다기,18.00kg,특,강원도 홍천군,2,18000,,,,trade
구리,(주)인터넷청과,20250805,오이,백다다기,10.00kg,특,강원도 홍천군,1,9000,,,,trade
구리,(주)인터넷청과,20250805,오이,백다다기,8.00kg,특,경기도 양주시,9,1200,,,,trade
구리,(주)인터넷청과,20250805,오이,백다다기,8.00kg,특,경기도 양주시,27,5300,,,,trade
구리,(주)인터넷청과,20250805,오이,백다다기,8.00kg,특,경기도 양주시,14,7000,,,,trade
구리,(주)인터넷청과,20250805,오이,백다다기,8.00kg,특,경기도 양주시,2,7000,,,,trade
구리,(주)인터넷청과,20250805,오이,백다다기,10.00kg,특,강원도 철원군,1,11000,,,,trade
구리,(주)인터넷청과,20250805,오이,백다다기,10.00kg,특,강원도 철원군,7,16000,,,,trade
구리,(주)인터넷청과,20250805,오이,백다다기,18.00kg,특,강원도 철원군,9,24000,,,,trade
구리,(주)인터넷청과,20250805,오이,백다다기,18.00kg,특,강원도 철원군,11,38000,,,,trade
구리,(주)인터넷청과,20250805,오이,백다다기,10.00kg,특,강원도 철원군,7,7000,,,,trade
구리,(주)인터넷청과,20250805,오이,백다다기,10.00kg,특,강원도 철원군,15,12000,,,,trade
구리,(주)인터넷청과,20250805,오이,백다다기,8.00kg,특,강원도 철원군,21,12600,,,,trade
구리,(주)인터넷청과,20250805,오이,백다다기,8.00kg,특,강원도 철원군,5,8600,,,,trade
구리,(주)인터넷청과,20250805,오이,백다다기,10.00kg,특,강원도 화천군,4,17000,,,,trade
구리,(주)인터넷청과,20250805,오이,백다다기,18.00kg,특,강원도 홍천군,9,27000,,,,trade
구리,(주)인터넷청과,20250805,오이,백다다기,18.00kg,특,강원도 홍천군,2,25000,,,,trade
구리,(주)인터넷청과,20250805,오이,백다다기,18.00kg,특,강원도 홍천군,1,32000,,,,trade
구리,(주)인터넷청과,20250805,오이,백다다기,18.00kg,특,강원도 홍천군,19,52000,,,,trade
구리,(주)인터넷청과,20250805,오이,백다다기,18.00kg,특,강원도 홍천군,16,24000,,,,trade
구리,(주)인터넷청과,20250805,오이,백다다기,18.00kg,특,강원도 홍천군,1,32000,,,,trade
구리,(주)인터넷청과,20250805,오이,백다다기,18.00kg,특,강원도 홍천군,2,28000,,,,trade
구리,(주)인터넷청과,20250805,오이,백다다기,18.00kg,특,강원도 홍천군,4,50000,,,,trade
구리,(주)인터넷청과,20250805,오이,백다다기,18.00kg,특,강원도 홍천군,5,45000,,,,trade
구리,(주)인터넷청과,20250805,오이,백다다기,18.00kg,특,강원도 홍천군,40,40000,,,,trade
구리,(주)인터넷청과,20250805,오이,백다다기,18.00kg,특,강원도 홍천군,12,60000,,,,trade
구리,(주)인터넷청과,20250805,오이,백다다기,10.00kg,특,경기도 광주시,3,11000,,,,trade
구리,(주)인터넷청과,20250805,오이,백다다기,10.00kg,특,경기도 광주시,9,16000,,,,trade
구리,(주)인터넷청과,20250805,오이,백다다기,18.00kg,특,강원도 홍천군,6,18000,,,,trade
구리,(주)인터넷청과,20250805,오이,백다다기,18.00kg,특,강원도 홍천군,5,15000,,,,trade
구리,(주)인터넷청과,20250805,오이,백다다기,18.00kg,특,강원도 홍천군,3,18000,,,,trade
구리,(주)인터넷청과,20250805,오이,백다다기,18.00kg,특,강원도 홍천군,24,62000,,,,trade
구리,(주)인터넷청과,20250805,오이,백다다기,18.00kg,특,강원도 홍천군,1,68000,,,,trade
구리,(주)인터넷청과,20250805,오이,백다다기,18.00kg,특,강원도 홍천군,1,36000,,,,trade
구리,(주)인터넷청과,20250805,오이,백다다기,18.00kg,특,강원도 홍천군,25,18000,,,,trade
구리,(주)인터넷청과,20250805,오이,백다다기,18.00kg,특,강원도 홍천군,17,68000,,,,trade
구리,(주)인터넷청과,20250805,오이,백다다기,18.00kg,특,강원도 홍천군,7,54000,,,,trade
구리,(주)인터넷청과,20250805,오이,백다다기,18.00kg,특,강원도 홍천군,5,43000,,,,trade
구리,(주)인터넷청과,20250805,오이,백다다기,18.00kg,특,강원도 홍천군,6,42000,,,,trade
구리,(주)인터넷청과,20250805,오이,백다다기,18.00kg,특,강원도 홍천군,5,20000,,,,trade
구리,(주)인터넷청과,20250805,오이,백다다기,8.00kg,특,강원도 철원군,16,13200,,,,trade
구리,(주)인터넷청과,20250805,오이,백다다기,8.00kg,특,강원도 철원군,21,13400,,,,trade
구리,(주)인터넷청과,20250805,오이,백다다기,8.00kg,특,강원도 철원군,16,13400,,,,trade
구리,(주)인터넷청과,20250805,오이,백다다기,8.00kg,특,강원도 철원군,2,11500,,,,trade
구리,(주)인터넷청과,20250805,오이,백다다기,10.00kg,특,강원도 철원군,24,17000,,,,trade
구리,(주)인터넷청과,20250805,오이,백다다기,10.00kg,특,강원도 철원군,15,13000,,,,trade
구리,(주)인터넷청과,20250805,오이,백다다기,10.00kg,특,강원도 철원군,7,9500,,,,trade
구리,(주)인터넷청과,20250805,오이,백다다기,18.00kg,특,강원도 철원군,13,40000,,,,trade
구리,(주)인터넷청과,20250805,오이,백다다기,18.00kg,특,강원도 철원군,11,18000,,,,trade
구리,(주)인터넷청과,20250805,오이,백다다기,8.00kg,특,경기도 양주시,1,8000,,,,trade
구리,(주)인터넷청과,20250805,오이,백다다기,8.00kg,특,경기도 양주시,13,4600,,,,trade
구리,(주)인터넷청과,20250805,오이,백다다기,8.00kg,특,경기도 양주시,23,3800,,,,trade
구리,(주)인터넷청과,20250805,오이,백다다기,8.00kg,특,경기도 양주시,5,1200,,,,trade
구리,(주)인터넷청과,20250805,오이,백다다기,10.00kg,특,강원도 철원군,11,10000,,,,trade
구리,(주)인터넷청과,20250805,오이,백다다기,8.00kg,특,강원도 철원군,31,13000,,,,trade
구리,(주)인터넷청과,20250805,오이,백다다기,8.00kg,특,강원도 철원군,3,11000,,,,trade
구리,(주)인터넷청과,20250805,오이,백다다기,8.00kg,특,강원도 철원군,2,7000,,,,trade
구리,(주)인터넷청과,20250805,오이,백다다기,18.00kg,특,충청남도 공주시,6,16000,,,,trade
구리,(주)인터넷청과,20250805,오이,백다다기,18.00kg,특,강원도 홍천군,5,18000,,,,trade
구리,(주)인터넷청과,20250805,오이,백다다기,18.00kg,특,강원도 홍천군,3,17000,,,,trade
구리,(주)인터넷청과,20250805,오이,백다다기,18.00kg,특,강원도 홍천군,2,16000,,,,trade
구리,(주)인터넷청과,20250805,오이,백다다기,18.00kg,특,강원도 홍천군,18,38000,,,,trade
구리,(주)인터넷청과,20250805,오이,백다다기,18.00kg,특,강원도 홍천군,1,17000,,,,trade
구리,(주)인터넷청과,20250805,오이,백다다기,18.00kg,특,강원도 홍천군,1,31000,,,,trade
구리,(주)인터넷청과,20250805,오이,백다다기,18.00kg,특,강원도 홍천군,1,22000,,,,trade
구리,(주)인터넷청과,20250805,오이,백다다기,18.00kg,특,강원도 홍천군,21,48000,,,,trade
구리,(주)인터넷청과,20250805,오이,백다다기,18.00kg,특,강원도 홍천군,15,42000,,,,trade
구리,(주)인터넷청과,20250805,오이,백다다기,18.00kg,특,강원도 홍천군,3,50000,,,,trade
구리,(주)인터넷청과,20250805,오이,백다다기,18.00kg,특,강원도 홍천군,9,38000,,,,trade
구리,(주)인터넷청과,20250805,오이,백다다기,18.00kg,특,강원도 홍천군,7,18000,,,,trade
구리,(주)인터넷청과,20250805,오이,백다다기,18.00kg,특,강원도 홍천군,2,18000,,,,trade
구리,(주)인터넷청과,20250805,오이,백다다기,10.00kg,특,강원도 홍천군,1,9000,,,,trade
구리,(주)인터넷청과,20250805,오이,백다다기,18.00kg,특,강원도 홍천군,9,25000,,,,trade
구리,(주)인터넷청과,20250805,오이,백다다기,18.00kg,특,강원도 홍천군,2,20000,,,,trade
구리,(주)인터넷청과,20250805,오이,백다다기,10.00kg,특,강원도 홍천군,8,14000,,,,trade
구리,(주)인터넷청과,20250805,오이,백다다기,10.00kg,특,경기도 광주시,11,16000,,,,trade
구리,(주)인터넷청과,20250805,오이,백다다기,10.00kg,특,경기도 광주시,2,10500,,,,trade
구리,(주)인터넷청과,20250805,오이,백다다기,10.00kg,특,충청북도 제천시,35,27000,,,,trade
구리,(주)인터넷청과,20250805,오이,백다다기,10.00kg,특,충청북도 제천시,5,15000,,,,trade
구리,(주)인터넷청과,20250805,오이,백다다기,10.00kg,특,충청북도 제천시,5,26000,,,,trade
구리,(주)인터넷청과,20250805,오이,백다다기,10.00kg,특,충청북도 제천시,8,15000,,,,trade
구리,(주)인터넷청과,20250805,오이,백다다기,10.00kg,특,충청북도 제천시,1,12000,,,,trade
구리,(주)인터넷청과,20250805,오이,백다다기,10.00kg,특,충청북도 제천시,10,8000,,,,trade
구리,(주)인터넷청과,20250805,오이,백다다기,10.00kg,특,충청북도 제천시,24,8000,,,,trade
구리,(주)인터넷청과,20250805,오이,백다다기,10.00kg,특,충청북도 제천시,8,23000,,,,trade
구리,(주)인터넷청과,20250805,오이,백다다기,10.00kg,특,충청북도 제천시,49,25000,,,,trade
구리,(주)인터넷청과,20250805,오이,백다다기,10.00kg,특,충청북도 제천시,23,23000,,,,trade
구리,(주)인터넷청과,20250805,오이,백다다기,10.00kg,특,충청북도 제천시,17,8500,,,,trade
구리,(주)인터넷청과,20250805,오이,백다다기,10.00kg,특,충청북도 제천시,2,9000,,,,trade
구리,(주)인터넷청과,20250805,오이,백다다기,10.00kg,특,충청북도 제천시,11,27000,,,,trade
구리,(주)인터넷청과,20250805,오이,백다다기,10.00kg,특,충청북도 제천시,4,23000,,,,trade
구리,(주)인터넷청과,20250805,오이,백다다기,10.00kg,특,충청북도 제천시,11,11000,,,,trade
구리,(주)인터넷청과,20250805,오이,백다다기,10.00kg,특,충청북도 제천시,12,24000,,,,trade
구리,(주)인터넷청과,20250805,오이,백다다기,10.00kg,특,충청북도 제천시,3,14000,,,,trade
구리,(주)인터넷청과,20250805,오이,백다다기,10.00kg,특,충청북도 제천시,2,10000,,,,trade
구리,(주)인터넷청과,20250805,오이,백다다기,10.00kg,특,충청북도 제천시,5,20000,,,,trade
구리,(주)인터넷청과,20250805,오이,백다다기,10.00kg,특,충청북도 제천시,5,9000,,,,trade
구리,(주)인터넷청과,20250805,오이,백다다기,10.00kg,특,충청북도 제천시,9,20000,,,,trade
구리,(주)인터넷청과,20250805,오이,백다다기,10.00kg,특,충청북도 제천시,1,10000,,,,trade
구리,(주)인터넷청과,20250805,오이,백다다기,10.00kg,특,충청북도 제천시,35,26000,,,,trade
구리,(주)인터넷청과,20250805,오이,백다다기,10.00kg,특,충청북도 제천시,35,20000,,,,trade
구리,(주)인터넷청과,20250805,오이,백다다기,10.00kg,특,충청북도 제천시,7,12000,,,,trade
구리,(주)인터넷청과,20250805,오이,백다다기,10.00kg,특,충청북도 제천시,25,18000,,,,trade
구리,(주)인터넷청과,20250805,오이,백다다기,10.00kg,특,충청북도 제천시,1,11500,,,,trade
구리,(주)인터넷청과,20250805,오이,백다다기,10.00kg,특,충청북도 제천시,12,13000,,,,trade
구리,(주)인터넷청과,20250805,오이,백다다기,10.00kg,특,충청북도 제천시,9,10000,,,,trade
구리,(주)인터넷청과,20250805,오이,백다다기,10.00kg,특,충청북도 제천시,4,12000,,,,trade
구리,(주)인터넷청과,20250805,오이,백다다기,10.00kg,특,충청북도 제천시,11,12000,,,,trade
구리,(주)인터넷청과,20250805,오이,백다다기,10.00kg,특,충청북도 제천시,35,29000,,,,trade
구리,(주)인터넷청과,20250805,오이,백다다기,10.00kg,특,충청북도 제천시,7,16000,,,,trade
구리,(주)인터넷청과,20250805,오이,백다다기,10.00kg,특,충청북도 제천시,1,10000,,,,trade
구리,(주)인터넷청과,20250805,오이,백다다기,10.00kg,특,충청북도 제천시,22,13000,,,,trade
구리,(주)인터넷청과,20250805,오이,백다다기,10.00kg,특,충청북도 제천시,44,25000,,,,trade
구리,(주)인터넷청과,20250805,오이,백다다기,10.00kg,특,충청북도 제천시,48,25000,,,,trade
구리,(주)인터넷청과,20250805,오이,백다다기,10.00kg,특,충청북도 제천시,4,14000,,,,trade
구리,(주)인터넷청과,20250805,오이,백다다기,10.00kg,특,충청북도 제천시,7,13000,,,,trade
구리,(주)인터넷청과,20250805,오이,백다다기,10.00kg,특,충청북도 제천시,33,11500,,,,trade
구리,(주)인터넷청과,20250805,오이,백다다기,10.00kg,특,충청북도 제천시,30,26000,,,,trade
구리,(주)인터넷청과,20250805,오이,백다다기,10.00kg,특,충청북도 제천시,4,14000,,,,trade
구리,(주)인터넷청과,20250805,오이,백다다기,10.00kg,특,충청북도 제천시,5,10000,,,,trade
구리,(주)인터넷청과,20250805,오이,백다다기,10.00kg,특,충청북도 제천시,41,24000,,,,trade
구리,(주)인터넷청과,20250805,오이,백다다기,10.00kg,특,충청북도 제천시,8,15000,,,,trade
구리,(주)인터넷청과,20250807,오이,백다다기,10.00kg,특,강원도 홍천군,5,17000,,,,trade
구리,(주)인터넷청과,20250807,오이,백다다기,10.00kg,특,강원도 홍천군,1,12000,,,,trade
구리,(주)인터넷청과,20250807,오이,백다다기,18.00kg,특,강원도 홍천군,15,37000,,,,trade
구리,(주)인터넷청과,20250807,오이,백다다기,18.00kg,특,강원도 홍천군,3,45000,,,,trade
구리,(주)인터넷청과,20250807,오이,백다다기,18.00kg,특,강원도 홍천군,11,28000,,,,trade
구리,(주)인터넷청과,20250807,오이,백다다기,18.00kg,특,강원도 홍천군,3,16000,,,,trade
구리,(주)인터넷청과,20250807,오이,백다다기,18.00kg,특,강원도 홍천군,20,43000,,,,trade
구리,(주)인터넷청과,20250807,오이,백다다기,18.00kg,특,강원도 홍천군,2,13000,,,,trade
구리,(주)인터넷청과,20250807,오이,백다다기,18.00kg,특,강원도 홍천군,5,30000,,,,trade
구리,(주)인터넷청과,20250807,오이,백다다기,18.00kg,특,강원도 홍천군,12,16000,,,,trade
구리,(주)인터넷청과,20250807,오이,백다다기,18.00kg,특,강원도 홍천군,25,37000,,,,trade
구리,(주)인터넷청과,20250807,오이,백다다기,18.00kg,특,강원도 홍천군,1,16000,,,,trade
구리,(주)인터넷청과,20250807,오이,백다다기,18.00kg,특,강원도 홍천군,6,45000,,,,trade
구리,(주)인터넷청과,20250807,오이,백다다기,18.00kg,특,강원도 홍천군,4,42000,,,,trade
구리,(주)인터넷청과,20250807,오이,백다다기,18.00kg,특,강원도 홍천군,5,22000,,,,trade
구리,(주)인터넷청과,20250807,오이,백다다기,10.00kg,특,충청북도 제천시,46,26000,,,,trade
구리,(주)인터넷청과,20250807,오이,백다다기,10.00kg,특,충청북도 제천시,7,16000,,,,trade
구리,(주)인터넷청과,20250807,오이,백다다기,10.00kg,특,충청북도 제천시,1,9000,,,,trade
구리,(주)인터넷청과,20250807,오이,백다다기,10.00kg,특,충청북도 제천시,11,14000,,,,trade
구리,(주)인터넷청과,20250807,오이,백다다기,10.00kg,특,충청북도 제천시,62,25000,,,,trade
구리,(주)인터넷청과,20250807,오이,백다다기,10.00kg,특,충청북도 제천시,17,21000,,,,trade
구리,(주)인터넷청과,20250807,오이,백다다기,10.00kg,특,충청북도 제천시,6,21500,,,,trade
구리,(주)인터넷청과,20250807,오이,백다다기,10.00kg,특,충청북도 제천시,5,11000,,,,trade
구리,(주)인터넷청과,20250807,오이,백다다기,10.00kg,특,충청북도 제천시,1,9000,,,,trade
구리,(주)인터넷청과,20250807,오이,백다다기,10.00kg,특,충청북도 제천시,5,9000,,,,trade
구리,(주)인터넷청과,20250807,오이,백다다기,10.00kg,특,충청북도 제천시,2,10000,,,,trade
구리,(주)인터넷청과,20250807,오이,백다다기,10.00kg,특,충청북도 제천시,35,23000,,,,trade
구리,(주)인터넷청과,20250807,오이,백다다기,10.00kg,특,충청북도 제천시,33,23500,,,,trade
구리,(주)인터넷청과,20250807,오이,백다다기,10.00kg,특,충청북도 제천시,13,14000,,,,trade
구리,(주)인터넷청과,20250807,오이,백다다기,10.00kg,특,충청북도 제천시,16,24000,,,,trade
구리,(주)인터넷청과,20250807,오이,백다다기,10.00kg,특,충청북도 제천시,9,12000,,,,trade
구리,(주)인터넷청과,20250807,오이,백다다기,10.00kg,특,충청북도 제천시,3,12000,,,,trade
구리,(주)인터넷청과,20250807,오이,백다다기,10.00kg,특,충청북도 제천시,2,12000,,,,trade
구리,(주)인터넷청과,20250807,오이,백다다기,10.00kg,특,충청북도 제천시,12,9000,,,,trade
구리,(주)인터넷청과,20250807,오이,백다다기,10.00kg,특,충청북도 제천시,33,27000,,,,trade
구리,(주)인터넷청과,20250807,오이,백다다기,10.00kg,특,충청북도 제천시,7,21000,,,,trade
구리,(주)인터넷청과,20250807,오이,백다다기,10.00kg,특,충청북도 제천시,22,28500,,,,trade
구리,(주)인터넷청과,20250807,오이,백다다기,10.00kg,특,충청북도 제천시,3,18000,,,,trade
구리,(주)인터넷청과,20250807,오이,백다다기,10.00kg,특,충청북도 제천시,3,12000,,,,trade
구리,(주)인터넷청과,20250807,오이,백다다기,10.00kg,특,충청북도 제천시,64,25500,,,,trade
구리,(주)인터넷청과,20250807,오이,백다다기,10.00kg,특,충청북도 제천시,31,23000,,,,trade
구리,(주)인터넷청과,20250807,오이,백다다기,10.00kg,특,충청북도 제천시,11,16000,,,,trade
구리,(주)인터넷청과,20250807,오이,백다다기,10.00kg,특,충청북도 제천시,4,11000,,,,trade
구리,(주)인터넷청과,20250807,오이,백다다기,10.00kg,특,충청북도 제천시,15,11000,,,,trade
구리,(주)인터넷청과,20250807,오이,백다다기,10.00kg,특,충청북도 제천시,16,11000,,,,trade
구리,(주)인터넷청과,20250807,오이,백다다기,10.00kg,특,충청북도 제천시,35,26000,,,,trade
구리,(주)인터넷청과,20250807,오이,백다다기,10.00kg,특,충청북도 제천시,5,15000,,,,trade
구리,(주)인터넷청과,20250807,오이,백다다기,10.00kg,특,충청북도 제천시,2,12000,,,,trade
구리,(주)인터넷청과,20250807,오이,백다다기,10.00kg,특,충청북도 제천시,8,23000,,,,trade
구리,(주)인터넷청과,20250807,오이,백다다기,10.00kg,특,충청북도 제천시,7,14000,,,,trade
구리,(주)인터넷청과,20250807,오이,백다다기,10.00kg,특,충청북도 제천시,39,28500,,,,trade
구리,(주)인터넷청과,20250807,오이,백다다기,10.00kg,특,충청북도 제천시,6,22000,,,,trade
구리,(주)인터넷청과,20250807,오이,백다다기,10.00kg,특,충청북도 제천시,1,12000,,,,trade
구리,(주)인터넷청과,20250807,오이,백다다기,10.00kg,특,충청북도 제천시,5,14000,,,,trade
구리,(주)인터넷청과,20250807,오이,백다다기,10.00kg,특,충청북도 제천시,9,22000,,,,trade
구리,(주)인터넷청과,20250807,오이,백다다기,10.00kg,특,충청북도 제천시,4,14000,,,,trade
구리,(주)인터넷청과,20250807,오이,백다다기,10.00kg,특,충청북도 제천시,2,10000,,,,trade
구리,(주)인터넷청과,20250807,오이,백다다기,10.00kg,특,충청북도 제천시,6,12000,,,,trade
구리,(주)인터넷청과,20250807,오이,백다다기,10.00kg,특,충청북도 제천시,2,22000,,,,trade
구리,(주)인터넷청과,20250807,오이,백다다기,10.00kg,특,충청북도 제천시,1,18000,,,,trade
구리,(주)인터넷청과,20250807,오이,백다다기,10.00kg,특,충청북도 제천시,4,12000,,,,trade
구리,(주)인터넷청과,20250807,오이,백다다기,10.00kg,특,충청북도 제천시,10,26000,,,,trade
구리,(주)인터넷청과,20250807,오이,백다다기,10.00kg,특,충청북도 제천시,10,17000,,,,trade
구리,(주)인터넷청과,20250807,오이,백다다기,10.00kg,특,충청북도 제천시,5,10000,,,,trade
구리,(주)인터넷청과,20250807,오이,백다다기,10.00kg,특,충청북도 제천시,14,28500,,,,trade
구리,(주)인터넷청과,20250807,오이,백다다기,10.00kg,특,충청북도 제천시,9,17000,,,,trade
구리,(주)인터넷청과,20250807,오이,백다다기,8.00kg,특,경기도 양주시,1,3500,,,,trade
구리,(주)인터넷청과,20250807,오이,백다다기,8.00kg,특,경기도 양주시,3,1000,,,,trade
구리,(주)인터넷청과,20250807,오이,백다다기,8.00kg,특,경기도 양주시,7,3500,,,,trade
구리,(주)인터넷청과,20250807,오이,백다다기,8.00kg,특,경기도 양주시,7,4800,,,,trade
구리,(주)인터넷청과,20250807,오이,백다다기,10.00kg,특,강원도 철원군,1,10000,,,,trade
구리,(주)인터넷청과,20250807,오이,백다다기,10.00kg,특,강원도 철원군,7,17000,,,,trade
구리,(주)인터넷청과,20250807,오이,백다다기,18.00kg,특,강원도 철원군,5,19000,,,,trade
구리,(주)인터넷청과,20250807,오이,백다다기,18.00kg,특,강원도 철원군,9,37000,,,,trade
구리,(주)인터넷청과,20250807,오이,백다다기,10.00kg,특,강원도 철원군,10,19000,,,,trade
구리,(주)인터넷청과,20250807,오이,백다다기,8.00kg,특,강원도 철원군,16,14100,,,,trade
구리,(주)인터넷청과,20250807,오이,백다다기,8.00kg,특,강원도 철원군,4,14800,,,,trade
구리,(주)인터넷청과,20250807,오이,백다다기,8.00kg,특,강원도 철원군,2,12200,,,,trade
구리,(주)인터넷청과,20250807,오이,백다다기,8.00kg,특,강원도 철원군,2,11000,,,,trade
구리,(주)인터넷청과,20250807,오이,백다다기,8.00kg,특,강원도 철원군,3,14500,,,,trade
구리,(주)인터넷청과,20250807,오이,백다다기,8.00kg,특,강원도 철원군,8,14200,,,,trade
구리,(주)인터넷청과,20250807,오이,백다다기,8.00kg,특,강원도 철원군,16,14200,,,,trade
구리,(주)인터넷청과,20250807,오이,백다다기,10.00kg,특,강원도 철원군,16,10000,,,,trade
구리,(주)인터넷청과,20250807,오이,백다다기,8.00kg,특,강원도 철원군,5,9500,,,,trade
구리,(주)인터넷청과,20250807,오이,백다다기,8.00kg,특,강원도 철원군,10,14500,,,,trade
구리,(주)인터넷청과,20250807,오이,백다다기,10.00kg,특,강원도 홍천군,1,7000,,,,trade
구리,(주)인터넷청과,20250807,오이,백다다기,10.00kg,특,강원도 홍천군,1,17000,,,,trade
구리,(주)인터넷청과,20250807,오이,백다다기,18.00kg,특,강원도 홍천군,1,16000,,,,trade
구리,(주)인터넷청과,20250807,오이,백다다기,10.00kg,특,강원도 홍천군,4,14000,,,,trade
구리,(주)인터넷청과,20250807,오이,백다다기,18.00kg,특,강원도 홍천군,15,25000,,,,trade
구리,(주)인터넷청과,20250807,오이,백다다기,18.00kg,특,강원도 홍천군,3,22000,,,,trade
구리,(주)인터넷청과,20250807,오이,백다다기,18.00kg,특,강원도 홍천군,1,28000,,,,trade
구리,(주)인터넷청과,20250807,오이,백다다기,18.00kg,특,강원도 홍천군,1,68000,,,,trade
구리,(주)인터넷청과,20250807,오이,백다다기,18.00kg,특,강원도 홍천군,1,35000,,,,trade
구리,(주)인터넷청과,20250807,오이,백다다기,18.00kg,특,강원도 홍천군,15,55000,,,,trade
구리,(주)인터넷청과,20250807,오이,백다다기,18.00kg,특,강원도 홍천군,4,39000,,,,trade
구리,(주)인터넷청과,20250807,오이,백다다기,18.00kg,특,강원도 홍천군,2,46000,,,,trade
구리,(주)인터넷청과,20250807,오이,백다다기,18.00kg,특,강원도 홍천군,9,60000,,,,trade
구리,(주)인터넷청과,20250807,오이,백다다기,18.00kg,특,강원도 홍천군,5,63000,,,,trade
구리,(주)인터넷청과,20250807,오이,백다다기,18.00kg,특,강원도 춘천시,2,15000,,,,trade
구리,(주)인터넷청과,20250807,오이,백다다기,18.00kg,특,강원도 춘천시,4,9000,,,,trade
구리,(주)인터넷청과,20250807,오이,백다다기,18.00kg,특,강원도 춘천시,6,15000,,,,trade
구리,(주)인터넷청과,20250807,오이,백다다기,10.00kg,특,경기도 광주시,4,10000,,,,trade
구리,(주)인터넷청과,20250807,오이,백다다기,10.00kg,특,경기도 광주시,8,17000,,,,trade
구리,(주)인터넷청과,20250807,오이,백다다기,8.00kg,특,강원도 철원군,20,13600,,,,trade
구리,(주)인터넷청과,20250807,오이,백다다기,8.00kg,특,강원도 철원군,2,9200,,,,trade
구리,(주)인터넷청과,20250807,오이,백다다기,8.00kg,특,강원도 철원군,6,13200,,,,trade
구리,(주)인터넷청과,20250807,오이,백다다기,10.00kg,특,강원도 철원군,10,15000,,,,trade
구리,(주)인터넷청과,20250807,오이,백다다기,10.00kg,특,강원도 철원군,15,14000,,,,trade
구리,(주)인터넷청과,20250807,오이,백다다기,18.00kg,특,강원도 철원군,12,30000,,,,trade
구리,(주)인터넷청과,20250807,오이,백다다기,18.00kg,특,강원도 철원군,9,18500,,,,trade
구리,(주)인터넷청과,20250807,오이,백다다기,10.00kg,특,강원도 철원군,7,15000,,,,trade
구리,(주)인터넷청과,20250807,오이,백다다기,8.00kg,특,경기도 양주시,9,7400,,,,trade
구리,(주)인터넷청과,20250807,오이,백다다기,8.00kg,특,경기도 양주시,11,4500,,,,trade
구리,(주)인터넷청과,20250807,오이,백다다기,8.00kg,특,경기도 양주시,3,1000,,,,trade
구리,(주)인터넷청과,20250807,오이,백다다기,18.00kg,특,강원도 홍천군,30,20000,,,,trade
구리,(주)인터넷청과,20250807,오이,백다다기,18.00kg,특,강원도 홍천군,30,20000,,,,trade
구리,(주)인터넷청과,20250807,오이,백다다기,18.00kg,특,강원도 홍천군,15,43000,,,,trade
구리,(주)인터넷청과,20250807,오이,백다다기,18.00kg,특,강원도 홍천군,1,48000,,,,trade
구리,(주)인터넷청과,20250807,오이,백다다기,18.00kg,특,강원도 홍천군,1,23000,,,,trade
구리,(주)인터넷청과,20250807,오이,백다다기,18.00kg,특,강원도 홍천군,1,20000,,,,trade
구리,(주)인터넷청과,20250807,오이,백다다기,18.00kg,특,강원도 홍천군,1,32000,,,,trade
구리,(주)인터넷청과,20250807,오이,백다다기,18.00kg,특,강원도 홍천군,2,14000,,,,trade
구리,(주)인터넷청과,20250807,오이,백다다기,18.00kg,특,강원도 홍천군,9,18000,,,,trade
구리,(주)인터넷청과,20250807,오이,백다다기,18.00kg,특,강원도 홍천군,16,55000,,,,trade
구리,(주)인터넷청과,20250807,오이,백다다기,18.00kg,특,강원도 홍천군,4,37000,,,,trade
구리,(주)인터넷청과,20250807,오이,백다다기,18.00kg,특,강원도 홍천군,3,45000,,,,trade
구리,(주)인터넷청과,20250807,오이,백다다기,18.00kg,특,강원도 홍천군,1,32000,,,,trade
구리,(주)인터넷청과,20250807,오이,백다다기,18.00kg,특,강원도 홍천군,6,25000,,,,trade
구리,(주)인터넷청과,20250807,오이,백다다기,18.00kg,특,강원도 홍천군,1,32000,,,,trade
구리,(주)인터넷청과,20250807,오이,백다다기,8.00kg,특,강원도 철원군,16,14000,,,,trade
구리,(주)인터넷청과,20250807,오이,백다다기,8.00kg,특,강원도 철원군,3,8600,,,,trade
구리,(주)인터넷청과,20250807,오이,백다다기,10.00kg,특,강원도 철원군,16,8000,,,,trade
구리,(주)인터넷청과,20250807,오이,백다다기,10.00kg,특,강원도 철원군,3,5000,,,,trade
구리,(주)인터넷청과,20250807,오이,백다다기,18.00kg,특,충청남도 공주시,5,13000,,,,trade
구리,(주)인터넷청과,20250807,오이,백다다기,10.00kg,특,강원도 홍천군,25,16500,,,,trade
구리,(주)인터넷청과,20250807,오이,백다다기,10.00kg,특,강원도 홍천군,22,8000,,,,trade
구리,(주)인터넷청과,20250807,오이,백다다기,10.00kg,특,강원도 홍천군,6,14500,,,,trade
구리,(주)인터넷청과,20250807,오이,백다다기,10.00kg,특,강원도 홍천군,24,6000,,,,trade
구리,(주)인터넷청과,20250807,오이,백다다기,10.00kg,특,강원도 홍천군,13,13500,,,,trade
구리,(주)인터넷청과,20250807,오이,백다다기,18.00kg,특,강원도 홍천군,3,12000,,,,trade
구리,(주)인터넷청과,20250807,오이,백다다기,18.00kg,특,강원도 홍천군,8,7000,,,,trade
구리,(주)인터넷청과,20250807,오이,백다다기,18.00kg,특,강원도 홍천군,3,9000,,,,trade
구리,(주)인터넷청과,20250807,오이,백다다기,18.00kg,특,강원도 홍천군,9,9000,,,,trade
구리,(주)인터넷청과,20250807,오이,백다다기,18.00kg,특,강원도 홍천군,12,35000,,,,trade
구리,(주)인터넷청과,20250807,오이,백다다기,18.00kg,특,강원도 홍천군,1,18000,,,,trade
구리,(주)인터넷청과,20250807,오이,백다다기,18.00kg,특,강원도 홍천군,11,25000,,,,trade
구리,(주)인터넷청과,20250807,오이,백다다기,18.00kg,특,강원도 홍천군,3,13000,,,,trade
구리,(주)인터넷청과,20250807,오이,백다다기,18.00kg,특,강원도 홍천군,6,31000,,,,trade
구리,(주)인터넷청과,20250807,오이,백다다기,18.00kg,특,강원도 홍천군,3,15000,,,,trade
구리,(주)인터넷청과,20250807,오이,백다다기,18.00kg,특,강원도 홍천군,10,32000,,,,trade
구리,(주)인터넷청과,20250807,오이,백다다기,18.00kg,특,강원도 홍천군,4,41000,,,,trade
구리,(주)인터넷청과,20250807,오이,백다다기,18.00kg,특,강원도 홍천군,30,31000,,,,trade
구리,(주)인터넷청과,20250807,오이,백다다기,18.00kg,특,강원도 홍천군,2,17000,,,,trade
구리,(주)인터넷청과,20250807,오이,백다다기,18.00kg,특,강원도 홍천군,16,27000,,,,trade
구리,(주)인터넷청과,20250807,오이,백다다기,18.00kg,특,강원도 홍천군,14,25000,,,,trade
구리,(주)인터넷청과,20250807,오이,백다다기,18.00kg,특,강원도 홍천군,2,24000,,,,trade
구리,(주)인터넷청과,20250807,오이,백다다기,18.00kg,특,강원도 홍천군,11,14000,,,,trade
구리,(주)인터넷청과,20250807,오이,백다다기,10.00kg,특,강원도 홍천군,8,12000,,,,trade
구리,(주)인터넷청과,20250807,오이,백다다기,18.00kg,특,강원도 홍천군,26,34000,,,,trade
구리,(주)인터넷청과,20250807,오이,백다다기,18.00kg,특,강원도 홍천군,1,13000,,,,trade
구리,(주)인터넷청과,20250807,오이,백다다기,10.00kg,특,경기도 광주시,9,15000,,,,trade
구리,(주)인터넷청과,20250807,오이,백다다기,10.00kg,특,경기도 광주시,3,6000,,,,trade
구리,(주)인터넷청과,20250807,오이,백다다기,10.00kg,특,충청북도 제천시,48,26000,,,,trade
구리,(주)인터넷청과,20250807,오이,백다다기,10.00kg,특,충청북도 제천시,4,22000,,,,trade
구리,(주)인터넷청과,20250807,오이,백다다기,10.00kg,특,충청북도 제천시,3,18500,,,,trade
구리,(주)인터넷청과,20250807,오이,백다다기,10.00kg,특,충청북도 제천시,5,16000,,,,trade
구리,(주)인터넷청과,20250807,오이,백다다기,10.00kg,특,충청북도 제천시,4,9000,,,,trade
구리,(주)인터넷청과,20250807,오이,백다다기,10.00kg,특,충청북도 제천시,2,8000,,,,trade
구리,(주)인터넷청과,20250807,오이,백다다기,10.00kg,특,충청북도 제천시,7,9000,,,,trade
구리,(주)인터넷청과,20250807,오이,백다다기,10.00kg,특,충청북도 제천시,41,18000,,,,trade
구리,(주)인터넷청과,20250807,오이,백다다기,10.00kg,특,충청북도 제천시,28,22000,,,,trade
구리,(주)인터넷청과,20250807,오이,백다다기,10.00kg,특,충청북도 제천시,26,13000,,,,trade
구리,(주)인터넷청과,20250807,오이,백다다기,10.00kg,특,충청북도 제천시,7,10000,,,,trade
구리,(주)인터넷청과,20250807,오이,백다다기,10.00kg,특,충청북도 제천시,10,10000,,,,trade
구리,(주)인터넷청과,20250807,오이,백다다기,10.00kg,특,충청북도 제천시,15,9000,,,,trade
구리,(주)인터넷청과,20250807,오이,백다다기,10.00kg,특,충청북도 제천시,25,22500,,,,trade
구리,(주)인터넷청과,20250807,오이,백다다기,10.00kg,특,충청북도 제천시,40,23000,,,,trade
구리,(주)인터넷청과,20250807,오이,백다다기,10.00kg,특,충청북도 제천시,8,16000,,,,trade
구리,(주)인터넷청과,20250807,오이,백다다기,10.00kg,특,충청북도 제천시,6,18500,,,,trade
구리,(주)인터넷청과,20250807,오이,백다다기,10.00kg,특,충청북도 제천시,8,9000,,,,trade
구리,(주)인터넷청과,20250807,오이,백다다기,10.00kg,특,충청북도 제천시,22,25000,,,,trade
구리,(주)인터넷청과,20250807,오이,백다다기,10.00kg,특,충청북도 제천시,4,13000,,,,trade
구리,(주)인터넷청과,20250807,오이,백다다기,10.00kg,특,충청북도 제천시,1,9000,,,,trade
구리,(주)인터넷청과,20250807,오이,백다다기,10.00kg,특,충청북도 제천시,2,10000,,,,trade
구리,(주)인터넷청과,20250807,오이,백다다기,10.00kg,특,충청북도 제천시,26,23500,,,,trade
구리,(주)인터넷청과,20250807,오이,백다다기,10.00kg,특,충청북도 제천시,2,17000,,,,trade
구리,(주)인터넷청과,20250807,오이,백다다기,10.00kg,특,충청북도 제천시,38,24000,,,,trade
구리,(주)인터넷청과,20250807,오이,백다다기,10.00kg,특,충청북도 제천시,4,14000,,,,trade
구리,(주)인터넷청과,20250807,오이,백다다기,10.00kg,특,충청북도 제천시,3,8000,,,,trade
구리,(주)인터넷청과,20250807,오이,백다다기,10.00kg,특,충청북도 제천시,2,20000,,,,trade
구리,(주)인터넷청과,20250807,오이,백다다기,10.00kg,특,충청북도 제천시,1,11000,,,,trade
구리,(주)인터넷청과,20250807,오이,백다다기,10.00kg,특,충청북도 제천시,3,10000,,,,trade
구리,(주)인터넷청과,20250807,오이,백다다기,10.00kg,특,충청북도 제천시,11,21000,,,,trade
구리,(주)인터넷청과,20250807,오이,백다다기,10.00kg,특,충청북도 제천시,7,13000,,,,trade
구리,(주)인터넷청과,20250807,오이,백다다기,10.00kg,특,충청북도 제천시,3,9000,,,,trade
구리,(주)인터넷청과,20250807,오이,백다다기,10.00kg,특,충청북도 제천시,7,17000,,,,trade
구리,(주)인터넷청과,20250807,오이,백다다기,10.00kg,특,충청북도 제천시,1,8000,,,,trade
구리,(주)인터넷청과,20250807,오이,백다다기,10.00kg,특,충청북도 제천시,36,22000,,,,trade
구리,(주)인터넷청과,20250807,오이,백다다기,10.00kg,특,충청북도 제천시,9,14000,,,,trade
구리,(주)인터넷청과,20250807,오이,백다다기,10.00kg,특,충청북도 제천시,2,9000,,,,trade
구리,(주)인터넷청과,20250807,오이,백다다기,10.00kg,특,충청북도 제천시,17,10000,,,,trade
구리,(주)인터넷청과,20250807,오이,백다다기,10.00kg,특,충청북도 제천시,64,15000,,,,trade
구리,(주)인터넷청과,20250807,오이,백다다기,10.00kg,특,충청북도 제천시,33,20000,,,,trade
구리,(주)인터넷청과,20250807,오이,백다다기,10.00kg,특,충청북도 제천시,2,13000,,,,trade
구리,(주)인터넷청과,20250807,오이,백다다기,10.00kg,특,충청북도 제천시,10,11000,,,,trade
구리,(주)인터넷청과,20250807,오이,백다다기,10.00kg,특,충청북도 제천시,1,5500,,,,trade
구리,(주)인터넷청과,20250807,오이,백다다기,10.00kg,특,충청북도 제천시,13,10000,,,,trade
구리,(주)인터넷청과,20250807,오이,백다다기,10.00kg,특,충청북도 제천시,13,8000,,,,trade
구리,(주)인터넷청과,20250807,오이,백다다기,10.00kg,특,충청북도 제천시,16,26000,,,,trade
구리,(주)인터넷청과,20250807,오이,백다다기,10.00kg,특,충청북도 제천시,11,15000,,,,trade
구리,(주)인터넷청과,20250807,오이,백다다기,10.00kg,특,충청북도 제천시,13,15500,,,,trade
구리,(주)인터넷청과,20250807,오이,백다다기,10.00kg,특,충청북도 제천시,4,12000,,,,trade
구리,(주)인터넷청과,20250807,오이,백다다기,10.00kg,특,충청북도 제천시,1,7000,,,,trade
구리,(주)인터넷청과,20250807,오이,백다다기,10.00kg,특,충청북도 제천시,1,7000,,,,trade
구리,(주)인터넷청과,20250812,오이,백다다기,8.00kg,특,경기도 양주시,1,8000,,,,trade
구리,(주)인터넷청과,20250812,오이,백다다기,8.00kg,특,경기도 양주시,3,11000,,,,trade
구리,(주)인터넷청과,20250812,오이,백다다기,8.00kg,특,경기도 양주시,6,1300,,,,trade
구리,(주)인터넷청과,20250812,오이,백다다기,8.00kg,특,경기도 양주시,14,4100,,,,trade
구리,(주)인터넷청과,20250812,오이,백다다기,8.00kg,특,경기도 양주시,10,6600,,,,trade
구리,(주)인터넷청과,20250812,오이,백다다기,10.00kg,특,강원도 철원군,2,12000,,,,trade
구리,(주)인터넷청과,20250812,오이,백다다기,10.00kg,특,강원도 철원군,15,26000,,,,trade
구리,(주)인터넷청과,20250812,오이,백다다기,18.00kg,특,강원도 철원군,10,21000,,,,trade
구리,(주)인터넷청과,20250812,오이,백다다기,18.00kg,특,강원도 철원군,11,53000,,,,trade
구리,(주)인터넷청과,20250812,오이,백다다기,8.00kg,특,강원도 철원군,1,15000,,,,trade
구리,(주)인터넷청과,20250812,오이,백다다기,8.00kg,특,강원도 철원군,3,15000,,,,trade
구리,(주)인터넷청과,20250812,오이,백다다기,8.00kg,특,강원도 철원군,6,16500,,,,trade
구리,(주)인터넷청과,20250812,오이,백다다기,10.00kg,특,강원도 철원군,29,29000,,,,trade
구리,(주)인터넷청과,20250812,오이,백다다기,8.00kg,특,경기도 포천시,1,9800,,,,trade
구리,(주)인터넷청과,20250812,오이,백다다기,8.00kg,특,강원도 철원군,4,11500,,,,trade
구리,(주)인터넷청과,20250812,오이,백다다기,8.00kg,특,강원도 철원군,14,19500,,,,trade
구리,(주)인터넷청과,20250812,오이,백다다기,10.00kg,특,강원도 철원군,2,4000,,,,trade
구리,(주)인터넷청과,20250812,오이,백다다기,10.00kg,특,강원도 철원군,16,16000,,,,trade
구리,(주)인터넷청과,20250812,오이,백다다기,10.00kg,특,강원도 철원군,4,15000,,,,trade
구리,(주)인터넷청과,20250812,오이,백다다기,10.00kg,특,강원도 홍천군,10,10000,,,,trade
구리,(주)인터넷청과,20250812,오이,백다다기,10.00kg,특,강원도 홍천군,15,30000,,,,trade
구리,(주)인터넷청과,20250812,오이,백다다기,18.00kg,특,강원도 홍천군,6,43000,,,,trade
구리,(주)인터넷청과,20250812,오이,백다다기,18.00kg,특,강원도 홍천군,22,27000,,,,trade
구리,(주)인터넷청과,20250812,오이,백다다기,18.00kg,특,강원도 홍천군,8,65000,,,,trade
구리,(주)인터넷청과,20250812,오이,백다다기,18.00kg,특,강원도 홍천군,3,25000,,,,trade
구리,(주)인터넷청과,20250812,오이,백다다기,18.00kg,특,강원도 홍천군,1,46000,,,,trade
구리,(주)인터넷청과,20250812,오이,백다다기,18.00kg,특,강원도 홍천군,2,78000,,,,trade
구리,(주)인터넷청과,20250812,오이,백다다기,18.00kg,특,강원도 홍천군,8,70000,,,,trade
구리,(주)인터넷청과,20250812,오이,백다다기,18.00kg,특,강원도 홍천군,21,68000,,,,trade
구리,(주)인터넷청과,20250812,오이,백다다기,18.00kg,특,강원도 홍천군,22,68000,,,,trade
구리,(주)인터넷청과,20250812,오이,백다다기,18.00kg,특,강원도 홍천군,5,48000,,,,trade
구리,(주)인터넷청과,20250812,오이,백다다기,18.00kg,특,강원도 홍천군,4,32000,,,,trade
구리,(주)인터넷청과,20250812,오이,백다다기,18.00kg,특,강원도 홍천군,2,40000,,,,trade
구리,(주)인터넷청과,20250812,오이,백다다기,18.00kg,특,강원도 홍천군,4,30000,,,,trade
구리,(주)인터넷청과,20250812,오이,백다다기,18.00kg,특,강원도 홍천군,12,76000,,,,trade
구리,(주)인터넷청과,20250812,오이,백다다기,10.00kg,특,강원도 홍천군,7,32000,,,,trade
구리,(주)인터넷청과,20250812,오이,백다다기,18.00kg,특,강원도 춘천시,4,24000,,,,trade
구리,(주)인터넷청과,20250812,오이,백다다기,18.00kg,특,강원도 춘천시,5,38000,,,,trade
구리,(주)인터넷청과,20250812,오이,백다다기,18.00kg,특,강원도 춘천시,3,17000,,,,trade
구리,(주)인터넷청과,20250812,오이,백다다기,18.00kg,특,강원도 춘천시,2,17000,,,,trade
구리,(주)인터넷청과,20250812,오이,백다다기,18.00kg,특,강원도 홍천군,6,23000,,,,trade
구리,(주)인터넷청과,20250812,오이,백다다기,18.00kg,특,강원도 홍천군,2,51000,,,,trade
구리,(주)인터넷청과,20250812,오이,백다다기,18.00kg,특,강원도 홍천군,9,45000,,,,trade
구리,(주)인터넷청과,20250812,오이,백다다기,18.00kg,특,강원도 홍천군,5,25000,,,,trade
구리,(주)인터넷청과,20250812,오이,백다다기,18.00kg,특,강원도 홍천군,4,45000,,,,trade
구리,(주)인터넷청과,20250812,오이,백다다기,18.00kg,특,강원도 홍천군,2,16000,,,,trade
구리,(주)인터넷청과,20250812,오이,백다다기,18.00kg,특,강원도 홍천군,6,40000,,,,trade
구리,(주)인터넷청과,20250812,오이,백다다기,18.00kg,특,강원도 홍천군,2,24000,,,,trade
구리,(주)인터넷청과,20250812,오이,백다다기,18.00kg,특,강원도 홍천군,12,55000,,,,trade
구리,(주)인터넷청과,20250812,오이,백다다기,18.00kg,특,강원도 홍천군,3,50000,,,,trade
구리,(주)인터넷청과,20250812,오이,백다다기,18.00kg,특,강원도 홍천군,5,50000,,,,trade
구리,(주)인터넷청과,20250812,오이,백다다기,18.00kg,특,강원도 홍천군,5,46000,,,,trade
구리,(주)인터넷청과,20250812,오이,백다다기,10.00kg,특,충청북도 제천시,32,13000,,,,trade
구리,(주)인터넷청과,20250812,오이,백다다기,10.00kg,특,충청북도 제천시,4,15000,,,,trade
구리,(주)인터넷청과,20250812,오이,백다다기,10.00kg,특,충청북도 제천시,11,20000,,,,trade
구리,(주)인터넷청과,20250812,오이,백다다기,10.00kg,특,충청북도 제천시,19,40000,,,,trade
구리,(주)인터넷청과,20250812,오이,백다다기,10.00kg,특,충청북도 제천시,14,38000,,,,trade
구리,(주)인터넷청과,20250812,오이,백다다기,10.00kg,특,충청북도 제천시,3,16000,,,,trade
구리,(주)인터넷청과,20250812,오이,백다다기,10.00kg,특,충청북도 제천시,3,16000,,,,trade
구리,(주)인터넷청과,20250812,오이,백다다기,10.00kg,특,충청북도 제천시,1,19000,,,,trade
구리,(주)인터넷청과,20250812,오이,백다다기,10.00kg,특,충청북도 제천시,7,30000,,,,trade
구리,(주)인터넷청과,20250812,오이,백다다기,10.00kg,특,충청북도 제천시,12,26000,,,,trade
구리,(주)인터넷청과,20250812,오이,백다다기,10.00kg,특,충청북도 제천시,21,38000,,,,trade
구리,(주)인터넷청과,20250812,오이,백다다기,10.00kg,특,충청북도 제천시,6,14000,,,,trade
구리,(주)인터넷청과,20250812,오이,백다다기,10.00kg,특,충청북도 제천시,5,14000,,,,trade
구리,(주)인터넷청과,20250812,오이,백다다기,10.00kg,특,충청북도 제천시,3,17000,,,,trade
구리,(주)인터넷청과,20250812,오이,백다다기,10.00kg,특,충청북도 제천시,3,16000,,,,trade
구리,(주)인터넷청과,20250812,오이,백다다기,10.00kg,특,충청북도 제천시,14,25000,,,,trade
구리,(주)인터넷청과,20250812,오이,백다다기,10.00kg,특,충청북도 제천시,24,43000,,,,trade
구리,(주)인터넷청과,20250812,오이,백다다기,10.00kg,특,충청북도 제천시,8,36000,,,,trade
구리,(주)인터넷청과,20250812,오이,백다다기,10.00kg,특,충청북도 제천시,4,14000,,,,trade
구리,(주)인터넷청과,20250812,오이,백다다기,10.00kg,특,충청북도 제천시,1,13000,,,,trade
구리,(주)인터넷청과,20250812,오이,백다다기,10.00kg,특,충청북도 제천시,7,23000,,,,trade
구리,(주)인터넷청과,20250812,오이,백다다기,10.00kg,특,충청북도 제천시,11,33000,,,,trade
구리,(주)인터넷청과,20250812,오이,백다다기,10.00kg,특,충청북도 제천시,2,14000,,,,trade
구리,(주)인터넷청과,20250812,오이,백다다기,10.00kg,특,충청북도 제천시,5,27000,,,,trade
구리,(주)인터넷청과,20250812,오이,백다다기,10.00kg,특,충청북도 제천시,12,36000,,,,trade
구리,(주)인터넷청과,20250812,오이,백다다기,10.00kg,특,충청북도 제천시,2,12000,,,,trade
구리,(주)인터넷청과,20250812,오이,백다다기,10.00kg,특,충청북도 제천시,1,15000,,,,trade
구리,(주)인터넷청과,20250812,오이,백다다기,10.00kg,특,충청북도 제천시,2,24000,,,,trade
구리,(주)인터넷청과,20250812,오이,백다다기,10.00kg,특,충청북도 제천시,11,30000,,,,trade
구리,(주)인터넷청과,20250812,오이,백다다기,10.00kg,특,충청북도 제천시,1,15000,,,,trade
구리,(주)인터넷청과,20250812,오이,백다다기,10.00kg,특,충청북도 제천시,1,23000,,,,trade
구리,(주)인터넷청과,20250812,오이,백다다기,10.00kg,특,충청북도 제천시,15,42000,,,,trade
구리,(주)인터넷청과,20250812,오이,백다다기,10.00kg,특,충청북도 제천시,2,13000,,,,trade
구리,(주)인터넷청과,20250812,오이,백다다기,10.00kg,특,충청북도 제천시,1,12000,,,,trade
구리,(주)인터넷청과,20250812,오이,백다다기,10.00kg,특,충청북도 제천시,2,17000,,,,trade
구리,(주)인터넷청과,20250812,오이,백다다기,10.00kg,특,충청북도 제천시,8,40000,,,,trade
구리,(주)인터넷청과,20250812,오이,백다다기,10.00kg,특,충청북도 제천시,14,13000,,,,trade
구리,(주)인터넷청과,20250812,오이,백다다기,10.00kg,특,충청북도 제천시,6,25000,,,,trade
구리,(주)인터넷청과,20250812,오이,백다다기,10.00kg,특,충청북도 제천시,7,20000,,,,trade
구리,(주)인터넷청과,20250812,오이,백다다기,10.00kg,특,충청북도 제천시,6,16000,,,,trade
구리,(주)인터넷청과,20250812,오이,백다다기,10.00kg,특,충청북도 제천시,9,43000,,,,trade
구리,(주)인터넷청과,20250812,오이,백다다기,10.00kg,특,충청북도 제천시,27,36000,,,,trade
구리,(주)인터넷청과,20250812,오이,백다다기,10.00kg,특,충청북도 제천시,31,40000,,,,trade
구리,(주)인터넷청과,20250812,오이,백다다기,10.00kg,특,충청북도 제천시,5,14000,,,,trade
구리,(주)인터넷청과,20250812,오이,백다다기,10.00kg,특,충청북도 제천시,7,42000,,,,trade
구리,(주)인터넷청과,20250812,오이,백다다기,10.00kg,특,충청북도 제천시,2,25000,,,,trade
구리,(주)인터넷청과,20250812,오이,백다다기,10.00kg,특,충청북도 제천시,18,43000,,,,trade
구리,(주)인터넷청과,20250812,오이,백다다기,10.00kg,특,강원도 철원군,18,14000,,,,trade
구리,(주)인터넷청과,20250812,오이,백다다기,10.00kg,특,강원도 철원군,4,2500,,,,trade
구리,(주)인터넷청과,20250812,오이,백다다기,8.00kg,특,강원도 철원군,10,20200,,,,trade
구리,(주)인터넷청과,20250812,오이,백다다기,8.00kg,특,강원도 철원군,2,20200,,,,trade
구리,(주)인터넷청과,20250812,오이,백다다기,8.00kg,특,강원도 철원군,1,16500,,,,trade
구리,(주)인터넷청과,20250812,오이,백다다기,10.00kg,특,강원도 철원군,17,29000,,,,trade
구리,(주)인터넷청과,20250812,오이,백다다기,10.00kg,특,강원도 철원군,2,17000,,,,trade
구리,(주)인터넷청과,20250812,오이,백다다기,18.00kg,특,강원도 철원군,2,24000,,,,trade
구리,(주)인터넷청과,20250812,오이,백다다기,10.00kg,특,강원도 철원군,4,18000,,,,trade
구리,(주)인터넷청과,20250812,오이,백다다기,10.00kg,특,강원도 철원군,14,28000,,,,trade
구리,(주)인터넷청과,20250812,오이,백다다기,10.00kg,특,강원도 철원군,2,16500,,,,trade
구리,(주)인터넷청과,20250812,오이,백다다기,18.00kg,특,강원도 철원군,7,51000,,,,trade
구리,(주)인터넷청과,20250812,오이,백다다기,18.00kg,특,강원도 철원군,8,28000,,,,trade
구리,(주)인터넷청과,20250812,오이,백다다기,8.00kg,특,경기도 양주시,1,15200,,,,trade
구리,(주)인터넷청과,20250812,오이,백다다기,8.00kg,특,경기도 양주시,1,12100,,,,trade
구리,(주)인터넷청과,20250812,오이,백다다기,8.00kg,특,경기도 양주시,2,7000,,,,trade
구리,(주)인터넷청과,20250812,오이,백다다기,8.00kg,특,경기도 양주시,3,7000,,,,trade
구리,(주)인터넷청과,20250812,오이,백다다기,8.00kg,특,강원도 철원군,9,17500,,,,trade
구리,(주)인터넷청과,20250812,오이,백다다기,8.00kg,특,강원도 철원군,7,12300,,,,trade
구리,(주)인터넷청과,20250812,오이,백다다기,10.00kg,특,경기도 광주시,6,18000,,,,trade
구리,(주)인터넷청과,20250812,오이,백다다기,10.00kg,특,경기도 광주시,3,11000,,,,trade
구리,(주)인터넷청과,20250812,오이,백다다기,18.00kg,특,강원도 홍천군,10,67000,,,,trade
구리,(주)인터넷청과,20250812,오이,백다다기,18.00kg,특,강원도 홍천군,1,72000,,,,trade
구리,(주)인터넷청과,20250812,오이,백다다기,18.00kg,특,강원도 홍천군,1,45000,,,,trade
구리,(주)인터넷청과,20250812,오이,백다다기,18.00kg,특,강원도 홍천군,1,34000,,,,trade
구리,(주)인터넷청과,20250812,오이,백다다기,18.00kg,특,강원도 홍천군,3,28000,,,,trade
구리,(주)인터넷청과,20250812,오이,백다다기,18.00kg,특,강원도 홍천군,18,32000,,,,trade
구리,(주)인터넷청과,20250812,오이,백다다기,18.00kg,특,강원도 홍천군,20,60000,,,,trade
구리,(주)인터넷청과,20250812,오이,백다다기,18.00kg,특,강원도 홍천군,20,61000,,,,trade
구리,(주)인터넷청과,20250812,오이,백다다기,18.00kg,특,강원도 홍천군,16,70000,,,,trade
구리,(주)인터넷청과,20250812,오이,백다다기,18.00kg,특,강원도 홍천군,5,38000,,,,trade
구리,(주)인터넷청과,20250812,오이,백다다기,18.00kg,특,강원도 홍천군,3,64000,,,,trade
구리,(주)인터넷청과,20250812,오이,백다다기,18.00kg,특,강원도 홍천군,3,48000,,,,trade
구리,(주)인터넷청과,20250812,오이,백다다기,18.00kg,특,강원도 홍천군,1,50000,,,,trade
구리,(주)인터넷청과,20250812,오이,백다다기,18.00kg,특,강원도 홍천군,8,28000,,,,trade
구리,(주)인터넷청과,20250812,오이,백다다기,10.00kg,특,강원도 홍천군,6,29000,,,,trade
구리,(주)인터넷청과,20250812,오이,백다다기,18.00kg,특,강원도 홍천군,2,48000,,,,trade
구리,(주)인터넷청과,20250812,오이,백다다기,18.00kg,특,강원도 홍천군,9,27000,,,,trade
구리,(주)인터넷청과,20250812,오이,백다다기,18.00kg,특,강원도 홍천군,3,22000,,,,trade
구리,(주)인터넷청과,20250812,오이,백다다기,18.00kg,특,강원도 홍천군,8,18000,,,,trade
구리,(주)인터넷청과,20250812,오이,백다다기,18.00kg,특,강원도 홍천군,2,21000,,,,trade
구리,(주)인터넷청과,20250812,오이,백다다기,18.00kg,특,강원도 홍천군,4,45000,,,,trade
구리,(주)인터넷청과,20250812,오이,백다다기,18.00kg,특,강원도 홍천군,6,55000,,,,trade
구리,(주)인터넷청과,20250812,오이,백다다기,18.00kg,특,강원도 홍천군,7,42000,,,,trade
구리,(주)인터넷청과,20250812,오이,백다다기,18.00kg,특,강원도 홍천군,2,20000,,,,trade
구리,(주)인터넷청과,20250812,오이,백다다기,18.00kg,특,강원도 홍천군,18,63000,,,,trade
구리,(주)인터넷청과,20250812,오이,백다다기,18.00kg,특,강원도 홍천군,2,24000,,,,trade
구리,(주)인터넷청과,20250812,오이,백다다기,18.00kg,특,강원도 홍천군,5,49000,,,,trade
구리,(주)인터넷청과,20250812,오이,백다다기,18.00kg,특,강원도 홍천군,5,27000,,,,trade
구리,(주)인터넷청과,20250812,오이,백다다기,18.00kg,특,강원도 홍천군,7,42000,,,,trade
구리,(주)인터넷청과,20250812,오이,백다다기,10.00kg,특,충청북도 제천시,1,15000,,,,trade
구리,(주)인터넷청과,20250812,오이,백다다기,10.00kg,특,충청북도 제천시,20,25000,,,,trade
구리,(주)인터넷청과,20250812,오이,백다다기,10.00kg,특,충청북도 제천시,5,22000,,,,trade
구리,(주)인터넷청과,20250812,오이,백다다기,10.00kg,특,충청북도 제천시,15,17000,,,,trade
구리,(주)인터넷청과,20250812,오이,백다다기,10.00kg,특,충청북도 제천시,11,30000,,,,trade
구리,(주)인터넷청과,20250812,오이,백다다기,10.00kg,특,충청북도 제천시,2,21000,,,,trade
구리,(주)인터넷청과,20250812,오이,백다다기,10.00kg,특,충청북도 제천시,1,14000,,,,trade
구리,(주)인터넷청과,20250812,오이,백다다기,10.00kg,특,충청북도 제천시,2,16000,,,,trade
구리,(주)인터넷청과,20250812,오이,백다다기,10.00kg,특,충청북도 제천시,9,32000,,,,trade
구리,(주)인터넷청과,20250812,오이,백다다기,10.00kg,특,충청북도 제천시,3,23000,,,,trade
구리,(주)인터넷청과,20250812,오이,백다다기,10.00kg,특,충청북도 제천시,2,16000,,,,trade
구리,(주)인터넷청과,20250812,오이,백다다기,10.00kg,특,충청북도 제천시,11,33000,,,,trade
구리,(주)인터넷청과,20250812,오이,백다다기,10.00kg,특,충청북도 제천시,6,25000,,,,trade
구리,(주)인터넷청과,20250812,오이,백다다기,10.00kg,특,충청북도 제천시,3,15000,,,,trade
구리,(주)인터넷청과,20250812,오이,백다다기,10.00kg,특,충청북도 제천시,1,26000,,,,trade
구리,(주)인터넷청과,20250812,오이,백다다기,10.00kg,특,충청북도 제천시,3,18000,,,,trade
구리,(주)인터넷청과,20250812,오이,백다다기,10.00kg,특,충청북도 제천시,1,23000,,,,trade
구리,(주)인터넷청과,20250812,오이,백다다기,10.00kg,특,충청북도 제천시,5,35000,,,,trade
구리,(주)인터넷청과,20250812,오이,백다다기,10.00kg,특,충청북도 제천시,1,23000,,,,trade
구리,(주)인터넷청과,20250812,오이,백다다기,10.00kg,특,충청북도 제천시,1,16000,,,,trade
구리,(주)인터넷청과,20250812,오이,백다다기,10.00kg,특,충청북도 제천시,18,36000,,,,trade
구리,(주)인터넷청과,20250812,오이,백다다기,10.00kg,특,충청북도 제천시,18,34000,,,,trade
구리,(주)인터넷청과,20250812,오이,백다다기,10.00kg,특,충청북도 제천시,2,23000,,,,trade
구리,(주)인터넷청과,20250812,오이,백다다기,10.00kg,특,충청북도 제천시,3,18000,,,,trade
구리,(주)인터넷청과,20250812,오이,백다다기,10.00kg,특,충청북도 제천시,3,16000,,,,trade
구리,(주)인터넷청과,20250812,오이,백다다기,10.00kg,특,충청북도 제천시,1,16000,,,,trade
구리,(주)인터넷청과,20250812,오이,백다다기,10.00kg,특,충청북도 제천시,37,37000,,,,trade
구리,(주)인터넷청과,20250812,오이,백다다기,10.00kg,특,충청북도 제천시,7,22000,,,,trade
구리,(주)인터넷청과,20250812,오이,백다다기,10.00kg,특,충청북도 제천시,6,17000,,,,trade
구리,(주)인터넷청과,20250812,오이,백다다기,10.00kg,특,충청북도 제천시,22,45000,,,,trade
구리,(주)인터넷청과,20250812,오이,백다다기,10.00kg,특,충청북도 제천시,2,27500,,,,trade
구리,(주)인터넷청과,20250812,오이,백다다기,10.00kg,특,충청북도 제천시,8,40000,,,,trade
구리,(주)인터넷청과,20250812,오이,백다다기,10.00kg,특,충청북도 제천시,8,18000,,,,trade
구리,(주)인터넷청과,20250812,오이,백다다기,10.00kg,특,충청북도 제천시,20,33000,,,,trade
구리,(주)인터넷청과,20250812,오이,백다다기,10.00kg,특,충청북도 제천시,18,40000,,,,trade
구리,(주)인터넷청과,20250812,오이,백다다기,10.00kg,특,충청북도 제천시,16,25000,,,,trade
구리,(주)인터넷청과,20250812,오이,백다다기,10.00kg,특,충청북도 제천시,10,19000,,,,trade
구리,(주)인터넷청과,20250812,오이,백다다기,10.00kg,특,충청북도 제천시,11,6000,,,,trade
구리,(주)인터넷청과,20250812,오이,백다다기,10.00kg,특,충청북도 제천시,3,19000,,,,trade
구리,(주)인터넷청과,20250812,오이,백다다기,10.00kg,특,충청북도 제천시,22,45000,,,,trade
구리,(주)인터넷청과,20250812,오이,백다다기,10.00kg,특,충청북도 제천시,9,27000,,,,trade
구리,(주)인터넷청과,20250812,오이,백다다기,10.00kg,특,충청북도 제천시,1,18000,,,,trade
구리,(주)인터넷청과,20250812,오이,백다다기,10.00kg,특,충청북도 제천시,27,20000,,,,trade
구리,(주)인터넷청과,20250812,오이,백다다기,10.00kg,특,충청북도 제천시,24,36000,,,,trade
구리,(주)인터넷청과,20250812,오이,백다다기,10.00kg,특,충청북도 제천시,9,33000,,,,trade
구리,(주)인터넷청과,20250812,오이,백다다기,10.00kg,특,충청북도 제천시,5,28500,,,,trade
구리,(주)인터넷청과,20250812,오이,백다다기,10.00kg,특,충청북도 제천시,2,18000,,,,trade
구리,(주)인터넷청과,20250812,오이,백다다기,10.00kg,특,충청북도 제천시,4,18000,,,,trade
구리,(주)인터넷청과,20250814,오이,백다다기,10.00kg,특,강원도 홍천군,13,29000,,,,trade
구리,(주)인터넷청과,20250814,오이,백다다기,10.00kg,특,강원도 홍천군,4,18000,,,,trade
구리,(주)인터넷청과,20250814,오이,백다다기,18.00kg,특,강원도 홍천군,10,76000,,,,trade
구리,(주)인터넷청과,20250814,오이,백다다기,18.00kg,특,강원도 홍천군,3,80000,,,,trade
구리,(주)인터넷청과,20250814,오이,백다다기,18.00kg,특,강원도 홍천군,1,45000,,,,trade
구리,(주)인터넷청과,20250814,오이,백다다기,18.00kg,특,강원도 홍천군,1,34000,,,,trade
구리,(주)인터넷청과,20250814,오이,백다다기,18.00kg,특,강원도 홍천군,4,35000,,,,trade
구리,(주)인터넷청과,20250814,오이,백다다기,18.00kg,특,강원도 홍천군,2,67000,,,,trade
구리,(주)인터넷청과,20250814,오이,백다다기,18.00kg,특,강원도 홍천군,28,36000,,,,trade
구리,(주)인터넷청과,20250814,오이,백다다기,18.00kg,특,강원도 홍천군,8,70000,,,,trade
구리,(주)인터넷청과,20250814,오이,백다다기,18.00kg,특,강원도 홍천군,8,73000,,,,trade
구리,(주)인터넷청과,20250814,오이,백다다기,18.00kg,특,강원도 홍천군,5,70000,,,,trade
구리,(주)인터넷청과,20250814,오이,백다다기,18.00kg,특,강원도 홍천군,3,55000,,,,trade
구리,(주)인터넷청과,20250814,오이,백다다기,18.00kg,특,강원도 홍천군,5,40000,,,,trade
구리,(주)인터넷청과,20250814,오이,백다다기,18.00kg,특,강원도 홍천군,5,30000,,,,trade
구리,(주)인터넷청과,20250814,오이,백다다기,10.00kg,특,강원도 홍천군,5,34000,,,,trade
구리,(주)인터넷청과,20250814,오이,백다다기,10.00kg,특,강원도 홍천군,1,24000,,,,trade
구리,(주)인터넷청과,20250814,오이,백다다기,18.00kg,특,강원도 홍천군,4,53000,,,,trade
구리,(주)인터넷청과,20250814,오이,백다다기,18.00kg,특,강원도 홍천군,4,54000,,,,trade
구리,(주)인터넷청과,20250814,오이,백다다기,18.00kg,특,강원도 홍천군,4,60000,,,,trade
구리,(주)인터넷청과,20250814,오이,백다다기,18.00kg,특,강원도 홍천군,11,62000,,,,trade
구리,(주)인터넷청과,20250814,오이,백다다기,18.00kg,특,강원도 홍천군,2,22000,,,,trade
구리,(주)인터넷청과,20250814,오이,백다다기,18.00kg,특,강원도 홍천군,8,47000,,,,trade
구리,(주)인터넷청과,20250814,오이,백다다기,18.00kg,특,강원도 홍천군,2,22000,,,,trade
구리,(주)인터넷청과,20250814,오이,백다다기,18.00kg,특,강원도 홍천군,3,52000,,,,trade
구리,(주)인터넷청과,20250814,오이,백다다기,18.00kg,특,강원도 홍천군,3,26000,,,,trade
구리,(주)인터넷청과,20250814,오이,백다다기,18.00kg,특,강원도 홍천군,8,50000,,,,trade
구리,(주)인터넷청과,20250814,오이,백다다기,18.00kg,특,강원도 홍천군,3,26000,,,,trade
구리,(주)인터넷청과,20250814,오이,백다다기,18.00kg,특,강원도 홍천군,2,60000,,,,trade
구리,(주)인터넷청과,20250814,오이,백다다기,10.00kg,특,강원도 철원군,1,13000,,,,trade
구리,(주)인터넷청과,20250814,오이,백다다기,10.00kg,특,강원도 철원군,12,27000,,,,trade
구리,(주)인터넷청과,20250814,오이,백다다기,18.00kg,특,강원도 철원군,6,26000,,,,trade
구리,(주)인터넷청과,20250814,오이,백다다기,18.00kg,특,강원도 철원군,8,54000,,,,trade
구리,(주)인터넷청과,20250814,오이,백다다기,8.00kg,특,경기도 양주시,2,8900,,,,trade
구리,(주)인터넷청과,20250814,오이,백다다기,8.00kg,특,경기도 양주시,2,13800,,,,trade
구리,(주)인터넷청과,20250814,오이,백다다기,8.00kg,특,강원도 철원군,2,13800,,,,trade
구리,(주)인터넷청과,20250814,오이,백다다기,8.00kg,특,강원도 철원군,10,19800,,,,trade
구리,(주)인터넷청과,20250814,오이,백다다기,10.00kg,특,강원도 철원군,1,18000,,,,trade
구리,(주)인터넷청과,20250814,오이,백다다기,10.00kg,특,강원도 철원군,19,28000,,,,trade
구리,(주)인터넷청과,20250814,오이,백다다기,8.00kg,특,강원도 철원군,1,12000,,,,trade
구리,(주)인터넷청과,20250814,오이,백다다기,8.00kg,특,강원도 철원군,8,17000,,,,trade
구리,(주)인터넷청과,20250814,오이,백다다기,10.00kg,특,강원도 철원군,3,7500,,,,trade
구리,(주)인터넷청과,20250814,오이,백다다기,10.00kg,특,강원도 철원군,7,16000,,,,trade
구리,(주)인터넷청과,20250814,오이,백다다기,10.00kg,특,강원도 철원군,2,6500,,,,trade
구리,(주)인터넷청과,20250814,오이,백다다기,10.00kg,특,강원도 철원군,13,14000,,,,trade
구리,(주)인터넷청과,20250814,오이,백다다기,10.00kg,특,경기도 광주시,2,7000,,,,trade
구리,(주)인터넷청과,20250814,오이,백다다기,10.00kg,특,경기도 광주시,6,23000,,,,trade
구리,(주)인터넷청과,20250814,오이,백다다기,18.00kg,특,강원도 춘천시,4,25000,,,,trade
구리,(주)인터넷청과,20250814,오이,백다다기,18.00kg,특,강원도 춘천시,6,46000,,,,trade
구리,(주)인터넷청과,20250814,오이,백다다기,18.00kg,특,강원도 춘천시,3,24000,,,,trade
구리,(주)인터넷청과,20250814,오이,백다다기,18.00kg,특,강원도 춘천시,2,33000,,,,trade
구리,(주)인터넷청과,20250814,오이,백다다기,10.00kg,특,충청북도 제천시,9,23000,,,,trade
구리,(주)인터넷청과,20250814,오이,백다다기,10.00kg,특,충청북도 제천시,16,36000,,,,trade
구리,(주)인터넷청과,20250814,오이,백다다기,10.00kg,특,충청북도 제천시,4,18000,,,,trade
구리,(주)인터넷청과,20250814,오이,백다다기,10.00kg,특,충청북도 제천시,1,28000,,,,trade
구리,(주)인터넷청과,20250814,오이,백다다기,10.00kg,특,충청북도 제천시,1,32500,,,,trade
구리,(주)인터넷청과,20250814,오이,백다다기,10.00kg,특,충청북도 제천시,4,19000,,,,trade
구리,(주)인터넷청과,20250814,오이,백다다기,10.00kg,특,충청북도 제천시,1,17000,,,,trade
구리,(주)인터넷청과,20250814,오이,백다다기,10.00kg,특,충청북도 제천시,2,17000,,,,trade
구리,(주)인터넷청과,20250814,오이,백다다기,10.00kg,특,충청북도 제천시,1,22000,,,,trade
구리,(주)인터넷청과,20250814,오이,백다다기,10.00kg,특,충청북도 제천시,5,22000,,,,trade
구리,(주)인터넷청과,20250814,오이,백다다기,10.00kg,특,충청북도 제천시,2,32500,,,,trade
구리,(주)인터넷청과,20250814,오이,백다다기,10.00kg,특,충청북도 제천시,6,30000,,,,trade
구리,(주)인터넷청과,20250814,오이,백다다기,10.00kg,특,충청북도 제천시,9,37000,,,,trade
구리,(주)인터넷청과,20250814,오이,백다다기,10.00kg,특,충청북도 제천시,14,35000,,,,trade
구리,(주)인터넷청과,20250814,오이,백다다기,10.00kg,특,충청북도 제천시,26,34000,,,,trade
구리,(주)인터넷청과,20250814,오이,백다다기,10.00kg,특,충청북도 제천시,5,20000,,,,trade
구리,(주)인터넷청과,20250814,오이,백다다기,10.00kg,특,충청북도 제천시,5,26000,,,,trade
구리,(주)인터넷청과,20250814,오이,백다다기,10.00kg,특,충청북도 제천시,15,37500,,,,trade
구리,(주)인터넷청과,20250814,오이,백다다기,10.00kg,특,충청북도 제천시,2,8500,,,,trade
구리,(주)인터넷청과,20250814,오이,백다다기,10.00kg,특,충청북도 제천시,6,27000,,,,trade
구리,(주)인터넷청과,20250814,오이,백다다기,10.00kg,특,충청북도 제천시,10,40000,,,,trade
구리,(주)인터넷청과,20250814,오이,백다다기,10.00kg,특,충청북도 제천시,12,13000,,,,trade
구리,(주)인터넷청과,20250814,오이,백다다기,10.00kg,특,충청북도 제천시,1,21000,,,,trade
구리,(주)인터넷청과,20250814,오이,백다다기,10.00kg,특,충청북도 제천시,13,28000,,,,trade
구리,(주)인터넷청과,20250814,오이,백다다기,10.00kg,특,충청북도 제천시,17,37000,,,,trade
구리,(주)인터넷청과,20250814,오이,백다다기,10.00kg,특,충청북도 제천시,4,21000,,,,trade
구리,(주)인터넷청과,20250814,오이,백다다기,10.00kg,특,충청북도 제천시,2,30000,,,,trade
구리,(주)인터넷청과,20250814,오이,백다다기,10.00kg,특,충청북도 제천시,30,45000,,,,trade
구리,(주)인터넷청과,20250814,오이,백다다기,10.00kg,특,충청북도 제천시,2,20000,,,,trade
구리,(주)인터넷청과,20250814,오이,백다다기,10.00kg,특,충청북도 제천시,1,23500,,,,trade
구리,(주)인터넷청과,20250814,오이,백다다기,10.00kg,특,충청북도 제천시,4,26000,,,,trade
구리,(주)인터넷청과,20250814,오이,백다다기,10.00kg,특,충청북도 제천시,22,42500,,,,trade
구리,(주)인터넷청과,20250814,오이,백다다기,10.00kg,특,충청북도 제천시,20,41000,,,,trade
구리,(주)인터넷청과,20250814,오이,백다다기,10.00kg,특,충청북도 제천시,8,17000,,,,trade
구리,(주)인터넷청과,20250814,오이,백다다기,10.00kg,특,충청북도 제천시,4,18000,,,,trade
구리,(주)인터넷청과,20250814,오이,백다다기,10.00kg,특,충청북도 제천시,6,26000,,,,trade
구리,(주)인터넷청과,20250814,오이,백다다기,10.00kg,특,충청북도 제천시,12,25000,,,,trade
구리,(주)인터넷청과,20250814,오이,백다다기,10.00kg,특,충청북도 제천시,17,40000,,,,trade
구리,(주)인터넷청과,20250814,오이,백다다기,10.00kg,특,충청북도 제천시,7,18000,,,,trade
구리,(주)인터넷청과,20250814,오이,백다다기,10.00kg,특,충청북도 제천시,40,37000,,,,trade
구리,(주)인터넷청과,20250814,오이,백다다기,10.00kg,특,충청북도 제천시,17,16000,,,,trade
구리,(주)인터넷청과,20250814,오이,백다다기,10.00kg,특,충청북도 제천시,7,16000,,,,trade
구리,(주)인터넷청과,20250814,오이,백다다기,10.00kg,특,충청북도 제천시,5,28500,,,,trade
구리,(주)인터넷청과,20250814,오이,백다다기,10.00kg,특,충청북도 제천시,6,12000,,,,trade
구리,(주)인터넷청과,20250814,오이,백다다기,10.00kg,특,충청북도 제천시,8,21000,,,,trade
구리,(주)인터넷청과,20250814,오이,백다다기,10.00kg,특,충청북도 제천시,17,46000,,,,trade
구리,(주)인터넷청과,20250814,오이,백다다기,10.00kg,특,충청북도 제천시,27,44000,,,,trade
구리,(주)인터넷청과,20250814,오이,백다다기,10.00kg,특,충청북도 제천시,30,44000,,,,trade
구리,(주)인터넷청과,20250814,오이,백다다기,10.00kg,특,충청북도 제천시,10,20000,,,,trade
구리,(주)인터넷청과,20250814,오이,백다다기,10.00kg,특,충청북도 제천시,2,25000,,,,trade
구리,(주)인터넷청과,20250814,오이,백다다기,10.00kg,특,충청북도 제천시,12,43000,,,,trade
구리,(주)인터넷청과,20250814,오이,백다다기,10.00kg,특,충청북도 제천시,4,27000,,,,trade
구리,(주)인터넷청과,20250814,오이,백다다기,10.00kg,특,충청북도 제천시,29,45000,,,,trade
구리,(주)인터넷청과,20250814,오이,백다다기,10.00kg,특,강원도 홍천군,8,12000,,,,trade
구리,(주)인터넷청과,20250814,오이,백다다기,18.00kg,특,강원도 홍천군,25,78000,,,,trade
구리,(주)인터넷청과,20250814,오이,백다다기,18.00kg,특,강원도 홍천군,25,80000,,,,trade
구리,(주)인터넷청과,20250814,오이,백다다기,18.00kg,특,강원도 홍천군,6,84000,,,,trade
구리,(주)인터넷청과,20250814,오이,백다다기,18.00kg,특,강원도 홍천군,2,63000,,,,trade
구리,(주)인터넷청과,20250814,오이,백다다기,18.00kg,특,강원도 홍천군,1,60000,,,,trade
구리,(주)인터넷청과,20250814,오이,백다다기,18.00kg,특,강원도 홍천군,1,40000,,,,trade
구리,(주)인터넷청과,20250814,오이,백다다기,18.00kg,특,강원도 홍천군,9,75000,,,,trade
구리,(주)인터넷청과,20250814,오이,백다다기,18.00kg,특,강원도 홍천군,2,81000,,,,trade
구리,(주)인터넷청과,20250814,오이,백다다기,18.00kg,특,강원도 홍천군,1,55000,,,,trade
구리,(주)인터넷청과,20250814,오이,백다다기,18.00kg,특,강원도 홍천군,1,26000,,,,trade
구리,(주)인터넷청과,20250814,오이,백다다기,18.00kg,특,강원도 홍천군,2,70000,,,,trade
구리,(주)인터넷청과,20250814,오이,백다다기,18.00kg,특,강원도 홍천군,18,37000,,,,trade
구리,(주)인터넷청과,20250814,오이,백다다기,18.00kg,특,강원도 홍천군,5,38000,,,,trade
구리,(주)인터넷청과,20250814,오이,백다다기,8.00kg,특,경기도 양주시,3,11200,,,,trade
구리,(주)인터넷청과,20250814,오이,백다다기,8.00kg,특,경기도 양주시,1,6800,,,,trade
구리,(주)인터넷청과,20250814,오이,백다다기,8.00kg,특,경기도 양주시,7,11500,,,,trade
구리,(주)인터넷청과,20250814,오이,백다다기,8.00kg,특,경기도 양주시,13,7000,,,,trade
구리,(주)인터넷청과,20250814,오이,백다다기,10.00kg,특,강원도 철원군,11,29000,,,,trade
구리,(주)인터넷청과,20250814,오이,백다다기,10.00kg,특,강원도 철원군,2,12000,,,,trade
구리,(주)인터넷청과,20250814,오이,백다다기,18.00kg,특,강원도 철원군,11,64000,,,,trade
구리,(주)인터넷청과,20250814,오이,백다다기,18.00kg,특,강원도 철원군,8,32000,,,,trade
구리,(주)인터넷청과,20250814,오이,백다다기,18.00kg,특,충청남도 공주시,6,30000,,,,trade
구리,(주)인터넷청과,20250814,오이,백다다기,10.00kg,특,강원도 철원군,30,33000,,,,trade
구리,(주)인터넷청과,20250814,오이,백다다기,10.00kg,특,강원도 철원군,1,32500,,,,trade
구리,(주)인터넷청과,20250814,오이,백다다기,8.00kg,특,강원도 철원군,2,16800,,,,trade
구리,(주)인터넷청과,20250814,오이,백다다기,8.00kg,특,강원도 철원군,2,13800,,,,trade
구리,(주)인터넷청과,20250814,오이,백다다기,10.00kg,특,강원도 철원군,9,20000,,,,trade
구리,(주)인터넷청과,20250814,오이,백다다기,10.00kg,특,강원도 철원군,2,7000,,,,trade
구리,(주)인터넷청과,20250814,오이,백다다기,10.00kg,특,강원도 철원군,10,21000,,,,trade
구리,(주)인터넷청과,20250814,오이,백다다기,8.00kg,특,강원도 철원군,5,14000,,,,trade
구리,(주)인터넷청과,20250814,오이,백다다기,8.00kg,특,강원도 철원군,9,18700,,,,trade
구리,(주)인터넷청과,20250814,오이,백다다기,10.00kg,특,경기도 광주시,8,28000,,,,trade
구리,(주)인터넷청과,20250814,오이,백다다기,10.00kg,특,경기도 광주시,2,9000,,,,trade
구리,(주)인터넷청과,20250814,오이,백다다기,10.00kg,특,강원도 홍천군,3,38000,,,,trade
구리,(주)인터넷청과,20250814,오이,백다다기,18.00kg,특,강원도 춘천시,4,16000,,,,trade
구리,(주)인터넷청과,20250814,오이,백다다기,18.00kg,특,강원도 춘천시,2,26000,,,,trade
구리,(주)인터넷청과,20250814,오이,백다다기,18.00kg,특,강원도 춘천시,6,45000,,,,trade
구리,(주)인터넷청과,20250814,오이,백다다기,18.00kg,특,강원도 춘천시,2,19000,,,,trade
구리,(주)인터넷청과,20250814,오이,백다다기,18.00kg,특,강원도 홍천군,4,50000,,,,trade
구리,(주)인터넷청과,20250814,오이,백다다기,18.00kg,특,강원도 홍천군,10,47000,,,,trade
구리,(주)인터넷청과,20250814,오이,백다다기,18.00kg,특,강원도 홍천군,2,28000,,,,trade
구리,(주)인터넷청과,20250814,오이,백다다기,18.00kg,특,강원도 홍천군,4,56000,,,,trade
구리,(주)인터넷청과,20250814,오이,백다다기,18.00kg,특,강원도 홍천군,4,23000,,,,trade
구리,(주)인터넷청과,20250814,오이,백다다기,18.00kg,특,강원도 홍천군,10,60000,,,,trade
구리,(주)인터넷청과,20250814,오이,백다다기,18.00kg,특,강원도 홍천군,1,16000,,,,trade
구리,(주)인터넷청과,20250814,오이,백다다기,18.00kg,특,강원도 홍천군,7,52000,,,,trade
구리,(주)인터넷청과,20250814,오이,백다다기,18.00kg,특,강원도 홍천군,1,18000,,,,trade
구리,(주)인터넷청과,20250814,오이,백다다기,18.00kg,특,강원도 홍천군,7,53000,,,,trade
구리,(주)인터넷청과,20250814,오이,백다다기,18.00kg,특,강원도 홍천군,2,63000,,,,trade
구리,(주)인터넷청과,20250814,오이,백다다기,18.00kg,특,강원도 홍천군,3,23000,,,,trade
구리,(주)인터넷청과,20250819,오이,백다다기,18.00kg,특,강원도 홍천군,6,28000,,,,trade
구리,(주)인터넷청과,20250819,오이,백다다기,18.00kg,특,강원도 홍천군,20,56000,,,,trade
구리,(주)인터넷청과,20250819,오이,백다다기,18.00kg,특,강원도 홍천군,20,57000,,,,trade
구리,(주)인터넷청과,20250819,오이,백다다기,18.00kg,특,강원도 홍천군,8,60000,,,,trade
구리,(주)인터넷청과,20250819,오이,백다다기,18.00kg,특,강원도 홍천군,7,50000,,,,trade
구리,(주)인터넷청과,20250819,오이,백다다기,18.00kg,특,강원도 홍천군,3,54000,,,,trade
구리,(주)인터넷청과,20250819,오이,백다다기,18.00kg,특,강원도 홍천군,9,27000,,,,trade
구리,(주)인터넷청과,20250819,오이,백다다기,18.00kg,특,강원도 홍천군,2,28000,,,,trade
구리,(주)인터넷청과,20250819,오이,백다다기,18.00kg,특,강원도 홍천군,1,32000,,,,trade
구리,(주)인터넷청과,20250819,오이,백다다기,18.00kg,특,강원도 홍천군,30,56000,,,,trade
구리,(주)인터넷청과,20250819,오이,백다다기,18.00kg,특,강원도 홍천군,8,64000,,,,trade
구리,(주)인터넷청과,20250819,오이,백다다기,18.00kg,특,강원도 홍천군,5,66000,,,,trade
구리,(주)인터넷청과,20250819,오이,백다다기,18.00kg,특,강원도 홍천군,1,48000,,,,trade
구리,(주)인터넷청과,20250819,오이,백다다기,18.00kg,특,강원도 홍천군,1,50000,,,,trade
구리,(주)인터넷청과,20250819,오이,백다다기,18.00kg,특,강원도 홍천군,7,28000,,,,trade
구리,(주)인터넷청과,20250819,오이,백다다기,18.00kg,특,강원도 홍천군,14,28000,,,,trade
구리,(주)인터넷청과,20250819,오이,백다다기,18.00kg,특,강원도 홍천군,2,56000,,,,trade
구리,(주)인터넷청과,20250819,오이,백다다기,18.00kg,특,강원도 홍천군,8,25000,,,,trade
구리,(주)인터넷청과,20250819,오이,백다다기,18.00kg,특,강원도 홍천군,7,37000,,,,trade
구리,(주)인터넷청과,20250819,오이,백다다기,18.00kg,특,강원도 홍천군,2,18000,,,,trade
구리,(주)인터넷청과,20250819,오이,백다다기,18.00kg,특,강원도 홍천군,7,46000,,,,trade
구리,(주)인터넷청과,20250819,오이,백다다기,18.00kg,특,강원도 홍천군,3,48000,,,,trade
구리,(주)인터넷청과,20250819,오이,백다다기,18.00kg,특,강원도 홍천군,7,25000,,,,trade
구리,(주)인터넷청과,20250819,오이,백다다기,18.00kg,특,강원도 홍천군,2,28000,,,,trade
구리,(주)인터넷청과,20250819,오이,백다다기,18.00kg,특,강원도 홍천군,1,16000,,,,trade
구리,(주)인터넷청과,20250819,오이,백다다기,18.00kg,특,강원도 홍천군,4,50000,,,,trade
구리,(주)인터넷청과,20250819,오이,백다다기,18.00kg,특,강원도 홍천군,10,50000,,,,trade
구리,(주)인터넷청과,20250819,오이,백다다기,18.00kg,특,강원도 홍천군,3,26000,,,,trade
구리,(주)인터넷청과,20250819,오이,백다다기,18.00kg,특,강원도 홍천군,9,32000,,,,trade
구리,(주)인터넷청과,20250819,오이,백다다기,10.00kg,특,충청북도 제천시,6,18000,,,,trade
구리,(주)인터넷청과,20250819,오이,백다다기,10.00kg,특,충청북도 제천시,3,12000,,,,trade
구리,(주)인터넷청과,20250819,오이,백다다기,10.00kg,특,충청북도 제천시,15,30000,,,,trade
구리,(주)인터넷청과,20250819,오이,백다다기,10.00kg,특,충청북도 제천시,7,26000,,,,trade
구리,(주)인터넷청과,20250819,오이,백다다기,10.00kg,특,충청북도 제천시,11,18000,,,,trade
구리,(주)인터넷청과,20250819,오이,백다다기,10.00kg,특,충청북도 제천시,6,16000,,,,trade
구리,(주)인터넷청과,20250819,오이,백다다기,10.00kg,특,충청북도 제천시,2,15000,,,,trade
구리,(주)인터넷청과,20250819,오이,백다다기,10.00kg,특,충청북도 제천시,14,12000,,,,trade
구리,(주)인터넷청과,20250819,오이,백다다기,10.00kg,특,충청북도 제천시,4,12000,,,,trade
구리,(주)인터넷청과,20250819,오이,백다다기,10.00kg,특,충청북도 제천시,22,35000,,,,trade
구리,(주)인터넷청과,20250819,오이,백다다기,10.00kg,특,충청북도 제천시,11,24000,,,,trade
구리,(주)인터넷청과,20250819,오이,백다다기,10.00kg,특,충청북도 제천시,1,11000,,,,trade
구리,(주)인터넷청과,20250819,오이,백다다기,10.00kg,특,충청북도 제천시,9,14000,,,,trade
구리,(주)인터넷청과,20250819,오이,백다다기,10.00kg,특,충청북도 제천시,14,28000,,,,trade
구리,(주)인터넷청과,20250819,오이,백다다기,10.00kg,특,충청북도 제천시,5,19000,,,,trade
구리,(주)인터넷청과,20250819,오이,백다다기,10.00kg,특,충청북도 제천시,1,11500,,,,trade
구리,(주)인터넷청과,20250819,오이,백다다기,10.00kg,특,충청북도 제천시,3,13000,,,,trade
구리,(주)인터넷청과,20250819,오이,백다다기,10.00kg,특,충청북도 제천시,16,35000,,,,trade
구리,(주)인터넷청과,20250819,오이,백다다기,10.00kg,특,충청북도 제천시,7,21000,,,,trade
구리,(주)인터넷청과,20250819,오이,백다다기,10.00kg,특,충청북도 제천시,3,13500,,,,trade
구리,(주)인터넷청과,20250819,오이,백다다기,10.00kg,특,충청북도 제천시,17,32000,,,,trade
구리,(주)인터넷청과,20250819,오이,백다다기,10.00kg,특,충청북도 제천시,9,18000,,,,trade
구리,(주)인터넷청과,20250819,오이,백다다기,10.00kg,특,충청북도 제천시,1,14500,,,,trade
구리,(주)인터넷청과,20250819,오이,백다다기,10.00kg,특,충청북도 제천시,6,14500,,,,trade
구리,(주)인터넷청과,20250819,오이,백다다기,10.00kg,특,충청북도 제천시,9,35000,,,,trade
구리,(주)인터넷청과,20250819,오이,백다다기,10.00kg,특,충청북도 제천시,10,23000,,,,trade
구리,(주)인터넷청과,20250819,오이,백다다기,10.00kg,특,충청북도 제천시,1,12000,,,,trade
구리,(주)인터넷청과,20250819,오이,백다다기,10.00kg,특,충청북도 제천시,20,15000,,,,trade
구리,(주)인터넷청과,20250819,오이,백다다기,10.00kg,특,충청북도 제천시,21,35000,,,,trade
구리,(주)인터넷청과,20250819,오이,백다다기,10.00kg,특,충청북도 제천시,6,23000,,,,trade
구리,(주)인터넷청과,20250819,오이,백다다기,10.00kg,특,충청북도 제천시,2,17000,,,,trade
구리,(주)인터넷청과,20250819,오이,백다다기,10.00kg,특,충청북도 제천시,1,14000,,,,trade
구리,(주)인터넷청과,20250819,오이,백다다기,10.00kg,특,충청북도 제천시,2,14000,,,,trade
구리,(주)인터넷청과,20250819,오이,백다다기,10.00kg,특,충청북도 제천시,3,14000,,,,trade
구리,(주)인터넷청과,20250819,오이,백다다기,10.00kg,특,충청북도 제천시,20,35000,,,,trade
구리,(주)인터넷청과,20250819,오이,백다다기,10.00kg,특,충청북도 제천시,7,22000,,,,trade
구리,(주)인터넷청과,20250819,오이,백다다기,10.00kg,특,충청북도 제천시,27,33000,,,,trade
구리,(주)인터넷청과,20250819,오이,백다다기,10.00kg,특,충청북도 제천시,20,34000,,,,trade
구리,(주)인터넷청과,20250819,오이,백다다기,10.00kg,특,충청북도 제천시,15,31000,,,,trade
구리,(주)인터넷청과,20250819,오이,백다다기,10.00kg,특,충청북도 제천시,4,17000,,,,trade
구리,(주)인터넷청과,20250819,오이,백다다기,10.00kg,특,충청북도 제천시,5,22000,,,,trade
구리,(주)인터넷청과,20250819,오이,백다다기,10.00kg,특,충청북도 제천시,5,16000,,,,trade
구리,(주)인터넷청과,20250819,오이,백다다기,10.00kg,특,충청북도 제천시,6,17000,,,,trade
구리,(주)인터넷청과,20250819,오이,백다다기,10.00kg,특,충청북도 제천시,36,13000,,,,trade
구리,(주)인터넷청과,20250819,오이,백다다기,10.00kg,특,충청북도 제천시,42,33000,,,,trade
구리,(주)인터넷청과,20250819,오이,백다다기,10.00kg,특,충청북도 제천시,39,35000,,,,trade
구리,(주)인터넷청과,20250819,오이,백다다기,10.00kg,특,충청북도 제천시,2,26000,,,,trade
구리,(주)인터넷청과,20250819,오이,백다다기,10.00kg,특,충청북도 제천시,8,28000,,,,trade
구리,(주)인터넷청과,20250819,오이,백다다기,10.00kg,특,충청북도 제천시,6,30000,,,,trade
구리,(주)인터넷청과,20250819,오이,백다다기,10.00kg,특,충청북도 제천시,21,18500,,,,trade
구리,(주)인터넷청과,20250819,오이,백다다기,10.00kg,특,충청북도 제천시,4,15000,,,,trade
구리,(주)인터넷청과,20250819,오이,백다다기,10.00kg,특,충청북도 제천시,6,16000,,,,trade
구리,(주)인터넷청과,20250819,오이,백다다기,10.00kg,특,충청북도 제천시,2,16500,,,,trade
구리,(주)인터넷청과,20250819,오이,백다다기,10.00kg,특,충청북도 제천시,23,35000,,,,trade
구리,(주)인터넷청과,20250819,오이,백다다기,8.00kg,특,경기도 양주시,1,8900,,,,trade
구리,(주)인터넷청과,20250819,오이,백다다기,8.00kg,특,경기도 양주시,7,13800,,,,trade
구리,(주)인터넷청과,20250819,오이,백다다기,8.00kg,특,경기도 양주시,8,18000,,,,trade
구리,(주)인터넷청과,20250819,오이,백다다기,10.00kg,특,경기도 양주시,3,25500,,,,trade
구리,(주)인터넷청과,20250819,오이,백다다기,8.00kg,특,경기도 양주시,2,13000,,,,trade
구리,(주)인터넷청과,20250819,오이,백다다기,8.00kg,특,경기도 양주시,4,10000,,,,trade
구리,(주)인터넷청과,20250819,오이,백다다기,8.00kg,특,경기도 양주시,18,17200,,,,trade
구리,(주)인터넷청과,20250819,오이,백다다기,8.00kg,특,강원도 철원군,2,12500,,,,trade
구리,(주)인터넷청과,20250819,오이,백다다기,10.00kg,특,강원도 철원군,2,13500,,,,trade
구리,(주)인터넷청과,20250819,오이,백다다기,10.00kg,특,강원도 철원군,1,18000,,,,trade
구리,(주)인터넷청과,20250819,오이,백다다기,10.00kg,특,강원도 철원군,15,26000,,,,trade
구리,(주)인터넷청과,20250819,오이,백다다기,8.00kg,특,강원도 철원군,7,18900,,,,trade
구리,(주)인터넷청과,20250819,오이,백다다기,8.00kg,특,강원도 철원군,23,14000,,,,trade
구리,(주)인터넷청과,20250819,오이,백다다기,10.00kg,특,강원도 철원군,2,12000,,,,trade
구리,(주)인터넷청과,20250819,오이,백다다기,18.00kg,특,강원도 철원군,4,25000,,,,trade
구리,(주)인터넷청과,20250819,오이,백다다기,18.00kg,특,강원도 철원군,7,51000,,,,trade
구리,(주)인터넷청과,20250819,오이,백다다기,10.00kg,특,강원도 철원군,1,13000,,,,trade
구리,(주)인터넷청과,20250819,오이,백다다기,10.00kg,특,강원도 철원군,14,22000,,,,trade
구리,(주)인터넷청과,20250819,오이,백다다기,8.00kg,특,경기도 포천시,6,18300,,,,trade
구리,(주)인터넷청과,20250819,오이,백다다기,8.00kg,특,강원도 철원군,4,17300,,,,trade
구리,(주)인터넷청과,20250819,오이,백다다기,8.00kg,특,강원도 철원군,7,17200,,,,trade
구리,(주)인터넷청과,20250819,오이,백다다기,8.00kg,특,강원도 철원군,3,12000,,,,trade
구리,(주)인터넷청과,20250819,오이,백다다기,10.00kg,특,강원도 철원군,2,5000,,,,trade
구리,(주)인터넷청과,20250819,오이,백다다기,10.00kg,특,강원도 철원군,12,11000,,,,trade
구리,(주)인터넷청과,20250819,오이,백다다기,10.00kg,특,강원도 철원군,1,5000,,,,trade
구리,(주)인터넷청과,20250819,오이,백다다기,10.00kg,특,강원도 철원군,2,10000,,,,trade
구리,(주)인터넷청과,20250819,오이,백다다기,18.00kg,특,강원도 춘천시,5,18000,,,,trade
구리,(주)인터넷청과,20250819,오이,백다다기,18.00kg,특,강원도 춘천시,6,22000,,,,trade
구리,(주)인터넷청과,20250819,오이,백다다기,18.00kg,특,강원도 춘천시,1,22000,,,,trade
구리,(주)인터넷청과,20250819,오이,백다다기,18.00kg,특,강원도 춘천시,2,21000,,,,trade
구리,(주)인터넷청과,20250819,오이,백다다기,10.00kg,특,경기도 양주시,6,17000,,,,trade
구리,(주)인터넷청과,20250819,오이,백다다기,8.00kg,특,경기도 양주시,10,16300,,,,trade
구리,(주)인터넷청과,20250819,오이,백다다기,8.00kg,특,경기도 양주시,5,13500,,,,trade
구리,(주)인터넷청과,20250819,오이,백다다기,8.00kg,특,경기도 양주시,11,14800,,,,trade
구리,(주)인터넷청과,20250819,오이,백다다기,8.00kg,특,경기도 양주시,5,12300,,,,trade
구리,(주)인터넷청과,20250819,오이,백다다기,8.00kg,특,경기도 양주시,1,10000,,,,trade
구리,(주)인터넷청과,20250819,오이,백다다기,8.00kg,특,경기도 포천시,8,18600,,,,trade
구리,(주)인터넷청과,20250819,오이,백다다기,10.00kg,특,강원도 철원군,4,12000,,,,trade
구리,(주)인터넷청과,20250819,오이,백다다기,10.00kg,특,강원도 철원군,1,9000,,,,trade
구리,(주)인터넷청과,20250819,오이,백다다기,10.00kg,특,강원도 철원군,16,11000,,,,trade
구리,(주)인터넷청과,20250819,오이,백다다기,10.00kg,특,강원도 철원군,2,8000,,,,trade
구리,(주)인터넷청과,20250819,오이,백다다기,8.00kg,특,강원도 철원군,15,17000,,,,trade
구리,(주)인터넷청과,20250819,오이,백다다기,8.00kg,특,강원도 철원군,4,12500,,,,trade
구리,(주)인터넷청과,20250819,오이,백다다기,8.00kg,특,강원도 철원군,8,16000,,,,trade
구리,(주)인터넷청과,20250819,오이,백다다기,8.00kg,특,강원도 철원군,1,7000,,,,trade
구리,(주)인터넷청과,20250819,오이,백다다기,18.00kg,특,강원도 홍천군,12,20000,,,,trade
구리,(주)인터넷청과,20250819,오이,백다다기,10.00kg,특,강원도 철원군,19,17000,,,,trade
구리,(주)인터넷청과,20250819,오이,백다다기,10.00kg,특,강원도 철원군,6,13000,,,,trade
구리,(주)인터넷청과,20250819,오이,백다다기,18.00kg,특,강원도 홍천군,9,61000,,,,trade
구리,(주)인터넷청과,20250819,오이,백다다기,18.00kg,특,강원도 홍천군,15,50000,,,,trade
구리,(주)인터넷청과,20250819,오이,백다다기,18.00kg,특,강원도 홍천군,5,43000,,,,trade
구리,(주)인터넷청과,20250819,오이,백다다기,18.00kg,특,강원도 홍천군,3,28000,,,,trade
구리,(주)인터넷청과,20250819,오이,백다다기,18.00kg,특,강원도 홍천군,4,23000,,,,trade
구리,(주)인터넷청과,20250819,오이,백다다기,18.00kg,특,강원도 홍천군,3,55000,,,,trade
구리,(주)인터넷청과,20250819,오이,백다다기,18.00kg,특,강원도 홍천군,1,38000,,,,trade
구리,(주)인터넷청과,20250819,오이,백다다기,18.00kg,특,강원도 홍천군,10,60000,,,,trade
구리,(주)인터넷청과,20250819,오이,백다다기,18.00kg,특,강원도 홍천군,2,43000,,,,trade
구리,(주)인터넷청과,20250819,오이,백다다기,18.00kg,특,강원도 홍천군,7,65000,,,,trade
구리,(주)인터넷청과,20250819,오이,백다다기,18.00kg,특,강원도 홍천군,6,27000,,,,trade
구리,(주)인터넷청과,20250819,오이,백다다기,18.00kg,특,강원도 홍천군,10,48000,,,,trade
구리,(주)인터넷청과,20250819,오이,백다다기,18.00kg,특,강원도 홍천군,10,28000,,,,trade
구리,(주)인터넷청과,20250819,오이,백다다기,10.00kg,특,강원도 홍천군,6,28000,,,,trade
구리,(주)인터넷청과,20250819,오이,백다다기,18.00kg,특,강원도 춘천시,7,15000,,,,trade
구리,(주)인터넷청과,20250819,오이,백다다기,18.00kg,특,강원도 춘천시,8,15000,,,,trade
구리,(주)인터넷청과,20250819,오이,백다다기,18.00kg,특,강원도 춘천시,5,24000,,,,trade
구리,(주)인터넷청과,20250819,오이,백다다기,18.00kg,특,강원도 홍천군,3,36000,,,,trade
구리,(주)인터넷청과,20250819,오이,백다다기,18.00kg,특,강원도 홍천군,4,37000,,,,trade
구리,(주)인터넷청과,20250819,오이,백다다기,18.00kg,특,강원도 홍천군,2,41000,,,,trade
구리,(주)인터넷청과,20250819,오이,백다다기,18.00kg,특,강원도 홍천군,20,44000,,,,trade
구리,(주)인터넷청과,20250819,오이,백다다기,18.00kg,특,강원도 홍천군,5,16000,,,,trade
구리,(주)인터넷청과,20250819,오이,백다다기,18.00kg,특,강원도 홍천군,5,42000,,,,trade
구리,(주)인터넷청과,20250819,오이,백다다기,18.00kg,특,강원도 홍천군,6,24000,,,,trade
구리,(주)인터넷청과,20250819,오이,백다다기,18.00kg,특,강원도 홍천군,1,36000,,,,trade
구리,(주)인터넷청과,20250819,오이,백다다기,18.00kg,특,강원도 홍천군,8,36000,,,,trade
구리,(주)인터넷청과,20250819,오이,백다다기,18.00kg,특,강원도 홍천군,2,15000,,,,trade
구리,(주)인터넷청과,20250819,오이,백다다기,18.00kg,특,강원도 홍천군,1,43000,,,,trade
구리,(주)인터넷청과,20250819,오이,백다다기,18.00kg,특,강원도 홍천군,8,24000,,,,trade
구리,(주)인터넷청과,20250819,오이,백다다기,18.00kg,특,강원도 홍천군,8,17000,,,,trade
구리,(주)인터넷청과,20250819,오이,백다다기,10.00kg,특,충청북도 제천시,32,30000,,,,trade
구리,(주)인터넷청과,20250819,오이,백다다기,10.00kg,특,충청북도 제천시,8,22000,,,,trade
구리,(주)인터넷청과,20250819,오이,백다다기,10.00kg,특,충청북도 제천시,12,30000,,,,trade
구리,(주)인터넷청과,20250819,오이,백다다기,10.00kg,특,충청북도 제천시,6,17000,,,,trade
구리,(주)인터넷청과,20250819,오이,백다다기,10.00kg,특,충청북도 제천시,4,13000,,,,trade
구리,(주)인터넷청과,20250819,오이,백다다기,10.00kg,특,충청북도 제천시,28,30000,,,,trade
구리,(주)인터넷청과,20250819,오이,백다다기,10.00kg,특,충청북도 제천시,24,30000,,,,trade
구리,(주)인터넷청과,20250819,오이,백다다기,10.00kg,특,충청북도 제천시,19,28000,,,,trade
구리,(주)인터넷청과,20250819,오이,백다다기,10.00kg,특,충청북도 제천시,6,15000,,,,trade
구리,(주)인터넷청과,20250819,오이,백다다기,10.00kg,특,충청북도 제천시,7,20000,,,,trade
구리,(주)인터넷청과,20250819,오이,백다다기,10.00kg,특,충청북도 제천시,5,12000,,,,trade
구리,(주)인터넷청과,20250819,오이,백다다기,10.00kg,특,충청북도 제천시,3,15500,,,,trade
구리,(주)인터넷청과,20250819,오이,백다다기,10.00kg,특,충청북도 제천시,11,11000,,,,trade
구리,(주)인터넷청과,20250819,오이,백다다기,10.00kg,특,충청북도 제천시,20,27000,,,,trade
구리,(주)인터넷청과,20250819,오이,백다다기,10.00kg,특,충청북도 제천시,11,23000,,,,trade
구리,(주)인터넷청과,20250819,오이,백다다기,10.00kg,특,충청북도 제천시,43,30500,,,,trade
구리,(주)인터넷청과,20250819,오이,백다다기,10.00kg,특,충청북도 제천시,4,20000,,,,trade
구리,(주)인터넷청과,20250819,오이,백다다기,10.00kg,특,충청북도 제천시,20,18000,,,,trade
구리,(주)인터넷청과,20250819,오이,백다다기,10.00kg,특,충청북도 제천시,1,10000,,,,trade
구리,(주)인터넷청과,20250819,오이,백다다기,10.00kg,특,충청북도 제천시,13,10500,,,,trade
구리,(주)인터넷청과,20250819,오이,백다다기,10.00kg,특,충청북도 제천시,19,27000,,,,trade
구리,(주)인터넷청과,20250819,오이,백다다기,10.00kg,특,충청북도 제천시,8,18000,,,,trade
구리,(주)인터넷청과,20250819,오이,백다다기,10.00kg,특,충청북도 제천시,3,13000,,,,trade
구리,(주)인터넷청과,20250819,오이,백다다기,10.00kg,특,충청북도 제천시,16,27000,,,,trade
구리,(주)인터넷청과,20250819,오이,백다다기,10.00kg,특,충청북도 제천시,1,13500,,,,trade
구리,(주)인터넷청과,20250819,오이,백다다기,10.00kg,특,충청북도 제천시,1,12000,,,,trade
구리,(주)인터넷청과,20250819,오이,백다다기,10.00kg,특,충청북도 제천시,1,20000,,,,trade
구리,(주)인터넷청과,20250819,오이,백다다기,10.00kg,특,충청북도 제천시,1,16000,,,,trade
구리,(주)인터넷청과,20250819,오이,백다다기,10.00kg,특,충청북도 제천시,4,12000,,,,trade
구리,(주)인터넷청과,20250819,오이,백다다기,10.00kg,특,충청북도 제천시,24,24000,,,,trade
구리,(주)인터넷청과,20250819,오이,백다다기,10.00kg,특,충청북도 제천시,13,17000,,,,trade
구리,(주)인터넷청과,20250819,오이,백다다기,10.00kg,특,충청북도 제천시,1,12000,,,,trade
구리,(주)인터넷청과,20250819,오이,백다다기,10.00kg,특,충청북도 제천시,8,11000,,,,trade
구리,(주)인터넷청과,20250819,오이,백다다기,10.00kg,특,충청북도 제천시,10,27000,,,,trade
구리,(주)인터넷청과,20250819,오이,백다다기,10.00kg,특,충청북도 제천시,15,18000,,,,trade
구리,(주)인터넷청과,20250819,오이,백다다기,10.00kg,특,충청북도 제천시,2,12000,,,,trade
구리,(주)인터넷청과,20250819,오이,백다다기,10.00kg,특,충청북도 제천시,23,12000,,,,trade
구리,(주)인터넷청과,20250819,오이,백다다기,10.00kg,특,충청북도 제천시,28,22000,,,,trade
구리,(주)인터넷청과,20250819,오이,백다다기,10.00kg,특,충청북도 제천시,9,14000,,,,trade
구리,(주)인터넷청과,20250819,오이,백다다기,10.00kg,특,충청북도 제천시,3,12000,,,,trade
구리,(주)인터넷청과,20250819,오이,백다다기,10.00kg,특,충청북도 제천시,3,12000,,,,trade
구리,(주)인터넷청과,20250819,오이,백다다기,10.00kg,특,충청북도 제천시,40,27000,,,,trade
구리,(주)인터넷청과,20250819,오이,백다다기,10.00kg,특,충청북도 제천시,2,12500,,,,trade
구리,(주)인터넷청과,20250819,오이,백다다기,10.00kg,특,충청북도 제천시,6,16000,,,,trade
구리,(주)인터넷청과,20250819,오이,백다다기,10.00kg,특,충청북도 제천시,24,31000,,,,trade
구리,(주)인터넷청과,20250819,오이,백다다기,10.00kg,특,충청북도 제천시,6,15000,,,,trade
구리,(주)인터넷청과,20250819,오이,백다다기,10.00kg,특,충청북도 제천시,3,17000,,,,trade
구리,(주)인터넷청과,20250819,오이,백다다기,10.00kg,특,충청북도 제천시,1,13500,,,,trade
구리,(주)인터넷청과,20250819,오이,백다다기,10.00kg,특,충청북도 제천시,2,13000,,,,trade
구리,(주)인터넷청과,20250819,오이,백다다기,10.00kg,특,충청북도 제천시,4,14000,,,,trade
구리,(주)인터넷청과,20250821,오이,백다다기,18.00kg,특,강원도 홍천군,9,32000,,,,trade
구리,(주)인터넷청과,20250821,오이,백다다기,18.00kg,특,강원도 홍천군,30,90000,,,,trade
구리,(주)인터넷청과,20250821,오이,백다다기,18.00kg,특,강원도 홍천군,7,100000,,,,trade
구리,(주)인터넷청과,20250821,오이,백다다기,18.00kg,특,강원도 홍천군,5,58000,,,,trade
구리,(주)인터넷청과,20250821,오이,백다다기,18.00kg,특,강원도 홍천군,12,66000,,,,trade
구리,(주)인터넷청과,20250821,오이,백다다기,18.00kg,특,강원도 홍천군,3,98000,,,,trade
구리,(주)인터넷청과,20250821,오이,백다다기,18.00kg,특,강원도 홍천군,1,66000,,,,trade
구리,(주)인터넷청과,20250821,오이,백다다기,18.00kg,특,강원도 홍천군,4,65000,,,,trade
구리,(주)인터넷청과,20250821,오이,백다다기,18.00kg,특,강원도 홍천군,5,67000,,,,trade
구리,(주)인터넷청과,20250821,오이,백다다기,18.00kg,특,강원도 홍천군,1,70000,,,,trade
구리,(주)인터넷청과,20250821,오이,백다다기,18.00kg,특,강원도 홍천군,12,34000,,,,trade
구리,(주)인터넷청과,20250821,오이,백다다기,18.00kg,특,강원도 홍천군,7,96000,,,,trade
구리,(주)인터넷청과,20250821,오이,백다다기,18.00kg,특,강원도 홍천군,5,100000,,,,trade
구리,(주)인터넷청과,20250821,오이,백다다기,18.00kg,특,강원도 홍천군,2,66000,,,,trade
구리,(주)인터넷청과,20250821,오이,백다다기,18.00kg,특,강원도 홍천군,4,38000,,,,trade
구리,(주)인터넷청과,20250821,오이,백다다기,18.00kg,특,강원도 홍천군,10,40000,,,,trade
구리,(주)인터넷청과,20250821,오이,백다다기,18.00kg,특,강원도 홍천군,30,80000,,,,trade
구리,(주)인터넷청과,20250821,오이,백다다기,18.00kg,특,강원도 홍천군,22,82000,,,,trade
구리,(주)인터넷청과,20250821,오이,백다다기,18.00kg,특,강원도 홍천군,3,62000,,,,trade
구리,(주)인터넷청과,20250821,오이,백다다기,18.00kg,특,강원도 홍천군,5,65000,,,,trade
구리,(주)인터넷청과,20250821,오이,백다다기,18.00kg,특,강원도 홍천군,3,28000,,,,trade
구리,(주)인터넷청과,20250821,오이,백다다기,18.00kg,특,강원도 홍천군,4,62000,,,,trade
구리,(주)인터넷청과,20250821,오이,백다다기,18.00kg,특,강원도 홍천군,1,24000,,,,trade
구리,(주)인터넷청과,20250821,오이,백다다기,18.00kg,특,강원도 홍천군,4,66000,,,,trade
구리,(주)인터넷청과,20250821,오이,백다다기,18.00kg,특,강원도 홍천군,5,32000,,,,trade
구리,(주)인터넷청과,20250821,오이,백다다기,18.00kg,특,강원도 홍천군,2,59000,,,,trade
구리,(주)인터넷청과,20250821,오이,백다다기,10.00kg,특,충청북도 제천시,3,43000,,,,trade
구리,(주)인터넷청과,20250821,오이,백다다기,10.00kg,특,충청북도 제천시,4,36000,,,,trade
구리,(주)인터넷청과,20250821,오이,백다다기,10.00kg,특,충청북도 제천시,15,21000,,,,trade
구리,(주)인터넷청과,20250821,오이,백다다기,10.00kg,특,충청북도 제천시,14,47000,,,,trade
구리,(주)인터넷청과,20250821,오이,백다다기,10.00kg,특,충청북도 제천시,13,43000,,,,trade
구리,(주)인터넷청과,20250821,오이,백다다기,10.00kg,특,충청북도 제천시,8,40000,,,,trade
구리,(주)인터넷청과,20250821,오이,백다다기,10.00kg,특,충청북도 제천시,7,48000,,,,trade
구리,(주)인터넷청과,20250821,오이,백다다기,10.00kg,특,충청북도 제천시,10,23500,,,,trade
구리,(주)인터넷청과,20250821,오이,백다다기,10.00kg,특,충청북도 제천시,11,24000,,,,trade
구리,(주)인터넷청과,20250821,오이,백다다기,10.00kg,특,충청북도 제천시,27,46000,,,,trade
구리,(주)인터넷청과,20250821,오이,백다다기,10.00kg,특,충청북도 제천시,2,20000,,,,trade
구리,(주)인터넷청과,20250821,오이,백다다기,10.00kg,특,충청북도 제천시,1,22000,,,,trade
구리,(주)인터넷청과,20250821,오이,백다다기,10.00kg,특,충청북도 제천시,8,54000,,,,trade
구리,(주)인터넷청과,20250821,오이,백다다기,10.00kg,특,충청북도 제천시,1,24000,,,,trade
구리,(주)인터넷청과,20250821,오이,백다다기,10.00kg,특,충청북도 제천시,1,32000,,,,trade
구리,(주)인터넷청과,20250821,오이,백다다기,10.00kg,특,충청북도 제천시,4,23000,,,,trade
구리,(주)인터넷청과,20250821,오이,백다다기,10.00kg,특,충청북도 제천시,13,50000,,,,trade
구리,(주)인터넷청과,20250821,오이,백다다기,10.00kg,특,충청북도 제천시,25,47000,,,,trade
구리,(주)인터넷청과,20250821,오이,백다다기,10.00kg,특,충청북도 제천시,6,30000,,,,trade
구리,(주)인터넷청과,20250821,오이,백다다기,10.00kg,특,충청북도 제천시,6,31000,,,,trade
구리,(주)인터넷청과,20250821,오이,백다다기,10.00kg,특,충청북도 제천시,1,14000,,,,trade
구리,(주)인터넷청과,20250821,오이,백다다기,10.00kg,특,충청북도 제천시,10,20000,,,,trade
구리,(주)인터넷청과,20250821,오이,백다다기,10.00kg,특,충청북도 제천시,7,16000,,,,trade
구리,(주)인터넷청과,20250821,오이,백다다기,10.00kg,특,충청북도 제천시,11,48000,,,,trade
구리,(주)인터넷청과,20250821,오이,백다다기,10.00kg,특,충청북도 제천시,8,33000,,,,trade
구리,(주)인터넷청과,20250821,오이,백다다기,10.00kg,특,충청북도 제천시,7,18000,,,,trade
구리,(주)인터넷청과,20250821,오이,백다다기,10.00kg,특,충청북도 제천시,10,47000,,,,trade
구리,(주)인터넷청과,20250821,오이,백다다기,10.00kg,특,충청북도 제천시,4,28000,,,,trade
구리,(주)인터넷청과,20250821,오이,백다다기,10.00kg,특,충청북도 제천시,3,18000,,,,trade
구리,(주)인터넷청과,20250821,오이,백다다기,10.00kg,특,충청북도 제천시,21,50000,,,,trade
구리,(주)인터넷청과,20250821,오이,백다다기,10.00kg,특,충청북도 제천시,4,28000,,,,trade
구리,(주)인터넷청과,20250821,오이,백다다기,10.00kg,특,충청북도 제천시,3,38000,,,,trade
구리,(주)인터넷청과,20250821,오이,백다다기,10.00kg,특,충청북도 제천시,4,22000,,,,trade
구리,(주)인터넷청과,20250821,오이,백다다기,10.00kg,특,충청북도 제천시,17,58000,,,,trade
구리,(주)인터넷청과,20250821,오이,백다다기,10.00kg,특,충청북도 제천시,3,40000,,,,trade
구리,(주)인터넷청과,20250821,오이,백다다기,10.00kg,특,충청북도 제천시,9,56000,,,,trade
구리,(주)인터넷청과,20250821,오이,백다다기,10.00kg,특,충청북도 제천시,5,42000,,,,trade
구리,(주)인터넷청과,20250821,오이,백다다기,10.00kg,특,충청북도 제천시,21,59000,,,,trade
구리,(주)인터넷청과,20250821,오이,백다다기,10.00kg,특,충청북도 제천시,19,50000,,,,trade
구리,(주)인터넷청과,20250821,오이,백다다기,10.00kg,특,충청북도 제천시,11,53000,,,,trade
구리,(주)인터넷청과,20250821,오이,백다다기,10.00kg,특,충청북도 제천시,2,32000,,,,trade
구리,(주)인터넷청과,20250821,오이,백다다기,10.00kg,특,충청북도 제천시,6,30000,,,,trade
구리,(주)인터넷청과,20250821,오이,백다다기,10.00kg,특,충청북도 제천시,5,26000,,,,trade
구리,(주)인터넷청과,20250821,오이,백다다기,10.00kg,특,충청북도 제천시,2,30000,,,,trade
구리,(주)인터넷청과,20250821,오이,백다다기,10.00kg,특,충청북도 제천시,19,18000,,,,trade
구리,(주)인터넷청과,20250821,오이,백다다기,10.00kg,특,충청북도 제천시,16,40000,,,,trade
구리,(주)인터넷청과,20250821,오이,백다다기,10.00kg,특,충청북도 제천시,4,24000,,,,trade
구리,(주)인터넷청과,20250821,오이,백다다기,10.00kg,특,충청북도 제천시,1,20000,,,,trade
구리,(주)인터넷청과,20250821,오이,백다다기,10.00kg,특,충청북도 제천시,1,17000,,,,trade
구리,(주)인터넷청과,20250821,오이,백다다기,8.00kg,특,경기도 양주시,4,21500,,,,trade
구리,(주)인터넷청과,20250821,오이,백다다기,10.00kg,특,경기도 양주시,4,38500,,,,trade
구리,(주)인터넷청과,20250821,오이,백다다기,8.00kg,특,경기도 양주시,3,12300,,,,trade
구리,(주)인터넷청과,20250821,오이,백다다기,8.00kg,특,경기도 양주시,8,18000,,,,trade
구리,(주)인터넷청과,20250821,오이,백다다기,8.00kg,특,경기도 양주시,9,16800,,,,trade
구리,(주)인터넷청과,20250821,오이,백다다기,8.00kg,특,경기도 양주시,11,19800,,,,trade
구리,(주)인터넷청과,20250821,오이,백다다기,10.00kg,특,강원도 철원군,5,35000,,,,trade
구리,(주)인터넷청과,20250821,오이,백다다기,18.00kg,특,강원도 철원군,5,34000,,,,trade
구리,(주)인터넷청과,20250821,오이,백다다기,18.00kg,특,강원도 철원군,13,74000,,,,trade
구리,(주)인터넷청과,20250821,오이,백다다기,10.00kg,특,강원도 철원군,16,41000,,,,trade
구리,(주)인터넷청과,20250821,오이,백다다기,8.00kg,특,강원도 철원군,1,16800,,,,trade
구리,(주)인터넷청과,20250821,오이,백다다기,8.00kg,특,강원도 철원군,6,23000,,,,trade
구리,(주)인터넷청과,20250821,오이,백다다기,8.00kg,특,강원도 철원군,2,15000,,,,trade
구리,(주)인터넷청과,20250821,오이,백다다기,8.00kg,특,강원도 철원군,1,16000,,,,trade
구리,(주)인터넷청과,20250821,오이,백다다기,8.00kg,특,강원도 철원군,14,14000,,,,trade
구리,(주)인터넷청과,20250821,오이,백다다기,8.00kg,특,경기도 포천시,6,21500,,,,trade
구리,(주)인터넷청과,20250821,오이,백다다기,8.00kg,특,강원도 철원군,1,14000,,,,trade
구리,(주)인터넷청과,20250821,오이,백다다기,8.00kg,특,강원도 철원군,4,21000,,,,trade
구리,(주)인터넷청과,20250821,오이,백다다기,8.00kg,특,강원도 철원군,5,26000,,,,trade
구리,(주)인터넷청과,20250821,오이,백다다기,10.00kg,특,강원도 철원군,4,17000,,,,trade
구리,(주)인터넷청과,20250821,오이,백다다기,10.00kg,특,강원도 철원군,1,14000,,,,trade
구리,(주)인터넷청과,20250821,오이,백다다기,10.00kg,특,강원도 철원군,27,18000,,,,trade
구리,(주)인터넷청과,20250821,오이,백다다기,18.00kg,특,강원도 춘천시,1,21000,,,,trade
구리,(주)인터넷청과,20250821,오이,백다다기,18.00kg,특,강원도 춘천시,3,25000,,,,trade
구리,(주)인터넷청과,20250821,오이,백다다기,18.00kg,특,강원도 춘천시,4,28000,,,,trade
구리,(주)인터넷청과,20250821,오이,백다다기,18.00kg,특,강원도 춘천시,5,32000,,,,trade
구리,(주)인터넷청과,20250821,오이,백다다기,10.00kg,특,강원도 철원군,15,32000,,,,trade
구리,(주)인터넷청과,20250821,오이,백다다기,8.00kg,특,강원도 철원군,1,16800,,,,trade
구리,(주)인터넷청과,20250821,오이,백다다기,8.00kg,특,강원도 철원군,3,17600,,,,trade
구리,(주)인터넷청과,20250821,오이,백다다기,8.00kg,특,강원도 철원군,6,19900,,,,trade
구리,(주)인터넷청과,20250821,오이,백다다기,8.00kg,특,강원도 철원군,3,18500,,,,trade
구리,(주)인터넷청과,20250821,오이,백다다기,8.00kg,특,강원도 철원군,6,20500,,,,trade
구리,(주)인터넷청과,20250821,오이,백다다기,8.00kg,특,강원도 철원군,11,13000,,,,trade
구리,(주)인터넷청과,20250821,오이,백다다기,10.00kg,특,경기도 양주시,5,32000,,,,trade
구리,(주)인터넷청과,20250821,오이,백다다기,8.00kg,특,경기도 양주시,9,18900,,,,trade
구리,(주)인터넷청과,20250821,오이,백다다기,8.00kg,특,경기도 양주시,1,16800,,,,trade
구리,(주)인터넷청과,20250821,오이,백다다기,8.00kg,특,경기도 양주시,12,18600,,,,trade
구리,(주)인터넷청과,20250821,오이,백다다기,8.00kg,특,경기도 양주시,10,14000,,,,trade
구리,(주)인터넷청과,20250821,오이,백다다기,8.00kg,특,경기도 양주시,2,14000,,,,trade
구리,(주)인터넷청과,20250821,오이,백다다기,18.00kg,특,강원도 철원군,7,62000,,,,trade
구리,(주)인터넷청과,20250821,오이,백다다기,18.00kg,특,강원도 철원군,3,28000,,,,trade
구리,(주)인터넷청과,20250821,오이,백다다기,10.00kg,특,강원도 철원군,9,35000,,,,trade
구리,(주)인터넷청과,20250821,오이,백다다기,10.00kg,특,강원도 철원군,3,18500,,,,trade
구리,(주)인터넷청과,20250821,오이,백다다기,8.00kg,특,경기도 포천시,6,18300,,,,trade
구리,(주)인터넷청과,20250821,오이,백다다기,18.00kg,특,강원도 홍천군,8,25000,,,,trade
구리,(주)인터넷청과,20250821,오이,백다다기,18.00kg,특,충청남도 공주시,8,34000,,,,trade
구리,(주)인터넷청과,20250821,오이,백다다기,10.00kg,특,강원도 철원군,15,19000,,,,trade
구리,(주)인터넷청과,20250821,오이,백다다기,10.00kg,특,강원도 철원군,2,6000,,,,trade
구리,(주)인터넷청과,20250821,오이,백다다기,8.00kg,특,강원도 철원군,3,13600,,,,trade
구리,(주)인터넷청과,20250821,오이,백다다기,8.00kg,특,강원도 철원군,4,15200,,,,trade
구리,(주)인터넷청과,20250821,오이,백다다기,8.00kg,특,강원도 철원군,5,17200,,,,trade
구리,(주)인터넷청과,20250821,오이,백다다기,18.00kg,특,강원도 홍천군,20,77000,,,,trade
구리,(주)인터넷청과,20250821,오이,백다다기,18.00kg,특,강원도 홍천군,20,79000,,,,trade
구리,(주)인터넷청과,20250821,오이,백다다기,18.00kg,특,강원도 홍천군,7,81000,,,,trade
구리,(주)인터넷청과,20250821,오이,백다다기,18.00kg,특,강원도 홍천군,7,56000,,,,trade
구리,(주)인터넷청과,20250821,오이,백다다기,18.00kg,특,강원도 홍천군,3,70000,,,,trade
구리,(주)인터넷청과,20250821,오이,백다다기,18.00kg,특,강원도 홍천군,1,38000,,,,trade
구리,(주)인터넷청과,20250821,오이,백다다기,18.00kg,특,강원도 홍천군,4,47000,,,,trade
구리,(주)인터넷청과,20250821,오이,백다다기,18.00kg,특,강원도 홍천군,8,29000,,,,trade
구리,(주)인터넷청과,20250821,오이,백다다기,18.00kg,특,강원도 홍천군,6,85000,,,,trade
구리,(주)인터넷청과,20250821,오이,백다다기,18.00kg,특,강원도 홍천군,6,88000,,,,trade
구리,(주)인터넷청과,20250821,오이,백다다기,18.00kg,특,강원도 홍천군,6,30000,,,,trade
구리,(주)인터넷청과,20250821,오이,백다다기,18.00kg,특,강원도 홍천군,31,68000,,,,trade
구리,(주)인터넷청과,20250821,오이,백다다기,18.00kg,특,강원도 홍천군,12,33000,,,,trade
구리,(주)인터넷청과,20250821,오이,백다다기,18.00kg,특,강원도 춘천시,4,26000,,,,trade
구리,(주)인터넷청과,20250821,오이,백다다기,18.00kg,특,강원도 춘천시,6,28000,,,,trade
구리,(주)인터넷청과,20250821,오이,백다다기,18.00kg,특,강원도 춘천시,8,24000,,,,trade
구리,(주)인터넷청과,20250821,오이,백다다기,18.00kg,특,강원도 홍천군,4,58000,,,,trade
구리,(주)인터넷청과,20250821,오이,백다다기,18.00kg,특,강원도 홍천군,4,45000,,,,trade
구리,(주)인터넷청과,20250821,오이,백다다기,18.00kg,특,강원도 홍천군,1,20000,,,,trade
구리,(주)인터넷청과,20250821,오이,백다다기,18.00kg,특,강원도 홍천군,8,60000,,,,trade
구리,(주)인터넷청과,20250821,오이,백다다기,18.00kg,특,강원도 홍천군,3,25000,,,,trade
구리,(주)인터넷청과,20250821,오이,백다다기,18.00kg,특,강원도 홍천군,3,28000,,,,trade
구리,(주)인터넷청과,20250821,오이,백다다기,18.00kg,특,강원도 홍천군,2,54000,,,,trade
구리,(주)인터넷청과,20250821,오이,백다다기,10.00kg,특,강원도 홍천군,2,38000,,,,trade
구리,(주)인터넷청과,20250821,오이,백다다기,18.00kg,특,강원도 홍천군,12,43000,,,,trade
구리,(주)인터넷청과,20250821,오이,백다다기,18.00kg,특,강원도 홍천군,9,27000,,,,trade
구리,(주)인터넷청과,20250821,오이,백다다기,10.00kg,특,경기도 광주시,7,28000,,,,trade
구리,(주)인터넷청과,20250821,오이,백다다기,10.00kg,특,경기도 광주시,2,14000,,,,trade
구리,(주)인터넷청과,20250821,오이,백다다기,10.00kg,특,충청북도 제천시,9,42000,,,,trade
구리,(주)인터넷청과,20250821,오이,백다다기,10.00kg,특,충청북도 제천시,3,28000,,,,trade
구리,(주)인터넷청과,20250821,오이,백다다기,10.00kg,특,충청북도 제천시,17,45000,,,,trade
구리,(주)인터넷청과,20250821,오이,백다다기,10.00kg,특,충청북도 제천시,8,30000,,,,trade
구리,(주)인터넷청과,20250821,오이,백다다기,10.00kg,특,충청북도 제천시,19,17000,,,,trade
구리,(주)인터넷청과,20250821,오이,백다다기,10.00kg,특,충청북도 제천시,25,45000,,,,trade
구리,(주)인터넷청과,20250821,오이,백다다기,10.00kg,특,충청북도 제천시,15,40000,,,,trade
구리,(주)인터넷청과,20250821,오이,백다다기,10.00kg,특,충청북도 제천시,12,40000,,,,trade
구리,(주)인터넷청과,20250821,오이,백다다기,10.00kg,특,충청북도 제천시,6,24000,,,,trade
구리,(주)인터넷청과,20250821,오이,백다다기,10.00kg,특,충청북도 제천시,4,26000,,,,trade
구리,(주)인터넷청과,20250821,오이,백다다기,10.00kg,특,충청북도 제천시,3,25000,,,,trade
구리,(주)인터넷청과,20250821,오이,백다다기,10.00kg,특,충청북도 제천시,3,18500,,,,trade
구리,(주)인터넷청과,20250821,오이,백다다기,10.00kg,특,충청북도 제천시,23,14000,,,,trade
구리,(주)인터넷청과,20250821,오이,백다다기,10.00kg,특,충청북도 제천시,16,45000,,,,trade
구리,(주)인터넷청과,20250821,오이,백다다기,10.00kg,특,충청북도 제천시,3,16000,,,,trade
구리,(주)인터넷청과,20250821,오이,백다다기,10.00kg,특,충청북도 제천시,3,18000,,,,trade
구리,(주)인터넷청과,20250821,오이,백다다기,10.00kg,특,충청북도 제천시,14,32000,,,,trade
구리,(주)인터넷청과,20250821,오이,백다다기,10.00kg,특,충청북도 제천시,4,21000,,,,trade
구리,(주)인터넷청과,20250821,오이,백다다기,10.00kg,특,충청북도 제천시,1,13000,,,,trade
구리,(주)인터넷청과,20250821,오이,백다다기,10.00kg,특,충청북도 제천시,2,16000,,,,trade
구리,(주)인터넷청과,20250821,오이,백다다기,10.00kg,특,충청북도 제천시,11,45000,,,,trade
구리,(주)인터넷청과,20250821,오이,백다다기,10.00kg,특,충청북도 제천시,5,26000,,,,trade
구리,(주)인터넷청과,20250821,오이,백다다기,10.00kg,특,충청북도 제천시,2,17000,,,,trade
구리,(주)인터넷청과,20250821,오이,백다다기,10.00kg,특,충청북도 제천시,7,38500,,,,trade
구리,(주)인터넷청과,20250821,오이,백다다기,10.00kg,특,충청북도 제천시,9,27000,,,,trade
구리,(주)인터넷청과,20250821,오이,백다다기,10.00kg,특,충청북도 제천시,1,15000,,,,trade
구리,(주)인터넷청과,20250821,오이,백다다기,10.00kg,특,충청북도 제천시,20,16500,,,,trade
구리,(주)인터넷청과,20250821,오이,백다다기,10.00kg,특,충청북도 제천시,13,42000,,,,trade
구리,(주)인터넷청과,20250821,오이,백다다기,10.00kg,특,충청북도 제천시,9,26000,,,,trade
구리,(주)인터넷청과,20250821,오이,백다다기,10.00kg,특,충청북도 제천시,10,14000,,,,trade
구리,(주)인터넷청과,20250821,오이,백다다기,10.00kg,특,충청북도 제천시,13,40000,,,,trade
구리,(주)인터넷청과,20250821,오이,백다다기,10.00kg,특,충청북도 제천시,5,26000,,,,trade
구리,(주)인터넷청과,20250821,오이,백다다기,10.00kg,특,충청북도 제천시,2,24000,,,,trade
구리,(주)인터넷청과,20250821,오이,백다다기,10.00kg,특,충청북도 제천시,1,18500,,,,trade
구리,(주)인터넷청과,20250821,오이,백다다기,10.00kg,특,충청북도 제천시,3,15000,,,,trade
구리,(주)인터넷청과,20250821,오이,백다다기,10.00kg,특,충청북도 제천시,14,40000,,,,trade
구리,(주)인터넷청과,20250821,오이,백다다기,10.00kg,특,충청북도 제천시,2,17000,,,,trade
구리,(주)인터넷청과,20250821,오이,백다다기,10.00kg,특,충청북도 제천시,22,42000,,,,trade
구리,(주)인터넷청과,20250821,오이,백다다기,10.00kg,특,충청북도 제천시,23,47000,,,,trade
구리,(주)인터넷청과,20250821,오이,백다다기,10.00kg,특,충청북도 제천시,5,23000,,,,trade
구리,(주)인터넷청과,20250821,오이,백다다기,10.00kg,특,충청북도 제천시,11,14000,,,,trade
구리,(주)인터넷청과,20250821,오이,백다다기,10.00kg,특,충청북도 제천시,1,14000,,,,trade
구리,(주)인터넷청과,20250821,오이,백다다기,10.00kg,특,충청북도 제천시,11,27000,,,,trade
구리,(주)인터넷청과,20250821,오이,백다다기,10.00kg,특,충청북도 제천시,9,16000,,,,trade
구리,(주)인터넷청과,20250821,오이,백다다기,10.00kg,특,충청북도 제천시,28,38000,,,,trade
구리,(주)인터넷청과,20250821,오이,백다다기,10.00kg,특,충청북도 제천시,14,45000,,,,trade
구리,(주)인터넷청과,20250821,오이,백다다기,10.00kg,특,충청북도 제천시,16,34000,,,,trade
구리,(주)인터넷청과,20250821,오이,백다다기,10.00kg,특,충청북도 제천시,8,36000,,,,trade
구리,(주)인터넷청과,20250821,오이,백다다기,10.00kg,특,충청북도 제천시,9,16000,,,,trade
구리,(주)인터넷청과,20250821,오이,백다다기,10.00kg,특,충청북도 제천시,4,18000,,,,trade
구리,(주)인터넷청과,20250826,오이,백다다기,18.00kg,특,강원도 홍천군,6,23000,,,,trade
구리,(주)인터넷청과,20250826,오이,백다다기,18.00kg,특,강원도 홍천군,5,42000,,,,trade
구리,(주)인터넷청과,20250826,오이,백다다기,18.00kg,특,강원도 홍천군,1,26000,,,,trade
구리,(주)인터넷청과,20250826,오이,백다다기,10.00kg,특,강원도 홍천군,2,32500,,,,trade
구리,(주)인터넷청과,20250826,오이,백다다기,18.00kg,특,강원도 홍천군,20,75000,,,,trade
구리,(주)인터넷청과,20250826,오이,백다다기,18.00kg,특,강원도 홍천군,4,73000,,,,trade
구리,(주)인터넷청과,20250826,오이,백다다기,18.00kg,특,강원도 홍천군,9,43000,,,,trade
구리,(주)인터넷청과,20250826,오이,백다다기,18.00kg,특,강원도 홍천군,2,60000,,,,trade
구리,(주)인터넷청과,20250826,오이,백다다기,18.00kg,특,강원도 홍천군,1,51000,,,,trade
구리,(주)인터넷청과,20250826,오이,백다다기,18.00kg,특,강원도 홍천군,1,35000,,,,trade
구리,(주)인터넷청과,20250826,오이,백다다기,18.00kg,특,강원도 홍천군,7,66000,,,,trade
구리,(주)인터넷청과,20250826,오이,백다다기,18.00kg,특,강원도 홍천군,10,28000,,,,trade
구리,(주)인터넷청과,20250826,오이,백다다기,18.00kg,특,강원도 홍천군,3,50000,,,,trade
구리,(주)인터넷청과,20250826,오이,백다다기,18.00kg,특,강원도 홍천군,13,27000,,,,trade
구리,(주)인터넷청과,20250826,오이,백다다기,18.00kg,특,강원도 홍천군,6,30000,,,,trade
구리,(주)인터넷청과,20250826,오이,백다다기,18.00kg,특,강원도 홍천군,7,79000,,,,trade
구리,(주)인터넷청과,20250826,오이,백다다기,18.00kg,특,강원도 홍천군,7,80000,,,,trade
구리,(주)인터넷청과,20250826,오이,백다다기,18.00kg,특,강원도 홍천군,2,62000,,,,trade
구리,(주)인터넷청과,20250826,오이,백다다기,18.00kg,특,강원도 홍천군,1,52000,,,,trade
구리,(주)인터넷청과,20250826,오이,백다다기,18.00kg,특,강원도 홍천군,1,25000,,,,trade
구리,(주)인터넷청과,20250826,오이,백다다기,18.00kg,특,강원도 홍천군,5,28000,,,,trade
구리,(주)인터넷청과,20250826,오이,백다다기,10.00kg,특,경상북도 상주시,30,27000,,,,trade
구리,(주)인터넷청과,20250826,오이,백다다기,10.00kg,특,경상북도 상주시,4,20000,,,,trade
구리,(주)인터넷청과,20250826,오이,백다다기,10.00kg,특,강원도 철원군,2,14000,,,,trade
구리,(주)인터넷청과,20250826,오이,백다다기,10.00kg,특,강원도 철원군,12,17000,,,,trade
구리,(주)인터넷청과,20250826,오이,백다다기,8.00kg,특,강원도 철원군,4,16200,,,,trade
구리,(주)인터넷청과,20250826,오이,백다다기,8.00kg,특,강원도 철원군,10,14000,,,,trade
구리,(주)인터넷청과,20250826,오이,백다다기,8.00kg,특,강원도 철원군,6,16500,,,,trade
구리,(주)인터넷청과,20250826,오이,백다다기,8.00kg,특,강원도 철원군,3,9000,,,,trade
구리,(주)인터넷청과,20250826,오이,백다다기,10.00kg,특,강원도 철원군,2,18000,,,,trade
구리,(주)인터넷청과,20250826,오이,백다다기,10.00kg,특,강원도 철원군,42,24000,,,,trade
구리,(주)인터넷청과,20250826,오이,백다다기,10.00kg,특,강원도 철원군,15,26000,,,,trade
구리,(주)인터넷청과,20250826,오이,백다다기,10.00kg,특,강원도 철원군,5,23000,,,,trade
구리,(주)인터넷청과,20250826,오이,백다다기,10.00kg,특,강원도 철원군,9,27000,,,,trade
구리,(주)인터넷청과,20250826,오이,백다다기,8.00kg,특,경기도 양주시,8,9000,,,,trade
구리,(주)인터넷청과,20250826,오이,백다다기,8.00kg,특,경기도 양주시,20,17200,,,,trade
구리,(주)인터넷청과,20250826,오이,백다다기,8.00kg,특,경기도 양주시,5,14200,,,,trade
구리,(주)인터넷청과,20250826,오이,백다다기,18.00kg,특,경기도 양주시,6,43000,,,,trade
구리,(주)인터넷청과,20250826,오이,백다다기,8.00kg,특,경기도 양주시,11,15600,,,,trade
구리,(주)인터넷청과,20250826,오이,백다다기,10.00kg,특,경기도 양주시,17,23000,,,,trade
구리,(주)인터넷청과,20250826,오이,백다다기,18.00kg,특,강원도 철원군,5,29000,,,,trade
구리,(주)인터넷청과,20250826,오이,백다다기,18.00kg,특,강원도 철원군,4,50000,,,,trade
구리,(주)인터넷청과,20250826,오이,백다다기,10.00kg,특,강원도 철원군,3,16000,,,,trade
구리,(주)인터넷청과,20250826,오이,백다다기,10.00kg,특,강원도 철원군,10,26000,,,,trade
구리,(주)인터넷청과,20250826,오이,백다다기,10.00kg,특,경기도 용인시,75,2000,,,,trade
구리,(주)인터넷청과,20250826,오이,백다다기,10.00kg,특,경기도 용인시,10,31000,,,,trade
구리,(주)인터넷청과,20250826,오이,백다다기,10.00kg,특,경기도 용인시,20,28000,,,,trade
구리,(주)인터넷청과,20250826,오이,백다다기,8.00kg,특,강원도 철원군,12,17100,,,,trade
구리,(주)인터넷청과,20250826,오이,백다다기,10.00kg,특,강원도 철원군,2,11000,,,,trade
구리,(주)인터넷청과,20250826,오이,백다다기,10.00kg,특,강원도 철원군,3,16000,,,,trade
구리,(주)인터넷청과,20250826,오이,백다다기,10.00kg,특,강원도 철원군,2,6000,,,,trade
구리,(주)인터넷청과,20250826,오이,백다다기,10.00kg,특,강원도 철원군,17,17000,,,,trade
구리,(주)인터넷청과,20250826,오이,백다다기,8.00kg,특,강원도 철원군,2,15800,,,,trade
구리,(주)인터넷청과,20250826,오이,백다다기,8.00kg,특,강원도 철원군,4,16200,,,,trade
구리,(주)인터넷청과,20250826,오이,백다다기,8.00kg,특,강원도 철원군,4,8600,,,,trade
구리,(주)인터넷청과,20250826,오이,백다다기,8.00kg,특,경기도 포천시,6,15200,,,,trade
구리,(주)인터넷청과,20250826,오이,백다다기,18.00kg,특,강원도 춘천시,5,16000,,,,trade
구리,(주)인터넷청과,20250826,오이,백다다기,18.00kg,특,강원도 춘천시,5,22000,,,,trade
구리,(주)인터넷청과,20250826,오이,백다다기,18.00kg,특,강원도 춘천시,5,18000,,,,trade
구리,(주)인터넷청과,20250826,오이,백다다기,10.00kg,특,충청북도 제천시,7,14000,,,,trade
구리,(주)인터넷청과,20250826,오이,백다다기,10.00kg,특,충청북도 제천시,15,16000,,,,trade
구리,(주)인터넷청과,20250826,오이,백다다기,10.00kg,특,충청북도 제천시,3,21000,,,,trade
구리,(주)인터넷청과,20250826,오이,백다다기,10.00kg,특,충청북도 제천시,12,34000,,,,trade
구리,(주)인터넷청과,20250826,오이,백다다기,10.00kg,특,충청북도 제천시,8,21000,,,,trade
구리,(주)인터넷청과,20250826,오이,백다다기,10.00kg,특,충청북도 제천시,19,31000,,,,trade
구리,(주)인터넷청과,20250826,오이,백다다기,10.00kg,특,충청북도 제천시,5,17000,,,,trade
구리,(주)인터넷청과,20250826,오이,백다다기,10.00kg,특,충청북도 제천시,7,21000,,,,trade
구리,(주)인터넷청과,20250826,오이,백다다기,10.00kg,특,충청북도 제천시,9,27000,,,,trade
구리,(주)인터넷청과,20250826,오이,백다다기,10.00kg,특,충청북도 제천시,13,33500,,,,trade
구리,(주)인터넷청과,20250826,오이,백다다기,10.00kg,특,충청북도 제천시,5,16000,,,,trade
구리,(주)인터넷청과,20250826,오이,백다다기,10.00kg,특,충청북도 제천시,8,24000,,,,trade
구리,(주)인터넷청과,20250826,오이,백다다기,10.00kg,특,충청북도 제천시,4,21000,,,,trade
구리,(주)인터넷청과,20250826,오이,백다다기,10.00kg,특,충청북도 제천시,20,34000,,,,trade
구리,(주)인터넷청과,20250826,오이,백다다기,10.00kg,특,충청북도 제천시,4,15000,,,,trade
구리,(주)인터넷청과,20250826,오이,백다다기,10.00kg,특,충청북도 제천시,2,15000,,,,trade
구리,(주)인터넷청과,20250826,오이,백다다기,10.00kg,특,충청북도 제천시,6,18000,,,,trade
구리,(주)인터넷청과,20250826,오이,백다다기,10.00kg,특,충청북도 제천시,12,29000,,,,trade
구리,(주)인터넷청과,20250826,오이,백다다기,10.00kg,특,충청북도 제천시,7,15000,,,,trade
구리,(주)인터넷청과,20250826,오이,백다다기,10.00kg,특,충청북도 제천시,7,24000,,,,trade
구리,(주)인터넷청과,20250826,오이,백다다기,10.00kg,특,충청북도 제천시,1,6500,,,,trade
구리,(주)인터넷청과,20250826,오이,백다다기,10.00kg,특,충청북도 제천시,11,36000,,,,trade
구리,(주)인터넷청과,20250826,오이,백다다기,10.00kg,특,충청북도 제천시,4,17000,,,,trade
구리,(주)인터넷청과,20250826,오이,백다다기,10.00kg,특,충청북도 제천시,3,15000,,,,trade
구리,(주)인터넷청과,20250826,오이,백다다기,10.00kg,특,충청북도 제천시,5,25000,,,,trade
구리,(주)인터넷청과,20250826,오이,백다다기,10.00kg,특,충청북도 제천시,12,32000,,,,trade
구리,(주)인터넷청과,20250826,오이,백다다기,10.00kg,특,충청북도 제천시,11,13000,,,,trade
구리,(주)인터넷청과,20250826,오이,백다다기,10.00kg,특,충청북도 제천시,1,14000,,,,trade
구리,(주)인터넷청과,20250826,오이,백다다기,10.00kg,특,충청북도 제천시,2,23000,,,,trade
구리,(주)인터넷청과,20250826,오이,백다다기,10.00kg,특,충청북도 제천시,1,33000,,,,trade
구리,(주)인터넷청과,20250826,오이,백다다기,10.00kg,특,충청북도 제천시,2,15000,,,,trade
구리,(주)인터넷청과,20250826,오이,백다다기,10.00kg,특,충청북도 제천시,2,22000,,,,trade
구리,(주)인터넷청과,20250826,오이,백다다기,10.00kg,특,충청북도 제천시,7,30000,,,,trade
구리,(주)인터넷청과,20250826,오이,백다다기,10.00kg,특,충청북도 제천시,17,14000,,,,trade
구리,(주)인터넷청과,20250826,오이,백다다기,10.00kg,특,충청북도 제천시,2,16000,,,,trade
구리,(주)인터넷청과,20250826,오이,백다다기,10.00kg,특,충청북도 제천시,5,23000,,,,trade
구리,(주)인터넷청과,20250826,오이,백다다기,10.00kg,특,충청북도 제천시,4,17000,,,,trade
구리,(주)인터넷청과,20250826,오이,백다다기,10.00kg,특,충청북도 제천시,2,17000,,,,trade
구리,(주)인터넷청과,20250826,오이,백다다기,10.00kg,특,충청북도 제천시,7,35000,,,,trade
구리,(주)인터넷청과,20250826,오이,백다다기,10.00kg,특,충청북도 제천시,7,36000,,,,trade
구리,(주)인터넷청과,20250826,오이,백다다기,10.00kg,특,충청북도 제천시,10,38000,,,,trade
구리,(주)인터넷청과,20250826,오이,백다다기,10.00kg,특,충청북도 제천시,11,18000,,,,trade
구리,(주)인터넷청과,20250826,오이,백다다기,10.00kg,특,충청북도 제천시,2,28000,,,,trade
구리,(주)인터넷청과,20250826,오이,백다다기,10.00kg,특,충청북도 제천시,6,40000,,,,trade
구리,(주)인터넷청과,20250826,오이,백다다기,10.00kg,특,충청북도 제천시,6,28000,,,,trade
구리,(주)인터넷청과,20250826,오이,백다다기,10.00kg,특,충청북도 제천시,20,42000,,,,trade
구리,(주)인터넷청과,20250826,오이,백다다기,10.00kg,특,강원도 철원군,26,22000,,,,trade
구리,(주)인터넷청과,20250826,오이,백다다기,10.00kg,특,강원도 철원군,6,22000,,,,trade
구리,(주)인터넷청과,20250826,오이,백다다기,10.00kg,특,강원도 철원군,12,23500,,,,trade
구리,(주)인터넷청과,20250826,오이,백다다기,10.00kg,특,강원도 철원군,1,23000,,,,trade
구리,(주)인터넷청과,20250826,오이,백다다기,8.00kg,특,강원도 철원군,2,11000,,,,trade
구리,(주)인터넷청과,20250826,오이,백다다기,8.00kg,특,강원도 철원군,11,13000,,,,trade
구리,(주)인터넷청과,20250826,오이,백다다기,8.00kg,특,강원도 철원군,10,15600,,,,trade
구리,(주)인터넷청과,20250826,오이,백다다기,18.00kg,특,강원도 홍천군,8,81000,,,,trade
구리,(주)인터넷청과,20250826,오이,백다다기,18.00kg,특,강원도 홍천군,6,86000,,,,trade
구리,(주)인터넷청과,20250826,오이,백다다기,18.00kg,특,강원도 홍천군,3,81000,,,,trade
구리,(주)인터넷청과,20250826,오이,백다다기,18.00kg,특,강원도 홍천군,4,45000,,,,trade
구리,(주)인터넷청과,20250826,오이,백다다기,18.00kg,특,강원도 홍천군,9,48000,,,,trade
구리,(주)인터넷청과,20250826,오이,백다다기,18.00kg,특,강원도 홍천군,1,48000,,,,trade
구리,(주)인터넷청과,20250826,오이,백다다기,18.00kg,특,강원도 홍천군,1,46000,,,,trade
구리,(주)인터넷청과,20250826,오이,백다다기,18.00kg,특,강원도 홍천군,7,36000,,,,trade
구리,(주)인터넷청과,20250826,오이,백다다기,18.00kg,특,강원도 홍천군,6,24000,,,,trade
구리,(주)인터넷청과,20250826,오이,백다다기,18.00kg,특,강원도 홍천군,23,54000,,,,trade
구리,(주)인터넷청과,20250826,오이,백다다기,18.00kg,특,강원도 홍천군,6,33000,,,,trade
구리,(주)인터넷청과,20250826,오이,백다다기,18.00kg,특,강원도 홍천군,11,26000,,,,trade
구리,(주)인터넷청과,20250826,오이,백다다기,8.00kg,특,경기도 포천시,9,14600,,,,trade
구리,(주)인터넷청과,20250826,오이,백다다기,10.00kg,특,경기도 광주시,4,18000,,,,trade
구리,(주)인터넷청과,20250826,오이,백다다기,10.00kg,특,경기도 광주시,2,8000,,,,trade
구리,(주)인터넷청과,20250826,오이,백다다기,18.00kg,특,충청남도 공주시,2,35000,,,,trade
구리,(주)인터넷청과,20250826,오이,백다다기,18.00kg,특,강원도 춘천시,5,20000,,,,trade
구리,(주)인터넷청과,20250826,오이,백다다기,18.00kg,특,강원도 춘천시,6,30000,,,,trade
구리,(주)인터넷청과,20250826,오이,백다다기,18.00kg,특,강원도 춘천시,4,15000,,,,trade
구리,(주)인터넷청과,20250826,오이,백다다기,18.00kg,특,강원도 춘천시,1,18000,,,,trade
구리,(주)인터넷청과,20250826,오이,백다다기,18.00kg,특,강원도 홍천군,2,45000,,,,trade
구리,(주)인터넷청과,20250826,오이,백다다기,18.00kg,특,강원도 홍천군,4,44000,,,,trade
구리,(주)인터넷청과,20250826,오이,백다다기,18.00kg,특,강원도 홍천군,2,24000,,,,trade
구리,(주)인터넷청과,20250826,오이,백다다기,18.00kg,특,강원도 홍천군,7,45000,,,,trade
구리,(주)인터넷청과,20250826,오이,백다다기,18.00kg,특,강원도 홍천군,1,22000,,,,trade
구리,(주)인터넷청과,20250826,오이,백다다기,18.00kg,특,강원도 홍천군,15,38000,,,,trade
구리,(주)인터넷청과,20250826,오이,백다다기,18.00kg,특,강원도 홍천군,10,23000,,,,trade
구리,(주)인터넷청과,20250826,오이,백다다기,18.00kg,특,강원도 홍천군,3,50000,,,,trade
구리,(주)인터넷청과,20250826,오이,백다다기,18.00kg,특,강원도 홍천군,1,25000,,,,trade
구리,(주)인터넷청과,20250826,오이,백다다기,10.00kg,특,충청북도 제천시,26,46000,,,,trade
구리,(주)인터넷청과,20250826,오이,백다다기,10.00kg,특,충청북도 제천시,12,26000,,,,trade
구리,(주)인터넷청과,20250826,오이,백다다기,10.00kg,특,충청북도 제천시,8,44000,,,,trade
구리,(주)인터넷청과,20250826,오이,백다다기,10.00kg,특,충청북도 제천시,12,16000,,,,trade
구리,(주)인터넷청과,20250826,오이,백다다기,10.00kg,특,충청북도 제천시,15,46000,,,,trade
구리,(주)인터넷청과,20250826,오이,백다다기,10.00kg,특,충청북도 제천시,11,38000,,,,trade
구리,(주)인터넷청과,20250826,오이,백다다기,10.00kg,특,충청북도 제천시,10,38000,,,,trade
구리,(주)인터넷청과,20250826,오이,백다다기,10.00kg,특,충청북도 제천시,5,17000,,,,trade
구리,(주)인터넷청과,20250826,오이,백다다기,10.00kg,특,충청북도 제천시,2,18000,,,,trade
구리,(주)인터넷청과,20250826,오이,백다다기,10.00kg,특,충청북도 제천시,1,17000,,,,trade
구리,(주)인터넷청과,20250826,오이,백다다기,10.00kg,특,충청북도 제천시,1,10000,,,,trade
구리,(주)인터넷청과,20250826,오이,백다다기,10.00kg,특,충청북도 제천시,18,15500,,,,trade
구리,(주)인터넷청과,20250826,오이,백다다기,10.00kg,특,충청북도 제천시,18,42000,,,,trade
구리,(주)인터넷청과,20250826,오이,백다다기,10.00kg,특,충청북도 제천시,6,21000,,,,trade
구리,(주)인터넷청과,20250826,오이,백다다기,10.00kg,특,충청북도 제천시,10,18000,,,,trade
구리,(주)인터넷청과,20250826,오이,백다다기,10.00kg,특,충청북도 제천시,24,36000,,,,trade
구리,(주)인터넷청과,20250826,오이,백다다기,10.00kg,특,충청북도 제천시,8,26000,,,,trade
구리,(주)인터넷청과,20250826,오이,백다다기,10.00kg,특,충청북도 제천시,4,18000,,,,trade
구리,(주)인터넷청과,20250826,오이,백다다기,10.00kg,특,충청북도 제천시,1,15000,,,,trade
구리,(주)인터넷청과,20250826,오이,백다다기,10.00kg,특,충청북도 제천시,5,16000,,,,trade
구리,(주)인터넷청과,20250826,오이,백다다기,10.00kg,특,충청북도 제천시,12,35000,,,,trade
구리,(주)인터넷청과,20250826,오이,백다다기,10.00kg,특,충청북도 제천시,2,16000,,,,trade
구리,(주)인터넷청과,20250826,오이,백다다기,10.00kg,특,충청북도 제천시,3,32000,,,,trade
구리,(주)인터넷청과,20250826,오이,백다다기,10.00kg,특,충청북도 제천시,5,21000,,,,trade
구리,(주)인터넷청과,20250826,오이,백다다기,10.00kg,특,충청북도 제천시,1,17000,,,,trade
구리,(주)인터넷청과,20250826,오이,백다다기,10.00kg,특,충청북도 제천시,26,13000,,,,trade
구리,(주)인터넷청과,20250826,오이,백다다기,10.00kg,특,충청북도 제천시,26,34000,,,,trade
구리,(주)인터넷청과,20250826,오이,백다다기,10.00kg,특,충청북도 제천시,11,26000,,,,trade
구리,(주)인터넷청과,20250826,오이,백다다기,10.00kg,특,충청북도 제천시,8,16000,,,,trade
구리,(주)인터넷청과,20250826,오이,백다다기,10.00kg,특,충청북도 제천시,17,15000,,,,trade
구리,(주)인터넷청과,20250826,오이,백다다기,10.00kg,특,충청북도 제천시,24,35000,,,,trade
구리,(주)인터넷청과,20250826,오이,백다다기,10.00kg,특,충청북도 제천시,12,25000,,,,trade
구리,(주)인터넷청과,20250826,오이,백다다기,10.00kg,특,충청북도 제천시,2,16000,,,,trade
구리,(주)인터넷청과,20250826,오이,백다다기,10.00kg,특,충청북도 제천시,2,18000,,,,trade
구리,(주)인터넷청과,20250826,오이,백다다기,10.00kg,특,충청북도 제천시,10,36000,,,,trade
구리,(주)인터넷청과,20250826,오이,백다다기,10.00kg,특,충청북도 제천시,4,18000,,,,trade
구리,(주)인터넷청과,20250826,오이,백다다기,10.00kg,특,충청북도 제천시,1,14000,,,,trade
구리,(주)인터넷청과,20250826,오이,백다다기,10.00kg,특,충청북도 제천시,13,30000,,,,trade
구리,(주)인터넷청과,20250826,오이,백다다기,10.00kg,특,충청북도 제천시,4,18000,,,,trade
구리,(주)인터넷청과,20250826,오이,백다다기,10.00kg,특,충청북도 제천시,7,14000,,,,trade
구리,(주)인터넷청과,20250826,오이,백다다기,10.00kg,특,충청북도 제천시,24,25000,,,,trade
구리,(주)인터넷청과,20250826,오이,백다다기,10.00kg,특,충청북도 제천시,14,33000,,,,trade
구리,(주)인터넷청과,20250826,오이,백다다기,10.00kg,특,충청북도 제천시,10,32500,,,,trade
구리,(주)인터넷청과,20250826,오이,백다다기,10.00kg,특,충청북도 제천시,4,20000,,,,trade
구리,(주)인터넷청과,20250826,오이,백다다기,10.00kg,특,충청북도 제천시,2,19000,,,,trade
구리,(주)인터넷청과,20250826,오이,백다다기,10.00kg,특,충청북도 제천시,12,15000,,,,trade
구리,(주)인터넷청과,20250826,오이,백다다기,10.00kg,특,충청북도 제천시,6,16000,,,,trade
구리,(주)인터넷청과,20250828,오이,백다다기,18.00kg,특,강원도 홍천군,8,92000,,,,trade
구리,(주)인터넷청과,20250828,오이,백다다기,18.00kg,특,강원도 홍천군,2,99000,,,,trade
구리,(주)인터넷청과,20250828,오이,백다다기,18.00kg,특,강원도 홍천군,2,75000,,,,trade
구리,(주)인터넷청과,20250828,오이,백다다기,18.00kg,특,강원도 홍천군,1,64000,,,,trade
구리,(주)인터넷청과,20250828,오이,백다다기,18.00kg,특,강원도 홍천군,7,36000,,,,trade
구리,(주)인터넷청과,20250828,오이,백다다기,18.00kg,특,강원도 홍천군,22,102000,,,,trade
구리,(주)인터넷청과,20250828,오이,백다다기,18.00kg,특,강원도 홍천군,6,56000,,,,trade
구리,(주)인터넷청과,20250828,오이,백다다기,18.00kg,특,강원도 홍천군,5,56000,,,,trade
구리,(주)인터넷청과,20250828,오이,백다다기,18.00kg,특,강원도 홍천군,1,91000,,,,trade
구리,(주)인터넷청과,20250828,오이,백다다기,18.00kg,특,강원도 홍천군,1,65000,,,,trade
구리,(주)인터넷청과,20250828,오이,백다다기,18.00kg,특,강원도 홍천군,1,46000,,,,trade
구리,(주)인터넷청과,20250828,오이,백다다기,18.00kg,특,강원도 홍천군,4,46000,,,,trade
구리,(주)인터넷청과,20250828,오이,백다다기,18.00kg,특,강원도 홍천군,7,36000,,,,trade
구리,(주)인터넷청과,20250828,오이,백다다기,18.00kg,특,강원도 홍천군,28,35000,,,,trade
구리,(주)인터넷청과,20250828,오이,백다다기,18.00kg,특,강원도 홍천군,15,62000,,,,trade
구리,(주)인터넷청과,20250828,오이,백다다기,18.00kg,특,강원도 홍천군,15,63000,,,,trade
구리,(주)인터넷청과,20250828,오이,백다다기,18.00kg,특,강원도 홍천군,14,37000,,,,trade
구리,(주)인터넷청과,20250828,오이,백다다기,18.00kg,특,강원도 철원군,6,58000,,,,trade
구리,(주)인터넷청과,20250828,오이,백다다기,18.00kg,특,강원도 철원군,5,34000,,,,trade
구리,(주)인터넷청과,20250828,오이,백다다기,10.00kg,특,강원도 철원군,4,27000,,,,trade
구리,(주)인터넷청과,20250828,오이,백다다기,10.00kg,특,강원도 철원군,1,18000,,,,trade
구리,(주)인터넷청과,20250828,오이,백다다기,10.00kg,특,강원도 철원군,27,25000,,,,trade
구리,(주)인터넷청과,20250828,오이,백다다기,10.00kg,특,강원도 철원군,13,35000,,,,trade
구리,(주)인터넷청과,20250828,오이,백다다기,10.00kg,특,강원도 철원군,2,19000,,,,trade
구리,(주)인터넷청과,20250828,오이,백다다기,10.00kg,특,강원도 철원군,5,30000,,,,trade
구리,(주)인터넷청과,20250828,오이,백다다기,10.00kg,특,강원도 철원군,2,26000,,,,trade
구리,(주)인터넷청과,20250828,오이,백다다기,8.00kg,특,강원도 철원군,2,18000,,,,trade
구리,(주)인터넷청과,20250828,오이,백다다기,8.00kg,특,강원도 철원군,12,15000,,,,trade
구리,(주)인터넷청과,20250828,오이,백다다기,8.00kg,특,강원도 철원군,9,20200,,,,trade
구리,(주)인터넷청과,20250828,오이,백다다기,18.00kg,특,강원도 홍천군,4,35000,,,,trade
구리,(주)인터넷청과,20250828,오이,백다다기,8.00kg,특,경기도 포천시,3,16000,,,,trade
구리,(주)인터넷청과,20250828,오이,백다다기,10.00kg,특,경기도 포천시,1,26000,,,,trade
구리,(주)인터넷청과,20250828,오이,백다다기,8.00kg,특,강원도 철원군,6,18000,,,,trade
구리,(주)인터넷청과,20250828,오이,백다다기,8.00kg,특,강원도 철원군,2,16000,,,,trade
구리,(주)인터넷청과,20250828,오이,백다다기,8.00kg,특,강원도 철원군,6,19600,,,,trade
구리,(주)인터넷청과,20250828,오이,백다다기,10.00kg,특,강원도 철원군,3,22000,,,,trade
구리,(주)인터넷청과,20250828,오이,백다다기,10.00kg,특,강원도 철원군,1,13000,,,,trade
구리,(주)인터넷청과,20250828,오이,백다다기,10.00kg,특,강원도 철원군,12,22000,,,,trade
구리,(주)인터넷청과,20250828,오이,백다다기,10.00kg,특,강원도 철원군,2,6000,,,,trade
구리,(주)인터넷청과,20250828,오이,백다다기,10.00kg,특,경기도 광주시,4,17000,,,,trade
구리,(주)인터넷청과,20250828,오이,백다다기,10.00kg,특,경기도 광주시,1,8000,,,,trade
구리,(주)인터넷청과,20250828,오이,백다다기,18.00kg,특,경기도 광주시,1,15000,,,,trade
구리,(주)인터넷청과,20250828,오이,백다다기,18.00kg,특,강원도 홍천군,6,58000,,,,trade
구리,(주)인터넷청과,20250828,오이,백다다기,18.00kg,특,강원도 홍천군,2,32000,,,,trade
구리,(주)인터넷청과,20250828,오이,백다다기,10.00kg,특,강원도 홍천군,4,40000,,,,trade
구리,(주)인터넷청과,20250828,오이,백다다기,10.00kg,특,충청북도 제천시,14,20000,,,,trade
구리,(주)인터넷청과,20250828,오이,백다다기,10.00kg,특,충청북도 제천시,7,46000,,,,trade
구리,(주)인터넷청과,20250828,오이,백다다기,10.00kg,특,충청북도 제천시,2,34000,,,,trade
구리,(주)인터넷청과,20250828,오이,백다다기,10.00kg,특,충청북도 제천시,5,19000,,,,trade
구리,(주)인터넷청과,20250828,오이,백다다기,10.00kg,특,충청북도 제천시,1,19000,,,,trade
구리,(주)인터넷청과,20250828,오이,백다다기,10.00kg,특,충청북도 제천시,11,33000,,,,trade
구리,(주)인터넷청과,20250828,오이,백다다기,10.00kg,특,충청북도 제천시,3,24000,,,,trade
구리,(주)인터넷청과,20250828,오이,백다다기,10.00kg,특,충청북도 제천시,1,8500,,,,trade
구리,(주)인터넷청과,20250828,오이,백다다기,10.00kg,특,충청북도 제천시,4,14000,,,,trade
구리,(주)인터넷청과,20250828,오이,백다다기,10.00kg,특,충청북도 제천시,7,47000,,,,trade
구리,(주)인터넷청과,20250828,오이,백다다기,10.00kg,특,충청북도 제천시,3,32000,,,,trade
구리,(주)인터넷청과,20250828,오이,백다다기,10.00kg,특,충청북도 제천시,3,23000,,,,trade
구리,(주)인터넷청과,20250828,오이,백다다기,10.00kg,특,충청북도 제천시,9,49000,,,,trade
구리,(주)인터넷청과,20250828,오이,백다다기,10.00kg,특,충청북도 제천시,10,27000,,,,trade
구리,(주)인터넷청과,20250828,오이,백다다기,10.00kg,특,충청북도 제천시,1,18000,,,,trade
구리,(주)인터넷청과,20250828,오이,백다다기,10.00kg,특,충청북도 제천시,3,19000,,,,trade
구리,(주)인터넷청과,20250828,오이,백다다기,10.00kg,특,충청북도 제천시,13,36000,,,,trade
구리,(주)인터넷청과,20250828,오이,백다다기,10.00kg,특,충청북도 제천시,6,24000,,,,trade
구리,(주)인터넷청과,20250828,오이,백다다기,10.00kg,특,충청북도 제천시,10,46000,,,,trade
구리,(주)인터넷청과,20250828,오이,백다다기,10.00kg,특,충청북도 제천시,1,13000,,,,trade
구리,(주)인터넷청과,20250828,오이,백다다기,10.00kg,특,충청북도 제천시,14,19000,,,,trade
구리,(주)인터넷청과,20250828,오이,백다다기,10.00kg,특,충청북도 제천시,2,16000,,,,trade
구리,(주)인터넷청과,20250828,오이,백다다기,10.00kg,특,충청북도 제천시,6,45000,,,,trade
구리,(주)인터넷청과,20250828,오이,백다다기,10.00kg,특,충청북도 제천시,4,24000,,,,trade
구리,(주)인터넷청과,20250828,오이,백다다기,10.00kg,특,충청북도 제천시,11,16000,,,,trade
구리,(주)인터넷청과,20250828,오이,백다다기,10.00kg,특,충청북도 제천시,3,32000,,,,trade
구리,(주)인터넷청과,20250828,오이,백다다기,10.00kg,특,충청북도 제천시,2,21000,,,,trade
구리,(주)인터넷청과,20250828,오이,백다다기,10.00kg,특,충청북도 제천시,1,15000,,,,trade
구리,(주)인터넷청과,20250828,오이,백다다기,10.00kg,특,충청북도 제천시,1,41000,,,,trade
구리,(주)인터넷청과,20250828,오이,백다다기,10.00kg,특,충청북도 제천시,2,23000,,,,trade
구리,(주)인터넷청과,20250828,오이,백다다기,10.00kg,특,충청북도 제천시,7,18000,,,,trade
구리,(주)인터넷청과,20250828,오이,백다다기,10.00kg,특,충청북도 제천시,13,37000,,,,trade
구리,(주)인터넷청과,20250828,오이,백다다기,10.00kg,특,충청북도 제천시,15,40000,,,,trade
구리,(주)인터넷청과,20250828,오이,백다다기,10.00kg,특,충청북도 제천시,2,23500,,,,trade
구리,(주)인터넷청과,20250828,오이,백다다기,10.00kg,특,충청북도 제천시,7,19000,,,,trade
구리,(주)인터넷청과,20250828,오이,백다다기,10.00kg,특,충청북도 제천시,14,19000,,,,trade
구리,(주)인터넷청과,20250828,오이,백다다기,10.00kg,특,충청북도 제천시,14,56000,,,,trade
구리,(주)인터넷청과,20250828,오이,백다다기,10.00kg,특,충청북도 제천시,5,36000,,,,trade
구리,(주)인터넷청과,20250828,오이,백다다기,10.00kg,특,충청북도 제천시,4,54000,,,,trade
구리,(주)인터넷청과,20250828,오이,백다다기,10.00kg,특,충청북도 제천시,2,40000,,,,trade
구리,(주)인터넷청과,20250828,오이,백다다기,10.00kg,특,충청북도 제천시,12,25000,,,,trade
구리,(주)인터넷청과,20250828,오이,백다다기,10.00kg,특,충청북도 제천시,8,44000,,,,trade
구리,(주)인터넷청과,20250828,오이,백다다기,10.00kg,특,충청북도 제천시,4,30000,,,,trade
구리,(주)인터넷청과,20250828,오이,백다다기,10.00kg,특,충청북도 제천시,4,40000,,,,trade
구리,(주)인터넷청과,20250828,오이,백다다기,10.00kg,특,충청북도 제천시,2,23000,,,,trade
구리,(주)인터넷청과,20250828,오이,백다다기,10.00kg,특,충청북도 제천시,2,22000,,,,trade
구리,(주)인터넷청과,20250828,오이,백다다기,10.00kg,특,충청북도 제천시,3,22000,,,,trade
구리,(주)인터넷청과,20250828,오이,백다다기,10.00kg,특,강원도 철원군,1,19000,,,,trade
구리,(주)인터넷청과,20250828,오이,백다다기,10.00kg,특,강원도 철원군,10,40000,,,,trade
구리,(주)인터넷청과,20250828,오이,백다다기,8.00kg,특,경기도 양주시,2,3500,,,,trade
구리,(주)인터넷청과,20250828,오이,백다다기,8.00kg,특,경기도 양주시,13,18000,,,,trade
구리,(주)인터넷청과,20250828,오이,백다다기,8.00kg,특,경기도 양주시,22,20500,,,,trade
구리,(주)인터넷청과,20250828,오이,백다다기,8.00kg,특,경기도 양주시,7,18600,,,,trade
구리,(주)인터넷청과,20250828,오이,백다다기,8.00kg,특,경기도 양주시,3,17000,,,,trade
구리,(주)인터넷청과,20250828,오이,백다다기,8.00kg,특,경기도 양주시,10,18000,,,,trade
구리,(주)인터넷청과,20250828,오이,백다다기,10.00kg,특,경기도 양주시,11,26000,,,,trade
구리,(주)인터넷청과,20250828,오이,백다다기,18.00kg,특,경기도 양주시,8,60000,,,,trade
구리,(주)인터넷청과,20250828,오이,백다다기,18.00kg,특,강원도 춘천시,4,19000,,,,trade
구리,(주)인터넷청과,20250828,오이,백다다기,18.00kg,특,강원도 춘천시,6,32000,,,,trade
구리,(주)인터넷청과,20250828,오이,백다다기,18.00kg,특,강원도 춘천시,1,15000,,,,trade
구리,(주)인터넷청과,20250828,오이,백다다기,18.00kg,특,강원도 춘천시,9,19000,,,,trade
구리,(주)인터넷청과,20250828,오이,백다다기,18.00kg,특,충청남도 공주시,5,25000,,,,trade
구리,(주)인터넷청과,20250828,오이,백다다기,10.00kg,특,강원도 철원군,17,16000,,,,trade
구리,(주)인터넷청과,20250828,오이,백다다기,10.00kg,특,강원도 철원군,4,4000,,,,trade
구리,(주)인터넷청과,20250828,오이,백다다기,10.00kg,특,경상북도 상주시,29,31000,,,,trade
구리,(주)인터넷청과,20250828,오이,백다다기,10.00kg,특,경상북도 상주시,4,16000,,,,trade
구리,(주)인터넷청과,20250828,오이,백다다기,10.00kg,특,강원도 철원군,1,16000,,,,trade
구리,(주)인터넷청과,20250828,오이,백다다기,8.00kg,특,강원도 철원군,9,13000,,,,trade
구리,(주)인터넷청과,20250828,오이,백다다기,8.00kg,특,강원도 철원군,7,17800,,,,trade
구리,(주)인터넷청과,20250828,오이,백다다기,8.00kg,특,강원도 철원군,11,20500,,,,trade
구리,(주)인터넷청과,20250828,오이,백다다기,8.00kg,특,강원도 철원군,2,12000,,,,trade
구리,(주)인터넷청과,20250828,오이,백다다기,18.00kg,특,강원도 철원군,4,54000,,,,trade
구리,(주)인터넷청과,20250828,오이,백다다기,18.00kg,특,강원도 철원군,4,28000,,,,trade
구리,(주)인터넷청과,20250828,오이,백다다기,10.00kg,특,강원도 철원군,7,27000,,,,trade
구리,(주)인터넷청과,20250828,오이,백다다기,10.00kg,특,강원도 철원군,2,16000,,,,trade
구리,(주)인터넷청과,20250828,오이,백다다기,18.00kg,특,강원도 홍천군,15,55000,,,,trade
구리,(주)인터넷청과,20250828,오이,백다다기,18.00kg,특,강원도 홍천군,15,55000,,,,trade
구리,(주)인터넷청과,20250828,오이,백다다기,18.00kg,특,강원도 홍천군,15,55000,,,,trade
구리,(주)인터넷청과,20250828,오이,백다다기,18.00kg,특,강원도 홍천군,15,55000,,,,trade
구리,(주)인터넷청과,20250828,오이,백다다기,18.00kg,특,강원도 홍천군,26,78000,,,,trade
구리,(주)인터넷청과,20250828,오이,백다다기,18.00kg,특,강원도 홍천군,5,70000,,,,trade
구리,(주)인터넷청과,20250828,오이,백다다기,18.00kg,특,강원도 홍천군,1,55000,,,,trade
구리,(주)인터넷청과,20250828,오이,백다다기,18.00kg,특,강원도 홍천군,1,50000,,,,trade
구리,(주)인터넷청과,20250828,오이,백다다기,18.00kg,특,강원도 홍천군,5,42000,,,,trade
구리,(주)인터넷청과,20250828,오이,백다다기,18.00kg,특,강원도 홍천군,1,67000,,,,trade
구리,(주)인터넷청과,20250828,오이,백다다기,18.00kg,특,강원도 홍천군,1,52000,,,,trade
구리,(주)인터넷청과,20250828,오이,백다다기,18.00kg,특,강원도 홍천군,2,32000,,,,trade
구리,(주)인터넷청과,20250828,오이,백다다기,18.00kg,특,강원도 홍천군,1,35000,,,,trade
구리,(주)인터넷청과,20250828,오이,백다다기,18.00kg,특,강원도 홍천군,26,26000,,,,trade
구리,(주)인터넷청과,20250828,오이,백다다기,18.00kg,특,강원도 홍천군,11,27000,,,,trade
구리,(주)인터넷청과,20250828,오이,백다다기,18.00kg,특,강원도 홍천군,7,81000,,,,trade
구리,(주)인터넷청과,20250828,오이,백다다기,18.00kg,특,강원도 홍천군,1,59000,,,,trade
구리,(주)인터넷청과,20250828,오이,백다다기,18.00kg,특,강원도 홍천군,6,84000,,,,trade
구리,(주)인터넷청과,20250828,오이,백다다기,18.00kg,특,강원도 홍천군,9,29000,,,,trade
구리,(주)인터넷청과,20250828,오이,백다다기,18.00kg,특,강원도 홍천군,10,32000,,,,trade
구리,(주)인터넷청과,20250828,오이,백다다기,8.00kg,특,경기도 양주시,10,16500,,,,trade
구리,(주)인터넷청과,20250828,오이,백다다기,8.00kg,특,경기도 양주시,2,10000,,,,trade
구리,(주)인터넷청과,20250828,오이,백다다기,8.00kg,특,경기도 양주시,6,15600,,,,trade
구리,(주)인터넷청과,20250828,오이,백다다기,8.00kg,특,경기도 양주시,1,3500,,,,trade
구리,(주)인터넷청과,20250828,오이,백다다기,18.00kg,특,경기도 양주시,7,35000,,,,trade
구리,(주)인터넷청과,20250828,오이,백다다기,10.00kg,특,경기도 양주시,13,24000,,,,trade
구리,(주)인터넷청과,20250828,오이,백다다기,8.00kg,특,경기도 양주시,17,19600,,,,trade
구리,(주)인터넷청과,20250828,오이,백다다기,8.00kg,특,경기도 양주시,7,13800,,,,trade
구리,(주)인터넷청과,20250828,오이,백다다기,8.00kg,특,경기도 양주시,1,4600,,,,trade
구리,(주)인터넷청과,20250828,오이,백다다기,10.00kg,특,강원도 철원군,8,20000,,,,trade
구리,(주)인터넷청과,20250828,오이,백다다기,10.00kg,특,강원도 철원군,2,9000,,,,trade
구리,(주)인터넷청과,20250828,오이,백다다기,10.00kg,특,강원도 철원군,24,18000,,,,trade
구리,(주)인터넷청과,20250828,오이,백다다기,10.00kg,특,강원도 철원군,13,28500,,,,trade
구리,(주)인터넷청과,20250828,오이,백다다기,10.00kg,특,강원도 철원군,6,22000,,,,trade
구리,(주)인터넷청과,20250828,오이,백다다기,10.00kg,특,강원도 철원군,4,28500,,,,trade
구리,(주)인터넷청과,20250828,오이,백다다기,18.00kg,특,강원도 홍천군,5,28000,,,,trade
구리,(주)인터넷청과,20250828,오이,백다다기,8.00kg,특,경기도 포천시,4,16000,,,,trade
구리,(주)인터넷청과,20250828,오이,백다다기,8.00kg,특,경기도 포천시,3,8900,,,,trade
구리,(주)인터넷청과,20250828,오이,백다다기,8.00kg,특,강원도 철원군,4,18900,,,,trade
구리,(주)인터넷청과,20250828,오이,백다다기,8.00kg,특,강원도 철원군,2,8900,,,,trade
구리,(주)인터넷청과,20250828,오이,백다다기,10.00kg,특,강원도 홍천군,3,32500,,,,trade
구리,(주)인터넷청과,20250828,오이,백다다기,10.00kg,특,강원도 홍천군,1,28500,,,,trade
구리,(주)인터넷청과,20250828,오이,백다다기,18.00kg,특,강원도 홍천군,3,20000,,,,trade
구리,(주)인터넷청과,20250828,오이,백다다기,18.00kg,특,강원도 홍천군,7,18000,,,,trade
구리,(주)인터넷청과,20250828,오이,백다다기,18.00kg,특,강원도 홍천군,6,24000,,,,trade
구리,(주)인터넷청과,20250828,오이,백다다기,18.00kg,특,강원도 홍천군,3,45000,,,,trade
구리,(주)인터넷청과,20250828,오이,백다다기,18.00kg,특,강원도 홍천군,4,57000,,,,trade
구리,(주)인터넷청과,20250828,오이,백다다기,18.00kg,특,강원도 홍천군,2,25000,,,,trade
구리,(주)인터넷청과,20250828,오이,백다다기,18.00kg,특,강원도 홍천군,4,48000,,,,trade
구리,(주)인터넷청과,20250828,오이,백다다기,10.00kg,특,충청북도 제천시,24,47000,,,,trade
구리,(주)인터넷청과,20250828,오이,백다다기,10.00kg,특,충청북도 제천시,7,27000,,,,trade
구리,(주)인터넷청과,20250828,오이,백다다기,10.00kg,특,충청북도 제천시,5,48000,,,,trade
구리,(주)인터넷청과,20250828,오이,백다다기,10.00kg,특,충청북도 제천시,3,34000,,,,trade
구리,(주)인터넷청과,20250828,오이,백다다기,10.00kg,특,충청북도 제천시,13,20000,,,,trade
구리,(주)인터넷청과,20250828,오이,백다다기,10.00kg,특,충청북도 제천시,9,42000,,,,trade
구리,(주)인터넷청과,20250828,오이,백다다기,10.00kg,특,충청북도 제천시,8,43000,,,,trade
구리,(주)인터넷청과,20250828,오이,백다다기,10.00kg,특,충청북도 제천시,4,20000,,,,trade
구리,(주)인터넷청과,20250828,오이,백다다기,10.00kg,특,충청북도 제천시,4,18000,,,,trade
구리,(주)인터넷청과,20250828,오이,백다다기,10.00kg,특,충청북도 제천시,4,32000,,,,trade
구리,(주)인터넷청과,20250828,오이,백다다기,10.00kg,특,충청북도 제천시,1,16000,,,,trade
구리,(주)인터넷청과,20250828,오이,백다다기,10.00kg,특,충청북도 제천시,18,14000,,,,trade
구리,(주)인터넷청과,20250828,오이,백다다기,10.00kg,특,충청북도 제천시,17,35000,,,,trade
구리,(주)인터넷청과,20250828,오이,백다다기,10.00kg,특,충청북도 제천시,9,31000,,,,trade
구리,(주)인터넷청과,20250828,오이,백다다기,10.00kg,특,충청북도 제천시,3,18000,,,,trade
구리,(주)인터넷청과,20250828,오이,백다다기,10.00kg,특,충청북도 제천시,1,15000,,,,trade
구리,(주)인터넷청과,20250828,오이,백다다기,10.00kg,특,충청북도 제천시,6,16000,,,,trade
구리,(주)인터넷청과,20250828,오이,백다다기,10.00kg,특,충청북도 제천시,24,35000,,,,trade
구리,(주)인터넷청과,20250828,오이,백다다기,10.00kg,특,충청북도 제천시,9,35000,,,,trade
구리,(주)인터넷청과,20250828,오이,백다다기,10.00kg,특,충청북도 제천시,11,24000,,,,trade
구리,(주)인터넷청과,20250828,오이,백다다기,10.00kg,특,충청북도 제천시,2,16000,,,,trade
구리,(주)인터넷청과,20250828,오이,백다다기,10.00kg,특,충청북도 제천시,3,15000,,,,trade
구리,(주)인터넷청과,20250828,오이,백다다기,10.00kg,특,충청북도 제천시,2,36000,,,,trade
구리,(주)인터넷청과,20250828,오이,백다다기,10.00kg,특,충청북도 제천시,6,18000,,,,trade
구리,(주)인터넷청과,20250828,오이,백다다기,10.00kg,특,충청북도 제천시,1,8500,,,,trade
구리,(주)인터넷청과,20250828,오이,백다다기,10.00kg,특,충청북도 제천시,8,16000,,,,trade
구리,(주)인터넷청과,20250828,오이,백다다기,10.00kg,특,충청북도 제천시,6,23000,,,,trade
구리,(주)인터넷청과,20250828,오이,백다다기,10.00kg,특,충청북도 제천시,3,20000,,,,trade
구리,(주)인터넷청과,20250828,오이,백다다기,10.00kg,특,충청북도 제천시,1,13000,,,,trade
구리,(주)인터넷청과,20250828,오이,백다다기,10.00kg,특,충청북도 제천시,4,15000,,,,trade
구리,(주)인터넷청과,20250828,오이,백다다기,10.00kg,특,충청북도 제천시,19,33000,,,,trade
구리,(주)인터넷청과,20250828,오이,백다다기,10.00kg,특,충청북도 제천시,6,20000,,,,trade
구리,(주)인터넷청과,20250828,오이,백다다기,10.00kg,특,충청북도 제천시,7,37000,,,,trade
구리,(주)인터넷청과,20250828,오이,백다다기,10.00kg,특,충청북도 제천시,1,12000,,,,trade
구리,(주)인터넷청과,20250828,오이,백다다기,10.00kg,특,충청북도 제천시,16,16000,,,,trade
구리,(주)인터넷청과,20250828,오이,백다다기,10.00kg,특,충청북도 제천시,4,14000,,,,trade
구리,(주)인터넷청과,20250828,오이,백다다기,10.00kg,특,충청북도 제천시,20,43000,,,,trade
구리,(주)인터넷청과,20250828,오이,백다다기,10.00kg,특,충청북도 제천시,1,16000,,,,trade
구리,(주)인터넷청과,20250828,오이,백다다기,10.00kg,특,충청북도 제천시,4,18000,,,,trade
구리,(주)인터넷청과,20250828,오이,백다다기,10.00kg,특,충청북도 제천시,4,45000,,,,trade
구리,(주)인터넷청과,20250828,오이,백다다기,10.00kg,특,충청북도 제천시,4,31000,,,,trade
구리,(주)인터넷청과,20250828,오이,백다다기,10.00kg,특,충청북도 제천시,4,16000,,,,trade
구리,(주)인터넷청과,20250828,오이,백다다기,10.00kg,특,충청북도 제천시,3,16000,,,,trade
구리,(주)인터넷청과,20250828,오이,백다다기,10.00kg,특,충청북도 제천시,9,30000,,,,trade
구리,(주)인터넷청과,20250828,오이,백다다기,10.00kg,특,충청북도 제천시,5,24000,,,,trade
구리,(주)인터넷청과,20250828,오이,백다다기,10.00kg,특,충청북도 제천시,3,16000,,,,trade
구리,(주)인터넷청과,20250828,오이,백다다기,10.00kg,특,충청북도 제천시,11,46000,,,,trade
구리,(주)인터넷청과,20250828,오이,백다다기,10.00kg,특,충청북도 제천시,7,22000,,,,trade
구리,(주)인터넷청과,20250828,오이,백다다기,10.00kg,특,충청북도 제천시,13,16000,,,,trade
구리,(주)인터넷청과,20251204,오이,백다다기,18.00kg,특,충청남도 공주시,2,53000,,,,trade
구리,(주)인터넷청과,20251204,오이,백다다기,18.00kg,특,충청남도 공주시,1,33000,,,,trade
구리,(주)인터넷청과,20251204,오이,백다다기,18.00kg,특,충청남도 공주시,3,38000,,,,trade
구리,(주)인터넷청과,20251204,오이,백다다기,18.00kg,특,충청남도 공주시,3,29000,,,,trade
구리,(주)인터넷청과,20251204,오이,백다다기,18.00kg,특,충청남도 공주시,6,65000,,,,trade
구리,(주)인터넷청과,20251204,오이,백다다기,18.00kg,특,충청남도 공주시,2,65000,,,,trade
구리,(주)인터넷청과,20251204,오이,백다다기,18.00kg,특,충청남도 공주시,5,28000,,,,trade
구리,(주)인터넷청과,20251204,오이,백다다기,18.00kg,특,충청남도 공주시,3,72000,,,,trade
구리,(주)인터넷청과,20251204,오이,백다다기,18.00kg,특,충청남도 공주시,1,38000,,,,trade
구리,(주)인터넷청과,20251204,오이,백다다기,18.00kg,특,충청남도 공주시,1,38000,,,,trade
구리,(주)인터넷청과,20251204,오이,백다다기,18.00kg,특,충청남도 공주시,3,32000,,,,trade
구리,(주)인터넷청과,20251204,오이,백다다기,18.00kg,특,충청남도 공주시,10,66000,,,,trade
구리,(주)인터넷청과,20251204,오이,백다다기,18.00kg,특,충청남도 공주시,3,32000,,,,trade
구리,(주)인터넷청과,20251204,오이,백다다기,18.00kg,특,충청남도 공주시,3,30000,,,,trade
구리,(주)인터넷청과,20251204,오이,백다다기,18.00kg,특,충청남도 공주시,3,60000,,,,trade
구리,(주)인터넷청과,20251204,오이,백다다기,18.00kg,특,충청남도 공주시,1,66000,,,,trade
구리,(주)인터넷청과,20251204,오이,백다다기,18.00kg,특,충청남도 공주시,2,33000,,,,trade
구리,(주)인터넷청과,20251204,오이,백다다기,18.00kg,특,충청남도 공주시,12,60000,,,,trade
구리,(주)인터넷청과,20251204,오이,백다다기,18.00kg,특,충청남도 공주시,4,32000,,,,trade
구리,(주)인터넷청과,20251204,오이,백다다기,18.00kg,특,충청남도 공주시,9,57000,,,,trade
구리,(주)인터넷청과,20251204,오이,백다다기,18.00kg,특,충청남도 공주시,5,33000,,,,trade
구리,(주)인터넷청과,20251204,오이,백다다기,18.00kg,특,충청남도 공주시,10,48000,,,,trade
구리,(주)인터넷청과,20251204,오이,백다다기,18.00kg,특,충청남도 공주시,2,31000,,,,trade
구리,(주)인터넷청과,20251204,오이,백다다기,18.00kg,특,충청남도 공주시,2,32000,,,,trade
구리,(주)인터넷청과,20251204,오이,백다다기,18.00kg,특,충청남도 공주시,12,53000,,,,trade
구리,(주)인터넷청과,20251204,오이,백다다기,18.00kg,특,충청남도 공주시,2,32000,,,,trade
구리,(주)인터넷청과,20251204,오이,백다다기,18.00kg,특,충청남도 공주시,8,61000,,,,trade
구리,(주)인터넷청과,20251204,오이,백다다기,18.00kg,특,충청남도 공주시,3,33000,,,,trade
구리,(주)인터넷청과,20251204,오이,백다다기,18.00kg,특,충청남도 공주시,3,40000,,,,trade
구리,(주)인터넷청과,20251204,오이,백다다기,18.00kg,특,충청남도 공주시,8,28000,,,,trade
구리,(주)인터넷청과,20251204,오이,백다다기,18.00kg,특,충청남도 공주시,2,61000,,,,trade
구리,(주)인터넷청과,20251204,오이,백다다기,18.00kg,특,충청남도 공주시,1,34000,,,,trade
구리,(주)인터넷청과,20251204,오이,백다다기,18.00kg,특,충청남도 공주시,3,58000,,,,trade
구리,(주)인터넷청과,20251204,오이,백다다기,18.00kg,특,충청남도 공주시,4,64000,,,,trade
구리,(주)인터넷청과,20251204,오이,백다다기,18.00kg,특,충청남도 공주시,1,35000,,,,trade
구리,(주)인터넷청과,20251204,오이,백다다기,18.00kg,특,충청남도 공주시,2,45000,,,,trade
구리,(주)인터넷청과,20251204,오이,백다다기,18.00kg,특,충청남도 부여군,14,52000,,,,trade
구리,(주)인터넷청과,20251204,오이,백다다기,18.00kg,특,충청남도 부여군,4,32000,,,,trade
구리,(주)인터넷청과,20251204,오이,백다다기,18.00kg,특,충청남도 부여군,2,18000,,,,trade
구리,(주)인터넷청과,20251209,오이,백다다기,10.00kg,특,전라남도 고흥군,17,9500,,,,trade
구리,(주)인터넷청과,20251209,오이,백다다기,10.00kg,특,전라남도 고흥군,5,20000,,,,trade
구리,(주)인터넷청과,20251209,오이,백다다기,10.00kg,특,전라남도 고흥군,5,17000,,,,trade
구리,(주)인터넷청과,20251209,오이,백다다기,10.00kg,특,전라남도 고흥군,3,20000,,,,trade
구리,(주)인터넷청과,20251209,오이,백다다기,10.00kg,특,전라남도 고흥군,10,17000,,,,trade
구리,(주)인터넷청과,20251209,오이,백다다기,10.00kg,특,전라남도 고흥군,2,13000,,,,trade
구리,(주)인터넷청과,20251209,오이,백다다기,10.00kg,특,전라남도 고흥군,7,20000,,,,trade
구리,(주)인터넷청과,20251209,오이,백다다기,10.00kg,특,전라남도 고흥군,20,25000,,,,trade
구리,(주)인터넷청과,20251209,오이,백다다기,10.00kg,특,전라남도 고흥군,20,30000,,,,trade
구리,(주)인터넷청과,20251209,오이,백다다기,10.00kg,특,전라남도 고흥군,2,20000,,,,trade
구리,(주)인터넷청과,20251209,오이,백다다기,10.00kg,특,전라남도 고흥군,25,27000,,,,trade
구리,(주)인터넷청과,20251209,오이,백다다기,10.00kg,특,전라남도 고흥군,3,12000,,,,trade
구리,(주)인터넷청과,20251209,오이,백다다기,10.00kg,특,전라남도 고흥군,13,34000,,,,trade
구리,(주)인터넷청과,20251209,오이,백다다기,10.00kg,특,전라남도 고흥군,12,20000,,,,trade
구리,(주)인터넷청과,20251209,오이,백다다기,10.00kg,특,전라남도 고흥군,1,15000,,,,trade
구리,(주)인터넷청과,20251209,오이,백다다기,10.00kg,특,전라남도 고흥군,21,20000,,,,trade
구리,(주)인터넷청과,20251209,오이,백다다기,10.00kg,특,전라남도 고흥군,5,12000,,,,trade
구리,(주)인터넷청과,20251209,오이,백다다기,10.00kg,특,전라남도 고흥군,12,23000,,,,trade
구리,(주)인터넷청과,20251209,오이,백다다기,10.00kg,특,전라남도 고흥군,7,10000,,,,trade
구리,(주)인터넷청과,20251209,오이,백다다기,10.00kg,특,전라남도 고흥군,24,27000,,,,trade
구리,(주)인터넷청과,20251209,오이,백다다기,10.00kg,특,전라남도 고흥군,15,20000,,,,trade
구리,(주)인터넷청과,20251209,오이,백다다기,10.00kg,특,전라남도 고흥군,20,30000,,,,trade
구리,(주)인터넷청과,20251209,오이,백다다기,10.00kg,특,전라남도 고흥군,25,34000,,,,trade
구리,(주)인터넷청과,20251209,오이,백다다기,10.00kg,특,전라남도 고흥군,7,18000,,,,trade
구리,(주)인터넷청과,20251209,오이,백다다기,10.00kg,특,전라남도 고흥군,23,17000,,,,trade
구리,(주)인터넷청과,20251209,오이,백다다기,10.00kg,특,전라남도 고흥군,30,25000,,,,trade
구리,(주)인터넷청과,20251209,오이,백다다기,10.00kg,특,전라남도 고흥군,17,30000,,,,trade
구리,(주)인터넷청과,20251209,오이,백다다기,10.00kg,특,전라남도 고흥군,5,20000,,,,trade
구리,(주)인터넷청과,20251209,오이,백다다기,10.00kg,특,전라남도 고흥군,3,9500,,,,trade
구리,(주)인터넷청과,20251209,오이,백다다기,10.00kg,특,전라남도 고흥군,11,25000,,,,trade
구리,(주)인터넷청과,20251209,오이,백다다기,10.00kg,특,전라남도 고흥군,32,20000,,,,trade
구리,(주)인터넷청과,20251209,오이,백다다기,10.00kg,특,전라남도 고흥군,18,27000,,,,trade
구리,(주)인터넷청과,20251209,오이,백다다기,10.00kg,특,전라남도 고흥군,1,25000,,,,trade
구리,(주)인터넷청과,20251209,오이,백다다기,10.00kg,특,전라남도 고흥군,1,18000,,,,trade
구리,(주)인터넷청과,20251209,오이,백다다기,10.00kg,특,전라남도 고흥군,1,10000,,,,trade
구리,(주)인터넷청과,20251209,오이,백다다기,10.00kg,특,전라남도 고흥군,7,17000,,,,trade
구리,(주)인터넷청과,20251209,오이,백다다기,10.00kg,특,전라남도 고흥군,3,16000,,,,trade
구리,(주)인터넷청과,20251209,오이,백다다기,10.00kg,특,전라남도 고흥군,22,35000,,,,trade
구리,(주)인터넷청과,20251209,오이,백다다기,10.00kg,특,전라남도 고흥군,3,22000,,,,trade
구리,(주)인터넷청과,20251209,오이,백다다기,10.00kg,특,전라남도 고흥군,53,18000,,,,trade
구리,(주)인터넷청과,20251209,오이,백다다기,10.00kg,특,전라남도 고흥군,9,25000,,,,trade
구리,(주)인터넷청과,20251209,오이,백다다기,10.00kg,특,전라남도 고흥군,5,15000,,,,trade
구리,(주)인터넷청과,20251209,오이,백다다기,10.00kg,특,전라남도 고흥군,4,11000,,,,trade
구리,(주)인터넷청과,20251209,오이,백다다기,10.00kg,특,전라남도 고흥군,25,40000,,,,trade
구리,(주)인터넷청과,20251209,오이,백다다기,10.00kg,특,전라남도 고흥군,3,25000,,,,trade
구리,(주)인터넷청과,20251209,오이,백다다기,10.00kg,특,전라남도 고흥군,1,18000,,,,trade
구리,(주)인터넷청과,20251209,오이,백다다기,10.00kg,특,전라남도 고흥군,14,35000,,,,trade
구리,(주)인터넷청과,20251209,오이,백다다기,10.00kg,특,전라남도 고흥군,5,20000,,,,trade
구리,(주)인터넷청과,20251209,오이,백다다기,10.00kg,특,전라남도 고흥군,1,16000,,,,trade
구리,(주)인터넷청과,20251209,오이,백다다기,10.00kg,특,전라남도 고흥군,40,33000,,,,trade
구리,(주)인터넷청과,20251209,오이,백다다기,10.00kg,특,전라남도 고흥군,1,20000,,,,trade
구리,(주)인터넷청과,20251209,오이,백다다기,10.00kg,특,전라남도 고흥군,7,17000,,,,trade
구리,(주)인터넷청과,20251209,오이,백다다기,10.00kg,특,전라남도 고흥군,1,13000,,,,trade
구리,(주)인터넷청과,20251209,오이,백다다기,10.00kg,특,전라남도 고흥군,39,33000,,,,trade
구리,(주)인터넷청과,20251209,오이,백다다기,10.00kg,특,전라남도 고흥군,2,20000,,,,trade
구리,(주)인터넷청과,20251209,오이,백다다기,10.00kg,특,전라남도 고흥군,8,17000,,,,trade
구리,(주)인터넷청과,20251209,오이,백다다기,10.00kg,특,전라남도 고흥군,2,13000,,,,trade
구리,(주)인터넷청과,20251209,오이,백다다기,10.00kg,특,전라남도 고흥군,15,20000,,,,trade
구리,(주)인터넷청과,20251209,오이,백다다기,18.00kg,특,충청남도 공주시,9,42000,,,,trade
구리,(주)인터넷청과,20251209,오이,백다다기,18.00kg,특,충청남도 공주시,5,18000,,,,trade
구리,(주)인터넷청과,20251209,오이,백다다기,18.00kg,특,충청남도 공주시,6,48000,,,,trade
구리,(주)인터넷청과,20251209,오이,백다다기,18.00kg,특,충청남도 공주시,7,34000,,,,trade
구리,(주)인터넷청과,20251209,오이,백다다기,18.00kg,특,충청남도 공주시,11,54000,,,,trade
구리,(주)인터넷청과,20251209,오이,백다다기,18.00kg,특,충청남도 공주시,3,28000,,,,trade
구리,(주)인터넷청과,20251209,오이,백다다기,18.00kg,특,충청남도 공주시,13,61000,,,,trade
구리,(주)인터넷청과,20251209,오이,백다다기,18.00kg,특,충청남도 공주시,4,30000,,,,trade
구리,(주)인터넷청과,20251209,오이,백다다기,18.00kg,특,충청남도 공주시,4,28000,,,,trade
구리,(주)인터넷청과,20251209,오이,백다다기,18.00kg,특,충청남도 공주시,12,57000,,,,trade
구리,(주)인터넷청과,20251209,오이,백다다기,18.00kg,특,충청남도 공주시,1,33000,,,,trade
구리,(주)인터넷청과,20251209,오이,백다다기,18.00kg,특,충청남도 공주시,12,70000,,,,trade
구리,(주)인터넷청과,20251209,오이,백다다기,18.00kg,특,충청남도 공주시,1,36000,,,,trade
구리,(주)인터넷청과,20251209,오이,백다다기,18.00kg,특,충청남도 공주시,11,63000,,,,trade
구리,(주)인터넷청과,20251209,오이,백다다기,18.00kg,특,충청남도 공주시,3,32000,,,,trade
구리,(주)인터넷청과,20251209,오이,백다다기,18.00kg,특,충청남도 공주시,11,58000,,,,trade
구리,(주)인터넷청과,20251209,오이,백다다기,18.00kg,특,충청남도 공주시,3,18000,,,,trade
구리,(주)인터넷청과,20251209,오이,백다다기,18.00kg,특,충청남도 공주시,12,60000,,,,trade
구리,(주)인터넷청과,20251209,오이,백다다기,18.00kg,특,충청남도 공주시,2,33000,,,,trade
구리,(주)인터넷청과,20251209,오이,백다다기,18.00kg,특,충청남도 공주시,14,62000,,,,trade
구리,(주)인터넷청과,20251209,오이,백다다기,18.00kg,특,충청남도 공주시,6,33000,,,,trade
구리,(주)인터넷청과,20251209,오이,백다다기,18.00kg,특,충청남도 공주시,5,64000,,,,trade
구리,(주)인터넷청과,20251209,오이,백다다기,18.00kg,특,충청남도 공주시,10,55000,,,,trade
구리,(주)인터넷청과,20251209,오이,백다다기,18.00kg,특,충청남도 공주시,9,33000,,,,trade
구리,(주)인터넷청과,20251209,오이,백다다기,18.00kg,특,충청남도 공주시,1,46000,,,,trade
구리,(주)인터넷청과,20251209,오이,백다다기,18.00kg,특,충청남도 공주시,4,23000,,,,trade
구리,(주)인터넷청과,20251209,오이,백다다기,18.00kg,특,충청남도 공주시,2,42000,,,,trade
구리,(주)인터넷청과,20251209,오이,백다다기,18.00kg,특,충청남도 공주시,6,55000,,,,trade
구리,(주)인터넷청과,20251209,오이,백다다기,18.00kg,특,충청남도 공주시,2,32000,,,,trade
구리,(주)인터넷청과,20251209,오이,백다다기,18.00kg,특,충청남도 공주시,3,36000,,,,trade
구리,(주)인터넷청과,20251211,오이,백다다기,10.00kg,특,전라남도 고흥군,22,38000,,,,trade
구리,(주)인터넷청과,20251211,오이,백다다기,10.00kg,특,전라남도 고흥군,15,35000,,,,trade
구리,(주)인터넷청과,20251211,오이,백다다기,10.00kg,특,전라남도 고흥군,43,33000,,,,trade
구리,(주)인터넷청과,20251211,오이,백다다기,10.00kg,특,전라남도 고흥군,3,21000,,,,trade
구리,(주)인터넷청과,20251211,오이,백다다기,10.00kg,특,전라남도 고흥군,5,18000,,,,trade
구리,(주)인터넷청과,20251211,오이,백다다기,10.00kg,특,전라남도 고흥군,2,9500,,,,trade
구리,(주)인터넷청과,20251211,오이,백다다기,10.00kg,특,전라남도 고흥군,34,30000,,,,trade
구리,(주)인터넷청과,20251211,오이,백다다기,10.00kg,특,전라남도 고흥군,1,21000,,,,trade
구리,(주)인터넷청과,20251211,오이,백다다기,10.00kg,특,전라남도 고흥군,10,17000,,,,trade
구리,(주)인터넷청과,20251211,오이,백다다기,10.00kg,특,전라남도 고흥군,4,20000,,,,trade
구리,(주)인터넷청과,20251211,오이,백다다기,10.00kg,특,전라남도 고흥군,10,27000,,,,trade
구리,(주)인터넷청과,20251211,오이,백다다기,10.00kg,특,전라남도 고흥군,1,19000,,,,trade
구리,(주)인터넷청과,20251211,오이,백다다기,10.00kg,특,전라남도 고흥군,6,18000,,,,trade
구리,(주)인터넷청과,20251211,오이,백다다기,10.00kg,특,전라남도 고흥군,2,6500,,,,trade
구리,(주)인터넷청과,20251211,오이,백다다기,10.00kg,특,전라남도 고흥군,28,28000,,,,trade
구리,(주)인터넷청과,20251211,오이,백다다기,10.00kg,특,전라남도 고흥군,22,19000,,,,trade
구리,(주)인터넷청과,20251211,오이,백다다기,10.00kg,특,전라남도 고흥군,13,23000,,,,trade
구리,(주)인터넷청과,20251211,오이,백다다기,10.00kg,특,전라남도 고흥군,13,24000,,,,trade
구리,(주)인터넷청과,20251211,오이,백다다기,10.00kg,특,전라남도 고흥군,1,18000,,,,trade
구리,(주)인터넷청과,20251211,오이,백다다기,10.00kg,특,전라남도 고흥군,32,26000,,,,trade
구리,(주)인터넷청과,20251211,오이,백다다기,10.00kg,특,전라남도 고흥군,9,21000,,,,trade
구리,(주)인터넷청과,20251211,오이,백다다기,10.00kg,특,전라남도 고흥군,3,14000,,,,trade
구리,(주)인터넷청과,20251211,오이,백다다기,10.00kg,특,전라남도 고흥군,11,34000,,,,trade
구리,(주)인터넷청과,20251211,오이,백다다기,10.00kg,특,전라남도 고흥군,9,23000,,,,trade
구리,(주)인터넷청과,20251211,오이,백다다기,10.00kg,특,전라남도 고흥군,23,19000,,,,trade
구리,(주)인터넷청과,20251211,오이,백다다기,10.00kg,특,전라남도 고흥군,4,8500,,,,trade
구리,(주)인터넷청과,20251211,오이,백다다기,10.00kg,특,전라남도 고흥군,24,29000,,,,trade
구리,(주)인터넷청과,20251211,오이,백다다기,10.00kg,특,전라남도 고흥군,30,23000,,,,trade
구리,(주)인터넷청과,20251211,오이,백다다기,10.00kg,특,전라남도 고흥군,14,21000,,,,trade
구리,(주)인터넷청과,20251211,오이,백다다기,10.00kg,특,전라남도 고흥군,45,18000,,,,trade
구리,(주)인터넷청과,20251211,오이,백다다기,10.00kg,특,전라남도 고흥군,15,29000,,,,trade
구리,(주)인터넷청과,20251211,오이,백다다기,10.00kg,특,전라남도 고흥군,2,21000,,,,trade
구리,(주)인터넷청과,20251211,오이,백다다기,10.00kg,특,전라남도 고흥군,5,7000,,,,trade
구리,(주)인터넷청과,20251211,오이,백다다기,10.00kg,특,전라남도 고흥군,7,30000,,,,trade
구리,(주)인터넷청과,20251211,오이,백다다기,10.00kg,특,전라남도 고흥군,22,22000,,,,trade
구리,(주)인터넷청과,20251211,오이,백다다기,10.00kg,특,전라남도 고흥군,11,37000,,,,trade
구리,(주)인터넷청과,20251211,오이,백다다기,10.00kg,특,전라남도 고흥군,3,27000,,,,trade
구리,(주)인터넷청과,20251211,오이,백다다기,10.00kg,특,전라남도 고흥군,4,20000,,,,trade
구리,(주)인터넷청과,20251211,오이,백다다기,10.00kg,특,전라남도 고흥군,7,25000,,,,trade
구리,(주)인터넷청과,20251211,오이,백다다기,10.00kg,특,전라남도 고흥군,3,23000,,,,trade
구리,(주)인터넷청과,20251211,오이,백다다기,10.00kg,특,전라남도 고흥군,2,21000,,,,trade
구리,(주)인터넷청과,20251211,오이,백다다기,10.00kg,특,전라남도 고흥군,12,19000,,,,trade
구리,(주)인터넷청과,20251211,오이,백다다기,10.00kg,특,전라남도 고흥군,3,8500,,,,trade
구리,(주)인터넷청과,20251211,오이,백다다기,10.00kg,특,전라남도 고흥군,16,28000,,,,trade
구리,(주)인터넷청과,20251211,오이,백다다기,10.00kg,특,전라남도 고흥군,5,33000,,,,trade
구리,(주)인터넷청과,20251211,오이,백다다기,10.00kg,특,전라남도 고흥군,2,31000,,,,trade
구리,(주)인터넷청과,20251225,오이,백다다기,10.00kg,특,전라남도 고흥군,24,43000,,,,trade
구리,(주)인터넷청과,20251225,오이,백다다기,10.00kg,특,전라남도 고흥군,4,29000,,,,trade
구리,(주)인터넷청과,20251225,오이,백다다기,10.00kg,특,전라남도 고흥군,2,30000,,,,trade
구리,(주)인터넷청과,20251225,오이,백다다기,10.00kg,특,전라남도 고흥군,6,27500,,,,trade
구리,(주)인터넷청과,20251225,오이,백다다기,10.00kg,특,전라남도 고흥군,31,38000,,,,trade
구리,(주)인터넷청과,20251225,오이,백다다기,10.00kg,특,전라남도 고흥군,5,28000,,,,trade
구리,(주)인터넷청과,20251225,오이,백다다기,10.00kg,특,전라남도 고흥군,12,35000,,,,trade
구리,(주)인터넷청과,20251225,오이,백다다기,10.00kg,특,전라남도 고흥군,22,29000,,,,trade
구리,(주)인터넷청과,20251225,오이,백다다기,10.00kg,특,전라남도 고흥군,5,25000,,,,trade
구리,(주)인터넷청과,20251225,오이,백다다기,10.00kg,특,전라남도 고흥군,7,40000,,,,trade
구리,(주)인터넷청과,20251225,오이,백다다기,10.00kg,특,전라남도 고흥군,4,37000,,,,trade
구리,(주)인터넷청과,20251225,오이,백다다기,10.00kg,특,전라남도 고흥군,1,32000,,,,trade
구리,(주)인터넷청과,20251225,오이,백다다기,10.00kg,특,전라남도 고흥군,14,29000,,,,trade
구리,(주)인터넷청과,20251225,오이,백다다기,10.00kg,특,전라남도 고흥군,27,34000,,,,trade
구리,(주)인터넷청과,20251225,오이,백다다기,10.00kg,특,전라남도 고흥군,21,39000,,,,trade
구리,(주)인터넷청과,20251225,오이,백다다기,10.00kg,특,전라남도 고흥군,45,31500,,,,trade
구리,(주)인터넷청과,20251225,오이,백다다기,10.00kg,특,전라남도 고흥군,12,36000,,,,trade
구리,(주)인터넷청과,20251225,오이,백다다기,10.00kg,특,전라남도 고흥군,7,27500,,,,trade
구리,(주)인터넷청과,20251225,오이,백다다기,10.00kg,특,전라남도 고흥군,21,40000,,,,trade
구리,(주)인터넷청과,20251225,오이,백다다기,10.00kg,특,전라남도 고흥군,15,30000,,,,trade
구리,(주)인터넷청과,20251225,오이,백다다기,10.00kg,특,전라남도 고흥군,1,25000,,,,trade
구리,(주)인터넷청과,20251225,오이,백다다기,10.00kg,특,전라남도 고흥군,10,43000,,,,trade
구리,(주)인터넷청과,20251225,오이,백다다기,10.00kg,특,전라남도 고흥군,15,32000,,,,trade
구리,(주)인터넷청과,20251225,오이,백다다기,10.00kg,특,전라남도 고흥군,10,21000,,,,trade
구리,(주)인터넷청과,20251225,오이,백다다기,10.00kg,특,전라남도 고흥군,1,33000,,,,trade
구리,(주)인터넷청과,20251225,오이,백다다기,10.00kg,특,전라남도 고흥군,8,36000,,,,trade
구리,(주)인터넷청과,20251225,오이,백다다기,10.00kg,특,전라남도 고흥군,5,30000,,,,trade
구리,(주)인터넷청과,20251225,오이,백다다기,10.00kg,특,전라남도 고흥군,4,26000,,,,trade
구리,(주)인터넷청과,20251225,오이,백다다기,10.00kg,특,전라남도 고흥군,15,25000,,,,trade
구리,(주)인터넷청과,20251225,오이,백다다기,10.00kg,특,전라남도 고흥군,1,27000,,,,trade
구리,(주)인터넷청과,20251225,오이,백다다기,10.00kg,특,전라남도 고흥군,22,39000,,,,trade
구리,(주)인터넷청과,20251225,오이,백다다기,10.00kg,특,전라남도 고흥군,8,32000,,,,trade
구리,(주)인터넷청과,20251225,오이,백다다기,10.00kg,특,전라남도 고흥군,48,38000,,,,trade
구리,(주)인터넷청과,20251225,오이,백다다기,10.00kg,특,전라남도 고흥군,3,29000,,,,trade
구리,(주)인터넷청과,20251225,오이,백다다기,10.00kg,특,전라남도 고흥군,9,30000,,,,trade
구리,(주)인터넷청과,20251225,오이,백다다기,10.00kg,특,전라남도 고흥군,4,24000,,,,trade
구리,(주)인터넷청과,20251225,오이,백다다기,10.00kg,특,전라남도 고흥군,23,35000,,,,trade
구리,(주)인터넷청과,20251225,오이,백다다기,10.00kg,특,전라남도 고흥군,10,25000,,,,trade
구리,(주)인터넷청과,20251225,오이,백다다기,10.00kg,특,전라남도 고흥군,3,20000,,,,trade
구리,(주)인터넷청과,20251225,오이,백다다기,10.00kg,특,전라남도 고흥군,32,35000,,,,trade
구리,(주)인터넷청과,20251225,오이,백다다기,10.00kg,특,전라남도 고흥군,4,28000,,,,trade
구리,(주)인터넷청과,20251225,오이,백다다기,10.00kg,특,전라남도 고흥군,18,40000,,,,trade
구리,(주)인터넷청과,20251225,오이,백다다기,10.00kg,특,전라남도 고흥군,5,36000,,,,trade
구리,(주)인터넷청과,20251225,오이,백다다기,10.00kg,특,전라남도 고흥군,7,31000,,,,trade
구리,(주)인터넷청과,20251225,오이,백다다기,10.00kg,특,전라남도 고흥군,9,29000,,,,trade
구리,(주)인터넷청과,20251225,오이,백다다기,10.00kg,특,전라남도 고흥군,2,21000,,,,trade
구리,(주)인터넷청과,20251225,오이,백다다기,10.00kg,특,전라남도 고흥군,5,33000,,,,trade
구리,(주)인터넷청과,20251225,오이,백다다기,10.00kg,특,전라남도 고흥군,19,32000,,,,trade
구리,(주)인터넷청과,20251225,오이,백다다기,10.00kg,특,전라남도 고흥군,9,15500,,,,trade
구리,(주)인터넷청과,20251225,오이,백다다기,10.00kg,특,전라남도 고흥군,20,36000,,,,trade
구리,(주)인터넷청과,20251225,오이,백다다기,10.00kg,특,전라남도 고흥군,15,36000,,,,trade
구리,(주)인터넷청과,20251225,오이,백다다기,10.00kg,특,전라남도 고흥군,3,30000,,,,trade
구리,(주)인터넷청과,20251225,오이,백다다기,10.00kg,특,전라남도 고흥군,15,38000,,,,trade
구리,(주)인터넷청과,20251225,오이,백다다기,10.00kg,특,전라남도 고흥군,2,29000,,,,trade
구리,(주)인터넷청과,20251225,오이,백다다기,10.00kg,특,전라남도 고흥군,34,44000,,,,trade
구리,(주)인터넷청과,20251225,오이,백다다기,10.00kg,특,전라남도 고흥군,7,30000,,,,trade
구리,(주)인터넷청과,20251225,오이,백다다기,10.00kg,특,전라남도 고흥군,3,28000,,,,trade
구리,(주)인터넷청과,20251225,오이,백다다기,10.00kg,특,전라남도 고흥군,4,40000,,,,trade
구리,(주)인터넷청과,20251225,오이,백다다기,10.00kg,특,전라남도 고흥군,1,13500,,,,trade
구리,(주)인터넷청과,20251225,오이,백다다기,10.00kg,특,경상남도 고성군,16,34500,,,,trade
구리,(주)인터넷청과,20251225,오이,백다다기,10.00kg,특,경상남도 고성군,6,30000,,,,trade
구리,(주)인터넷청과,20251225,오이,백다다기,10.00kg,특,경상남도 고성군,2,27500,,,,trade
구리,(주)인터넷청과,20251225,오이,백다다기,10.00kg,특,경상남도 고성군,1,13500,,,,trade
구리,(주)인터넷청과,20251225,오이,백다다기,18.00kg,특,경상북도 상주시,2,75000,,,,trade
구리,(주)인터넷청과,20251225,오이,백다다기,18.00kg,특,경상북도 상주시,25,38000,,,,trade
구리,(주)인터넷청과,20251225,오이,백다다기,18.00kg,특,경상북도 상주시,26,33000,,,,trade
구리,(주)인터넷청과,20251225,오이,백다다기,18.00kg,특,경상북도 상주시,25,33000,,,,trade
구리,(주)인터넷청과,20251225,오이,백다다기,18.00kg,특,경상북도 상주시,2,28000,,,,trade
구리,(주)인터넷청과,20251225,오이,백다다기,18.00kg,특,경상북도 상주시,14,28000,,,,trade
구리,(주)인터넷청과,20251225,오이,백다다기,18.00kg,특,경상북도 상주시,5,28000,,,,trade
구리,(주)인터넷청과,20251225,오이,백다다기,18.00kg,특,경상북도 상주시,5,28000,,,,trade
구리,(주)인터넷청과,20251225,오이,백다다기,18.00kg,특,경상북도 상주시,3,28000,,,,trade
구리,(주)인터넷청과,20251225,오이,백다다기,18.00kg,특,경상북도 상주시,13,28000,,,,trade
구리,(주)인터넷청과,20251225,오이,백다다기,18.00kg,특,경상북도 상주시,5,30000,,,,trade
구리,(주)인터넷청과,20251225,오이,백다다기,18.00kg,특,경상북도 상주시,3,30000,,,,trade
구리,(주)인터넷청과,20251225,오이,백다다기,18.00kg,특,충청남도 부여군,2,40000,,,,trade
구리,(주)인터넷청과,20251225,오이,백다다기,18.00kg,특,충청남도 부여군,5,23000,,,,trade
구리,(주)인터넷청과,20251225,오이,백다다기,18.00kg,특,충청남도 부여군,1,36000,,,,trade
구리,(주)인터넷청과,20251225,오이,백다다기,18.00kg,특,충청남도 공주시,4,76000,,,,trade
구리,(주)인터넷청과,20251225,오이,백다다기,18.00kg,특,충청남도 공주시,2,40000,,,,trade
구리,(주)인터넷청과,20251225,오이,백다다기,18.00kg,특,충청남도 공주시,2,82000,,,,trade
구리,(주)인터넷청과,20251225,오이,백다다기,18.00kg,특,충청남도 공주시,5,44000,,,,trade
구리,(주)인터넷청과,20251225,오이,백다다기,18.00kg,특,충청남도 공주시,3,40000,,,,trade
구리,(주)인터넷청과,20251225,오이,백다다기,18.00kg,특,충청남도 공주시,7,66000,,,,trade
구리,(주)인터넷청과,20251225,오이,백다다기,18.00kg,특,충청남도 공주시,14,38000,,,,trade
구리,(주)인터넷청과,20251225,오이,백다다기,18.00kg,특,충청남도 공주시,1,23000,,,,trade
구리,(주)인터넷청과,20260106,오이,백다다기,18.00kg,특,경상북도 상주시,1,32000,,,,trade
구리,(주)인터넷청과,20260106,오이,백다다기,18.00kg,특,경상북도 상주시,2,30000,,,,trade
구리,(주)인터넷청과,20260106,오이,백다다기,18.00kg,특,경상북도 상주시,4,33000,,,,trade
구리,(주)인터넷청과,20260106,오이,백다다기,18.00kg,특,경상북도 상주시,2,30000,,,,trade
구리,(주)인터넷청과,20260106,오이,백다다기,18.00kg,특,경상북도 상주시,10,34000,,,,trade
구리,(주)인터넷청과,20260106,오이,백다다기,18.00kg,특,경상북도 상주시,3,30000,,,,trade
구리,(주)인터넷청과,20260106,오이,백다다기,18.00kg,특,경상북도 상주시,2,28000,,,,trade
구리,(주)인터넷청과,20260106,오이,백다다기,18.00kg,특,경상북도 상주시,35,43000,,,,trade
구리,(주)인터넷청과,20260106,오이,백다다기,18.00kg,특,경상북도 상주시,6,36000,,,,trade
구리,(주)인터넷청과,20260106,오이,백다다기,18.00kg,특,경상북도 상주시,4,42000,,,,trade
구리,(주)인터넷청과,20260106,오이,백다다기,18.00kg,특,경상북도 상주시,1,46000,,,,trade
구리,(주)인터넷청과,20260106,오이,백다다기,18.00kg,특,경상북도 상주시,1,48000,,,,trade
구리,(주)인터넷청과,20260106,오이,백다다기,18.00kg,특,경상북도 상주시,2,35000,,,,trade
구리,(주)인터넷청과,20260106,오이,백다다기,18.00kg,특,경상북도 상주시,30,34000,,,,trade
구리,(주)인터넷청과,20260106,오이,백다다기,18.00kg,특,경상북도 상주시,26,34000,,,,trade
구리,(주)인터넷청과,20260106,오이,백다다기,18.00kg,특,경상북도 상주시,7,32000,,,,trade
구리,(주)인터넷청과,20260106,오이,백다다기,18.00kg,특,경상북도 상주시,4,37000,,,,trade
구리,(주)인터넷청과,20260106,오이,백다다기,18.00kg,특,경상북도 상주시,6,54000,,,,trade
구리,(주)인터넷청과,20260106,오이,백다다기,18.00kg,특,경상북도 상주시,1,58000,,,,trade
구리,(주)인터넷청과,20260106,오이,백다다기,18.00kg,특,경상북도 상주시,1,55000,,,,trade
구리,(주)인터넷청과,20260106,오이,백다다기,18.00kg,특,경상북도 상주시,2,52000,,,,trade
구리,(주)인터넷청과,20260106,오이,백다다기,18.00kg,특,경상북도 상주시,13,54000,,,,trade
구리,(주)인터넷청과,20260106,오이,백다다기,18.00kg,특,경상북도 상주시,40,43000,,,,trade
구리,(주)인터넷청과,20260106,오이,백다다기,10.00kg,특,전라남도 보성군,10,35000,,,,trade
구리,(주)인터넷청과,20260106,오이,백다다기,10.00kg,특,전라남도 보성군,5,26000,,,,trade
구리,(주)인터넷청과,20260106,오이,백다다기,10.00kg,특,전라남도 보성군,4,13500,,,,trade
구리,(주)인터넷청과,20260106,오이,백다다기,10.00kg,특,전라남도 고흥군,19,33000,,,,trade
구리,(주)인터넷청과,20260106,오이,백다다기,10.00kg,특,전라남도 고흥군,13,42000,,,,trade
구리,(주)인터넷청과,20260106,오이,백다다기,10.00kg,특,전라남도 고흥군,10,45000,,,,trade
구리,(주)인터넷청과,20260106,오이,백다다기,10.00kg,특,전라남도 고흥군,5,25000,,,,trade
구리,(주)인터넷청과,20260106,오이,백다다기,10.00kg,특,전라남도 고흥군,4,30000,,,,trade
구리,(주)인터넷청과,20260106,오이,백다다기,10.00kg,특,전라남도 고흥군,6,38000,,,,trade
구리,(주)인터넷청과,20260106,오이,백다다기,10.00kg,특,전라남도 고흥군,8,32000,,,,trade
구리,(주)인터넷청과,20260106,오이,백다다기,10.00kg,특,전라남도 고흥군,5,43000,,,,trade
구리,(주)인터넷청과,20260106,오이,백다다기,10.00kg,특,전라남도 고흥군,1,24000,,,,trade
구리,(주)인터넷청과,20260106,오이,백다다기,10.00kg,특,전라남도 고흥군,3,28000,,,,trade
구리,(주)인터넷청과,20260106,오이,백다다기,10.00kg,특,전라남도 고흥군,3,32000,,,,trade
구리,(주)인터넷청과,20260106,오이,백다다기,10.00kg,특,전라남도 고흥군,10,42000,,,,trade
구리,(주)인터넷청과,20260106,오이,백다다기,10.00kg,특,전라남도 고흥군,1,12500,,,,trade
구리,(주)인터넷청과,20260106,오이,백다다기,10.00kg,특,전라남도 고흥군,1,16000,,,,trade
구리,(주)인터넷청과,20260106,오이,백다다기,10.00kg,특,전라남도 고흥군,2,28000,,,,trade
구리,(주)인터넷청과,20260106,오이,백다다기,10.00kg,특,전라남도 고흥군,9,48000,,,,trade
구리,(주)인터넷청과,20260106,오이,백다다기,10.00kg,특,전라남도 고흥군,1,29000,,,,trade
구리,(주)인터넷청과,20260106,오이,백다다기,10.00kg,특,전라남도 고흥군,4,37000,,,,trade
구리,(주)인터넷청과,20260106,오이,백다다기,10.00kg,특,전라남도 고흥군,10,47000,,,,trade
구리,(주)인터넷청과,20260106,오이,백다다기,10.00kg,특,전라남도 고흥군,1,16000,,,,trade
구리,(주)인터넷청과,20260106,오이,백다다기,10.00kg,특,전라남도 고흥군,4,30000,,,,trade
구리,(주)인터넷청과,20260106,오이,백다다기,10.00kg,특,전라남도 고흥군,1,22000,,,,trade
구리,(주)인터넷청과,20260106,오이,백다다기,10.00kg,특,전라남도 고흥군,14,31000,,,,trade
구리,(주)인터넷청과,20260106,오이,백다다기,10.00kg,특,전라남도 고흥군,18,45000,,,,trade
구리,(주)인터넷청과,20260106,오이,백다다기,10.00kg,특,전라남도 고흥군,10,33000,,,,trade
구리,(주)인터넷청과,20260106,오이,백다다기,10.00kg,특,전라남도 고흥군,11,41500,,,,trade
구리,(주)인터넷청과,20260106,오이,백다다기,10.00kg,특,전라남도 고흥군,7,32000,,,,trade
구리,(주)인터넷청과,20260106,오이,백다다기,10.00kg,특,전라남도 고흥군,15,44500,,,,trade
구리,(주)인터넷청과,20260106,오이,백다다기,10.00kg,특,전라남도 고흥군,8,28000,,,,trade
구리,(주)인터넷청과,20260106,오이,백다다기,10.00kg,특,전라남도 고흥군,21,42000,,,,trade
구리,(주)인터넷청과,20260106,오이,백다다기,10.00kg,특,전라남도 고흥군,3,33000,,,,trade
구리,(주)인터넷청과,20260106,오이,백다다기,10.00kg,특,전라남도 고흥군,5,44000,,,,trade
구리,(주)인터넷청과,20260106,오이,백다다기,10.00kg,특,전라남도 고흥군,11,47000,,,,trade
구리,(주)인터넷청과,20260106,오이,백다다기,10.00kg,특,전라남도 고흥군,5,36000,,,,trade
구리,(주)인터넷청과,20260106,오이,백다다기,10.00kg,특,전라남도 고흥군,11,30000,,,,trade
구리,(주)인터넷청과,20260106,오이,백다다기,10.00kg,특,전라남도 고흥군,2,34000,,,,trade
구리,(주)인터넷청과,20260106,오이,백다다기,10.00kg,특,전라남도 고흥군,19,46000,,,,trade
구리,(주)인터넷청과,20260106,오이,백다다기,10.00kg,특,전라남도 고흥군,2,17000,,,,trade
구리,(주)인터넷청과,20260106,오이,백다다기,10.00kg,특,전라남도 고흥군,7,32000,,,,trade
구리,(주)인터넷청과,20260106,오이,백다다기,10.00kg,특,전라남도 고흥군,5,42000,,,,trade
구리,(주)인터넷청과,20260106,오이,백다다기,10.00kg,특,전라남도 고흥군,4,23000,,,,trade
구리,(주)인터넷청과,20260106,오이,백다다기,10.00kg,특,전라남도 고흥군,15,37000,,,,trade
구리,(주)인터넷청과,20260106,오이,백다다기,10.00kg,특,전라남도 고흥군,1,25000,,,,trade
구리,(주)인터넷청과,20260106,오이,백다다기,10.00kg,특,전라남도 고흥군,7,34000,,,,trade
구리,(주)인터넷청과,20260106,오이,백다다기,10.00kg,특,전라남도 고흥군,8,38000,,,,trade
구리,(주)인터넷청과,20260106,오이,백다다기,10.00kg,특,전라남도 고흥군,23,40000,,,,trade
구리,(주)인터넷청과,20260106,오이,백다다기,10.00kg,특,전라남도 고흥군,3,26000,,,,trade
구리,(주)인터넷청과,20260106,오이,백다다기,10.00kg,특,전라남도 고흥군,4,30000,,,,trade
구리,(주)인터넷청과,20260106,오이,백다다기,10.00kg,특,전라남도 고흥군,8,36000,,,,trade
구리,(주)인터넷청과,20260106,오이,백다다기,10.00kg,특,전라남도 고흥군,13,48000,,,,trade
구리,(주)인터넷청과,20260106,오이,백다다기,10.00kg,특,전라남도 고흥군,1,28000,,,,trade
구리,(주)인터넷청과,20260106,오이,백다다기,10.00kg,특,전라남도 고흥군,2,33000,,,,trade
구리,(주)인터넷청과,20260106,오이,백다다기,10.00kg,특,전라남도 고흥군,34,48000,,,,trade
구리,(주)인터넷청과,20260106,오이,백다다기,10.00kg,특,전라남도 고흥군,1,23000,,,,trade
구리,(주)인터넷청과,20260106,오이,백다다기,10.00kg,특,전라남도 고흥군,3,33000,,,,trade
구리,(주)인터넷청과,20260106,오이,백다다기,10.00kg,특,전라남도 고흥군,22,50000,,,,trade
구리,(주)인터넷청과,20260106,오이,백다다기,10.00kg,특,전라남도 고흥군,1,28000,,,,trade
구리,(주)인터넷청과,20260106,오이,백다다기,10.00kg,특,전라남도 고흥군,30,50000,,,,trade
구리,(주)인터넷청과,20260106,오이,백다다기,18.00kg,특,경상북도 상주시,10,60000,,,,trade
구리,(주)인터넷청과,20260106,오이,백다다기,18.00kg,특,경상북도 상주시,4,53000,,,,trade
구리,(주)인터넷청과,20260106,오이,백다다기,18.00kg,특,경상북도 상주시,1,48000,,,,trade
구리,(주)인터넷청과,20260106,오이,백다다기,18.00kg,특,경상북도 상주시,10,55000,,,,trade
구리,(주)인터넷청과,20260106,오이,백다다기,18.00kg,특,경상북도 상주시,1,45000,,,,trade
구리,(주)인터넷청과,20260106,오이,백다다기,18.00kg,특,경상북도 상주시,1,43000,,,,trade
구리,(주)인터넷청과,20260106,오이,백다다기,18.00kg,특,경상북도 상주시,2,53000,,,,trade
구리,(주)인터넷청과,20260106,오이,백다다기,18.00kg,특,경상북도 상주시,47,47000,,,,trade
구리,(주)인터넷청과,20260106,오이,백다다기,18.00kg,특,경상북도 상주시,40,42000,,,,trade
구리,(주)인터넷청과,20260106,오이,백다다기,18.00kg,특,경상북도 상주시,16,36000,,,,trade
구리,(주)인터넷청과,20260106,오이,백다다기,18.00kg,특,경상북도 상주시,1,48000,,,,trade
구리,(주)인터넷청과,20260106,오이,백다다기,18.00kg,특,경상북도 상주시,1,42000,,,,trade
구리,(주)인터넷청과,20260106,오이,백다다기,18.00kg,특,경상북도 상주시,3,40000,,,,trade
구리,(주)인터넷청과,20260106,오이,백다다기,18.00kg,특,경상북도 상주시,4,42000,,,,trade
구리,(주)인터넷청과,20260106,오이,백다다기,18.00kg,특,경상북도 상주시,6,37000,,,,trade
구리,(주)인터넷청과,20260106,오이,백다다기,18.00kg,특,경상북도 상주시,5,42000,,,,trade
구리,(주)인터넷청과,20260106,오이,백다다기,18.00kg,특,경상북도 상주시,1,38000,,,,trade
구리,(주)인터넷청과,20260106,오이,백다다기,18.00kg,특,경상북도 상주시,30,34000,,,,trade
구리,(주)인터넷청과,20260106,오이,백다다기,18.00kg,특,경상북도 상주시,10,34000,,,,trade
구리,(주)인터넷청과,20260106,오이,백다다기,18.00kg,특,경상북도 상주시,40,42000,,,,trade
구리,(주)인터넷청과,20260106,오이,백다다기,18.00kg,특,경상북도 상주시,6,34000,,,,trade
구리,(주)인터넷청과,20260106,오이,백다다기,18.00kg,특,경상북도 상주시,9,32000,,,,trade
구리,(주)인터넷청과,20260106,오이,백다다기,18.00kg,특,경상북도 상주시,2,30000,,,,trade
구리,(주)인터넷청과,20260106,오이,백다다기,18.00kg,특,경상북도 상주시,11,32000,,,,trade
구리,(주)인터넷청과,20260106,오이,백다다기,18.00kg,특,경상북도 상주시,35,34000,,,,trade
구리,(주)인터넷청과,20260106,오이,백다다기,18.00kg,특,경상북도 상주시,2,32000,,,,trade
구리,(주)인터넷청과,20260106,오이,백다다기,18.00kg,특,경상북도 상주시,18,29000,,,,trade
구리,(주)인터넷청과,20260106,오이,백다다기,18.00kg,특,경상북도 상주시,3,30000,,,,trade
구리,(주)인터넷청과,20260106,오이,백다다기,18.00kg,특,경상북도 상주시,2,30000,,,,trade
구리,(주)인터넷청과,20260106,오이,백다다기,18.00kg,특,경상북도 상주시,3,32000,,,,trade
구리,(주)인터넷청과,20260106,오이,백다다기,18.00kg,특,경상북도 상주시,10,29000,,,,trade
구리,(주)인터넷청과,20260106,오이,백다다기,18.00kg,특,경상북도 상주시,3,28000,,,,trade
구리,(주)인터넷청과,20260106,오이,백다다기,18.00kg,특,경상북도 상주시,48,29000,,,,trade
구리,(주)인터넷청과,20260108,오이,백다다기,18.00kg,특,경상북도 상주시,13,75000,,,,trade
구리,(주)인터넷청과,20260108,오이,백다다기,18.00kg,특,경상북도 상주시,6,60000,,,,trade
구리,(주)인터넷청과,20260108,오이,백다다기,18.00kg,특,경상북도 상주시,1,63000,,,,trade
구리,(주)인터넷청과,20260108,오이,백다다기,18.00kg,특,경상북도 상주시,1,64000,,,,trade
구리,(주)인터넷청과,20260108,오이,백다다기,18.00kg,특,경상북도 상주시,3,66000,,,,trade
구리,(주)인터넷청과,20260108,오이,백다다기,18.00kg,특,경상북도 상주시,2,68000,,,,trade
구리,(주)인터넷청과,20260108,오이,백다다기,18.00kg,특,경상북도 상주시,4,68000,,,,trade
구리,(주)인터넷청과,20260108,오이,백다다기,18.00kg,특,경상북도 상주시,8,48000,,,,trade
구리,(주)인터넷청과,20260108,오이,백다다기,18.00kg,특,경상북도 상주시,1,45000,,,,trade
구리,(주)인터넷청과,20260108,오이,백다다기,18.00kg,특,경상북도 상주시,2,43000,,,,trade
구리,(주)인터넷청과,20260108,오이,백다다기,18.00kg,특,경상북도 상주시,2,44000,,,,trade
구리,(주)인터넷청과,20260108,오이,백다다기,18.00kg,특,경상북도 상주시,2,43000,,,,trade
구리,(주)인터넷청과,20260108,오이,백다다기,18.00kg,특,경상북도 상주시,1,45000,,,,trade
구리,(주)인터넷청과,20260108,오이,백다다기,18.00kg,특,경상북도 상주시,3,43000,,,,trade
구리,(주)인터넷청과,20260108,오이,백다다기,18.00kg,특,경상북도 상주시,2,38000,,,,trade
구리,(주)인터넷청과,20260108,오이,백다다기,18.00kg,특,경상북도 상주시,1,40000,,,,trade
구리,(주)인터넷청과,20260108,오이,백다다기,18.00kg,특,경상북도 상주시,10,40000,,,,trade
구리,(주)인터넷청과,20260108,오이,백다다기,18.00kg,특,경상북도 상주시,9,38000,,,,trade
구리,(주)인터넷청과,20260108,오이,백다다기,18.00kg,특,경상북도 상주시,18,38000,,,,trade
구리,(주)인터넷청과,20260108,오이,백다다기,18.00kg,특,경상북도 상주시,1,36000,,,,trade
구리,(주)인터넷청과,20260108,오이,백다다기,18.00kg,특,경상북도 상주시,1,37000,,,,trade
구리,(주)인터넷청과,20260108,오이,백다다기,18.00kg,특,경상북도 상주시,7,38000,,,,trade
구리,(주)인터넷청과,20260108,오이,백다다기,18.00kg,특,경상북도 상주시,14,38000,,,,trade
구리,(주)인터넷청과,20260108,오이,백다다기,18.00kg,특,경상북도 상주시,25,38000,,,,trade
구리,(주)인터넷청과,20260108,오이,백다다기,18.00kg,특,경상북도 상주시,3,38000,,,,trade
구리,(주)인터넷청과,20260108,오이,백다다기,10.00kg,특,전라남도 고흥군,10,47000,,,,trade
구리,(주)인터넷청과,20260108,오이,백다다기,10.00kg,특,전라남도 고흥군,1,32000,,,,trade
구리,(주)인터넷청과,20260108,오이,백다다기,10.00kg,특,전라남도 고흥군,15,47000,,,,trade
구리,(주)인터넷청과,20260108,오이,백다다기,10.00kg,특,전라남도 고흥군,19,34000,,,,trade
구리,(주)인터넷청과,20260108,오이,백다다기,10.00kg,특,전라남도 고흥군,11,48000,,,,trade
구리,(주)인터넷청과,20260108,오이,백다다기,10.00kg,특,전라남도 고흥군,1,33000,,,,trade
구리,(주)인터넷청과,20260108,오이,백다다기,10.00kg,특,전라남도 고흥군,3,32000,,,,trade
구리,(주)인터넷청과,20260108,오이,백다다기,10.00kg,특,전라남도 고흥군,2,23000,,,,trade
구리,(주)인터넷청과,20260108,오이,백다다기,10.00kg,특,전라남도 고흥군,6,48000,,,,trade
구리,(주)인터넷청과,20260108,오이,백다다기,10.00kg,특,전라남도 고흥군,3,33000,,,,trade
구리,(주)인터넷청과,20260108,오이,백다다기,10.00kg,특,전라남도 고흥군,5,35000,,,,trade
구리,(주)인터넷청과,20260108,오이,백다다기,10.00kg,특,전라남도 고흥군,6,35000,,,,trade
구리,(주)인터넷청과,20260108,오이,백다다기,10.00kg,특,전라남도 고흥군,3,32000,,,,trade
구리,(주)인터넷청과,20260108,오이,백다다기,10.00kg,특,전라남도 고흥군,7,23000,,,,trade
구리,(주)인터넷청과,20260108,오이,백다다기,10.00kg,특,전라남도 고흥군,1,30000,,,,trade
구리,(주)인터넷청과,20260108,오이,백다다기,10.00kg,특,전라남도 고흥군,1,30000,,,,trade
구리,(주)인터넷청과,20260108,오이,백다다기,10.00kg,특,전라남도 고흥군,20,50000,,,,trade
구리,(주)인터넷청과,20260108,오이,백다다기,10.00kg,특,전라남도 고흥군,3,33000,,,,trade
구리,(주)인터넷청과,20260108,오이,백다다기,10.00kg,특,전라남도 고흥군,1,22000,,,,trade
구리,(주)인터넷청과,20260108,오이,백다다기,10.00kg,특,전라남도 고흥군,32,50000,,,,trade
구리,(주)인터넷청과,20260108,오이,백다다기,10.00kg,특,전라남도 고흥군,2,31000,,,,trade
구리,(주)인터넷청과,20260108,오이,백다다기,10.00kg,특,전라남도 고흥군,1,25000,,,,trade
구리,(주)인터넷청과,20260108,오이,백다다기,10.00kg,특,전라남도 고흥군,6,43000,,,,trade
구리,(주)인터넷청과,20260108,오이,백다다기,10.00kg,특,전라남도 고흥군,8,32000,,,,trade
구리,(주)인터넷청과,20260108,오이,백다다기,10.00kg,특,전라남도 고흥군,8,48000,,,,trade
구리,(주)인터넷청과,20260108,오이,백다다기,10.00kg,특,전라남도 고흥군,5,40000,,,,trade
구리,(주)인터넷청과,20260108,오이,백다다기,10.00kg,특,전라남도 고흥군,2,33000,,,,trade
구리,(주)인터넷청과,20260108,오이,백다다기,10.00kg,특,전라남도 고흥군,2,23000,,,,trade
구리,(주)인터넷청과,20260108,오이,백다다기,10.00kg,특,전라남도 고흥군,12,48000,,,,trade
구리,(주)인터넷청과,20260108,오이,백다다기,10.00kg,특,전라남도 고흥군,7,32000,,,,trade
구리,(주)인터넷청과,20260108,오이,백다다기,10.00kg,특,전라남도 고흥군,10,33000,,,,trade
구리,(주)인터넷청과,20260108,오이,백다다기,10.00kg,특,전라남도 고흥군,3,19000,,,,trade
구리,(주)인터넷청과,20260108,오이,백다다기,10.00kg,특,전라남도 고흥군,4,26000,,,,trade
구리,(주)인터넷청과,20260108,오이,백다다기,10.00kg,특,전라남도 고흥군,3,18000,,,,trade
구리,(주)인터넷청과,20260108,오이,백다다기,10.00kg,특,전라남도 고흥군,12,48000,,,,trade
구리,(주)인터넷청과,20260108,오이,백다다기,10.00kg,특,전라남도 고흥군,5,34000,,,,trade
구리,(주)인터넷청과,20260108,오이,백다다기,10.00kg,특,전라남도 고흥군,4,18000,,,,trade
구리,(주)인터넷청과,20260108,오이,백다다기,10.00kg,특,전라남도 고흥군,6,47000,,,,trade
구리,(주)인터넷청과,20260108,오이,백다다기,10.00kg,특,전라남도 고흥군,3,28000,,,,trade
구리,(주)인터넷청과,20260108,오이,백다다기,10.00kg,특,전라남도 고흥군,3,24000,,,,trade
구리,(주)인터넷청과,20260108,오이,백다다기,10.00kg,특,전라남도 고흥군,15,45000,,,,trade
구리,(주)인터넷청과,20260108,오이,백다다기,10.00kg,특,전라남도 고흥군,4,33000,,,,trade
구리,(주)인터넷청과,20260108,오이,백다다기,10.00kg,특,전라남도 고흥군,6,32000,,,,trade
구리,(주)인터넷청과,20260108,오이,백다다기,10.00kg,특,전라남도 고흥군,13,48000,,,,trade
구리,(주)인터넷청과,20260108,오이,백다다기,10.00kg,특,전라남도 고흥군,19,49000,,,,trade
구리,(주)인터넷청과,20260108,오이,백다다기,10.00kg,특,전라남도 고흥군,2,36000,,,,trade
구리,(주)인터넷청과,20260108,오이,백다다기,10.00kg,특,전라남도 고흥군,12,32000,,,,trade
구리,(주)인터넷청과,20260108,오이,백다다기,10.00kg,특,전라남도 고흥군,18,48000,,,,trade
구리,(주)인터넷청과,20260108,오이,백다다기,10.00kg,특,전라남도 고흥군,8,48000,,,,trade
구리,(주)인터넷청과,20260108,오이,백다다기,10.00kg,특,전라남도 고흥군,4,36000,,,,trade
구리,(주)인터넷청과,20260108,오이,백다다기,10.00kg,특,전라남도 고흥군,6,46000,,,,trade
구리,(주)인터넷청과,20260108,오이,백다다기,10.00kg,특,전라남도 고흥군,16,44000,,,,trade
구리,(주)인터넷청과,20260108,오이,백다다기,10.00kg,특,전라남도 고흥군,4,28000,,,,trade
구리,(주)인터넷청과,20260108,오이,백다다기,10.00kg,특,전라남도 고흥군,26,46000,,,,trade
구리,(주)인터넷청과,20260108,오이,백다다기,10.00kg,특,전라남도 고흥군,12,48000,,,,trade
구리,(주)인터넷청과,20260108,오이,백다다기,10.00kg,특,전라남도 고흥군,7,38000,,,,trade
구리,(주)인터넷청과,20260108,오이,백다다기,10.00kg,특,전라남도 고흥군,1,13500,,,,trade
구리,(주)인터넷청과,20260108,오이,백다다기,10.00kg,특,전라남도 보성군,6,22000,,,,trade
구리,(주)인터넷청과,20260108,오이,백다다기,10.00kg,특,전라남도 보성군,5,26000,,,,trade
구리,(주)인터넷청과,20260108,오이,백다다기,10.00kg,특,전라남도 보성군,7,41000,,,,trade
구리,(주)인터넷청과,20260113,오이,백다다기,10.00kg,특,전라남도 보성군,4,35000,,,,trade
구리,(주)인터넷청과,20260113,오이,백다다기,10.00kg,특,전라남도 보성군,2,28000,,,,trade
구리,(주)인터넷청과,20260113,오이,백다다기,10.00kg,특,전라남도 보성군,2,18000,,,,trade
구리,(주)인터넷청과,20260113,오이,백다다기,18.00kg,특,경상북도 상주시,30,53000,,,,trade
구리,(주)인터넷청과,20260113,오이,백다다기,18.00kg,특,경상북도 상주시,1,51000,,,,trade
구리,(주)인터넷청과,20260113,오이,백다다기,18.00kg,특,경상북도 상주시,26,47000,,,,trade
구리,(주)인터넷청과,20260113,오이,백다다기,18.00kg,특,경상북도 상주시,22,40000,,,,trade
구리,(주)인터넷청과,20260113,오이,백다다기,18.00kg,특,경상북도 상주시,22,40000,,,,trade
구리,(주)인터넷청과,20260113,오이,백다다기,18.00kg,특,경상북도 상주시,20,36000,,,,trade
구리,(주)인터넷청과,20260113,오이,백다다기,18.00kg,특,경상북도 상주시,9,38000,,,,trade
구리,(주)인터넷청과,20260113,오이,백다다기,18.00kg,특,충청남도 부여군,5,18500,,,,trade
구리,(주)인터넷청과,20260113,오이,백다다기,18.00kg,특,충청남도 부여군,1,26000,,,,trade
구리,(주)인터넷청과,20260115,오이,백다다기,18.00kg,특,경상북도 상주시,19,61000,,,,trade
구리,(주)인터넷청과,20260115,오이,백다다기,18.00kg,특,경상북도 상주시,18,61000,,,,trade
구리,(주)인터넷청과,20260115,오이,백다다기,18.00kg,특,경상북도 상주시,17,50000,,,,trade
구리,(주)인터넷청과,20260115,오이,백다다기,18.00kg,특,경상북도 상주시,17,50000,,,,trade
구리,(주)인터넷청과,20260115,오이,백다다기,18.00kg,특,경상북도 상주시,22,45000,,,,trade
구리,(주)인터넷청과,20260115,오이,백다다기,18.00kg,특,경상북도 상주시,21,45000,,,,trade
구리,(주)인터넷청과,20260115,오이,백다다기,18.00kg,특,경상북도 상주시,22,45000,,,,trade
구리,(주)인터넷청과,20260115,오이,백다다기,18.00kg,특,경상북도 상주시,21,45000,,,,trade
구리,(주)인터넷청과,20260115,오이,백다다기,18.00kg,특,경상북도 상주시,4,39000,,,,trade
구리,(주)인터넷청과,20260115,오이,백다다기,10.00kg,특,전라남도 보성군,7,37000,,,,trade
구리,(주)인터넷청과,20260115,오이,백다다기,10.00kg,특,전라남도 보성군,1,28000,,,,trade
구리,(주)인터넷청과,20260115,오이,백다다기,10.00kg,특,전라남도 보성군,2,16000,,,,trade
구리,(주)인터넷청과,20260115,오이,백다다기,18.00kg,특,경상북도 상주시,33,36000,,,,trade
구리,(주)인터넷청과,20260115,오이,백다다기,18.00kg,특,경상북도 상주시,32,36000,,,,trade
구리,(주)인터넷청과,20260115,오이,백다다기,18.00kg,특,경상북도 상주시,38,34000,,,,trade
구리,(주)인터넷청과,20260115,오이,백다다기,18.00kg,특,경상북도 상주시,5,36000,,,,trade
구리,(주)인터넷청과,20260115,오이,백다다기,18.00kg,특,경상북도 상주시,23,46000,,,,trade
구리,(주)인터넷청과,20260115,오이,백다다기,18.00kg,특,경상북도 상주시,35,40000,,,,trade
구리,(주)인터넷청과,20260115,오이,백다다기,18.00kg,특,경상북도 상주시,35,40000,,,,trade
구리,(주)인터넷청과,20260115,오이,백다다기,18.00kg,특,경상북도 상주시,35,40000,,,,trade
구리,(주)인터넷청과,20260115,오이,백다다기,18.00kg,특,충청남도 부여군,14,72000,,,,trade
구리,(주)인터넷청과,20260115,오이,백다다기,18.00kg,특,충청남도 부여군,1,46000,,,,trade
구리,(주)인터넷청과,20260115,오이,백다다기,10.00kg,특,전라남도 고흥군,12,36000,,,,trade
구리,(주)인터넷청과,20260115,오이,백다다기,10.00kg,특,전라남도 고흥군,1,32000,,,,trade
구리,(주)인터넷청과,20260115,오이,백다다기,10.00kg,특,전라남도 고흥군,9,30000,,,,trade
구리,(주)인터넷청과,20260115,오이,백다다기,10.00kg,특,전라남도 고흥군,3,30000,,,,trade
구리,(주)인터넷청과,20260115,오이,백다다기,10.00kg,특,전라남도 고흥군,1,15000,,,,trade
구리,(주)인터넷청과,20260115,오이,백다다기,10.00kg,특,전라남도 고흥군,1,18000,,,,trade
구리,(주)인터넷청과,20260115,오이,백다다기,10.00kg,특,전라남도 고흥군,16,36000,,,,trade
구리,(주)인터넷청과,20260115,오이,백다다기,10.00kg,특,전라남도 고흥군,25,38000,,,,trade
구리,(주)인터넷청과,20260115,오이,백다다기,10.00kg,특,전라남도 고흥군,1,30000,,,,trade
구리,(주)인터넷청과,20260115,오이,백다다기,10.00kg,특,전라남도 고흥군,28,38000,,,,trade
구리,(주)인터넷청과,20260115,오이,백다다기,10.00kg,특,전라남도 고흥군,6,33000,,,,trade
구리,(주)인터넷청과,20260115,오이,백다다기,10.00kg,특,전라남도 고흥군,1,18000,,,,trade
구리,(주)인터넷청과,20260115,오이,백다다기,10.00kg,특,전라남도 고흥군,2,33000,,,,trade
구리,(주)인터넷청과,20260115,오이,백다다기,10.00kg,특,전라남도 고흥군,37,43000,,,,trade
구리,(주)인터넷청과,20260115,오이,백다다기,10.00kg,특,전라남도 고흥군,6,33000,,,,trade
구리,(주)인터넷청과,20260115,오이,백다다기,10.00kg,특,전라남도 고흥군,1,28000,,,,trade
구리,(주)인터넷청과,20260115,오이,백다다기,10.00kg,특,전라남도 고흥군,36,46000,,,,trade
구리,(주)인터넷청과,20260115,오이,백다다기,10.00kg,특,전라남도 고흥군,2,33000,,,,trade
구리,(주)인터넷청과,20260115,오이,백다다기,10.00kg,특,전라남도 고흥군,24,38000,,,,trade
구리,(주)인터넷청과,20260115,오이,백다다기,10.00kg,특,전라남도 고흥군,8,31000,,,,trade
구리,(주)인터넷청과,20260115,오이,백다다기,10.00kg,특,전라남도 고흥군,12,42000,,,,trade
구리,(주)인터넷청과,20260115,오이,백다다기,10.00kg,특,전라남도 고흥군,8,35000,,,,trade
구리,(주)인터넷청과,20260115,오이,백다다기,10.00kg,특,전라남도 고흥군,11,33000,,,,trade
구리,(주)인터넷청과,20260115,오이,백다다기,10.00kg,특,전라남도 고흥군,6,37000,,,,trade
구리,(주)인터넷청과,20260115,오이,백다다기,10.00kg,특,전라남도 고흥군,8,33000,,,,trade
구리,(주)인터넷청과,20260115,오이,백다다기,10.00kg,특,전라남도 고흥군,19,40000,,,,trade
구리,(주)인터넷청과,20260115,오이,백다다기,10.00kg,특,전라남도 고흥군,39,43000,,,,trade
구리,(주)인터넷청과,20260115,오이,백다다기,10.00kg,특,전라남도 고흥군,4,35000,,,,trade
구리,(주)인터넷청과,20260115,오이,백다다기,10.00kg,특,전라남도 고흥군,17,32000,,,,trade
구리,(주)인터넷청과,20260115,오이,백다다기,10.00kg,특,전라남도 고흥군,2,15000,,,,trade
구리,(주)인터넷청과,20260115,오이,백다다기,10.00kg,특,전라남도 고흥군,25,35000,,,,trade
구리,(주)인터넷청과,20260115,오이,백다다기,10.00kg,특,전라남도 고흥군,4,22000,,,,trade
구리,(주)인터넷청과,20260115,오이,백다다기,10.00kg,특,전라남도 고흥군,10,36000,,,,trade
구리,(주)인터넷청과,20260115,오이,백다다기,10.00kg,특,전라남도 고흥군,24,32000,,,,trade
구리,(주)인터넷청과,20260115,오이,백다다기,10.00kg,특,전라남도 고흥군,14,38000,,,,trade
구리,(주)인터넷청과,20260115,오이,백다다기,10.00kg,특,전라남도 고흥군,9,32000,,,,trade
구리,(주)인터넷청과,20260115,오이,백다다기,10.00kg,특,전라남도 고흥군,6,32000,,,,trade
구리,(주)인터넷청과,20260115,오이,백다다기,10.00kg,특,전라남도 고흥군,9,38000,,,,trade
구리,(주)인터넷청과,20260115,오이,백다다기,10.00kg,특,전라남도 고흥군,3,23000,,,,trade
구리,(주)인터넷청과,20260115,오이,백다다기,10.00kg,특,전라남도 고흥군,19,35000,,,,trade
구리,(주)인터넷청과,20260115,오이,백다다기,10.00kg,특,전라남도 고흥군,6,31000,,,,trade
구리,(주)인터넷청과,20260115,오이,백다다기,10.00kg,특,전라남도 고흥군,2,14500,,,,trade
구리,(주)인터넷청과,20260115,오이,백다다기,10.00kg,특,전라남도 고흥군,5,43000,,,,trade
구리,(주)인터넷청과,20260115,오이,백다다기,10.00kg,특,전라남도 고흥군,7,34000,,,,trade
구리,(주)인터넷청과,20260115,오이,백다다기,10.00kg,특,전라남도 고흥군,6,38000,,,,trade
구리,(주)인터넷청과,20260115,오이,백다다기,10.00kg,특,전라남도 고흥군,5,30000,,,,trade
구리,(주)인터넷청과,20260115,오이,백다다기,10.00kg,특,전라남도 고흥군,9,35000,,,,trade
구리,(주)인터넷청과,20260115,오이,백다다기,10.00kg,특,전라남도 고흥군,3,33000,,,,trade
구리,(주)인터넷청과,20260115,오이,백다다기,10.00kg,특,전라남도 고흥군,10,35000,,,,trade
구리,(주)인터넷청과,20260115,오이,백다다기,10.00kg,특,전라남도 고흥군,2,31000,,,,trade
구리,(주)인터넷청과,20260115,오이,백다다기,10.00kg,특,전라남도 고흥군,3,29000,,,,trade
구리,(주)인터넷청과,20260115,오이,백다다기,10.00kg,특,전라남도 고흥군,14,24000,,,,trade
구리,(주)인터넷청과,20260115,오이,백다다기,10.00kg,특,전라남도 고흥군,1,35000,,,,trade
구리,(주)인터넷청과,20260115,오이,백다다기,10.00kg,특,전라남도 고흥군,43,43000,,,,trade
구리,(주)인터넷청과,20260120,오이,백다다기,10.00kg,특,전라남도 고흥군,24,41000,,,,trade
구리,(주)인터넷청과,20260120,오이,백다다기,10.00kg,특,전라남도 고흥군,5,37000,,,,trade
구리,(주)인터넷청과,20260120,오이,백다다기,10.00kg,특,전라남도 고흥군,16,33000,,,,trade
구리,(주)인터넷청과,20260120,오이,백다다기,10.00kg,특,전라남도 고흥군,14,40000,,,,trade
구리,(주)인터넷청과,20260120,오이,백다다기,10.00kg,특,전라남도 고흥군,1,32000,,,,trade
구리,(주)인터넷청과,20260120,오이,백다다기,10.00kg,특,전라남도 고흥군,13,40000,,,,trade
구리,(주)인터넷청과,20260120,오이,백다다기,10.00kg,특,전라남도 고흥군,12,42000,,,,trade
구리,(주)인터넷청과,20260120,오이,백다다기,10.00kg,특,전라남도 고흥군,2,34000,,,,trade
구리,(주)인터넷청과,20260120,오이,백다다기,10.00kg,특,전라남도 고흥군,1,30000,,,,trade
구리,(주)인터넷청과,20260120,오이,백다다기,10.00kg,특,전라남도 고흥군,1,23000,,,,trade
구리,(주)인터넷청과,20260120,오이,백다다기,10.00kg,특,전라남도 고흥군,7,40000,,,,trade
구리,(주)인터넷청과,20260120,오이,백다다기,10.00kg,특,전라남도 고흥군,4,31000,,,,trade
구리,(주)인터넷청과,20260120,오이,백다다기,10.00kg,특,전라남도 고흥군,48,46000,,,,trade
구리,(주)인터넷청과,20260120,오이,백다다기,10.00kg,특,전라남도 고흥군,1,35000,,,,trade
구리,(주)인터넷청과,20260120,오이,백다다기,10.00kg,특,전라남도 고흥군,1,30000,,,,trade
구리,(주)인터넷청과,20260120,오이,백다다기,10.00kg,특,전라남도 고흥군,1,28000,,,,trade
구리,(주)인터넷청과,20260120,오이,백다다기,10.00kg,특,전라남도 고흥군,30,45000,,,,trade
구리,(주)인터넷청과,20260120,오이,백다다기,10.00kg,특,전라남도 고흥군,15,45000,,,,trade
구리,(주)인터넷청과,20260120,오이,백다다기,10.00kg,특,전라남도 고흥군,7,34000,,,,trade
구리,(주)인터넷청과,20260120,오이,백다다기,10.00kg,특,전라남도 고흥군,45,45000,,,,trade
구리,(주)인터넷청과,20260120,오이,백다다기,10.00kg,특,전라남도 고흥군,2,33000,,,,trade
구리,(주)인터넷청과,20260120,오이,백다다기,10.00kg,특,전라남도 고흥군,11,48000,,,,trade
구리,(주)인터넷청과,20260120,오이,백다다기,10.00kg,특,전라남도 고흥군,1,35000,,,,trade
구리,(주)인터넷청과,20260120,오이,백다다기,10.00kg,특,전라남도 고흥군,28,41000,,,,trade
구리,(주)인터넷청과,20260120,오이,백다다기,10.00kg,특,전라남도 고흥군,1,35000,,,,trade
구리,(주)인터넷청과,20260120,오이,백다다기,10.00kg,특,전라남도 고흥군,5,33000,,,,trade
구리,(주)인터넷청과,20260120,오이,백다다기,10.00kg,특,전라남도 고흥군,3,41000,,,,trade
구리,(주)인터넷청과,20260120,오이,백다다기,10.00kg,특,전라남도 고흥군,1,35000,,,,trade
구리,(주)인터넷청과,20260120,오이,백다다기,10.00kg,특,전라남도 고흥군,9,40000,,,,trade
구리,(주)인터넷청과,20260120,오이,백다다기,10.00kg,특,전라남도 고흥군,1,16500,,,,trade
구리,(주)인터넷청과,20260120,오이,백다다기,10.00kg,특,전라남도 고흥군,6,38000,,,,trade
구리,(주)인터넷청과,20260120,오이,백다다기,10.00kg,특,전라남도 고흥군,11,32000,,,,trade
구리,(주)인터넷청과,20260120,오이,백다다기,10.00kg,특,전라남도 고흥군,18,40000,,,,trade
구리,(주)인터넷청과,20260120,오이,백다다기,10.00kg,특,전라남도 고흥군,7,28000,,,,trade
구리,(주)인터넷청과,20260120,오이,백다다기,10.00kg,특,전라남도 고흥군,9,37000,,,,trade
구리,(주)인터넷청과,20260120,오이,백다다기,10.00kg,특,전라남도 고흥군,8,32000,,,,trade
구리,(주)인터넷청과,20260120,오이,백다다기,10.00kg,특,전라남도 고흥군,11,44000,,,,trade
구리,(주)인터넷청과,20260120,오이,백다다기,10.00kg,특,전라남도 고흥군,19,37000,,,,trade
구리,(주)인터넷청과,20260120,오이,백다다기,10.00kg,특,전라남도 고흥군,6,35000,,,,trade
구리,(주)인터넷청과,20260120,오이,백다다기,10.00kg,특,전라남도 고흥군,2,29000,,,,trade
구리,(주)인터넷청과,20260120,오이,백다다기,10.00kg,특,전라남도 고흥군,2,23000,,,,trade
구리,(주)인터넷청과,20260120,오이,백다다기,10.00kg,특,전라남도 고흥군,11,41000,,,,trade
구리,(주)인터넷청과,20260120,오이,백다다기,10.00kg,특,전라남도 고흥군,6,33000,,,,trade
구리,(주)인터넷청과,20260120,오이,백다다기,10.00kg,특,전라남도 고흥군,3,16500,,,,trade
구리,(주)인터넷청과,20260120,오이,백다다기,10.00kg,특,전라남도 고흥군,10,41000,,,,trade
구리,(주)인터넷청과,20260120,오이,백다다기,10.00kg,특,전라남도 고흥군,5,34000,,,,trade
구리,(주)인터넷청과,20260120,오이,백다다기,10.00kg,특,전라남도 고흥군,2,20000,,,,trade
구리,(주)인터넷청과,20260120,오이,백다다기,10.00kg,특,전라남도 고흥군,15,40000,,,,trade
구리,(주)인터넷청과,20260120,오이,백다다기,10.00kg,특,전라남도 고흥군,5,33000,,,,trade
구리,(주)인터넷청과,20260120,오이,백다다기,10.00kg,특,전라남도 고흥군,21,41000,,,,trade
구리,(주)인터넷청과,20260120,오이,백다다기,10.00kg,특,전라남도 고흥군,20,39000,,,,trade
구리,(주)인터넷청과,20260120,오이,백다다기,10.00kg,특,전라남도 고흥군,4,24000,,,,trade
구리,(주)인터넷청과,20260120,오이,백다다기,18.00kg,특,경상북도 상주시,23,64000,,,,trade
구리,(주)인터넷청과,20260120,오이,백다다기,18.00kg,특,경상북도 상주시,23,58000,,,,trade
구리,(주)인터넷청과,20260120,오이,백다다기,18.00kg,특,경상북도 상주시,23,57000,,,,trade
구리,(주)인터넷청과,20260120,오이,백다다기,18.00kg,특,경상북도 상주시,7,50000,,,,trade
구리,(주)인터넷청과,20260120,오이,백다다기,18.00kg,특,경상북도 상주시,4,50000,,,,trade
구리,(주)인터넷청과,20260120,오이,백다다기,18.00kg,특,경상북도 상주시,3,48000,,,,trade
구리,(주)인터넷청과,20260120,오이,백다다기,18.00kg,특,경상북도 상주시,12,42000,,,,trade
구리,(주)인터넷청과,20260120,오이,백다다기,18.00kg,특,경상북도 상주시,12,46000,,,,trade
구리,(주)인터넷청과,20260120,오이,백다다기,18.00kg,특,경상북도 상주시,7,45000,,,,trade
구리,(주)인터넷청과,20260120,오이,백다다기,18.00kg,특,경상북도 상주시,5,44000,,,,trade
구리,(주)인터넷청과,20260120,오이,백다다기,18.00kg,특,경상북도 상주시,5,41000,,,,trade
구리,(주)인터넷청과,20260120,오이,백다다기,18.00kg,특,경상북도 상주시,30,40000,,,,trade
구리,(주)인터넷청과,20260120,오이,백다다기,18.00kg,특,경상북도 상주시,26,38000,,,,trade
구리,(주)인터넷청과,20260120,오이,백다다기,18.00kg,특,경상북도 상주시,25,38000,,,,trade
구리,(주)인터넷청과,20260120,오이,백다다기,18.00kg,특,경상북도 상주시,4,36000,,,,trade
구리,(주)인터넷청과,20260120,오이,백다다기,18.00kg,특,경상북도 상주시,1,36000,,,,trade
구리,(주)인터넷청과,20260120,오이,백다다기,18.00kg,특,경상북도 상주시,6,40000,,,,trade
구리,(주)인터넷청과,20260120,오이,백다다기,18.00kg,특,경상북도 상주시,6,40000,,,,trade
구리,(주)인터넷청과,20260120,오이,백다다기,18.00kg,특,경상북도 상주시,1,40000,,,,trade
구리,(주)인터넷청과,20260120,오이,백다다기,18.00kg,특,경상북도 상주시,10,34000,,,,trade
구리,(주)인터넷청과,20260120,오이,백다다기,18.00kg,특,경상북도 상주시,1,32000,,,,trade
구리,(주)인터넷청과,20260120,오이,백다다기,18.00kg,특,경상북도 상주시,32,33000,,,,trade
구리,(주)인터넷청과,20260120,오이,백다다기,18.00kg,특,경상북도 상주시,1,33000,,,,trade
구리,(주)인터넷청과,20260120,오이,백다다기,18.00kg,특,경상북도 상주시,6,34000,,,,trade
구리,(주)인터넷청과,20260120,오이,백다다기,18.00kg,특,경상북도 상주시,4,33000,,,,trade
구리,(주)인터넷청과,20260120,오이,백다다기,18.00kg,특,경상북도 상주시,1,33000,,,,trade
구리,(주)인터넷청과,20260120,오이,백다다기,18.00kg,특,경상북도 상주시,2,30000,,,,trade
구리,(주)인터넷청과,20260120,오이,백다다기,18.00kg,특,경상북도 상주시,1,30000,,,,trade
구리,(주)인터넷청과,20260120,오이,백다다기,18.00kg,특,경상북도 상주시,8,34000,,,,trade
구리,(주)인터넷청과,20260120,오이,백다다기,18.00kg,특,충청남도 부여군,1,36000,,,,trade
구리,(주)인터넷청과,20260120,오이,백다다기,18.00kg,특,충청남도 부여군,7,68000,,,,trade
구리,(주)인터넷청과,20260122,오이,백다다기,18.00kg,특,충청남도 부여군,5,63000,,,,trade
구리,(주)인터넷청과,20260122,오이,백다다기,18.00kg,특,충청남도 부여군,3,32000,,,,trade
구리,(주)인터넷청과,20260122,오이,백다다기,18.00kg,특,경상북도 상주시,19,30000,,,,trade
구리,(주)인터넷청과,20260122,오이,백다다기,18.00kg,특,경상북도 상주시,7,28000,,,,trade
구리,(주)인터넷청과,20260122,오이,백다다기,18.00kg,특,경상북도 상주시,6,28000,,,,trade
구리,(주)인터넷청과,20260122,오이,백다다기,18.00kg,특,경상북도 상주시,5,27000,,,,trade
구리,(주)인터넷청과,20260122,오이,백다다기,18.00kg,특,경상북도 상주시,3,27000,,,,trade
구리,(주)인터넷청과,20260122,오이,백다다기,18.00kg,특,경상북도 상주시,5,27000,,,,trade
구리,(주)인터넷청과,20260122,오이,백다다기,18.00kg,특,경상북도 상주시,7,28000,,,,trade
구리,(주)인터넷청과,20260122,오이,백다다기,18.00kg,특,경상북도 상주시,8,27000,,,,trade
구리,(주)인터넷청과,20260122,오이,백다다기,18.00kg,특,경상북도 상주시,13,25000,,,,trade
구리,(주)인터넷청과,20260122,오이,백다다기,18.00kg,특,경상북도 상주시,4,26000,,,,trade
구리,(주)인터넷청과,20260122,오이,백다다기,18.00kg,특,경상북도 상주시,2,26000,,,,trade
구리,(주)인터넷청과,20260122,오이,백다다기,18.00kg,특,경상북도 상주시,1,28000,,,,trade
구리,(주)인터넷청과,20260122,오이,백다다기,18.00kg,특,경상북도 상주시,4,26000,,,,trade
구리,(주)인터넷청과,20260122,오이,백다다기,18.00kg,특,경상북도 상주시,1,29000,,,,trade
구리,(주)인터넷청과,20260122,오이,백다다기,18.00kg,특,경상북도 상주시,3,26000,,,,trade
구리,(주)인터넷청과,20260122,오이,백다다기,18.00kg,특,경상북도 상주시,6,26000,,,,trade
구리,(주)인터넷청과,20260122,오이,백다다기,18.00kg,특,경상북도 상주시,3,26000,,,,trade
구리,(주)인터넷청과,20260122,오이,백다다기,18.00kg,특,경상북도 상주시,3,26000,,,,trade
구리,(주)인터넷청과,20260122,오이,백다다기,18.00kg,특,경상북도 상주시,6,26000,,,,trade
구리,(주)인터넷청과,20260122,오이,백다다기,18.00kg,특,경상북도 상주시,22,53000,,,,trade
구리,(주)인터넷청과,20260122,오이,백다다기,18.00kg,특,경상북도 상주시,10,44000,,,,trade
구리,(주)인터넷청과,20260122,오이,백다다기,18.00kg,특,경상북도 상주시,8,43000,,,,trade
구리,(주)인터넷청과,20260122,오이,백다다기,18.00kg,특,경상북도 상주시,11,40000,,,,trade
구리,(주)인터넷청과,20260122,오이,백다다기,18.00kg,특,경상북도 상주시,3,39000,,,,trade
구리,(주)인터넷청과,20260122,오이,백다다기,18.00kg,특,경상북도 상주시,13,38000,,,,trade
구리,(주)인터넷청과,20260122,오이,백다다기,18.00kg,특,경상북도 상주시,10,40000,,,,trade
구리,(주)인터넷청과,20260122,오이,백다다기,18.00kg,특,경상북도 상주시,6,38000,,,,trade
구리,(주)인터넷청과,20260122,오이,백다다기,18.00kg,특,경상북도 상주시,11,36000,,,,trade
구리,(주)인터넷청과,20260122,오이,백다다기,18.00kg,특,경상북도 상주시,8,37000,,,,trade
구리,(주)인터넷청과,20260122,오이,백다다기,18.00kg,특,경상북도 상주시,22,36000,,,,trade
구리,(주)인터넷청과,20260122,오이,백다다기,10.00kg,특,전라남도 보성군,9,30000,,,,trade
구리,(주)인터넷청과,20260122,오이,백다다기,10.00kg,특,전라남도 보성군,3,13500,,,,trade
구리,(주)인터넷청과,20260122,오이,백다다기,10.00kg,특,전라남도 고흥군,39,41000,,,,trade
구리,(주)인터넷청과,20260122,오이,백다다기,10.00kg,특,전라남도 고흥군,2,29000,,,,trade
구리,(주)인터넷청과,20260122,오이,백다다기,10.00kg,특,전라남도 고흥군,1,16000,,,,trade
구리,(주)인터넷청과,20260122,오이,백다다기,10.00kg,특,전라남도 고흥군,41,39000,,,,trade
구리,(주)인터넷청과,20260122,오이,백다다기,10.00kg,특,전라남도 고흥군,7,30000,,,,trade
구리,(주)인터넷청과,20260122,오이,백다다기,10.00kg,특,전라남도 고흥군,1,24000,,,,trade
구리,(주)인터넷청과,20260122,오이,백다다기,10.00kg,특,전라남도 고흥군,53,40000,,,,trade
구리,(주)인터넷청과,20260122,오이,백다다기,10.00kg,특,전라남도 고흥군,3,29000,,,,trade
구리,(주)인터넷청과,20260122,오이,백다다기,10.00kg,특,전라남도 고흥군,5,34000,,,,trade
구리,(주)인터넷청과,20260122,오이,백다다기,10.00kg,특,전라남도 고흥군,9,27000,,,,trade
구리,(주)인터넷청과,20260122,오이,백다다기,10.00kg,특,전라남도 고흥군,15,38000,,,,trade
구리,(주)인터넷청과,20260122,오이,백다다기,10.00kg,특,전라남도 고흥군,10,29000,,,,trade
구리,(주)인터넷청과,20260122,오이,백다다기,10.00kg,특,전라남도 고흥군,4,15000,,,,trade
구리,(주)인터넷청과,20260122,오이,백다다기,10.00kg,특,전라남도 고흥군,25,39000,,,,trade
구리,(주)인터넷청과,20260122,오이,백다다기,10.00kg,특,전라남도 고흥군,12,29000,,,,trade
구리,(주)인터넷청과,20260122,오이,백다다기,10.00kg,특,전라남도 고흥군,1,13000,,,,trade
구리,(주)인터넷청과,20260122,오이,백다다기,10.00kg,특,전라남도 고흥군,15,38000,,,,trade
구리,(주)인터넷청과,20260122,오이,백다다기,10.00kg,특,전라남도 고흥군,4,28000,,,,trade
구리,(주)인터넷청과,20260122,오이,백다다기,10.00kg,특,전라남도 고흥군,10,40000,,,,trade
구리,(주)인터넷청과,20260122,오이,백다다기,10.00kg,특,전라남도 고흥군,5,30000,,,,trade
구리,(주)인터넷청과,20260122,오이,백다다기,10.00kg,특,전라남도 고흥군,2,19000,,,,trade
구리,(주)인터넷청과,20260122,오이,백다다기,10.00kg,특,전라남도 고흥군,10,38000,,,,trade
구리,(주)인터넷청과,20260122,오이,백다다기,10.00kg,특,전라남도 고흥군,8,29000,,,,trade
구리,(주)인터넷청과,20260122,오이,백다다기,10.00kg,특,전라남도 고흥군,10,39000,,,,trade
구리,(주)인터넷청과,20260122,오이,백다다기,10.00kg,특,전라남도 고흥군,6,28000,,,,trade
구리,(주)인터넷청과,20260122,오이,백다다기,10.00kg,특,전라남도 고흥군,8,34000,,,,trade
구리,(주)인터넷청과,20260122,오이,백다다기,10.00kg,특,전라남도 고흥군,21,37000,,,,trade
구리,(주)인터넷청과,20260122,오이,백다다기,10.00kg,특,전라남도 고흥군,17,40000,,,,trade
구리,(주)인터넷청과,20260122,오이,백다다기,10.00kg,특,전라남도 고흥군,2,35000,,,,trade
구리,(주)인터넷청과,20260122,오이,백다다기,10.00kg,특,전라남도 고흥군,23,38000,,,,trade
구리,(주)인터넷청과,20260122,오이,백다다기,10.00kg,특,전라남도 고흥군,4,35000,,,,trade
구리,(주)인터넷청과,20260122,오이,백다다기,10.00kg,특,전라남도 고흥군,6,28000,,,,trade
구리,(주)인터넷청과,20260122,오이,백다다기,10.00kg,특,전라남도 고흥군,4,32000,,,,trade
구리,(주)인터넷청과,20260122,오이,백다다기,10.00kg,특,전라남도 고흥군,15,36000,,,,trade
구리,(주)인터넷청과,20260122,오이,백다다기,10.00kg,특,전라남도 고흥군,22,37000,,,,trade
구리,(주)인터넷청과,20260122,오이,백다다기,10.00kg,특,전라남도 고흥군,4,30000,,,,trade
구리,(주)인터넷청과,20260122,오이,백다다기,10.00kg,특,전라남도 고흥군,11,37000,,,,trade
구리,(주)인터넷청과,20260122,오이,백다다기,10.00kg,특,전라남도 고흥군,1,26000,,,,trade
구리,(주)인터넷청과,20260122,오이,백다다기,10.00kg,특,전라남도 고흥군,15,40000,,,,trade
구리,(주)인터넷청과,20260122,오이,백다다기,10.00kg,특,전라남도 고흥군,3,30000,,,,trade
구리,(주)인터넷청과,20260122,오이,백다다기,10.00kg,특,전라남도 고흥군,1,24000,,,,trade
구리,(주)인터넷청과,20260122,오이,백다다기,10.00kg,특,전라남도 고흥군,1,16000,,,,trade
구리,(주)인터넷청과,20260122,오이,백다다기,10.00kg,특,전라남도 고흥군,11,39000,,,,trade
구리,(주)인터넷청과,20260122,오이,백다다기,10.00kg,특,전라남도 고흥군,3,30000,,,,trade
구리,(주)인터넷청과,20260122,오이,백다다기,10.00kg,특,전라남도 고흥군,1,25000,,,,trade
구리,(주)인터넷청과,20260122,오이,백다다기,10.00kg,특,전라남도 고흥군,6,38000,,,,trade
구리,(주)인터넷청과,20260122,오이,백다다기,10.00kg,특,전라남도 고흥군,18,31000,,,,trade
구리,(주)인터넷청과,20260122,오이,백다다기,10.00kg,특,전라남도 고흥군,6,38000,,,,trade
구리,(주)인터넷청과,20260122,오이,백다다기,10.00kg,특,전라남도 고흥군,3,32000,,,,trade
구리,(주)인터넷청과,20260122,오이,백다다기,10.00kg,특,전라남도 고흥군,2,28000,,,,trade
구리,(주)인터넷청과,20260122,오이,백다다기,10.00kg,특,전라남도 고흥군,2,34000,,,,trade
구리,(주)인터넷청과,20260122,오이,백다다기,10.00kg,특,전라남도 고흥군,6,36000,,,,trade
구리,(주)인터넷청과,20260122,오이,백다다기,10.00kg,특,전라남도 고흥군,6,33000,,,,trade
구리,(주)인터넷청과,20260122,오이,백다다기,10.00kg,특,전라남도 고흥군,2,27000,,,,trade
구리,(주)인터넷청과,20260122,오이,백다다기,10.00kg,특,전라남도 고흥군,2,23000,,,,trade
구리,(주)인터넷청과,20260127,오이,백다다기,10.00kg,특,전라남도 보성군,5,34000,,,,trade
구리,(주)인터넷청과,20260127,오이,백다다기,10.00kg,특,전라남도 보성군,1,20000,,,,trade
구리,(주)인터넷청과,20260127,오이,백다다기,10.00kg,특,전라남도 보성군,1,15000,,,,trade
구리,(주)인터넷청과,20260127,오이,백다다기,18.00kg,특,경상북도 상주시,1,30000,,,,trade
구리,(주)인터넷청과,20260127,오이,백다다기,18.00kg,특,경상북도 상주시,3,29000,,,,trade
구리,(주)인터넷청과,20260127,오이,백다다기,18.00kg,특,경상북도 상주시,25,56000,,,,trade
구리,(주)인터넷청과,20260127,오이,백다다기,18.00kg,특,경상북도 상주시,25,55000,,,,trade
구리,(주)인터넷청과,20260127,오이,백다다기,18.00kg,특,경상북도 상주시,24,46000,,,,trade
구리,(주)인터넷청과,20260127,오이,백다다기,18.00kg,특,경상북도 상주시,23,37000,,,,trade
구리,(주)인터넷청과,20260127,오이,백다다기,18.00kg,특,경상북도 상주시,24,35000,,,,trade
구리,(주)인터넷청과,20260127,오이,백다다기,18.00kg,특,경상북도 상주시,16,43000,,,,trade
구리,(주)인터넷청과,20260127,오이,백다다기,18.00kg,특,경상북도 상주시,26,37000,,,,trade
구리,(주)인터넷청과,20260127,오이,백다다기,18.00kg,특,경상북도 상주시,25,37000,,,,trade
구리,(주)인터넷청과,20260127,오이,백다다기,18.00kg,특,경상북도 상주시,17,33000,,,,trade
구리,(주)인터넷청과,20260127,오이,백다다기,18.00kg,특,경상북도 상주시,7,35000,,,,trade
구리,(주)인터넷청과,20260127,오이,백다다기,18.00kg,특,경상북도 상주시,7,36000,,,,trade
구리,(주)인터넷청과,20260127,오이,백다다기,18.00kg,특,경상북도 상주시,9,34000,,,,trade
구리,(주)인터넷청과,20260127,오이,백다다기,18.00kg,특,경상북도 상주시,3,30000,,,,trade
구리,(주)인터넷청과,20260127,오이,백다다기,18.00kg,특,경상북도 상주시,1,30000,,,,trade
구리,(주)인터넷청과,20260129,오이,백다다기,10.00kg,특,전라남도 보성군,2,32000,,,,trade
구리,(주)인터넷청과,20260129,오이,백다다기,10.00kg,특,전라남도 보성군,1,18000,,,,trade
구리,(주)인터넷청과,20260129,오이,백다다기,10.00kg,특,전라남도 보성군,1,15000,,,,trade
구리,(주)인터넷청과,20260129,오이,백다다기,18.00kg,특,경상북도 상주시,3,33000,,,,trade
구리,(주)인터넷청과,20260129,오이,백다다기,18.00kg,특,경상북도 상주시,3,33000,,,,trade
구리,(주)인터넷청과,20260129,오이,백다다기,18.00kg,특,경상북도 상주시,4,33000,,,,trade
구리,(주)인터넷청과,20260129,오이,백다다기,18.00kg,특,경상북도 상주시,2,33000,,,,trade
구리,(주)인터넷청과,20260129,오이,백다다기,18.00kg,특,경상북도 상주시,1,31000,,,,trade
구리,(주)인터넷청과,20260129,오이,백다다기,18.00kg,특,경상북도 상주시,1,31000,,,,trade
구리,(주)인터넷청과,20260129,오이,백다다기,18.00kg,특,경상북도 상주시,10,35000,,,,trade
구리,(주)인터넷청과,20260129,오이,백다다기,18.00kg,특,경상북도 상주시,5,34000,,,,trade
구리,(주)인터넷청과,20260129,오이,백다다기,18.00kg,특,경상북도 상주시,2,33000,,,,trade
구리,(주)인터넷청과,20260129,오이,백다다기,18.00kg,특,경상북도 상주시,1,33000,,,,trade
구리,(주)인터넷청과,20260129,오이,백다다기,18.00kg,특,경상북도 상주시,15,47000,,,,trade
구리,(주)인터넷청과,20260129,오이,백다다기,18.00kg,특,경상북도 상주시,1,50000,,,,trade
구리,(주)인터넷청과,20260129,오이,백다다기,18.00kg,특,경상북도 상주시,31,48000,,,,trade
구리,(주)인터넷청과,20260129,오이,백다다기,18.00kg,특,경상북도 상주시,32,48000,,,,trade
구리,(주)인터넷청과,20260129,오이,백다다기,18.00kg,특,경상북도 상주시,31,57000,,,,trade
구리,(주)인터넷청과,20260129,오이,백다다기,18.00kg,특,경상북도 상주시,32,56000,,,,trade
구리,(주)인터넷청과,20260203,오이,백다다기,18.00kg,특,경상북도 상주시,23,55000,,,,trade
구리,(주)인터넷청과,20260203,오이,백다다기,18.00kg,특,경상북도 상주시,23,55000,,,,trade
구리,(주)인터넷청과,20260203,오이,백다다기,18.00kg,특,경상북도 상주시,23,55000,,,,trade
구리,(주)인터넷청과,20260203,오이,백다다기,18.00kg,특,경상북도 상주시,23,55000,,,,trade
구리,(주)인터넷청과,20260203,오이,백다다기,18.00kg,특,경상북도 상주시,30,45000,,,,trade
구리,(주)인터넷청과,20260203,오이,백다다기,18.00kg,특,경상북도 상주시,10,47000,,,,trade
구리,(주)인터넷청과,20260203,오이,백다다기,18.00kg,특,경상북도 상주시,2,43000,,,,trade
구리,(주)인터넷청과,20260203,오이,백다다기,18.00kg,특,경상북도 상주시,3,36000,,,,trade
구리,(주)인터넷청과,20260203,오이,백다다기,10.00kg,특,전라남도 보성군,2,35000,,,,trade
구리,(주)인터넷청과,20260203,오이,백다다기,10.00kg,특,전라남도 보성군,1,22000,,,,trade
구리,(주)인터넷청과,20260203,오이,백다다기,10.00kg,특,전라남도 보성군,2,16500,,,,trade
구리,(주)인터넷청과,20260203,오이,백다다기,18.00kg,특,충청남도 부여군,6,60000,,,,trade
구리,(주)인터넷청과,20260203,오이,백다다기,10.00kg,특,전라남도 고흥군,1,23000,,,,trade
구리,(주)인터넷청과,20260203,오이,백다다기,10.00kg,특,전라남도 고흥군,1,29000,,,,trade
구리,(주)인터넷청과,20260203,오이,백다다기,10.00kg,특,전라남도 고흥군,2,32000,,,,trade
구리,(주)인터넷청과,20260203,오이,백다다기,10.00kg,특,전라남도 고흥군,4,38000,,,,trade
구리,(주)인터넷청과,20260203,오이,백다다기,10.00kg,특,전라남도 고흥군,3,27000,,,,trade
구리,(주)인터넷청과,20260203,오이,백다다기,10.00kg,특,전라남도 고흥군,1,28000,,,,trade
구리,(주)인터넷청과,20260203,오이,백다다기,10.00kg,특,전라남도 고흥군,10,33000,,,,trade
구리,(주)인터넷청과,20260203,오이,백다다기,10.00kg,특,전라남도 고흥군,31,43000,,,,trade
구리,(주)인터넷청과,20260203,오이,백다다기,10.00kg,특,전라남도 고흥군,24,33000,,,,trade
구리,(주)인터넷청과,20260203,오이,백다다기,10.00kg,특,전라남도 고흥군,12,37000,,,,trade
구리,(주)인터넷청과,20260203,오이,백다다기,10.00kg,특,전라남도 고흥군,1,28000,,,,trade
구리,(주)인터넷청과,20260203,오이,백다다기,10.00kg,특,전라남도 고흥군,14,40000,,,,trade
구리,(주)인터넷청과,20260203,오이,백다다기,10.00kg,특,전라남도 고흥군,1,30000,,,,trade
구리,(주)인터넷청과,20260203,오이,백다다기,10.00kg,특,전라남도 고흥군,2,32000,,,,trade
구리,(주)인터넷청과,20260203,오이,백다다기,10.00kg,특,전라남도 고흥군,12,35000,,,,trade
구리,(주)인터넷청과,20260203,오이,백다다기,10.00kg,특,전라남도 고흥군,8,30000,,,,trade
구리,(주)인터넷청과,20260203,오이,백다다기,10.00kg,특,전라남도 고흥군,20,40000,,,,trade
구리,(주)인터넷청과,20260203,오이,백다다기,10.00kg,특,전라남도 고흥군,5,25000,,,,trade
구리,(주)인터넷청과,20260203,오이,백다다기,10.00kg,특,전라남도 고흥군,20,38000,,,,trade
구리,(주)인터넷청과,20260203,오이,백다다기,10.00kg,특,전라남도 고흥군,4,32000,,,,trade
구리,(주)인터넷청과,20260203,오이,백다다기,10.00kg,특,전라남도 고흥군,19,42000,,,,trade
구리,(주)인터넷청과,20260203,오이,백다다기,10.00kg,특,전라남도 고흥군,3,34000,,,,trade
구리,(주)인터넷청과,20260203,오이,백다다기,10.00kg,특,전라남도 고흥군,19,40000,,,,trade
구리,(주)인터넷청과,20260203,오이,백다다기,10.00kg,특,전라남도 고흥군,2,33000,,,,trade
구리,(주)인터넷청과,20260203,오이,백다다기,10.00kg,특,전라남도 고흥군,16,43000,,,,trade
구리,(주)인터넷청과,20260203,오이,백다다기,10.00kg,특,전라남도 고흥군,18,43000,,,,trade
구리,(주)인터넷청과,20260203,오이,백다다기,10.00kg,특,전라남도 고흥군,2,26000,,,,trade
구리,(주)인터넷청과,20260203,오이,백다다기,10.00kg,특,전라남도 고흥군,6,31000,,,,trade
구리,(주)인터넷청과,20260203,오이,백다다기,10.00kg,특,전라남도 고흥군,14,34000,,,,trade
구리,(주)인터넷청과,20260203,오이,백다다기,10.00kg,특,전라남도 고흥군,3,30000,,,,trade
구리,(주)인터넷청과,20260203,오이,백다다기,10.00kg,특,전라남도 고흥군,18,45000,,,,trade
구리,(주)인터넷청과,20260203,오이,백다다기,10.00kg,특,전라남도 고흥군,1,28000,,,,trade
구리,(주)인터넷청과,20260203,오이,백다다기,10.00kg,특,전라남도 고흥군,14,40000,,,,trade
구리,(주)인터넷청과,20260203,오이,백다다기,10.00kg,특,전라남도 고흥군,1,32000,,,,trade
구리,(주)인터넷청과,20260203,오이,백다다기,10.00kg,특,전라남도 고흥군,36,45000,,,,trade
구리,(주)인터넷청과,20260203,오이,백다다기,10.00kg,특,전라남도 고흥군,1,24000,,,,trade
구리,(주)인터넷청과,20260203,오이,백다다기,10.00kg,특,전라남도 고흥군,5,31000,,,,trade
구리,(주)인터넷청과,20260203,오이,백다다기,10.00kg,특,전라남도 고흥군,26,44000,,,,trade
구리,(주)인터넷청과,20260203,오이,백다다기,10.00kg,특,전라남도 고흥군,1,16500,,,,trade
구리,(주)인터넷청과,20260203,오이,백다다기,10.00kg,특,전라남도 고흥군,2,29000,,,,trade
구리,(주)인터넷청과,20260203,오이,백다다기,10.00kg,특,전라남도 고흥군,1,30000,,,,trade
구리,(주)인터넷청과,20260203,오이,백다다기,10.00kg,특,전라남도 고흥군,41,44000,,,,trade
구리,(주)인터넷청과,20260205,오이,백다다기,18.00kg,특,경상북도 상주시,4,36000,,,,trade
구리,(주)인터넷청과,20260205,오이,백다다기,18.00kg,특,경상북도 상주시,1,38000,,,,trade
구리,(주)인터넷청과,20260205,오이,백다다기,18.00kg,특,경상북도 상주시,2,38000,,,,trade
구리,(주)인터넷청과,20260205,오이,백다다기,18.00kg,특,경상북도 상주시,2,37000,,,,trade
구리,(주)인터넷청과,20260205,오이,백다다기,18.00kg,특,경상북도 상주시,3,37000,,,,trade
구리,(주)인터넷청과,20260205,오이,백다다기,18.00kg,특,경상북도 상주시,1,38000,,,,trade
구리,(주)인터넷청과,20260205,오이,백다다기,18.00kg,특,경상북도 상주시,17,37000,,,,trade
구리,(주)인터넷청과,20260205,오이,백다다기,18.00kg,특,경상북도 상주시,10,40000,,,,trade
구리,(주)인터넷청과,20260205,오이,백다다기,18.00kg,특,경상북도 상주시,1,44000,,,,trade
구리,(주)인터넷청과,20260205,오이,백다다기,18.00kg,특,경상북도 상주시,3,44000,,,,trade
구리,(주)인터넷청과,20260205,오이,백다다기,18.00kg,특,경상북도 상주시,9,43000,,,,trade
구리,(주)인터넷청과,20260205,오이,백다다기,18.00kg,특,경상북도 상주시,5,45000,,,,trade
구리,(주)인터넷청과,20260205,오이,백다다기,18.00kg,특,경상북도 상주시,10,45000,,,,trade
구리,(주)인터넷청과,20260205,오이,백다다기,18.00kg,특,경상북도 상주시,11,46000,,,,trade
구리,(주)인터넷청과,20260205,오이,백다다기,18.00kg,특,경상북도 상주시,9,47000,,,,trade
구리,(주)인터넷청과,20260205,오이,백다다기,18.00kg,특,경상북도 상주시,6,50000,,,,trade
구리,(주)인터넷청과,20260205,오이,백다다기,18.00kg,특,경상북도 상주시,9,48000,,,,trade
구리,(주)인터넷청과,20260205,오이,백다다기,18.00kg,특,경상북도 상주시,26,46000,,,,trade
구리,(주)인터넷청과,20260205,오이,백다다기,18.00kg,특,경상북도 상주시,24,50000,,,,trade
구리,(주)인터넷청과,20260205,오이,백다다기,18.00kg,특,경상북도 상주시,15,50000,,,,trade
구리,(주)인터넷청과,20260205,오이,백다다기,18.00kg,특,경상북도 상주시,31,50000,,,,trade
구리,(주)인터넷청과,20260205,오이,백다다기,18.00kg,특,경상북도 상주시,24,56000,,,,trade
구리,(주)인터넷청과,20260205,오이,백다다기,18.00kg,특,경상북도 상주시,25,56000,,,,trade
구리,(주)인터넷청과,20260205,오이,백다다기,18.00kg,특,경상북도 상주시,25,56000,,,,trade
구리,(주)인터넷청과,20260205,오이,백다다기,10.00kg,특,전라남도 보성군,2,16000,,,,trade
구리,(주)인터넷청과,20260205,오이,백다다기,10.00kg,특,전라남도 보성군,2,20000,,,,trade
구리,(주)인터넷청과,20260205,오이,백다다기,10.00kg,특,전라남도 보성군,2,35000,,,,trade
구리,(주)인터넷청과,20260205,오이,백다다기,18.00kg,특,충청남도 부여군,7,57000,,,,trade
구리,(주)인터넷청과,20260205,오이,백다다기,10.00kg,특,전라남도 고흥군,1,23000,,,,trade
구리,(주)인터넷청과,20260205,오이,백다다기,10.00kg,특,전라남도 고흥군,1,28000,,,,trade
구리,(주)인터넷청과,20260205,오이,백다다기,10.00kg,특,전라남도 고흥군,2,36000,,,,trade
구리,(주)인터넷청과,20260205,오이,백다다기,10.00kg,특,전라남도 고흥군,5,34000,,,,trade
구리,(주)인터넷청과,20260205,오이,백다다기,10.00kg,특,전라남도 고흥군,11,36000,,,,trade
구리,(주)인터넷청과,20260205,오이,백다다기,10.00kg,특,전라남도 고흥군,2,39000,,,,trade
구리,(주)인터넷청과,20260205,오이,백다다기,10.00kg,특,전라남도 고흥군,24,43000,,,,trade
구리,(주)인터넷청과,20260205,오이,백다다기,10.00kg,특,전라남도 고흥군,30,32000,,,,trade
구리,(주)인터넷청과,20260205,오이,백다다기,10.00kg,특,전라남도 고흥군,14,36000,,,,trade
구리,(주)인터넷청과,20260205,오이,백다다기,10.00kg,특,전라남도 고흥군,13,41000,,,,trade
구리,(주)인터넷청과,20260205,오이,백다다기,10.00kg,특,전라남도 고흥군,1,32000,,,,trade
구리,(주)인터넷청과,20260205,오이,백다다기,10.00kg,특,전라남도 고흥군,15,35000,,,,trade
구리,(주)인터넷청과,20260205,오이,백다다기,10.00kg,특,전라남도 고흥군,1,30000,,,,trade
구리,(주)인터넷청과,20260205,오이,백다다기,10.00kg,특,전라남도 고흥군,3,32000,,,,trade
구리,(주)인터넷청과,20260205,오이,백다다기,10.00kg,특,전라남도 고흥군,5,38000,,,,trade
구리,(주)인터넷청과,20260205,오이,백다다기,10.00kg,특,전라남도 고흥군,4,32000,,,,trade
구리,(주)인터넷청과,20260205,오이,백다다기,10.00kg,특,전라남도 고흥군,18,41000,,,,trade
구리,(주)인터넷청과,20260205,오이,백다다기,10.00kg,특,전라남도 고흥군,5,20000,,,,trade
구리,(주)인터넷청과,20260205,오이,백다다기,10.00kg,특,전라남도 고흥군,20,37000,,,,trade
구리,(주)인터넷청과,20260205,오이,백다다기,10.00kg,특,전라남도 고흥군,5,32000,,,,trade
구리,(주)인터넷청과,20260205,오이,백다다기,10.00kg,특,전라남도 고흥군,22,40000,,,,trade
구리,(주)인터넷청과,20260205,오이,백다다기,10.00kg,특,전라남도 고흥군,5,34000,,,,trade
구리,(주)인터넷청과,20260205,오이,백다다기,10.00kg,특,전라남도 고흥군,19,38000,,,,trade
구리,(주)인터넷청과,20260205,오이,백다다기,10.00kg,특,전라남도 고흥군,8,32000,,,,trade
구리,(주)인터넷청과,20260205,오이,백다다기,10.00kg,특,전라남도 고흥군,15,41000,,,,trade
구리,(주)인터넷청과,20260205,오이,백다다기,10.00kg,특,전라남도 고흥군,7,43000,,,,trade
구리,(주)인터넷청과,20260205,오이,백다다기,10.00kg,특,전라남도 고흥군,2,17000,,,,trade
구리,(주)인터넷청과,20260205,오이,백다다기,10.00kg,특,전라남도 고흥군,4,30000,,,,trade
구리,(주)인터넷청과,20260205,오이,백다다기,10.00kg,특,전라남도 고흥군,2,30000,,,,trade
구리,(주)인터넷청과,20260205,오이,백다다기,10.00kg,특,전라남도 고흥군,19,40000,,,,trade
구리,(주)인터넷청과,20260205,오이,백다다기,10.00kg,특,전라남도 고흥군,1,29000,,,,trade
구리,(주)인터넷청과,20260205,오이,백다다기,10.00kg,특,전라남도 고흥군,10,38000,,,,trade
구리,(주)인터넷청과,20260205,오이,백다다기,10.00kg,특,전라남도 고흥군,3,34000,,,,trade
구리,(주)인터넷청과,20260205,오이,백다다기,10.00kg,특,전라남도 고흥군,30,43500,,,,trade
구리,(주)인터넷청과,20260205,오이,백다다기,10.00kg,특,전라남도 고흥군,2,20000,,,,trade
구리,(주)인터넷청과,20260205,오이,백다다기,10.00kg,특,전라남도 고흥군,6,30000,,,,trade
구리,(주)인터넷청과,20260205,오이,백다다기,10.00kg,특,전라남도 고흥군,11,40000,,,,trade
구리,(주)인터넷청과,20260205,오이,백다다기,10.00kg,특,전라남도 고흥군,1,30000,,,,trade
구리,(주)인터넷청과,20260205,오이,백다다기,10.00kg,특,전라남도 고흥군,2,34000,,,,trade
구리,(주)인터넷청과,20260205,오이,백다다기,10.00kg,특,전라남도 고흥군,19,39000,,,,trade
구리,(주)인터넷청과,20260205,오이,백다다기,10.00kg,특,전라남도 고흥군,10,30000,,,,trade
구리,(주)인터넷청과,20260205,오이,백다다기,10.00kg,특,전라남도 고흥군,10,38000,,,,trade
구리,(주)인터넷청과,20260205,오이,백다다기,10.00kg,특,전라남도 고흥군,4,28000,,,,trade
구리,(주)인터넷청과,20260205,오이,백다다기,10.00kg,특,전라남도 고흥군,10,32000,,,,trade
구리,(주)인터넷청과,20260205,오이,백다다기,10.00kg,특,전라남도 고흥군,5,33000,,,,trade
구리,(주)인터넷청과,20260205,오이,백다다기,10.00kg,특,전라남도 고흥군,1,32000,,,,trade
구리,(주)인터넷청과,20260205,오이,백다다기,10.00kg,특,전라남도 고흥군,39,43000,,,,trade
구리,(주)인터넷청과,20260205,오이,백다다기,10.00kg,특,전라남도 고흥군,5,34000,,,,trade
구리,(주)인터넷청과,20260205,오이,백다다기,10.00kg,특,전라남도 고흥군,34,42000,,,,trade
구리,(주)인터넷청과,20260205,오이,백다다기,10.00kg,특,전라남도 고흥군,1,33000,,,,trade
구리,(주)인터넷청과,20260205,오이,백다다기,10.00kg,특,전라남도 고흥군,42,44000,,,,trade
구리,(주)인터넷청과,20260210,오이,백다다기,10.00kg,특,전라남도 보성군,2,37000,,,,trade
구리,(주)인터넷청과,20260210,오이,백다다기,10.00kg,특,전라남도 보성군,2,28000,,,,trade
구리,(주)인터넷청과,20260210,오이,백다다기,10.00kg,특,전라남도 보성군,2,16000,,,,trade
구리,(주)인터넷청과,20260210,오이,백다다기,18.00kg,특,경상북도 상주시,27,59000,,,,trade
구리,(주)인터넷청과,20260210,오이,백다다기,18.00kg,특,경상북도 상주시,7,61000,,,,trade
구리,(주)인터넷청과,20260210,오이,백다다기,18.00kg,특,경상북도 상주시,22,62000,,,,trade
구리,(주)인터넷청과,20260210,오이,백다다기,18.00kg,특,경상북도 상주시,4,55000,,,,trade
구리,(주)인터넷청과,20260210,오이,백다다기,18.00kg,특,경상북도 상주시,3,47000,,,,trade
구리,(주)인터넷청과,20260210,오이,백다다기,18.00kg,특,경상북도 상주시,2,50000,,,,trade
구리,(주)인터넷청과,20260210,오이,백다다기,18.00kg,특,경상북도 상주시,3,48000,,,,trade
구리,(주)인터넷청과,20260210,오이,백다다기,18.00kg,특,경상북도 상주시,1,48000,,,,trade
구리,(주)인터넷청과,20260210,오이,백다다기,18.00kg,특,경상북도 상주시,3,48000,,,,trade
구리,(주)인터넷청과,20260210,오이,백다다기,18.00kg,특,충청남도 공주시,3,58000,,,,trade
구리,(주)인터넷청과,20260210,오이,백다다기,18.00kg,특,충청남도 공주시,2,60000,,,,trade
구리,(주)인터넷청과,20260210,오이,백다다기,18.00kg,특,충청남도 공주시,1,53000,,,,trade
구리,(주)인터넷청과,20260210,오이,백다다기,18.00kg,특,충청남도 공주시,7,80000,,,,trade
구리,(주)인터넷청과,20260210,오이,백다다기,18.00kg,특,경상북도 상주시,26,54000,,,,trade
구리,(주)인터넷청과,20260210,오이,백다다기,18.00kg,특,경상북도 상주시,10,55000,,,,trade
구리,(주)인터넷청과,20260210,오이,백다다기,18.00kg,특,경상북도 상주시,10,55000,,,,trade
구리,(주)인터넷청과,20260210,오이,백다다기,18.00kg,특,경상북도 상주시,5,55000,,,,trade
구리,(주)인터넷청과,20260210,오이,백다다기,18.00kg,특,경상북도 상주시,9,52000,,,,trade
구리,(주)인터넷청과,20260210,오이,백다다기,18.00kg,특,경상북도 상주시,16,51000,,,,trade
구리,(주)인터넷청과,20260210,오이,백다다기,18.00kg,특,경상북도 상주시,1,40000,,,,trade
구리,(주)인터넷청과,20260210,오이,백다다기,18.00kg,특,경상북도 상주시,5,40000,,,,trade
구리,(주)인터넷청과,20260210,오이,백다다기,18.00kg,특,경상북도 상주시,1,40000,,,,trade
구리,(주)인터넷청과,20260210,오이,백다다기,18.00kg,특,경상북도 상주시,22,52000,,,,trade
구리,(주)인터넷청과,20260210,오이,백다다기,18.00kg,특,경상북도 상주시,3,42000,,,,trade
구리,(주)인터넷청과,20260210,오이,백다다기,18.00kg,특,경상북도 상주시,5,43000,,,,trade
구리,(주)인터넷청과,20260210,오이,백다다기,18.00kg,특,경상북도 상주시,4,42000,,,,trade
구리,(주)인터넷청과,20260210,오이,백다다기,18.00kg,특,경상북도 상주시,2,43000,,,,trade
구리,(주)인터넷청과,20260212,오이,백다다기,10.00kg,특,전라남도 보성군,1,34000,,,,trade
구리,(주)인터넷청과,20260212,오이,백다다기,10.00kg,특,전라남도 보성군,1,16000,,,,trade
구리,(주)인터넷청과,20260212,오이,백다다기,18.00kg,특,충청남도 공주시,3,68000,,,,trade
구리,(주)인터넷청과,20260212,오이,백다다기,18.00kg,특,충청남도 공주시,2,52000,,,,trade
구리,(주)인터넷청과,20260212,오이,백다다기,18.00kg,특,충청남도 공주시,4,82000,,,,trade
구리,(주)인터넷청과,20260212,오이,백다다기,18.00kg,특,충청남도 공주시,1,52000,,,,trade
구리,(주)인터넷청과,20260212,오이,백다다기,18.00kg,특,충청남도 공주시,8,92000,,,,trade
구리,(주)인터넷청과,20260212,오이,백다다기,18.00kg,특,경상북도 상주시,12,58000,,,,trade
구리,(주)인터넷청과,20260212,오이,백다다기,18.00kg,특,경상북도 상주시,4,58000,,,,trade
구리,(주)인터넷청과,20260212,오이,백다다기,18.00kg,특,경상북도 상주시,1,60000,,,,trade
구리,(주)인터넷청과,20260212,오이,백다다기,18.00kg,특,경상북도 상주시,12,56000,,,,trade
구리,(주)인터넷청과,20260212,오이,백다다기,18.00kg,특,경상북도 상주시,11,67000,,,,trade
구리,(주)인터넷청과,20260212,오이,백다다기,18.00kg,특,경상북도 상주시,15,73000,,,,trade
구리,(주)인터넷청과,20260212,오이,백다다기,18.00kg,특,경상북도 상주시,9,76000,,,,trade
구리,(주)인터넷청과,20260212,오이,백다다기,18.00kg,특,경상북도 상주시,18,80000,,,,trade
구리,(주)인터넷청과,20260212,오이,백다다기,18.00kg,특,경상북도 상주시,6,80000,,,,trade
구리,(주)인터넷청과,20260212,오이,백다다기,18.00kg,특,경상북도 상주시,24,82000,,,,trade
구리,(주)인터넷청과,20260212,오이,백다다기,18.00kg,특,충청남도 부여군,4,62000,,,,trade
구리,(주)인터넷청과,20260212,오이,백다다기,18.00kg,특,충청남도 부여군,2,42000,,,,trade
구리,(주)인터넷청과,20260212,오이,백다다기,18.00kg,특,경상북도 상주시,25,74000,,,,trade
구리,(주)인터넷청과,20260212,오이,백다다기,18.00kg,특,경상북도 상주시,21,68000,,,,trade
구리,(주)인터넷청과,20260212,오이,백다다기,18.00kg,특,경상북도 상주시,36,67000,,,,trade
구리,(주)인터넷청과,20260212,오이,백다다기,18.00kg,특,경상북도 상주시,4,56000,,,,trade
구리,(주)인터넷청과,20260212,오이,백다다기,18.00kg,특,경상북도 상주시,1,60000,,,,trade
구리,(주)인터넷청과,20260212,오이,백다다기,18.00kg,특,경상북도 상주시,16,60000,,,,trade
구리,(주)인터넷청과,20260212,오이,백다다기,18.00kg,특,경상북도 상주시,2,56000,,,,trade
구리,(주)인터넷청과,20260212,오이,백다다기,18.00kg,특,경상북도 상주시,4,56000,,,,trade
구리,(주)인터넷청과,20260212,오이,백다다기,18.00kg,특,경상북도 상주시,3,52000,,,,trade
구리,(주)인터넷청과,20260212,오이,백다다기,18.00kg,특,충청남도 공주시,6,90000,,,,trade
구리,(주)인터넷청과,20260212,오이,백다다기,18.00kg,특,충청남도 공주시,2,68000,,,,trade
구리,(주)인터넷청과,20260212,오이,백다다기,18.00kg,특,충청남도 공주시,2,68000,,,,trade
구리,(주)인터넷청과,20260212,오이,백다다기,10.00kg,특,전라남도 고흥군,2,32000,,,,trade
구리,(주)인터넷청과,20260212,오이,백다다기,10.00kg,특,전라남도 고흥군,2,33000,,,,trade
구리,(주)인터넷청과,20260212,오이,백다다기,10.00kg,특,전라남도 고흥군,10,40000,,,,trade
구리,(주)인터넷청과,20260212,오이,백다다기,10.00kg,특,전라남도 고흥군,8,38000,,,,trade
구리,(주)인터넷청과,20260212,오이,백다다기,10.00kg,특,전라남도 고흥군,15,41000,,,,trade
구리,(주)인터넷청과,20260212,오이,백다다기,10.00kg,특,전라남도 고흥군,3,36000,,,,trade
구리,(주)인터넷청과,20260212,오이,백다다기,10.00kg,특,전라남도 고흥군,12,34000,,,,trade
구리,(주)인터넷청과,20260212,오이,백다다기,10.00kg,특,전라남도 고흥군,20,48000,,,,trade
구리,(주)인터넷청과,20260212,오이,백다다기,10.00kg,특,전라남도 고흥군,3,34000,,,,trade
구리,(주)인터넷청과,20260212,오이,백다다기,10.00kg,특,전라남도 고흥군,13,45000,,,,trade
구리,(주)인터넷청과,20260212,오이,백다다기,10.00kg,특,전라남도 고흥군,1,32000,,,,trade
구리,(주)인터넷청과,20260212,오이,백다다기,10.00kg,특,전라남도 고흥군,16,43000,,,,trade
구리,(주)인터넷청과,20260212,오이,백다다기,10.00kg,특,전라남도 고흥군,1,27000,,,,trade
구리,(주)인터넷청과,20260212,오이,백다다기,10.00kg,특,전라남도 고흥군,19,45000,,,,trade
구리,(주)인터넷청과,20260212,오이,백다다기,10.00kg,특,전라남도 고흥군,7,37000,,,,trade
구리,(주)인터넷청과,20260212,오이,백다다기,10.00kg,특,전라남도 고흥군,4,34000,,,,trade
구리,(주)인터넷청과,20260212,오이,백다다기,10.00kg,특,전라남도 고흥군,16,32000,,,,trade
구리,(주)인터넷청과,20260212,오이,백다다기,10.00kg,특,전라남도 고흥군,3,17000,,,,trade
구리,(주)인터넷청과,20260212,오이,백다다기,10.00kg,특,전라남도 고흥군,46,46000,,,,trade
구리,(주)인터넷청과,20260212,오이,백다다기,10.00kg,특,전라남도 고흥군,2,36000,,,,trade
구리,(주)인터넷청과,20260212,오이,백다다기,10.00kg,특,전라남도 고흥군,11,36000,,,,trade
구리,(주)인터넷청과,20260212,오이,백다다기,10.00kg,특,전라남도 고흥군,13,39000,,,,trade
구리,(주)인터넷청과,20260212,오이,백다다기,10.00kg,특,전라남도 고흥군,1,27000,,,,trade
구리,(주)인터넷청과,20260212,오이,백다다기,10.00kg,특,전라남도 고흥군,24,40000,,,,trade
구리,(주)인터넷청과,20260212,오이,백다다기,10.00kg,특,전라남도 고흥군,6,26000,,,,trade
구리,(주)인터넷청과,20260212,오이,백다다기,10.00kg,특,전라남도 고흥군,14,43000,,,,trade
구리,(주)인터넷청과,20260212,오이,백다다기,10.00kg,특,전라남도 고흥군,5,32000,,,,trade
구리,(주)인터넷청과,20260212,오이,백다다기,10.00kg,특,전라남도 고흥군,3,35000,,,,trade
구리,(주)인터넷청과,20260212,오이,백다다기,10.00kg,특,전라남도 고흥군,14,51000,,,,trade
구리,(주)인터넷청과,20260212,오이,백다다기,10.00kg,특,전라남도 고흥군,13,31000,,,,trade
구리,(주)인터넷청과,20260212,오이,백다다기,10.00kg,특,전라남도 고흥군,5,36000,,,,trade
구리,(주)인터넷청과,20260212,오이,백다다기,10.00kg,특,전라남도 고흥군,4,36000,,,,trade
구리,(주)인터넷청과,20260212,오이,백다다기,10.00kg,특,전라남도 고흥군,5,18000,,,,trade
구리,(주)인터넷청과,20260212,오이,백다다기,10.00kg,특,전라남도 고흥군,31,50000,,,,trade
구리,(주)인터넷청과,20260212,오이,백다다기,10.00kg,특,전라남도 고흥군,6,40000,,,,trade
구리,(주)인터넷청과,20260212,오이,백다다기,10.00kg,특,전라남도 고흥군,9,35000,,,,trade
구리,(주)인터넷청과,20260212,오이,백다다기,10.00kg,특,전라남도 고흥군,19,46000,,,,trade
구리,(주)인터넷청과,20260212,오이,백다다기,10.00kg,특,전라남도 고흥군,18,30000,,,,trade
구리,(주)인터넷청과,20260212,오이,백다다기,10.00kg,특,전라남도 고흥군,5,14000,,,,trade
구리,(주)인터넷청과,20260212,오이,백다다기,10.00kg,특,전라남도 고흥군,23,35000,,,,trade
구리,(주)인터넷청과,20260212,오이,백다다기,10.00kg,특,전라남도 고흥군,40,32000,,,,trade
구리,(주)인터넷청과,20260212,오이,백다다기,10.00kg,특,전라남도 고흥군,18,43000,,,,trade
구리,(주)인터넷청과,20260212,오이,백다다기,10.00kg,특,전라남도 고흥군,8,32000,,,,trade
구리,(주)인터넷청과,20260212,오이,백다다기,10.00kg,특,전라남도 고흥군,27,45000,,,,trade
구리,(주)인터넷청과,20260212,오이,백다다기,10.00kg,특,전라남도 고흥군,15,43000,,,,trade
구리,(주)인터넷청과,20260212,오이,백다다기,10.00kg,특,전라남도 고흥군,2,38000,,,,trade
구리,(주)인터넷청과,20260212,오이,백다다기,10.00kg,특,전라남도 고흥군,26,48000,,,,trade
구리,(주)인터넷청과,20260212,오이,백다다기,10.00kg,특,전라남도 고흥군,3,14500,,,,trade
구리,(주)인터넷청과,20260212,오이,백다다기,10.00kg,특,전라남도 고흥군,11,32000,,,,trade
구리,(주)인터넷청과,20260212,오이,백다다기,10.00kg,특,전라남도 고흥군,15,43000,,,,trade
구리,(주)인터넷청과,20260212,오이,백다다기,10.00kg,특,전라남도 고흥군,2,37000,,,,trade
구리,(주)인터넷청과,20260212,오이,백다다기,10.00kg,특,전라남도 고흥군,7,35000,,,,trade
구리,(주)인터넷청과,20260212,오이,백다다기,10.00kg,특,전라남도 고흥군,16,33000,,,,trade
구리,(주)인터넷청과,20260212,오이,백다다기,10.00kg,특,전라남도 고흥군,23,47000,,,,trade
구리,(주)인터넷청과,20260212,오이,백다다기,10.00kg,특,전라남도 고흥군,23,47000,,,,trade
구리,(주)인터넷청과,20260212,오이,백다다기,10.00kg,특,전라남도 고흥군,35,47000,,,,trade
구리,(주)인터넷청과,20260212,오이,백다다기,10.00kg,특,전라남도 고흥군,1,32000,,,,trade
구리,(주)인터넷청과,20260212,오이,백다다기,10.00kg,특,전라남도 고흥군,2,30000,,,,trade
구리,(주)인터넷청과,20260212,오이,백다다기,10.00kg,특,전라남도 고흥군,7,34000,,,,trade
구리,(주)인터넷청과,20260212,오이,백다다기,10.00kg,특,전라남도 고흥군,1,28000,,,,trade
구리,(주)인터넷청과,20260212,오이,백다다기,10.00kg,특,전라남도 고흥군,1,33000,,,,trade
구리,(주)인터넷청과,20260212,오이,백다다기,10.00kg,특,전라남도 고흥군,1,25000,,,,trade
구리,(주)인터넷청과,20260212,오이,백다다기,10.00kg,특,전라남도 고흥군,16,33000,,,,trade
구리,(주)인터넷청과,20260212,오이,백다다기,10.00kg,특,전라남도 고흥군,47,49000,,,,trade
구리,(주)인터넷청과,20260212,오이,백다다기,10.00kg,특,전라남도 고흥군,3,23000,,,,trade
구리,(주)인터넷청과,20260212,오이,백다다기,10.00kg,특,전라남도 고흥군,13,38000,,,,trade
구리,(주)인터넷청과,20260219,오이,백다다기,18.00kg,특,경상북도 상주시,19,44000,,,,trade
구리,(주)인터넷청과,20260219,오이,백다다기,18.00kg,특,경상북도 상주시,40,36000,,,,trade
구리,(주)인터넷청과,20260219,오이,백다다기,18.00kg,특,경상북도 상주시,7,32000,,,,trade
구리,(주)인터넷청과,20260219,오이,백다다기,18.00kg,특,경상북도 상주시,45,32000,,,,trade
구리,(주)인터넷청과,20260219,오이,백다다기,18.00kg,특,경상북도 상주시,25,30000,,,,trade
구리,(주)인터넷청과,20260219,오이,백다다기,18.00kg,특,경상북도 상주시,12,30000,,,,trade
구리,(주)인터넷청과,20260219,오이,백다다기,18.00kg,특,경상북도 상주시,8,30000,,,,trade
구리,(주)인터넷청과,20260219,오이,백다다기,18.00kg,특,경상북도 상주시,11,30000,,,,trade
구리,(주)인터넷청과,20260219,오이,백다다기,18.00kg,특,경상북도 상주시,24,24000,,,,trade
구리,(주)인터넷청과,20260219,오이,백다다기,18.00kg,특,경상북도 상주시,2,24000,,,,trade
구리,(주)인터넷청과,20260219,오이,백다다기,18.00kg,특,경상북도 상주시,8,24000,,,,trade
구리,(주)인터넷청과,20260219,오이,백다다기,18.00kg,특,경상북도 상주시,4,25000,,,,trade
구리,(주)인터넷청과,20260219,오이,백다다기,18.00kg,특,경상북도 상주시,1,24000,,,,trade
구리,(주)인터넷청과,20260219,오이,백다다기,18.00kg,특,경상북도 상주시,3,24000,,,,trade
구리,(주)인터넷청과,20260219,오이,백다다기,18.00kg,특,경상북도 상주시,5,23000,,,,trade
구리,(주)인터넷청과,20260219,오이,백다다기,18.00kg,특,경상북도 상주시,15,22000,,,,trade
구리,(주)인터넷청과,20260219,오이,백다다기,18.00kg,특,경상북도 상주시,3,24000,,,,trade
구리,(주)인터넷청과,20260219,오이,백다다기,18.00kg,특,경상북도 상주시,10,23000,,,,trade
구리,(주)인터넷청과,20260219,오이,백다다기,18.00kg,특,경상북도 상주시,7,23000,,,,trade
구리,(주)인터넷청과,20260219,오이,백다다기,18.00kg,특,충청남도 공주시,29,30000,,,,trade
구리,(주)인터넷청과,20260219,오이,백다다기,18.00kg,특,충청남도 공주시,5,24000,,,,trade
구리,(주)인터넷청과,20260219,오이,백다다기,18.00kg,특,충청남도 공주시,3,26000,,,,trade
구리,(주)인터넷청과,20260219,오이,백다다기,18.00kg,특,충청남도 공주시,1,32000,,,,trade
구리,(주)인터넷청과,20260219,오이,백다다기,18.00kg,특,충청남도 공주시,44,40000,,,,trade
구리,(주)인터넷청과,20260219,오이,백다다기,18.00kg,특,충청남도 공주시,2,23000,,,,trade
구리,(주)인터넷청과,20260219,오이,백다다기,18.00kg,특,충청남도 공주시,10,36000,,,,trade
구리,(주)인터넷청과,20260219,오이,백다다기,18.00kg,특,충청남도 공주시,1,22000,,,,trade
구리,(주)인터넷청과,20260219,오이,백다다기,18.00kg,특,충청남도 공주시,1,38000,,,,trade
구리,(주)인터넷청과,20260219,오이,백다다기,18.00kg,특,충청남도 공주시,1,18000,,,,trade
구리,(주)인터넷청과,20260219,오이,백다다기,18.00kg,특,충청남도 공주시,2,32000,,,,trade
구리,(주)인터넷청과,20260219,오이,백다다기,18.00kg,특,충청남도 공주시,11,30000,,,,trade
구리,(주)인터넷청과,20260219,오이,백다다기,18.00kg,특,충청남도 공주시,8,35000,,,,trade
구리,(주)인터넷청과,20260219,오이,백다다기,18.00kg,특,충청남도 공주시,3,20000,,,,trade
구리,(주)인터넷청과,20260219,오이,백다다기,18.00kg,특,충청남도 공주시,13,31000,,,,trade
구리,(주)인터넷청과,20260219,오이,백다다기,18.00kg,특,충청남도 공주시,4,39000,,,,trade
구리,(주)인터넷청과,20260219,오이,백다다기,18.00kg,특,충청남도 공주시,2,23000,,,,trade
구리,(주)인터넷청과,20260219,오이,백다다기,18.00kg,특,충청남도 공주시,1,17000,,,,trade
구리,(주)인터넷청과,20260219,오이,백다다기,18.00kg,특,충청남도 공주시,16,45000,,,,trade
구리,(주)인터넷청과,20260219,오이,백다다기,18.00kg,특,충청남도 공주시,15,30000,,,,trade
구리,(주)인터넷청과,20260219,오이,백다다기,18.00kg,특,충청남도 공주시,2,19000,,,,trade
구리,(주)인터넷청과,20260219,오이,백다다기,18.00kg,특,충청남도 공주시,4,36000,,,,trade
구리,(주)인터넷청과,20260219,오이,백다다기,18.00kg,특,충청남도 공주시,24,43000,,,,trade
구리,(주)인터넷청과,20260219,오이,백다다기,18.00kg,특,충청남도 공주시,6,20000,,,,trade
구리,(주)인터넷청과,20260219,오이,백다다기,18.00kg,특,충청남도 공주시,4,31000,,,,trade
구리,(주)인터넷청과,20260219,오이,백다다기,18.00kg,특,충청남도 공주시,13,40000,,,,trade
구리,(주)인터넷청과,20260219,오이,백다다기,18.00kg,특,충청남도 공주시,9,35000,,,,trade
구리,(주)인터넷청과,20260219,오이,백다다기,18.00kg,특,충청남도 공주시,2,20000,,,,trade
구리,(주)인터넷청과,20260219,오이,백다다기,10.00kg,특,전라남도 고흥군,20,18000,,,,trade
구리,(주)인터넷청과,20260219,오이,백다다기,10.00kg,특,전라남도 고흥군,14,24000,,,,trade
구리,(주)인터넷청과,20260219,오이,백다다기,10.00kg,특,전라남도 고흥군,5,10000,,,,trade
구리,(주)인터넷청과,20260219,오이,백다다기,10.00kg,특,전라남도 고흥군,18,17000,,,,trade
구리,(주)인터넷청과,20260219,오이,백다다기,10.00kg,특,전라남도 고흥군,10,24000,,,,trade
구리,(주)인터넷청과,20260219,오이,백다다기,10.00kg,특,전라남도 고흥군,15,17000,,,,trade
구리,(주)인터넷청과,20260219,오이,백다다기,10.00kg,특,전라남도 고흥군,12,22000,,,,trade
구리,(주)인터넷청과,20260219,오이,백다다기,10.00kg,특,전라남도 고흥군,37,25000,,,,trade
구리,(주)인터넷청과,20260219,오이,백다다기,10.00kg,특,전라남도 고흥군,15,16000,,,,trade
구리,(주)인터넷청과,20260219,오이,백다다기,10.00kg,특,전라남도 고흥군,15,21000,,,,trade
구리,(주)인터넷청과,20260219,오이,백다다기,10.00kg,특,전라남도 고흥군,1,5000,,,,trade
구리,(주)인터넷청과,20260219,오이,백다다기,10.00kg,특,전라남도 고흥군,1,6500,,,,trade
구리,(주)인터넷청과,20260219,오이,백다다기,10.00kg,특,전라남도 고흥군,5,11000,,,,trade
구리,(주)인터넷청과,20260219,오이,백다다기,10.00kg,특,전라남도 고흥군,26,25000,,,,trade
구리,(주)인터넷청과,20260219,오이,백다다기,10.00kg,특,전라남도 고흥군,2,14000,,,,trade
구리,(주)인터넷청과,20260219,오이,백다다기,10.00kg,특,전라남도 고흥군,10,24000,,,,trade
구리,(주)인터넷청과,20260219,오이,백다다기,10.00kg,특,전라남도 고흥군,2,16000,,,,trade
구리,(주)인터넷청과,20260219,오이,백다다기,10.00kg,특,전라남도 고흥군,14,22000,,,,trade
구리,(주)인터넷청과,20260219,오이,백다다기,10.00kg,특,전라남도 고흥군,49,17000,,,,trade
구리,(주)인터넷청과,20260219,오이,백다다기,10.00kg,특,전라남도 고흥군,10,22000,,,,trade
구리,(주)인터넷청과,20260219,오이,백다다기,10.00kg,특,전라남도 고흥군,3,18000,,,,trade
구리,(주)인터넷청과,20260219,오이,백다다기,10.00kg,특,전라남도 고흥군,24,27000,,,,trade
구리,(주)인터넷청과,20260219,오이,백다다기,10.00kg,특,전라남도 고흥군,8,18000,,,,trade
구리,(주)인터넷청과,20260219,오이,백다다기,10.00kg,특,전라남도 고흥군,7,26000,,,,trade
구리,(주)인터넷청과,20260219,오이,백다다기,10.00kg,특,전라남도 고흥군,5,18000,,,,trade
구리,(주)인터넷청과,20260219,오이,백다다기,10.00kg,특,전라남도 고흥군,28,27500,,,,trade
구리,(주)인터넷청과,20260219,오이,백다다기,10.00kg,특,전라남도 고흥군,2,12000,,,,trade
구리,(주)인터넷청과,20260219,오이,백다다기,10.00kg,특,전라남도 고흥군,15,15000,,,,trade
구리,(주)인터넷청과,20260219,오이,백다다기,10.00kg,특,전라남도 고흥군,7,17000,,,,trade
구리,(주)인터넷청과,20260219,오이,백다다기,10.00kg,특,전라남도 고흥군,3,15000,,,,trade
구리,(주)인터넷청과,20260219,오이,백다다기,10.00kg,특,전라남도 고흥군,3,18000,,,,trade
구리,(주)인터넷청과,20260219,오이,백다다기,10.00kg,특,전라남도 고흥군,28,17000,,,,trade
구리,(주)인터넷청과,20260219,오이,백다다기,10.00kg,특,전라남도 고흥군,4,7000,,,,trade
구리,(주)인터넷청과,20260219,오이,백다다기,10.00kg,특,전라남도 고흥군,16,17000,,,,trade
구리,(주)인터넷청과,20260219,오이,백다다기,10.00kg,특,전라남도 고흥군,5,7000,,,,trade
구리,(주)인터넷청과,20260219,오이,백다다기,10.00kg,특,전라남도 고흥군,15,20000,,,,trade
구리,(주)인터넷청과,20260219,오이,백다다기,10.00kg,특,전라남도 고흥군,32,28000,,,,trade
구리,(주)인터넷청과,20260219,오이,백다다기,10.00kg,특,전라남도 고흥군,17,23000,,,,trade
구리,(주)인터넷청과,20260219,오이,백다다기,10.00kg,특,전라남도 고흥군,6,8500,,,,trade
구리,(주)인터넷청과,20260219,오이,백다다기,10.00kg,특,전라남도 고흥군,35,17000,,,,trade
구리,(주)인터넷청과,20260219,오이,백다다기,10.00kg,특,전라남도 고흥군,28,23000,,,,trade
구리,(주)인터넷청과,20260219,오이,백다다기,10.00kg,특,전라남도 고흥군,7,17000,,,,trade
구리,(주)인터넷청과,20260219,오이,백다다기,10.00kg,특,전라남도 고흥군,17,25000,,,,trade
구리,(주)인터넷청과,20260219,오이,백다다기,10.00kg,특,전라남도 고흥군,36,21000,,,,trade
구리,(주)인터넷청과,20260219,오이,백다다기,10.00kg,특,전라남도 고흥군,16,27000,,,,trade
구리,(주)인터넷청과,20260219,오이,백다다기,10.00kg,특,전라남도 고흥군,21,17000,,,,trade
구리,(주)인터넷청과,20260219,오이,백다다기,10.00kg,특,전라남도 고흥군,13,8500,,,,trade
구리,(주)인터넷청과,20260219,오이,백다다기,10.00kg,특,전라남도 고흥군,20,22000,,,,trade
구리,(주)인터넷청과,20260219,오이,백다다기,10.00kg,특,전라남도 고흥군,21,17000,,,,trade
구리,(주)인터넷청과,20260219,오이,백다다기,10.00kg,특,전라남도 고흥군,5,20000,,,,trade
구리,(주)인터넷청과,20260219,오이,백다다기,10.00kg,특,전라남도 고흥군,8,18000,,,,trade
구리,(주)인터넷청과,20260219,오이,백다다기,10.00kg,특,전라남도 고흥군,1,18500,,,,trade
구리,(주)인터넷청과,20260219,오이,백다다기,10.00kg,특,전라남도 고흥군,34,26000,,,,trade
구리,(주)인터넷청과,20260219,오이,백다다기,10.00kg,특,전라남도 고흥군,1,12000,,,,trade
구리,(주)인터넷청과,20260219,오이,백다다기,10.00kg,특,전라남도 고흥군,2,17000,,,,trade
구리,(주)인터넷청과,20260219,오이,백다다기,10.00kg,특,전라남도 고흥군,68,27000,,,,trade
구리,(주)인터넷청과,20260219,오이,백다다기,10.00kg,특,전라남도 고흥군,1,15000,,,,trade
구리,(주)인터넷청과,20260219,오이,백다다기,10.00kg,특,전라남도 고흥군,3,18000,,,,trade
구리,(주)인터넷청과,20260219,오이,백다다기,10.00kg,특,전라남도 고흥군,67,26000,,,,trade
구리,(주)인터넷청과,20260219,오이,백다다기,10.00kg,특,전라남도 고흥군,3,16500,,,,trade
구리,(주)인터넷청과,20260219,오이,백다다기,10.00kg,특,전라남도 고흥군,71,25000,,,,trade
구리,(주)인터넷청과,20260224,오이,백다다기,10.00kg,특,전라남도 보성군,22,28000,,,,trade
구리,(주)인터넷청과,20260224,오이,백다다기,10.00kg,특,전라남도 보성군,1,17000,,,,trade
구리,(주)인터넷청과,20260224,오이,백다다기,18.00kg,특,경상북도 상주시,14,48000,,,,trade
구리,(주)인터넷청과,20260224,오이,백다다기,18.00kg,특,경상북도 상주시,26,40000,,,,trade
구리,(주)인터넷청과,20260224,오이,백다다기,18.00kg,특,경상북도 상주시,7,40000,,,,trade
구리,(주)인터넷청과,20260224,오이,백다다기,18.00kg,특,경상북도 상주시,9,40000,,,,trade
구리,(주)인터넷청과,20260224,오이,백다다기,18.00kg,특,경상북도 상주시,12,41000,,,,trade
구리,(주)인터넷청과,20260224,오이,백다다기,18.00kg,특,경상북도 상주시,5,34000,,,,trade
구리,(주)인터넷청과,20260224,오이,백다다기,18.00kg,특,경상북도 상주시,10,31000,,,,trade
구리,(주)인터넷청과,20260224,오이,백다다기,18.00kg,특,경상북도 상주시,5,30000,,,,trade
구리,(주)인터넷청과,20260224,오이,백다다기,18.00kg,특,경상북도 상주시,1,30000,,,,trade
구리,(주)인터넷청과,20260224,오이,백다다기,18.00kg,특,경상북도 상주시,7,26000,,,,trade
구리,(주)인터넷청과,20260224,오이,백다다기,18.00kg,특,경상북도 상주시,8,27000,,,,trade
구리,(주)인터넷청과,20260224,오이,백다다기,18.00kg,특,경상북도 상주시,1,26000,,,,trade
구리,(주)인터넷청과,20260224,오이,백다다기,18.00kg,특,경상북도 상주시,3,27000,,,,trade
구리,(주)인터넷청과,20260224,오이,백다다기,18.00kg,특,경상북도 상주시,3,25000,,,,trade
구리,(주)인터넷청과,20260224,오이,백다다기,10.00kg,특,전라남도 고흥군,45,24000,,,,trade
구리,(주)인터넷청과,20260224,오이,백다다기,10.00kg,특,전라남도 고흥군,1,16000,,,,trade
구리,(주)인터넷청과,20260224,오이,백다다기,10.00kg,특,전라남도 고흥군,53,25000,,,,trade
구리,(주)인터넷청과,20260224,오이,백다다기,10.00kg,특,전라남도 고흥군,2,16000,,,,trade
구리,(주)인터넷청과,20260224,오이,백다다기,10.00kg,특,전라남도 고흥군,46,25000,,,,trade
구리,(주)인터넷청과,20260224,오이,백다다기,10.00kg,특,전라남도 고흥군,2,15000,,,,trade
구리,(주)인터넷청과,20260224,오이,백다다기,10.00kg,특,전라남도 고흥군,1,6500,,,,trade
구리,(주)인터넷청과,20260224,오이,백다다기,10.00kg,특,전라남도 고흥군,14,24000,,,,trade
구리,(주)인터넷청과,20260224,오이,백다다기,10.00kg,특,전라남도 고흥군,6,14000,,,,trade
구리,(주)인터넷청과,20260224,오이,백다다기,10.00kg,특,전라남도 고흥군,18,25000,,,,trade
구리,(주)인터넷청과,20260224,오이,백다다기,10.00kg,특,전라남도 고흥군,4,18000,,,,trade
구리,(주)인터넷청과,20260224,오이,백다다기,10.00kg,특,전라남도 고흥군,43,16000,,,,trade
구리,(주)인터넷청과,20260224,오이,백다다기,10.00kg,특,전라남도 고흥군,49,14000,,,,trade
구리,(주)인터넷청과,20260224,오이,백다다기,10.00kg,특,전라남도 고흥군,23,22000,,,,trade
구리,(주)인터넷청과,20260224,오이,백다다기,10.00kg,특,전라남도 고흥군,9,16000,,,,trade
구리,(주)인터넷청과,20260224,오이,백다다기,10.00kg,특,전라남도 고흥군,10,14000,,,,trade
구리,(주)인터넷청과,20260224,오이,백다다기,10.00kg,특,전라남도 고흥군,3,10000,,,,trade
구리,(주)인터넷청과,20260224,오이,백다다기,10.00kg,특,전라남도 고흥군,16,24000,,,,trade
구리,(주)인터넷청과,20260224,오이,백다다기,10.00kg,특,전라남도 고흥군,20,14000,,,,trade
구리,(주)인터넷청과,20260224,오이,백다다기,10.00kg,특,전라남도 고흥군,13,22000,,,,trade
구리,(주)인터넷청과,20260224,오이,백다다기,10.00kg,특,전라남도 고흥군,12,14000,,,,trade
구리,(주)인터넷청과,20260224,오이,백다다기,10.00kg,특,전라남도 고흥군,19,23000,,,,trade
구리,(주)인터넷청과,20260224,오이,백다다기,10.00kg,특,전라남도 고흥군,27,13500,,,,trade
구리,(주)인터넷청과,20260224,오이,백다다기,10.00kg,특,전라남도 고흥군,7,10000,,,,trade
구리,(주)인터넷청과,20260224,오이,백다다기,10.00kg,특,전라남도 고흥군,4,24000,,,,trade
구리,(주)인터넷청과,20260224,오이,백다다기,10.00kg,특,전라남도 고흥군,2,18000,,,,trade
구리,(주)인터넷청과,20260224,오이,백다다기,10.00kg,특,전라남도 고흥군,25,23000,,,,trade
구리,(주)인터넷청과,20260224,오이,백다다기,10.00kg,특,전라남도 고흥군,10,14000,,,,trade
구리,(주)인터넷청과,20260224,오이,백다다기,10.00kg,특,전라남도 고흥군,33,25000,,,,trade
구리,(주)인터넷청과,20260224,오이,백다다기,10.00kg,특,전라남도 고흥군,19,12500,,,,trade
구리,(주)인터넷청과,20260224,오이,백다다기,10.00kg,특,전라남도 고흥군,3,8500,,,,trade
구리,(주)인터넷청과,20260224,오이,백다다기,10.00kg,특,전라남도 고흥군,4,13000,,,,trade
구리,(주)인터넷청과,20260224,오이,백다다기,10.00kg,특,전라남도 고흥군,13,13000,,,,trade
구리,(주)인터넷청과,20260224,오이,백다다기,10.00kg,특,전라남도 고흥군,2,7500,,,,trade
구리,(주)인터넷청과,20260224,오이,백다다기,10.00kg,특,전라남도 고흥군,13,24000,,,,trade
구리,(주)인터넷청과,20260224,오이,백다다기,10.00kg,특,전라남도 고흥군,19,13000,,,,trade
구리,(주)인터넷청과,20260224,오이,백다다기,10.00kg,특,전라남도 고흥군,6,10000,,,,trade
구리,(주)인터넷청과,20260224,오이,백다다기,10.00kg,특,전라남도 고흥군,14,18000,,,,trade
구리,(주)인터넷청과,20260224,오이,백다다기,10.00kg,특,전라남도 고흥군,30,24500,,,,trade
구리,(주)인터넷청과,20260224,오이,백다다기,10.00kg,특,전라남도 고흥군,7,14000,,,,trade
구리,(주)인터넷청과,20260224,오이,백다다기,10.00kg,특,전라남도 고흥군,30,23000,,,,trade
구리,(주)인터넷청과,20260224,오이,백다다기,10.00kg,특,전라남도 고흥군,40,14000,,,,trade
구리,(주)인터넷청과,20260224,오이,백다다기,10.00kg,특,전라남도 고흥군,34,18000,,,,trade
구리,(주)인터넷청과,20260224,오이,백다다기,10.00kg,특,전라남도 고흥군,1,13000,,,,trade
구리,(주)인터넷청과,20260224,오이,백다다기,10.00kg,특,전라남도 고흥군,30,18000,,,,trade
구리,(주)인터넷청과,20260224,오이,백다다기,10.00kg,특,전라남도 고흥군,10,8500,,,,trade
구리,(주)인터넷청과,20260224,오이,백다다기,10.00kg,특,전라남도 고흥군,29,15000,,,,trade
구리,(주)인터넷청과,20260224,오이,백다다기,10.00kg,특,전라남도 고흥군,2,12000,,,,trade
구리,(주)인터넷청과,20260224,오이,백다다기,10.00kg,특,전라남도 고흥군,7,8500,,,,trade
구리,(주)인터넷청과,20260224,오이,백다다기,10.00kg,특,전라남도 고흥군,15,20000,,,,trade
구리,(주)인터넷청과,20260224,오이,백다다기,10.00kg,특,전라남도 고흥군,10,8000,,,,trade
구리,(주)인터넷청과,20260224,오이,백다다기,10.00kg,특,전라남도 고흥군,7,10000,,,,trade
구리,(주)인터넷청과,20260224,오이,백다다기,10.00kg,특,전라남도 고흥군,11,7000,,,,trade
구리,(주)인터넷청과,20260224,오이,백다다기,10.00kg,특,전라남도 고흥군,40,17000,,,,trade
구리,(주)인터넷청과,20260224,오이,백다다기,10.00kg,특,전라남도 고흥군,3,7000,,,,trade
구리,(주)인터넷청과,20260224,오이,백다다기,10.00kg,특,전라남도 고흥군,17,18000,,,,trade
구리,(주)인터넷청과,20260224,오이,백다다기,10.00kg,특,전라남도 고흥군,3,8500,,,,trade
구리,(주)인터넷청과,20260224,오이,백다다기,10.00kg,특,전라남도 고흥군,3,7000,,,,trade
구리,(주)인터넷청과,20260224,오이,백다다기,10.00kg,특,전라남도 고흥군,17,18000,,,,trade
구리,(주)인터넷청과,20260224,오이,백다다기,10.00kg,특,전라남도 고흥군,2,7000,,,,trade
구리,(주)인터넷청과,20260224,오이,백다다기,10.00kg,특,전라남도 고흥군,7,15000,,,,trade
구리,(주)인터넷청과,20260224,오이,백다다기,10.00kg,특,전라남도 고흥군,18,11000,,,,trade
구리,(주)인터넷청과,20260224,오이,백다다기,10.00kg,특,전라남도 고흥군,6,18000,,,,trade
구리,(주)인터넷청과,20260224,오이,백다다기,10.00kg,특,전라남도 고흥군,18,12000,,,,trade
구리,(주)인터넷청과,20260224,오이,백다다기,10.00kg,특,전라남도 고흥군,20,8500,,,,trade
구리,(주)인터넷청과,20260224,오이,백다다기,10.00kg,특,전라남도 고흥군,6,16000,,,,trade
구리,(주)인터넷청과,20260224,오이,백다다기,10.00kg,특,전라남도 고흥군,22,9000,,,,trade
구리,(주)인터넷청과,20260224,오이,백다다기,10.00kg,특,전라남도 고흥군,6,6000,,,,trade
구리,(주)인터넷청과,20260224,오이,백다다기,10.00kg,특,전라남도 고흥군,10,22000,,,,trade
구리,(주)인터넷청과,20260224,오이,백다다기,10.00kg,특,전라남도 고흥군,20,22000,,,,trade
구리,(주)인터넷청과,20260224,오이,백다다기,10.00kg,특,전라남도 고흥군,27,22000,,,,trade
구리,(주)인터넷청과,20260224,오이,백다다기,10.00kg,특,전라남도 고흥군,10,22000,,,,trade
구리,(주)인터넷청과,20260224,오이,백다다기,10.00kg,특,전라남도 고흥군,1,15000,,,,trade
구리,(주)인터넷청과,20260224,오이,백다다기,10.00kg,특,전라남도 고흥군,5,9000,,,,trade
구리,(주)인터넷청과,20260224,오이,백다다기,10.00kg,특,전라남도 고흥군,20,20000,,,,trade
구리,(주)인터넷청과,20260224,오이,백다다기,10.00kg,특,전라남도 고흥군,1,8500,,,,trade
구리,(주)인터넷청과,20260224,오이,백다다기,10.00kg,특,전라남도 고흥군,2,6000,,,,trade
구리,(주)인터넷청과,20260224,오이,백다다기,10.00kg,특,전라남도 고흥군,33,20000,,,,trade
구리,(주)인터넷청과,20260224,오이,백다다기,18.00kg,특,경상북도 상주시,30,30000,,,,trade
구리,(주)인터넷청과,20260224,오이,백다다기,18.00kg,특,경상북도 상주시,30,30000,,,,trade
구리,(주)인터넷청과,20260224,오이,백다다기,18.00kg,특,경상북도 상주시,26,30000,,,,trade
구리,(주)인터넷청과,20260224,오이,백다다기,18.00kg,특,경상북도 상주시,15,30000,,,,trade
구리,(주)인터넷청과,20260224,오이,백다다기,18.00kg,특,경상북도 상주시,26,27000,,,,trade
구리,(주)인터넷청과,20260224,오이,백다다기,18.00kg,특,경상북도 상주시,18,29000,,,,trade
구리,(주)인터넷청과,20260224,오이,백다다기,18.00kg,특,경상북도 상주시,25,25000,,,,trade
구리,(주)인터넷청과,20260224,오이,백다다기,18.00kg,특,경상북도 상주시,9,25000,,,,trade
구리,(주)인터넷청과,20260224,오이,백다다기,18.00kg,특,경상북도 상주시,6,25000,,,,trade
구리,(주)인터넷청과,20260224,오이,백다다기,18.00kg,특,경상북도 상주시,1,23000,,,,trade
구리,(주)인터넷청과,20260224,오이,백다다기,18.00kg,특,경상북도 상주시,10,23000,,,,trade
구리,(주)인터넷청과,20260224,오이,백다다기,18.00kg,특,경상북도 상주시,11,19000,,,,trade
구리,(주)인터넷청과,20260224,오이,백다다기,18.00kg,특,경상북도 상주시,3,20000,,,,trade
구리,(주)인터넷청과,20260224,오이,백다다기,18.00kg,특,경상북도 상주시,3,18000,,,,trade
구리,(주)인터넷청과,20260226,오이,백다다기,18.00kg,특,경상북도 상주시,10,60000,,,,trade
구리,(주)인터넷청과,20260226,오이,백다다기,18.00kg,특,경상북도 상주시,13,56000,,,,trade
구리,(주)인터넷청과,20260226,오이,백다다기,18.00kg,특,경상북도 상주시,12,52000,,,,trade
구리,(주)인터넷청과,20260226,오이,백다다기,18.00kg,특,경상북도 상주시,1,53000,,,,trade
구리,(주)인터넷청과,20260226,오이,백다다기,18.00kg,특,경상북도 상주시,3,53000,,,,trade
구리,(주)인터넷청과,20260226,오이,백다다기,18.00kg,특,경상북도 상주시,7,54000,,,,trade
구리,(주)인터넷청과,20260226,오이,백다다기,18.00kg,특,경상북도 상주시,5,45000,,,,trade
구리,(주)인터넷청과,20260226,오이,백다다기,18.00kg,특,경상북도 상주시,6,43000,,,,trade
구리,(주)인터넷청과,20260226,오이,백다다기,18.00kg,특,경상북도 상주시,1,43000,,,,trade
구리,(주)인터넷청과,20260226,오이,백다다기,18.00kg,특,경상북도 상주시,1,43000,,,,trade
구리,(주)인터넷청과,20260226,오이,백다다기,18.00kg,특,경상북도 상주시,1,43000,,,,trade
구리,(주)인터넷청과,20260226,오이,백다다기,18.00kg,특,경상북도 상주시,2,38000,,,,trade
구리,(주)인터넷청과,20260226,오이,백다다기,18.00kg,특,경상북도 상주시,1,39000,,,,trade
구리,(주)인터넷청과,20260226,오이,백다다기,18.00kg,특,경상북도 상주시,1,39000,,,,trade
구리,(주)인터넷청과,20260226,오이,백다다기,18.00kg,특,경상북도 상주시,4,39000,,,,trade
구리,(주)인터넷청과,20260226,오이,백다다기,10.00kg,특,전라남도 보성군,30,33000,,,,trade
구리,(주)인터넷청과,20260226,오이,백다다기,10.00kg,특,전라남도 보성군,1,24000,,,,trade
구리,(주)인터넷청과,20260226,오이,백다다기,10.00kg,특,전라남도 보성군,1,20000,,,,trade
구리,(주)인터넷청과,20260226,오이,백다다기,18.00kg,특,충청남도 부여군,4,53000,,,,trade
구리,(주)인터넷청과,20260226,오이,백다다기,10.00kg,특,전라남도 고흥군,15,22000,,,,trade
구리,(주)인터넷청과,20260226,오이,백다다기,10.00kg,특,전라남도 고흥군,15,24000,,,,trade
구리,(주)인터넷청과,20260226,오이,백다다기,10.00kg,특,전라남도 고흥군,35,25000,,,,trade
구리,(주)인터넷청과,20260226,오이,백다다기,10.00kg,특,전라남도 고흥군,13,26000,,,,trade
구리,(주)인터넷청과,20260226,오이,백다다기,10.00kg,특,전라남도 고흥군,12,23000,,,,trade
구리,(주)인터넷청과,20260226,오이,백다다기,10.00kg,특,전라남도 고흥군,8,20000,,,,trade
구리,(주)인터넷청과,20260226,오이,백다다기,10.00kg,특,전라남도 고흥군,25,25000,,,,trade
구리,(주)인터넷청과,20260226,오이,백다다기,10.00kg,특,전라남도 고흥군,13,28000,,,,trade
구리,(주)인터넷청과,20260226,오이,백다다기,10.00kg,특,전라남도 고흥군,38,27000,,,,trade
구리,(주)인터넷청과,20260226,오이,백다다기,10.00kg,특,전라남도 고흥군,62,27000,,,,trade
구리,(주)인터넷청과,20260226,오이,백다다기,10.00kg,특,전라남도 고흥군,40,29000,,,,trade
구리,(주)인터넷청과,20260226,오이,백다다기,10.00kg,특,전라남도 고흥군,6,25000,,,,trade
구리,(주)인터넷청과,20260226,오이,백다다기,10.00kg,특,전라남도 고흥군,1,27000,,,,trade
구리,(주)인터넷청과,20260226,오이,백다다기,10.00kg,특,전라남도 고흥군,22,27000,,,,trade
구리,(주)인터넷청과,20260226,오이,백다다기,10.00kg,특,전라남도 고흥군,15,23000,,,,trade
구리,(주)인터넷청과,20260226,오이,백다다기,10.00kg,특,전라남도 고흥군,17,25000,,,,trade
구리,(주)인터넷청과,20260226,오이,백다다기,10.00kg,특,전라남도 고흥군,1,27500,,,,trade
구리,(주)인터넷청과,20260226,오이,백다다기,10.00kg,특,전라남도 고흥군,27,27500,,,,trade
구리,(주)인터넷청과,20260226,오이,백다다기,10.00kg,특,전라남도 고흥군,10,23000,,,,trade
구리,(주)인터넷청과,20260226,오이,백다다기,10.00kg,특,전라남도 고흥군,31,28000,,,,trade
구리,(주)인터넷청과,20260226,오이,백다다기,10.00kg,특,전라남도 고흥군,30,26000,,,,trade
구리,(주)인터넷청과,20260226,오이,백다다기,10.00kg,특,전라남도 고흥군,15,26000,,,,trade
구리,(주)인터넷청과,20260226,오이,백다다기,10.00kg,특,전라남도 고흥군,33,25000,,,,trade
구리,(주)인터넷청과,20260226,오이,백다다기,10.00kg,특,전라남도 고흥군,33,24000,,,,trade
구리,(주)인터넷청과,20260226,오이,백다다기,10.00kg,특,전라남도 고흥군,11,25000,,,,trade
구리,(주)인터넷청과,20260226,오이,백다다기,10.00kg,특,전라남도 고흥군,4,22000,,,,trade
구리,(주)인터넷청과,20260226,오이,백다다기,10.00kg,특,전라남도 고흥군,11,22000,,,,trade
구리,(주)인터넷청과,20260226,오이,백다다기,18.00kg,특,충청남도 공주시,1,22000,,,,trade
구리,(주)인터넷청과,20260226,오이,백다다기,18.00kg,특,충청남도 공주시,3,38000,,,,trade
구리,(주)인터넷청과,20260226,오이,백다다기,18.00kg,특,충청남도 공주시,16,47000,,,,trade
구리,(주)인터넷청과,20260226,오이,백다다기,18.00kg,특,충청남도 공주시,2,30000,,,,trade
구리,(주)인터넷청과,20260226,오이,백다다기,18.00kg,특,충청남도 공주시,8,44000,,,,trade
구리,(주)인터넷청과,20260226,오이,백다다기,18.00kg,특,충청남도 공주시,9,40000,,,,trade
구리,(주)인터넷청과,20260226,오이,백다다기,18.00kg,특,충청남도 공주시,3,26000,,,,trade
구리,(주)인터넷청과,20260226,오이,백다다기,18.00kg,특,충청남도 공주시,12,57000,,,,trade
구리,(주)인터넷청과,20260226,오이,백다다기,18.00kg,특,충청남도 공주시,1,30000,,,,trade
구리,(주)인터넷청과,20260226,오이,백다다기,18.00kg,특,충청남도 공주시,8,50000,,,,trade
구리,(주)인터넷청과,20260226,오이,백다다기,18.00kg,특,충청남도 공주시,3,30000,,,,trade
구리,(주)인터넷청과,20260226,오이,백다다기,18.00kg,특,충청남도 공주시,1,28000,,,,trade
구리,(주)인터넷청과,20260226,오이,백다다기,18.00kg,특,충청남도 공주시,3,28000,,,,trade
구리,(주)인터넷청과,20260226,오이,백다다기,18.00kg,특,충청남도 공주시,1,49000,,,,trade
구리,(주)인터넷청과,20260226,오이,백다다기,18.00kg,특,충청남도 공주시,17,40000,,,,trade
구리,(주)인터넷청과,20260226,오이,백다다기,18.00kg,특,충청남도 공주시,1,27000,,,,trade
구리,(주)인터넷청과,20260226,오이,백다다기,18.00kg,특,충청남도 공주시,5,34000,,,,trade
구리,(주)인터넷청과,20260226,오이,백다다기,18.00kg,특,충청남도 공주시,1,28000,,,,trade
구리,(주)인터넷청과,20260226,오이,백다다기,18.00kg,특,충청남도 공주시,2,28000,,,,trade
구리,(주)인터넷청과,20260226,오이,백다다기,18.00kg,특,충청남도 공주시,20,48000,,,,trade
구리,(주)인터넷청과,20260226,오이,백다다기,18.00kg,특,충청남도 공주시,6,62000,,,,trade
구리,(주)인터넷청과,20260226,오이,백다다기,18.00kg,특,충청남도 공주시,7,50000,,,,trade
구리,(주)인터넷청과,20260226,오이,백다다기,18.00kg,특,충청남도 공주시,3,36000,,,,trade
구리,(주)인터넷청과,20260226,오이,백다다기,18.00kg,특,충청남도 공주시,13,46000,,,,trade
구리,(주)인터넷청과,20260226,오이,백다다기,18.00kg,특,충청남도 공주시,1,26000,,,,trade
구리,(주)인터넷청과,20260226,오이,백다다기,18.00kg,특,충청남도 공주시,17,46000,,,,trade
구리,(주)인터넷청과,20260226,오이,백다다기,18.00kg,특,충청남도 공주시,7,40000,,,,trade
구리,(주)인터넷청과,20260226,오이,백다다기,18.00kg,특,충청남도 공주시,1,28000,,,,trade
구리,(주)인터넷청과,20260226,오이,백다다기,18.00kg,특,충청남도 공주시,12,43000,,,,trade
구리,(주)인터넷청과,20260226,오이,백다다기,18.00kg,특,충청남도 공주시,5,34000,,,,trade
구리,(주)인터넷청과,20260226,오이,백다다기,18.00kg,특,충청남도 공주시,3,27000,,,,trade
구리,(주)인터넷청과,20260226,오이,백다다기,18.00kg,특,충청남도 공주시,3,41000,,,,trade
구리,(주)인터넷청과,20260226,오이,백다다기,18.00kg,특,충청남도 공주시,11,55000,,,,trade
구리,(주)인터넷청과,20260226,오이,백다다기,18.00kg,특,충청남도 공주시,14,37000,,,,trade
구리,(주)인터넷청과,20260226,오이,백다다기,18.00kg,특,충청남도 공주시,1,28000,,,,trade
구리,(주)인터넷청과,20260226,오이,백다다기,18.00kg,특,충청남도 공주시,5,44000,,,,trade
구리,(주)인터넷청과,20260226,오이,백다다기,18.00kg,특,충청남도 공주시,7,34000,,,,trade
구리,(주)인터넷청과,20260226,오이,백다다기,18.00kg,특,충청남도 공주시,16,42000,,,,trade
구리,(주)인터넷청과,20260226,오이,백다다기,18.00kg,특,충청남도 공주시,2,29000,,,,trade
구리,(주)인터넷청과,20260226,오이,백다다기,18.00kg,특,충청남도 공주시,2,30000,,,,trade
구리,(주)인터넷청과,20260226,오이,백다다기,18.00kg,특,경상북도 상주시,8,56000,,,,trade
구리,(주)인터넷청과,20260226,오이,백다다기,18.00kg,특,경상북도 상주시,10,53000,,,,trade
구리,(주)인터넷청과,20260226,오이,백다다기,18.00kg,특,경상북도 상주시,9,53000,,,,trade
구리,(주)인터넷청과,20260226,오이,백다다기,18.00kg,특,경상북도 상주시,15,53000,,,,trade
구리,(주)인터넷청과,20260226,오이,백다다기,18.00kg,특,경상북도 상주시,4,52000,,,,trade
구리,(주)인터넷청과,20260226,오이,백다다기,18.00kg,특,경상북도 상주시,7,54000,,,,trade
구리,(주)인터넷청과,20260226,오이,백다다기,18.00kg,특,경상북도 상주시,10,53000,,,,trade
구리,(주)인터넷청과,20260226,오이,백다다기,18.00kg,특,경상북도 상주시,4,54000,,,,trade
구리,(주)인터넷청과,20260226,오이,백다다기,18.00kg,특,경상북도 상주시,2,38000,,,,trade
구리,(주)인터넷청과,20260226,오이,백다다기,18.00kg,특,경상북도 상주시,3,40000,,,,trade
구리,(주)인터넷청과,20260226,오이,백다다기,18.00kg,특,경상북도 상주시,1,40000,,,,trade
구리,(주)인터넷청과,20260226,오이,백다다기,18.00kg,특,경상북도 상주시,2,40000,,,,trade
구리,(주)인터넷청과,20260226,오이,백다다기,18.00kg,특,경상북도 상주시,4,54000,,,,trade
구리,(주)인터넷청과,20260226,오이,백다다기,18.00kg,특,경상북도 상주시,1,54000,,,,trade
구리,(주)인터넷청과,20260226,오이,백다다기,18.00kg,특,경상북도 상주시,3,23000,,,,trade
구리,(주)인터넷청과,20260226,오이,백다다기,18.00kg,특,경상북도 상주시,6,40000,,,,trade
구리,(주)인터넷청과,20260226,오이,백다다기,18.00kg,특,경상북도 상주시,6,40000,,,,trade
구리,(주)인터넷청과,20260226,오이,백다다기,18.00kg,특,경상북도 상주시,4,40000,,,,trade
구리,(주)인터넷청과,20260226,오이,백다다기,18.00kg,특,경상북도 상주시,1,30000,,,,trade
구리,(주)인터넷청과,20260226,오이,백다다기,18.00kg,특,경상북도 상주시,2,32000,,,,trade
구리,(주)인터넷청과,20260226,오이,백다다기,18.00kg,특,경상북도 상주시,1,31000,,,,trade
구리,(주)인터넷청과,20260226,오이,백다다기,18.00kg,특,경상북도 상주시,1,31000,,,,trade
구리,(주)인터넷청과,20260226,오이,백다다기,18.00kg,특,경상북도 상주시,3,33000,,,,trade
구리,(주)인터넷청과,20260226,오이,백다다기,18.00kg,특,경상북도 상주시,3,33000,,,,trade
구리,(주)인터넷청과,20260226,오이,백다다기,18.00kg,특,경상북도 상주시,7,33000,,,,trade
구리,(주)인터넷청과,20260702,오이,백다다기,10.00kg,특,충청북도 제천시,35,13000,,,,trade
구리,(주)인터넷청과,20260702,오이,백다다기,10.00kg,특,충청북도 제천시,42,13000,,,,trade
구리,(주)인터넷청과,20260702,오이,백다다기,10.00kg,특,충청북도 제천시,15,12000,,,,trade
구리,(주)인터넷청과,20260702,오이,백다다기,10.00kg,특,충청북도 제천시,9,5000,,,,trade
구리,(주)인터넷청과,20260702,오이,백다다기,10.00kg,특,충청북도 제천시,2,3500,,,,trade
구리,(주)인터넷청과,20260702,오이,백다다기,10.00kg,특,충청북도 제천시,52,12500,,,,trade
구리,(주)인터넷청과,20260702,오이,백다다기,10.00kg,특,충청북도 제천시,51,12500,,,,trade
구리,(주)인터넷청과,20260702,오이,백다다기,10.00kg,특,충청북도 제천시,18,9000,,,,trade
구리,(주)인터넷청과,20260702,오이,백다다기,10.00kg,특,충청북도 제천시,1,5000,,,,trade
구리,(주)인터넷청과,20260702,오이,백다다기,10.00kg,특,충청북도 제천시,14,10000,,,,trade
구리,(주)인터넷청과,20260702,오이,백다다기,10.00kg,특,충청북도 제천시,5,5000,,,,trade
구리,(주)인터넷청과,20260702,오이,백다다기,10.00kg,특,충청북도 제천시,7,4000,,,,trade
구리,(주)인터넷청과,20260702,오이,백다다기,10.00kg,특,충청북도 제천시,43,12000,,,,trade
구리,(주)인터넷청과,20260702,오이,백다다기,10.00kg,특,충청북도 제천시,15,13000,,,,trade
구리,(주)인터넷청과,20260702,오이,백다다기,10.00kg,특,충청북도 제천시,6,5000,,,,trade
구리,(주)인터넷청과,20260702,오이,백다다기,10.00kg,특,충청북도 제천시,14,12000,,,,trade
구리,(주)인터넷청과,20260702,오이,백다다기,10.00kg,특,충청북도 제천시,11,5000,,,,trade
구리,(주)인터넷청과,20260702,오이,백다다기,10.00kg,특,충청북도 제천시,8,14000,,,,trade
구리,(주)인터넷청과,20260702,오이,백다다기,10.00kg,특,충청북도 제천시,3,10000,,,,trade
구리,(주)인터넷청과,20260702,오이,백다다기,10.00kg,특,충청북도 제천시,5,5000,,,,trade
구리,(주)인터넷청과,20260702,오이,백다다기,10.00kg,특,충청북도 제천시,48,13000,,,,trade
구리,(주)인터넷청과,20260702,오이,백다다기,10.00kg,특,충청북도 제천시,41,13000,,,,trade
구리,(주)인터넷청과,20260702,오이,백다다기,10.00kg,특,충청북도 제천시,3,4000,,,,trade
구리,(주)인터넷청과,20260702,오이,백다다기,10.00kg,특,충청북도 제천시,41,13000,,,,trade
구리,(주)인터넷청과,20260702,오이,백다다기,10.00kg,특,충청북도 제천시,41,13000,,,,trade
구리,(주)인터넷청과,20260702,오이,백다다기,10.00kg,특,충청북도 제천시,20,11000,,,,trade
구리,(주)인터넷청과,20260702,오이,백다다기,10.00kg,특,충청북도 제천시,10,5000,,,,trade
구리,(주)인터넷청과,20260702,오이,백다다기,10.00kg,특,충청북도 제천시,28,11000,,,,trade
구리,(주)인터넷청과,20260702,오이,백다다기,8.00kg,특,경기도 양주시,110,5700,,,,trade
구리,(주)인터넷청과,20260702,오이,백다다기,8.00kg,특,경기도 양주시,117,5900,,,,trade
구리,(주)인터넷청과,20260702,오이,백다다기,8.00kg,특,경기도 양주시,103,6000,,,,trade
구리,(주)인터넷청과,20260702,오이,백다다기,8.00kg,특,경기도 양주시,50,5800,,,,trade
구리,(주)인터넷청과,20260702,오이,백다다기,8.00kg,특,경기도 양주시,46,5700,,,,trade
구리,(주)인터넷청과,20260702,오이,백다다기,8.00kg,특,경기도 양주시,120,4500,,,,trade
구리,(주)인터넷청과,20260702,오이,백다다기,8.00kg,특,경기도 양주시,20,4500,,,,trade
구리,(주)인터넷청과,20260702,오이,백다다기,8.00kg,특,경기도 양주시,109,3500,,,,trade
구리,(주)인터넷청과,20260702,오이,백다다기,8.00kg,특,경기도 양주시,60,4000,,,,trade
구리,(주)인터넷청과,20260702,오이,백다다기,8.00kg,특,경기도 양주시,58,4200,,,,trade
구리,(주)인터넷청과,20260702,오이,백다다기,8.00kg,특,경기도 양주시,6,2000,,,,trade
구리,(주)인터넷청과,20260702,오이,백다다기,8.00kg,특,경기도 양주시,6,3000,,,,trade
구리,(주)인터넷청과,20260702,오이,백다다기,8.00kg,특,경기도 양주시,22,3000,,,,trade
구리,(주)인터넷청과,20260702,오이,백다다기,8.00kg,특,경기도 양주시,22,6200,,,,trade
구리,(주)인터넷청과,20260702,오이,백다다기,8.00kg,특,경기도 양주시,6,3500,,,,trade
구리,(주)인터넷청과,20260702,오이,백다다기,8.00kg,특,경기도 양주시,65,6500,,,,trade
구리,(주)인터넷청과,20260702,오이,백다다기,8.00kg,특,경기도 양주시,6,6800,,,,trade
구리,(주)인터넷청과,20260702,오이,백다다기,8.00kg,특,경기도 양주시,9,4500,,,,trade
구리,(주)인터넷청과,20260702,오이,백다다기,8.00kg,특,경기도 포천시,82,5500,,,,trade
구리,(주)인터넷청과,20260702,오이,백다다기,8.00kg,특,경기도 포천시,82,5500,,,,trade
구리,(주)인터넷청과,20260702,오이,백다다기,8.00kg,특,경기도 포천시,60,5100,,,,trade
구리,(주)인터넷청과,20260702,오이,백다다기,8.00kg,특,강원도 철원군,4,5400,,,,trade
구리,(주)인터넷청과,20260702,오이,백다다기,8.00kg,특,경기도 포천시,21,5600,,,,trade
구리,(주)인터넷청과,20260702,오이,백다다기,8.00kg,특,경기도 포천시,1,2000,,,,trade
구리,(주)인터넷청과,20260702,오이,백다다기,8.00kg,특,경기도 포천시,8,3000,,,,trade
구리,(주)인터넷청과,20260702,오이,백다다기,8.00kg,특,경기도 포천시,1,2300,,,,trade
구리,(주)인터넷청과,20260702,오이,백다다기,8.00kg,특,경기도 포천시,33,6000,,,,trade
구리,(주)인터넷청과,20260702,오이,백다다기,8.00kg,특,경기도 포천시,13,3000,,,,trade
구리,(주)인터넷청과,20260702,오이,백다다기,8.00kg,특,경기도 포천시,45,6500,,,,trade
구리,(주)인터넷청과,20260702,오이,백다다기,8.00kg,특,경기도 포천시,5,2500,,,,trade
구리,(주)인터넷청과,20260702,오이,백다다기,8.00kg,특,경기도 포천시,30,6000,,,,trade
구리,(주)인터넷청과,20260702,오이,백다다기,8.00kg,특,경기도 포천시,28,1200,,,,trade
구리,(주)인터넷청과,20260702,오이,백다다기,8.00kg,특,경기도 포천시,71,5300,,,,trade
구리,(주)인터넷청과,20260702,오이,백다다기,10.00kg,특,경기도 남양주시,30,8000,,,,trade
구리,(주)인터넷청과,20260702,오이,백다다기,10.00kg,특,경기도 남양주시,2,3000,,,,trade
구리,(주)인터넷청과,20260702,오이,백다다기,10.00kg,특,경기도 남양주시,25,7000,,,,trade
구리,(주)인터넷청과,20260702,오이,백다다기,10.00kg,특,경기도 남양주시,11,6000,,,,trade
구리,(주)인터넷청과,20260702,오이,백다다기,10.00kg,특,경기도 남양주시,11,7000,,,,trade
구리,(주)인터넷청과,20260702,오이,백다다기,18.00kg,특,경기도 양주시,8,13000,,,,trade
구리,(주)인터넷청과,20260702,오이,백다다기,18.00kg,특,강원도 철원군,7,4000,,,,trade
구리,(주)인터넷청과,20260702,오이,백다다기,18.00kg,특,강원도 철원군,22,10000,,,,trade
구리,(주)인터넷청과,20260702,오이,백다다기,10.00kg,특,강원도 철원군,30,10000,,,,trade
구리,(주)인터넷청과,20260702,오이,백다다기,10.00kg,특,강원도 철원군,9,6000,,,,trade
구리,(주)인터넷청과,20260702,오이,백다다기,10.00kg,특,강원도 철원군,15,6000,,,,trade
구리,(주)인터넷청과,20260702,오이,백다다기,10.00kg,특,강원도 철원군,5,4500,,,,trade
구리,(주)인터넷청과,20260702,오이,백다다기,10.00kg,특,강원도 철원군,53,7000,,,,trade
구리,(주)인터넷청과,20260702,오이,백다다기,10.00kg,특,경기도 포천시,13,5000,,,,trade
구리,(주)인터넷청과,20260702,오이,백다다기,10.00kg,특,경기도 광주시,10,3500,,,,trade
구리,(주)인터넷청과,20260702,오이,백다다기,10.00kg,특,경기도 광주시,45,7500,,,,trade
구리,(주)인터넷청과,20260702,오이,백다다기,10.00kg,특,경기도 광주시,6,4000,,,,trade
구리,(주)인터넷청과,20260702,오이,백다다기,10.00kg,특,경기도 광주시,58,9000,,,,trade
구리,(주)인터넷청과,20260702,오이,백다다기,10.00kg,특,강원도 홍천군,20,8000,,,,trade
구리,(주)인터넷청과,20260702,오이,백다다기,10.00kg,특,강원도 홍천군,10,8000,,,,trade
구리,(주)인터넷청과,20260702,오이,백다다기,10.00kg,특,강원도 홍천군,2,4000,,,,trade
구리,(주)인터넷청과,20260702,오이,백다다기,10.00kg,특,강원도 홍천군,23,9000,,,,trade
구리,(주)인터넷청과,20260702,오이,백다다기,10.00kg,특,강원도 홍천군,22,8000,,,,trade
구리,(주)인터넷청과,20260702,오이,백다다기,10.00kg,특,강원도 홍천군,14,8000,,,,trade
구리,(주)인터넷청과,20260702,오이,백다다기,10.00kg,특,강원도 홍천군,15,9000,,,,trade
구리,(주)인터넷청과,20260702,오이,백다다기,10.00kg,특,강원도 홍천군,32,8000,,,,trade
구리,(주)인터넷청과,20260702,오이,백다다기,10.00kg,특,강원도 홍천군,2,7000,,,,trade
구리,(주)인터넷청과,20260702,오이,백다다기,10.00kg,특,강원도 홍천군,70,10000,,,,trade
구리,(주)인터넷청과,20260702,오이,백다다기,10.00kg,특,강원도 홍천군,32,10000,,,,trade
구리,(주)인터넷청과,20260702,오이,백다다기,10.00kg,특,강원도 홍천군,58,10000,,,,trade
구리,(주)인터넷청과,20260702,오이,백다다기,10.00kg,특,강원도 홍천군,4,6000,,,,trade
구리,(주)인터넷청과,20260702,오이,백다다기,10.00kg,특,강원도 홍천군,9,8000,,,,trade
구리,(주)인터넷청과,20260702,오이,백다다기,10.00kg,특,강원도 홍천군,27,10000,,,,trade
구리,(주)인터넷청과,20260702,오이,백다다기,10.00kg,특,강원도 홍천군,35,8000,,,,trade
구리,(주)인터넷청과,20260702,오이,백다다기,18.00kg,특,강원도 홍천군,2,7000,,,,trade
구리,(주)인터넷청과,20260702,오이,백다다기,18.00kg,특,강원도 홍천군,2,12000,,,,trade
구리,(주)인터넷청과,20260702,오이,백다다기,18.00kg,특,강원도 홍천군,1,10000,,,,trade
구리,(주)인터넷청과,20260702,오이,백다다기,18.00kg,특,강원도 홍천군,7,14000,,,,trade
구리,(주)인터넷청과,20260702,오이,백다다기,18.00kg,특,강원도 홍천군,3,22000,,,,trade
구리,(주)인터넷청과,20260702,오이,백다다기,18.00kg,특,강원도 홍천군,6,22000,,,,trade
구리,(주)인터넷청과,20260702,오이,백다다기,10.00kg,특,경기도 평택시,22,7500,,,,trade
구리,(주)인터넷청과,20260702,오이,백다다기,10.00kg,특,경기도 용인시,14,7000,,,,trade
구리,(주)인터넷청과,20260702,오이,백다다기,10.00kg,특,경기도 용인시,23,7000,,,,trade
구리,(주)인터넷청과,20260702,오이,백다다기,10.00kg,특,경기도 용인시,24,8000,,,,trade
구리,(주)인터넷청과,20260702,오이,백다다기,10.00kg,특,경기도 용인시,18,7000,,,,trade
구리,(주)인터넷청과,20260702,오이,백다다기,10.00kg,특,경기도 용인시,9,10000,,,,trade
구리,(주)인터넷청과,20260702,오이,백다다기,10.00kg,특,경기도 용인시,11,7000,,,,trade
구리,(주)인터넷청과,20260702,오이,백다다기,10.00kg,특,경기도 용인시,24,7000,,,,trade
구리,(주)인터넷청과,20260702,오이,백다다기,8.00kg,특,경기도 양주시,117,4200,,,,trade
구리,(주)인터넷청과,20260702,오이,백다다기,8.00kg,특,경기도 양주시,97,4000,,,,trade
구리,(주)인터넷청과,20260702,오이,백다다기,8.00kg,특,경기도 양주시,117,4000,,,,trade
구리,(주)인터넷청과,20260702,오이,백다다기,8.00kg,특,경기도 양주시,120,4000,,,,trade
구리,(주)인터넷청과,20260702,오이,백다다기,8.00kg,특,경기도 양주시,109,3200,,,,trade
구리,(주)인터넷청과,20260702,오이,백다다기,8.00kg,특,경기도 양주시,111,3200,,,,trade
구리,(주)인터넷청과,20260702,오이,백다다기,8.00kg,특,경기도 양주시,30,3200,,,,trade
구리,(주)인터넷청과,20260702,오이,백다다기,8.00kg,특,경기도 양주시,73,3400,,,,trade
구리,(주)인터넷청과,20260702,오이,백다다기,18.00kg,특,충청남도 공주시,15,10000,,,,trade
구리,(주)인터넷청과,20260702,오이,백다다기,18.00kg,특,충청남도 공주시,1,3000,,,,trade
구리,(주)인터넷청과,20260702,오이,백다다기,18.00kg,특,충청남도 공주시,18,8000,,,,trade
구리,(주)인터넷청과,20260702,오이,백다다기,18.00kg,특,충청남도 공주시,8,3000,,,,trade
구리,(주)인터넷청과,20260702,오이,백다다기,18.00kg,특,충청남도 공주시,3,7000,,,,trade
구리,(주)인터넷청과,20260702,오이,백다다기,18.00kg,특,충청남도 공주시,21,10000,,,,trade
구리,(주)인터넷청과,20260702,오이,백다다기,18.00kg,특,충청남도 공주시,3,3000,,,,trade
구리,(주)인터넷청과,20260702,오이,백다다기,18.00kg,특,충청남도 공주시,2,8000,,,,trade
구리,(주)인터넷청과,20260702,오이,백다다기,18.00kg,특,충청남도 공주시,19,9000,,,,trade
구리,(주)인터넷청과,20260702,오이,백다다기,18.00kg,특,충청남도 공주시,2,3000,,,,trade
구리,(주)인터넷청과,20260702,오이,백다다기,18.00kg,특,충청남도 공주시,10,10000,,,,trade
구리,(주)인터넷청과,20260702,오이,백다다기,18.00kg,특,충청남도 공주시,1,3000,,,,trade
구리,(주)인터넷청과,20260702,오이,백다다기,18.00kg,특,충청남도 공주시,15,8000,,,,trade
구리,(주)인터넷청과,20260702,오이,백다다기,18.00kg,특,충청남도 공주시,3,2500,,,,trade
구리,(주)인터넷청과,20260702,오이,백다다기,18.00kg,특,충청남도 공주시,6,8000,,,,trade
구리,(주)인터넷청과,20260702,오이,백다다기,18.00kg,특,충청남도 공주시,23,8000,,,,trade
구리,(주)인터넷청과,20260702,오이,백다다기,18.00kg,특,충청남도 공주시,5,2000,,,,trade
구리,(주)인터넷청과,20260702,오이,백다다기,18.00kg,특,충청남도 공주시,8,3000,,,,trade
구리,(주)인터넷청과,20260702,오이,백다다기,18.00kg,특,충청남도 공주시,9,6000,,,,trade
구리,(주)인터넷청과,20260702,오이,백다다기,18.00kg,특,충청남도 공주시,1,6000,,,,trade
구리,(주)인터넷청과,20260702,오이,백다다기,18.00kg,특,충청남도 공주시,28,9000,,,,trade
구리,(주)인터넷청과,20260702,오이,백다다기,18.00kg,특,충청남도 공주시,1,4000,,,,trade
구리,(주)인터넷청과,20260702,오이,백다다기,18.00kg,특,충청남도 공주시,22,14000,,,,trade
구리,(주)인터넷청과,20260702,오이,백다다기,18.00kg,특,충청남도 공주시,2,5000,,,,trade
구리,(주)인터넷청과,20260702,오이,백다다기,8.00kg,특,경기도 연천군,36,1300,,,,trade
구리,(주)인터넷청과,20260702,오이,백다다기,8.00kg,특,경기도 연천군,14,5100,,,,trade
구리,(주)인터넷청과,20260702,오이,백다다기,8.00kg,특,경기도 연천군,47,4500,,,,trade
구리,(주)인터넷청과,20260702,오이,백다다기,8.00kg,특,경기도 연천군,41,4500,,,,trade
구리,(주)인터넷청과,20260702,오이,백다다기,8.00kg,특,경기도 포천시,39,5300,,,,trade
구리,(주)인터넷청과,20260702,오이,백다다기,8.00kg,특,경기도 포천시,8,2500,,,,trade
구리,(주)인터넷청과,20260702,오이,백다다기,10.00kg,특,강원도 홍천군,3,4000,,,,trade
구리,(주)인터넷청과,20260702,오이,백다다기,10.00kg,특,강원도 홍천군,2,4000,,,,trade
구리,(주)인터넷청과,20260702,오이,백다다기,10.00kg,특,강원도 홍천군,1,3000,,,,trade
구리,(주)인터넷청과,20260702,오이,백다다기,18.00kg,특,강원도 홍천군,6,8000,,,,trade
구리,(주)인터넷청과,20260702,오이,백다다기,18.00kg,특,강원도 홍천군,2,8000,,,,trade
구리,(주)인터넷청과,20260702,오이,백다다기,10.00kg,특,강원도 홍천군,16,6000,,,,trade
구리,(주)인터넷청과,20260702,오이,백다다기,18.00kg,특,강원도 홍천군,1,8000,,,,trade
구리,(주)인터넷청과,20260702,오이,백다다기,10.00kg,특,강원도 홍천군,20,10000,,,,trade
구리,(주)인터넷청과,20260702,오이,백다다기,10.00kg,특,강원도 홍천군,33,7500,,,,trade
구리,(주)인터넷청과,20260702,오이,백다다기,10.00kg,특,강원도 홍천군,29,7500,,,,trade
구리,(주)인터넷청과,20260702,오이,백다다기,10.00kg,특,강원도 홍천군,70,8000,,,,trade
구리,(주)인터넷청과,20260702,오이,백다다기,18.00kg,특,강원도 홍천군,8,19000,,,,trade
구리,(주)인터넷청과,20260702,오이,백다다기,18.00kg,특,강원도 홍천군,3,20000,,,,trade
구리,(주)인터넷청과,20260702,오이,백다다기,18.00kg,특,강원도 홍천군,8,8000,,,,trade
구리,(주)인터넷청과,20260702,오이,백다다기,18.00kg,특,강원도 홍천군,2,12000,,,,trade
구리,(주)인터넷청과,20260702,오이,백다다기,18.00kg,특,강원도 홍천군,4,9000,,,,trade
구리,(주)인터넷청과,20260702,오이,백다다기,10.00kg,특,충청북도 제천시,7,4500,,,,trade
구리,(주)인터넷청과,20260702,오이,백다다기,10.00kg,특,충청북도 제천시,2,3000,,,,trade
구리,(주)인터넷청과,20260702,오이,백다다기,10.00kg,특,충청북도 제천시,8,3000,,,,trade
구리,(주)인터넷청과,20260702,오이,백다다기,10.00kg,특,충청북도 제천시,71,12500,,,,trade
구리,(주)인터넷청과,20260702,오이,백다다기,10.00kg,특,충청북도 제천시,12,6000,,,,trade
구리,(주)인터넷청과,20260702,오이,백다다기,10.00kg,특,충청북도 제천시,16,3500,,,,trade
구리,(주)인터넷청과,20260702,오이,백다다기,10.00kg,특,충청북도 제천시,18,11000,,,,trade
구리,(주)인터넷청과,20260702,오이,백다다기,10.00kg,특,충청북도 제천시,2,4000,,,,trade
구리,(주)인터넷청과,20260702,오이,백다다기,10.00kg,특,충청북도 제천시,24,10000,,,,trade
구리,(주)인터넷청과,20260702,오이,백다다기,10.00kg,특,충청북도 제천시,1,4000,,,,trade
구리,(주)인터넷청과,20260702,오이,백다다기,10.00kg,특,충청북도 제천시,5,6000,,,,trade
구리,(주)인터넷청과,20260702,오이,백다다기,10.00kg,특,충청북도 제천시,5,6000,,,,trade
구리,(주)인터넷청과,20260702,오이,백다다기,10.00kg,특,충청북도 제천시,6,4000,,,,trade
구리,(주)인터넷청과,20260702,오이,백다다기,10.00kg,특,충청북도 제천시,14,11500,,,,trade
구리,(주)인터넷청과,20260702,오이,백다다기,10.00kg,특,충청북도 제천시,34,10000,,,,trade
구리,(주)인터넷청과,20260702,오이,백다다기,10.00kg,특,충청북도 제천시,4,5000,,,,trade
구리,(주)인터넷청과,20260702,오이,백다다기,10.00kg,특,충청북도 제천시,2,3000,,,,trade
구리,(주)인터넷청과,20260702,오이,백다다기,10.00kg,특,충청북도 제천시,13,12500,,,,trade
구리,(주)인터넷청과,20260702,오이,백다다기,10.00kg,특,충청북도 제천시,20,9000,,,,trade
구리,(주)인터넷청과,20260702,오이,백다다기,10.00kg,특,충청북도 제천시,33,10000,,,,trade
구리,(주)인터넷청과,20260702,오이,백다다기,10.00kg,특,충청북도 제천시,15,6000,,,,trade
구리,(주)인터넷청과,20260702,오이,백다다기,10.00kg,특,충청북도 제천시,4,5500,,,,trade
구리,(주)인터넷청과,20260702,오이,백다다기,10.00kg,특,충청북도 제천시,1,4500,,,,trade
구리,(주)인터넷청과,20260702,오이,백다다기,10.00kg,특,충청북도 제천시,22,11000,,,,trade
구리,(주)인터넷청과,20260702,오이,백다다기,10.00kg,특,충청북도 제천시,4,7000,,,,trade
구리,(주)인터넷청과,20260702,오이,백다다기,10.00kg,특,충청북도 제천시,12,4500,,,,trade
구리,(주)인터넷청과,20260702,오이,백다다기,10.00kg,특,충청북도 제천시,48,12000,,,,trade
구리,(주)인터넷청과,20260702,오이,백다다기,10.00kg,특,충청북도 제천시,50,12000,,,,trade
구리,(주)인터넷청과,20260702,오이,백다다기,10.00kg,특,충청북도 제천시,43,12000,,,,trade
구리,(주)인터넷청과,20260702,오이,백다다기,10.00kg,특,충청북도 제천시,48,12000,,,,trade
구리,(주)인터넷청과,20260702,오이,백다다기,10.00kg,특,충청북도 제천시,2,4000,,,,trade
구리,(주)인터넷청과,20260702,오이,백다다기,10.00kg,특,충청북도 제천시,47,11000,,,,trade
구리,(주)인터넷청과,20260707,오이,백다다기,8.00kg,특,경기도 양주시,112,6600,,,,trade
구리,(주)인터넷청과,20260707,오이,백다다기,8.00kg,특,경기도 양주시,110,7000,,,,trade
구리,(주)인터넷청과,20260707,오이,백다다기,8.00kg,특,경기도 양주시,12,7000,,,,trade
구리,(주)인터넷청과,20260707,오이,백다다기,8.00kg,특,경기도 양주시,117,7000,,,,trade
구리,(주)인터넷청과,20260707,오이,백다다기,8.00kg,특,경기도 양주시,90,7000,,,,trade
구리,(주)인터넷청과,20260707,오이,백다다기,8.00kg,특,경기도 양주시,127,5600,,,,trade
구리,(주)인터넷청과,20260707,오이,백다다기,10.00kg,특,충청북도 제천시,6,13000,,,,trade
구리,(주)인터넷청과,20260707,오이,백다다기,10.00kg,특,충청북도 제천시,25,14000,,,,trade
구리,(주)인터넷청과,20260707,오이,백다다기,10.00kg,특,충청북도 제천시,7,7000,,,,trade
구리,(주)인터넷청과,20260707,오이,백다다기,10.00kg,특,충청북도 제천시,5,6000,,,,trade
구리,(주)인터넷청과,20260707,오이,백다다기,10.00kg,특,충청북도 제천시,8,4000,,,,trade
구리,(주)인터넷청과,20260707,오이,백다다기,10.00kg,특,충청북도 제천시,21,10000,,,,trade
구리,(주)인터넷청과,20260707,오이,백다다기,10.00kg,특,충청북도 제천시,20,12000,,,,trade
구리,(주)인터넷청과,20260707,오이,백다다기,10.00kg,특,충청북도 제천시,12,4000,,,,trade
구리,(주)인터넷청과,20260707,오이,백다다기,10.00kg,특,충청북도 제천시,32,13000,,,,trade
구리,(주)인터넷청과,20260707,오이,백다다기,10.00kg,특,충청북도 제천시,5,6000,,,,trade
구리,(주)인터넷청과,20260707,오이,백다다기,10.00kg,특,충청북도 제천시,6,5000,,,,trade
구리,(주)인터넷청과,20260707,오이,백다다기,10.00kg,특,충청북도 제천시,48,12000,,,,trade
구리,(주)인터넷청과,20260707,오이,백다다기,10.00kg,특,충청북도 제천시,42,12000,,,,trade
구리,(주)인터넷청과,20260707,오이,백다다기,10.00kg,특,충청북도 제천시,22,8000,,,,trade
구리,(주)인터넷청과,20260707,오이,백다다기,10.00kg,특,충청북도 제천시,30,13000,,,,trade
구리,(주)인터넷청과,20260707,오이,백다다기,10.00kg,특,충청북도 제천시,1,8000,,,,trade
구리,(주)인터넷청과,20260707,오이,백다다기,10.00kg,특,충청북도 제천시,15,13500,,,,trade
구리,(주)인터넷청과,20260707,오이,백다다기,10.00kg,특,충청북도 제천시,12,4000,,,,trade
구리,(주)인터넷청과,20260707,오이,백다다기,10.00kg,특,충청북도 제천시,48,12500,,,,trade
구리,(주)인터넷청과,20260707,오이,백다다기,10.00kg,특,충청북도 제천시,48,12500,,,,trade
구리,(주)인터넷청과,20260707,오이,백다다기,10.00kg,특,충청북도 제천시,42,12000,,,,trade
구리,(주)인터넷청과,20260707,오이,백다다기,10.00kg,특,충청북도 제천시,3,4000,,,,trade
구리,(주)인터넷청과,20260707,오이,백다다기,10.00kg,특,충청북도 제천시,58,12000,,,,trade
구리,(주)인터넷청과,20260707,오이,백다다기,10.00kg,특,충청북도 제천시,74,11000,,,,trade
구리,(주)인터넷청과,20260707,오이,백다다기,10.00kg,특,충청북도 제천시,4,5000,,,,trade
구리,(주)인터넷청과,20260707,오이,백다다기,10.00kg,특,충청북도 제천시,29,10000,,,,trade
구리,(주)인터넷청과,20260707,오이,백다다기,10.00kg,특,충청북도 제천시,8,4000,,,,trade
구리,(주)인터넷청과,20260707,오이,백다다기,10.00kg,특,충청북도 제천시,35,11000,,,,trade
구리,(주)인터넷청과,20260707,오이,백다다기,10.00kg,특,충청북도 제천시,3,5000,,,,trade
구리,(주)인터넷청과,20260707,오이,백다다기,10.00kg,특,충청북도 제천시,2,4000,,,,trade
구리,(주)인터넷청과,20260707,오이,백다다기,18.00kg,특,강원도 철원군,18,14000,,,,trade
구리,(주)인터넷청과,20260707,오이,백다다기,18.00kg,특,강원도 홍천군,10,24000,,,,trade
구리,(주)인터넷청과,20260707,오이,백다다기,18.00kg,특,강원도 홍천군,1,12000,,,,trade
구리,(주)인터넷청과,20260707,오이,백다다기,18.00kg,특,강원도 홍천군,3,6000,,,,trade
구리,(주)인터넷청과,20260707,오이,백다다기,8.00kg,특,강원도 철원군,1,6000,,,,trade
구리,(주)인터넷청과,20260707,오이,백다다기,8.00kg,특,경기도 양주시,3,5500,,,,trade
구리,(주)인터넷청과,20260707,오이,백다다기,8.00kg,특,경기도 양주시,7,5500,,,,trade
구리,(주)인터넷청과,20260707,오이,백다다기,8.00kg,특,경기도 양주시,3,4000,,,,trade
구리,(주)인터넷청과,20260707,오이,백다다기,8.00kg,특,경기도 양주시,3,3000,,,,trade
구리,(주)인터넷청과,20260707,오이,백다다기,8.00kg,특,경기도 양주시,8,4000,,,,trade
구리,(주)인터넷청과,20260707,오이,백다다기,8.00kg,특,경기도 양주시,3,5000,,,,trade
구리,(주)인터넷청과,20260707,오이,백다다기,8.00kg,특,경기도 양주시,6,5500,,,,trade
구리,(주)인터넷청과,20260707,오이,백다다기,8.00kg,특,경기도 양주시,4,4000,,,,trade
구리,(주)인터넷청과,20260707,오이,백다다기,8.00kg,특,경기도 양주시,40,7600,,,,trade
구리,(주)인터넷청과,20260707,오이,백다다기,8.00kg,특,경기도 양주시,14,9100,,,,trade
구리,(주)인터넷청과,20260707,오이,백다다기,10.00kg,특,강원도 철원군,33,8000,,,,trade
구리,(주)인터넷청과,20260707,오이,백다다기,10.00kg,특,강원도 철원군,13,6000,,,,trade
구리,(주)인터넷청과,20260707,오이,백다다기,10.00kg,특,강원도 철원군,3,6000,,,,trade
구리,(주)인터넷청과,20260707,오이,백다다기,10.00kg,특,강원도 철원군,10,5000,,,,trade
구리,(주)인터넷청과,20260707,오이,백다다기,10.00kg,특,강원도 철원군,3,3000,,,,trade
구리,(주)인터넷청과,20260707,오이,백다다기,10.00kg,특,강원도 철원군,40,6000,,,,trade
구리,(주)인터넷청과,20260707,오이,백다다기,10.00kg,특,강원도 철원군,22,6500,,,,trade
구리,(주)인터넷청과,20260707,오이,백다다기,10.00kg,특,강원도 철원군,10,5000,,,,trade
구리,(주)인터넷청과,20260707,오이,백다다기,10.00kg,특,경기도 남양주시,26,8000,,,,trade
구리,(주)인터넷청과,20260707,오이,백다다기,10.00kg,특,경기도 남양주시,1,3000,,,,trade
구리,(주)인터넷청과,20260707,오이,백다다기,10.00kg,특,경기도 남양주시,36,9000,,,,trade
구리,(주)인터넷청과,20260707,오이,백다다기,10.00kg,특,경기도 포천시,6,6000,,,,trade
구리,(주)인터넷청과,20260707,오이,백다다기,10.00kg,특,강원도 홍천군,10,5000,,,,trade
구리,(주)인터넷청과,20260707,오이,백다다기,10.00kg,특,강원도 홍천군,12,7000,,,,trade
구리,(주)인터넷청과,20260707,오이,백다다기,10.00kg,특,강원도 홍천군,10,6000,,,,trade
구리,(주)인터넷청과,20260707,오이,백다다기,10.00kg,특,강원도 홍천군,11,6000,,,,trade
구리,(주)인터넷청과,20260707,오이,백다다기,10.00kg,특,강원도 홍천군,40,8000,,,,trade
구리,(주)인터넷청과,20260707,오이,백다다기,10.00kg,특,경기도 평택시,12,7000,,,,trade
구리,(주)인터넷청과,20260707,오이,백다다기,10.00kg,특,경기도 용인시,26,7000,,,,trade
구리,(주)인터넷청과,20260707,오이,백다다기,10.00kg,특,경기도 용인시,13,7000,,,,trade
구리,(주)인터넷청과,20260707,오이,백다다기,10.00kg,특,경기도 용인시,10,6000,,,,trade
구리,(주)인터넷청과,20260707,오이,백다다기,10.00kg,특,경기도 용인시,27,8000,,,,trade
구리,(주)인터넷청과,20260707,오이,백다다기,10.00kg,특,강원도 홍천군,11,10000,,,,trade
구리,(주)인터넷청과,20260707,오이,백다다기,10.00kg,특,강원도 홍천군,20,10000,,,,trade
구리,(주)인터넷청과,20260707,오이,백다다기,10.00kg,특,강원도 홍천군,68,10000,,,,trade
구리,(주)인터넷청과,20260707,오이,백다다기,10.00kg,특,강원도 홍천군,2,5000,,,,trade
구리,(주)인터넷청과,20260707,오이,백다다기,18.00kg,특,강원도 홍천군,1,4000,,,,trade
구리,(주)인터넷청과,20260707,오이,백다다기,10.00kg,특,강원도 홍천군,6,10000,,,,trade
구리,(주)인터넷청과,20260707,오이,백다다기,10.00kg,특,강원도 홍천군,25,7000,,,,trade
구리,(주)인터넷청과,20260707,오이,백다다기,10.00kg,특,강원도 홍천군,2,8000,,,,trade
구리,(주)인터넷청과,20260707,오이,백다다기,10.00kg,특,강원도 홍천군,11,9000,,,,trade
구리,(주)인터넷청과,20260707,오이,백다다기,10.00kg,특,강원도 홍천군,2,7000,,,,trade
구리,(주)인터넷청과,20260707,오이,백다다기,10.00kg,특,강원도 홍천군,10,8000,,,,trade
구리,(주)인터넷청과,20260707,오이,백다다기,18.00kg,특,강원도 홍천군,1,8000,,,,trade
구리,(주)인터넷청과,20260707,오이,백다다기,18.00kg,특,강원도 홍천군,8,7000,,,,trade
구리,(주)인터넷청과,20260707,오이,백다다기,18.00kg,특,강원도 홍천군,2,19000,,,,trade
구리,(주)인터넷청과,20260707,오이,백다다기,18.00kg,특,강원도 홍천군,4,20000,,,,trade
구리,(주)인터넷청과,20260707,오이,백다다기,18.00kg,특,강원도 홍천군,5,7000,,,,trade
구리,(주)인터넷청과,20260707,오이,백다다기,10.00kg,특,경기도 광주시,1,3000,,,,trade
구리,(주)인터넷청과,20260707,오이,백다다기,10.00kg,특,경기도 광주시,20,7500,,,,trade
구리,(주)인터넷청과,20260707,오이,백다다기,10.00kg,특,경기도 광주시,1,3000,,,,trade
구리,(주)인터넷청과,20260707,오이,백다다기,10.00kg,특,경기도 광주시,17,7000,,,,trade
구리,(주)인터넷청과,20260707,오이,백다다기,10.00kg,특,강원도 철원군,10,3000,,,,trade
구리,(주)인터넷청과,20260707,오이,백다다기,8.00kg,특,강원도 철원군,1,3200,,,,trade
구리,(주)인터넷청과,20260707,오이,백다다기,18.00kg,특,강원도 철원군,18,8000,,,,trade
구리,(주)인터넷청과,20260707,오이,백다다기,18.00kg,특,강원도 철원군,2,3000,,,,trade
구리,(주)인터넷청과,20260707,오이,백다다기,10.00kg,특,충청북도 제천시,8,14000,,,,trade
구리,(주)인터넷청과,20260707,오이,백다다기,10.00kg,특,충청북도 제천시,30,14500,,,,trade
구리,(주)인터넷청과,20260707,오이,백다다기,10.00kg,특,충청북도 제천시,6,9000,,,,trade
구리,(주)인터넷청과,20260707,오이,백다다기,10.00kg,특,충청북도 제천시,5,6500,,,,trade
구리,(주)인터넷청과,20260707,오이,백다다기,10.00kg,특,충청북도 제천시,5,4000,,,,trade
구리,(주)인터넷청과,20260707,오이,백다다기,10.00kg,특,충청북도 제천시,50,13000,,,,trade
구리,(주)인터넷청과,20260707,오이,백다다기,10.00kg,특,충청북도 제천시,51,13000,,,,trade
구리,(주)인터넷청과,20260707,오이,백다다기,10.00kg,특,충청북도 제천시,2,8000,,,,trade
구리,(주)인터넷청과,20260707,오이,백다다기,10.00kg,특,충청북도 제천시,5,6000,,,,trade
구리,(주)인터넷청과,20260707,오이,백다다기,10.00kg,특,충청북도 제천시,40,10000,,,,trade
구리,(주)인터넷청과,20260707,오이,백다다기,10.00kg,특,충청북도 제천시,3,6000,,,,trade
구리,(주)인터넷청과,20260707,오이,백다다기,10.00kg,특,충청북도 제천시,38,12000,,,,trade
구리,(주)인터넷청과,20260707,오이,백다다기,10.00kg,특,충청북도 제천시,5,6000,,,,trade
구리,(주)인터넷청과,20260707,오이,백다다기,10.00kg,특,충청북도 제천시,1,5000,,,,trade
구리,(주)인터넷청과,20260707,오이,백다다기,10.00kg,특,충청북도 제천시,1,14000,,,,trade
구리,(주)인터넷청과,20260707,오이,백다다기,10.00kg,특,충청북도 제천시,15,14000,,,,trade
구리,(주)인터넷청과,20260707,오이,백다다기,10.00kg,특,충청북도 제천시,4,6000,,,,trade
구리,(주)인터넷청과,20260707,오이,백다다기,10.00kg,특,충청북도 제천시,1,6000,,,,trade
구리,(주)인터넷청과,20260707,오이,백다다기,10.00kg,특,충청북도 제천시,4,5000,,,,trade
구리,(주)인터넷청과,20260707,오이,백다다기,10.00kg,특,충청북도 제천시,17,12000,,,,trade
구리,(주)인터넷청과,20260707,오이,백다다기,10.00kg,특,충청북도 제천시,1,5000,,,,trade
구리,(주)인터넷청과,20260707,오이,백다다기,10.00kg,특,충청북도 제천시,48,12000,,,,trade
구리,(주)인터넷청과,20260707,오이,백다다기,10.00kg,특,충청북도 제천시,48,12000,,,,trade
구리,(주)인터넷청과,20260707,오이,백다다기,10.00kg,특,충청북도 제천시,50,12000,,,,trade
구리,(주)인터넷청과,20260707,오이,백다다기,10.00kg,특,충청북도 제천시,3,6000,,,,trade
구리,(주)인터넷청과,20260707,오이,백다다기,10.00kg,특,충청북도 제천시,3,5000,,,,trade
구리,(주)인터넷청과,20260707,오이,백다다기,10.00kg,특,충청북도 제천시,19,12000,,,,trade
구리,(주)인터넷청과,20260707,오이,백다다기,10.00kg,특,충청북도 제천시,1,8500,,,,trade
구리,(주)인터넷청과,20260707,오이,백다다기,10.00kg,특,충청북도 제천시,9,5000,,,,trade
구리,(주)인터넷청과,20260707,오이,백다다기,10.00kg,특,충청북도 제천시,28,14000,,,,trade
구리,(주)인터넷청과,20260707,오이,백다다기,10.00kg,특,충청북도 제천시,51,12000,,,,trade
구리,(주)인터넷청과,20260707,오이,백다다기,10.00kg,특,충청북도 제천시,50,12000,,,,trade
구리,(주)인터넷청과,20260707,오이,백다다기,10.00kg,특,충청북도 제천시,9,8000,,,,trade
구리,(주)인터넷청과,20260707,오이,백다다기,10.00kg,특,충청북도 제천시,10,5000,,,,trade
구리,(주)인터넷청과,20260707,오이,백다다기,10.00kg,특,충청북도 제천시,30,12000,,,,trade
구리,(주)인터넷청과,20260707,오이,백다다기,10.00kg,특,충청북도 제천시,2,8000,,,,trade
구리,(주)인터넷청과,20260707,오이,백다다기,10.00kg,특,충청북도 제천시,1,4000,,,,trade
구리,(주)인터넷청과,20260707,오이,백다다기,10.00kg,특,충청북도 제천시,3,4000,,,,trade
구리,(주)인터넷청과,20260707,오이,백다다기,10.00kg,특,충청북도 제천시,71,11500,,,,trade
구리,(주)인터넷청과,20260707,오이,백다다기,10.00kg,특,강원도 홍천군,25,9000,,,,trade
구리,(주)인터넷청과,20260707,오이,백다다기,10.00kg,특,강원도 홍천군,3,8000,,,,trade
구리,(주)인터넷청과,20260707,오이,백다다기,10.00kg,특,강원도 홍천군,2,6000,,,,trade
구리,(주)인터넷청과,20260707,오이,백다다기,10.00kg,특,강원도 홍천군,1,9000,,,,trade
구리,(주)인터넷청과,20260707,오이,백다다기,10.00kg,특,강원도 홍천군,32,10000,,,,trade
구리,(주)인터넷청과,20260707,오이,백다다기,10.00kg,특,강원도 홍천군,54,8000,,,,trade
구리,(주)인터넷청과,20260707,오이,백다다기,10.00kg,특,강원도 홍천군,10,10000,,,,trade
구리,(주)인터넷청과,20260707,오이,백다다기,10.00kg,특,강원도 홍천군,7,8000,,,,trade
구리,(주)인터넷청과,20260707,오이,백다다기,18.00kg,특,강원도 홍천군,5,19000,,,,trade
구리,(주)인터넷청과,20260707,오이,백다다기,18.00kg,특,강원도 홍천군,2,19000,,,,trade
구리,(주)인터넷청과,20260707,오이,백다다기,18.00kg,특,강원도 홍천군,7,8000,,,,trade
구리,(주)인터넷청과,20260707,오이,백다다기,10.00kg,특,강원도 홍천군,13,10000,,,,trade
구리,(주)인터넷청과,20260707,오이,백다다기,18.00kg,특,강원도 홍천군,1,4000,,,,trade
구리,(주)인터넷청과,20260707,오이,백다다기,18.00kg,특,강원도 홍천군,5,4000,,,,trade
구리,(주)인터넷청과,20260707,오이,백다다기,18.00kg,특,강원도 홍천군,4,7000,,,,trade
구리,(주)인터넷청과,20260709,오이,백다다기,10.00kg,특,충청북도 제천시,11,12000,,,,trade
구리,(주)인터넷청과,20260709,오이,백다다기,10.00kg,특,충청북도 제천시,1,7000,,,,trade
구리,(주)인터넷청과,20260709,오이,백다다기,10.00kg,특,충청북도 제천시,20,18000,,,,trade
구리,(주)인터넷청과,20260709,오이,백다다기,10.00kg,특,충청북도 제천시,2,12000,,,,trade
구리,(주)인터넷청과,20260709,오이,백다다기,10.00kg,특,충청북도 제천시,11,17500,,,,trade
구리,(주)인터넷청과,20260709,오이,백다다기,10.00kg,특,충청북도 제천시,1,11000,,,,trade
구리,(주)인터넷청과,20260709,오이,백다다기,10.00kg,특,충청북도 제천시,34,17000,,,,trade
구리,(주)인터넷청과,20260709,오이,백다다기,10.00kg,특,충청북도 제천시,48,18000,,,,trade
구리,(주)인터넷청과,20260709,오이,백다다기,10.00kg,특,충청북도 제천시,48,18500,,,,trade
구리,(주)인터넷청과,20260709,오이,백다다기,10.00kg,특,충청북도 제천시,4,10000,,,,trade
구리,(주)인터넷청과,20260709,오이,백다다기,10.00kg,특,충청북도 제천시,47,18000,,,,trade
구리,(주)인터넷청과,20260709,오이,백다다기,10.00kg,특,충청북도 제천시,7,16000,,,,trade
구리,(주)인터넷청과,20260709,오이,백다다기,10.00kg,특,충청북도 제천시,10,10000,,,,trade
구리,(주)인터넷청과,20260709,오이,백다다기,10.00kg,특,충청북도 제천시,55,18000,,,,trade
구리,(주)인터넷청과,20260709,오이,백다다기,10.00kg,특,충청북도 제천시,48,18000,,,,trade
구리,(주)인터넷청과,20260709,오이,백다다기,10.00kg,특,충청북도 제천시,24,13000,,,,trade
구리,(주)인터넷청과,20260709,오이,백다다기,10.00kg,특,충청북도 제천시,4,11000,,,,trade
구리,(주)인터넷청과,20260709,오이,백다다기,10.00kg,특,충청북도 제천시,5,9000,,,,trade
구리,(주)인터넷청과,20260709,오이,백다다기,10.00kg,특,충청북도 제천시,33,16000,,,,trade
구리,(주)인터넷청과,20260709,오이,백다다기,10.00kg,특,충청북도 제천시,5,17000,,,,trade
구리,(주)인터넷청과,20260709,오이,백다다기,10.00kg,특,충청북도 제천시,18,17000,,,,trade
구리,(주)인터넷청과,20260709,오이,백다다기,10.00kg,특,충청북도 제천시,5,10000,,,,trade
구리,(주)인터넷청과,20260709,오이,백다다기,10.00kg,특,충청북도 제천시,4,8000,,,,trade
구리,(주)인터넷청과,20260709,오이,백다다기,10.00kg,특,충청북도 제천시,33,17000,,,,trade
구리,(주)인터넷청과,20260709,오이,백다다기,10.00kg,특,충청북도 제천시,26,14000,,,,trade
구리,(주)인터넷청과,20260709,오이,백다다기,10.00kg,특,충청북도 제천시,4,8000,,,,trade
구리,(주)인터넷청과,20260709,오이,백다다기,10.00kg,특,충청북도 제천시,1,7000,,,,trade
구리,(주)인터넷청과,20260709,오이,백다다기,10.00kg,특,충청북도 제천시,28,10000,,,,trade
구리,(주)인터넷청과,20260709,오이,백다다기,10.00kg,특,충청북도 제천시,24,17500,,,,trade
구리,(주)인터넷청과,20260709,오이,백다다기,10.00kg,특,충청북도 제천시,44,18000,,,,trade
구리,(주)인터넷청과,20260709,오이,백다다기,10.00kg,특,충청북도 제천시,2,11000,,,,trade
구리,(주)인터넷청과,20260709,오이,백다다기,10.00kg,특,충청북도 제천시,1,10000,,,,trade
구리,(주)인터넷청과,20260709,오이,백다다기,8.00kg,특,경기도 양주시,127,7200,,,,trade
구리,(주)인터넷청과,20260709,오이,백다다기,8.00kg,특,경기도 양주시,105,7600,,,,trade
구리,(주)인터넷청과,20260709,오이,백다다기,8.00kg,특,경기도 양주시,117,7700,,,,trade
구리,(주)인터넷청과,20260709,오이,백다다기,8.00kg,특,경기도 양주시,106,5600,,,,trade
구리,(주)인터넷청과,20260709,오이,백다다기,8.00kg,특,경기도 양주시,20,5600,,,,trade
구리,(주)인터넷청과,20260709,오이,백다다기,18.00kg,특,강원도 홍천군,11,32000,,,,trade
구리,(주)인터넷청과,20260709,오이,백다다기,18.00kg,특,강원도 홍천군,4,18000,,,,trade
구리,(주)인터넷청과,20260709,오이,백다다기,18.00kg,특,강원도 홍천군,2,14000,,,,trade
구리,(주)인터넷청과,20260709,오이,백다다기,8.00kg,특,경기도 포천시,4,4000,,,,trade
구리,(주)인터넷청과,20260709,오이,백다다기,8.00kg,특,경기도 양주시,5,4000,,,,trade
구리,(주)인터넷청과,20260709,오이,백다다기,8.00kg,특,경기도 양주시,2,2500,,,,trade
구리,(주)인터넷청과,20260709,오이,백다다기,8.00kg,특,경기도 양주시,7,4000,,,,trade
구리,(주)인터넷청과,20260709,오이,백다다기,8.00kg,특,경기도 양주시,1,2000,,,,trade
구리,(주)인터넷청과,20260709,오이,백다다기,8.00kg,특,경기도 양주시,12,9800,,,,trade
구리,(주)인터넷청과,20260709,오이,백다다기,8.00kg,특,경기도 양주시,2,1600,,,,trade
구리,(주)인터넷청과,20260709,오이,백다다기,8.00kg,특,경기도 양주시,5,3000,,,,trade
구리,(주)인터넷청과,20260709,오이,백다다기,8.00kg,특,경기도 양주시,2,3000,,,,trade
구리,(주)인터넷청과,20260709,오이,백다다기,8.00kg,특,경기도 양주시,19,8600,,,,trade
구리,(주)인터넷청과,20260709,오이,백다다기,8.00kg,특,경기도 양주시,6,7000,,,,trade
구리,(주)인터넷청과,20260709,오이,백다다기,8.00kg,특,경기도 양주시,4,3000,,,,trade
구리,(주)인터넷청과,20260709,오이,백다다기,8.00kg,특,경기도 양주시,3,3000,,,,trade
구리,(주)인터넷청과,20260709,오이,백다다기,10.00kg,특,강원도 철원군,6,8000,,,,trade
구리,(주)인터넷청과,20260709,오이,백다다기,10.00kg,특,강원도 철원군,2,5000,,,,trade
구리,(주)인터넷청과,20260709,오이,백다다기,10.00kg,특,강원도 철원군,10,12000,,,,trade
구리,(주)인터넷청과,20260709,오이,백다다기,10.00kg,특,강원도 철원군,3,8000,,,,trade
구리,(주)인터넷청과,20260709,오이,백다다기,10.00kg,특,강원도 철원군,28,12000,,,,trade
구리,(주)인터넷청과,20260709,오이,백다다기,10.00kg,특,경기도 남양주시,1,4000,,,,trade
구리,(주)인터넷청과,20260709,오이,백다다기,10.00kg,특,경기도 남양주시,32,12000,,,,trade
구리,(주)인터넷청과,20260709,오이,백다다기,10.00kg,특,경기도 남양주시,15,11000,,,,trade
구리,(주)인터넷청과,20260709,오이,백다다기,10.00kg,특,경기도 포천시,6,10000,,,,trade
구리,(주)인터넷청과,20260709,오이,백다다기,10.00kg,특,경기도 광주시,26,13000,,,,trade
구리,(주)인터넷청과,20260709,오이,백다다기,10.00kg,특,경기도 광주시,3,6000,,,,trade
구리,(주)인터넷청과,20260709,오이,백다다기,10.00kg,특,경기도 광주시,26,12000,,,,trade
구리,(주)인터넷청과,20260709,오이,백다다기,10.00kg,특,경기도 광주시,4,8000,,,,trade
구리,(주)인터넷청과,20260709,오이,백다다기,10.00kg,특,강원도 홍천군,5,11000,,,,trade
구리,(주)인터넷청과,20260709,오이,백다다기,10.00kg,특,강원도 홍천군,14,11500,,,,trade
구리,(주)인터넷청과,20260709,오이,백다다기,10.00kg,특,강원도 홍천군,8,11000,,,,trade
구리,(주)인터넷청과,20260709,오이,백다다기,10.00kg,특,강원도 홍천군,33,11000,,,,trade
구리,(주)인터넷청과,20260709,오이,백다다기,10.00kg,특,경기도 용인시,8,12500,,,,trade
구리,(주)인터넷청과,20260709,오이,백다다기,10.00kg,특,경기도 용인시,9,12500,,,,trade
구리,(주)인터넷청과,20260709,오이,백다다기,10.00kg,특,경기도 용인시,18,12000,,,,trade
구리,(주)인터넷청과,20260709,오이,백다다기,10.00kg,특,강원도 홍천군,21,16000,,,,trade
구리,(주)인터넷청과,20260709,오이,백다다기,10.00kg,특,강원도 홍천군,3,9000,,,,trade
구리,(주)인터넷청과,20260709,오이,백다다기,10.00kg,특,강원도 홍천군,9,14000,,,,trade
구리,(주)인터넷청과,20260709,오이,백다다기,10.00kg,특,강원도 홍천군,1,3000,,,,trade
구리,(주)인터넷청과,20260709,오이,백다다기,10.00kg,특,강원도 홍천군,5,3500,,,,trade
구리,(주)인터넷청과,20260709,오이,백다다기,10.00kg,특,강원도 홍천군,17,13000,,,,trade
구리,(주)인터넷청과,20260709,오이,백다다기,10.00kg,특,강원도 홍천군,3,10000,,,,trade
구리,(주)인터넷청과,20260709,오이,백다다기,10.00kg,특,강원도 홍천군,2,8000,,,,trade
구리,(주)인터넷청과,20260709,오이,백다다기,10.00kg,특,강원도 홍천군,33,13000,,,,trade
구리,(주)인터넷청과,20260709,오이,백다다기,10.00kg,특,강원도 홍천군,13,13000,,,,trade
구리,(주)인터넷청과,20260709,오이,백다다기,10.00kg,특,강원도 홍천군,30,15000,,,,trade
구리,(주)인터넷청과,20260709,오이,백다다기,10.00kg,특,강원도 홍천군,50,12000,,,,trade
구리,(주)인터넷청과,20260709,오이,백다다기,18.00kg,특,강원도 홍천군,9,12000,,,,trade
구리,(주)인터넷청과,20260709,오이,백다다기,18.00kg,특,강원도 홍천군,4,26000,,,,trade
구리,(주)인터넷청과,20260709,오이,백다다기,18.00kg,특,강원도 홍천군,5,26000,,,,trade
구리,(주)인터넷청과,20260709,오이,백다다기,18.00kg,특,강원도 홍천군,2,15000,,,,trade
구리,(주)인터넷청과,20260709,오이,백다다기,18.00kg,특,강원도 홍천군,3,15000,,,,trade
구리,(주)인터넷청과,20260709,오이,백다다기,10.00kg,특,강원도 철원군,4,3500,,,,trade
구리,(주)인터넷청과,20260709,오이,백다다기,10.00kg,특,강원도 철원군,10,5000,,,,trade
구리,(주)인터넷청과,20260709,오이,백다다기,10.00kg,특,강원도 철원군,32,5000,,,,trade
구리,(주)인터넷청과,20260709,오이,백다다기,8.00kg,특,강원도 철원군,4,7000,,,,trade
구리,(주)인터넷청과,20260709,오이,백다다기,10.00kg,특,강원도 철원군,40,5000,,,,trade
구리,(주)인터넷청과,20260709,오이,백다다기,10.00kg,특,충청북도 제천시,53,13000,,,,trade
구리,(주)인터넷청과,20260709,오이,백다다기,10.00kg,특,충청북도 제천시,53,13000,,,,trade
구리,(주)인터넷청과,20260709,오이,백다다기,10.00kg,특,충청북도 제천시,30,8000,,,,trade
구리,(주)인터넷청과,20260709,오이,백다다기,10.00kg,특,충청북도 제천시,6,6000,,,,trade
구리,(주)인터넷청과,20260709,오이,백다다기,10.00kg,특,충청북도 제천시,9,4000,,,,trade
구리,(주)인터넷청과,20260709,오이,백다다기,10.00kg,특,충청북도 제천시,8,14000,,,,trade
구리,(주)인터넷청과,20260709,오이,백다다기,10.00kg,특,충청북도 제천시,14,12000,,,,trade
구리,(주)인터넷청과,20260709,오이,백다다기,10.00kg,특,충청북도 제천시,1,8500,,,,trade
구리,(주)인터넷청과,20260709,오이,백다다기,10.00kg,특,충청북도 제천시,6,8000,,,,trade
구리,(주)인터넷청과,20260709,오이,백다다기,10.00kg,특,충청북도 제천시,26,5000,,,,trade
구리,(주)인터넷청과,20260709,오이,백다다기,10.00kg,특,충청북도 제천시,47,13500,,,,trade
구리,(주)인터넷청과,20260709,오이,백다다기,10.00kg,특,충청북도 제천시,6,5000,,,,trade
구리,(주)인터넷청과,20260709,오이,백다다기,10.00kg,특,충청북도 제천시,18,12000,,,,trade
구리,(주)인터넷청과,20260709,오이,백다다기,10.00kg,특,충청북도 제천시,10,12000,,,,trade
구리,(주)인터넷청과,20260709,오이,백다다기,10.00kg,특,충청북도 제천시,43,13000,,,,trade
구리,(주)인터넷청과,20260709,오이,백다다기,10.00kg,특,충청북도 제천시,1,2500,,,,trade
구리,(주)인터넷청과,20260709,오이,백다다기,10.00kg,특,충청북도 제천시,2,3500,,,,trade
구리,(주)인터넷청과,20260709,오이,백다다기,10.00kg,특,충청북도 제천시,7,9000,,,,trade
구리,(주)인터넷청과,20260709,오이,백다다기,10.00kg,특,충청북도 제천시,9,5000,,,,trade
구리,(주)인터넷청과,20260709,오이,백다다기,10.00kg,특,충청북도 제천시,35,12000,,,,trade
구리,(주)인터넷청과,20260709,오이,백다다기,10.00kg,특,충청북도 제천시,4,4000,,,,trade
구리,(주)인터넷청과,20260709,오이,백다다기,10.00kg,특,충청북도 제천시,1,4000,,,,trade
구리,(주)인터넷청과,20260709,오이,백다다기,10.00kg,특,충청북도 제천시,54,13000,,,,trade
구리,(주)인터넷청과,20260709,오이,백다다기,10.00kg,특,충청북도 제천시,53,13000,,,,trade
구리,(주)인터넷청과,20260709,오이,백다다기,10.00kg,특,충청북도 제천시,10,6000,,,,trade
구리,(주)인터넷청과,20260709,오이,백다다기,10.00kg,특,충청북도 제천시,1,4000,,,,trade
구리,(주)인터넷청과,20260709,오이,백다다기,10.00kg,특,충청북도 제천시,5,4000,,,,trade
구리,(주)인터넷청과,20260709,오이,백다다기,10.00kg,특,충청북도 제천시,1,13000,,,,trade
구리,(주)인터넷청과,20260709,오이,백다다기,10.00kg,특,충청북도 제천시,19,13000,,,,trade
구리,(주)인터넷청과,20260709,오이,백다다기,10.00kg,특,충청북도 제천시,25,10000,,,,trade
구리,(주)인터넷청과,20260709,오이,백다다기,10.00kg,특,충청북도 제천시,1,13000,,,,trade
구리,(주)인터넷청과,20260709,오이,백다다기,8.00kg,특,경기도 양주시,3,3000,,,,trade
구리,(주)인터넷청과,20260709,오이,백다다기,8.00kg,특,경기도 양주시,4,2500,,,,trade
구리,(주)인터넷청과,20260709,오이,백다다기,8.00kg,특,경기도 양주시,1,1500,,,,trade
구리,(주)인터넷청과,20260709,오이,백다다기,8.00kg,특,경기도 양주시,14,2500,,,,trade
구리,(주)인터넷청과,20260709,오이,백다다기,8.00kg,특,경기도 양주시,8,3000,,,,trade
구리,(주)인터넷청과,20260709,오이,백다다기,8.00kg,특,경기도 양주시,8,1000,,,,trade
구리,(주)인터넷청과,20260709,오이,백다다기,8.00kg,특,경기도 양주시,16,4500,,,,trade
구리,(주)인터넷청과,20260709,오이,백다다기,8.00kg,특,경기도 양주시,3,3000,,,,trade
구리,(주)인터넷청과,20260709,오이,백다다기,8.00kg,특,경기도 양주시,27,7100,,,,trade
구리,(주)인터넷청과,20260709,오이,백다다기,8.00kg,특,경기도 양주시,1,1500,,,,trade
구리,(주)인터넷청과,20260709,오이,백다다기,8.00kg,특,경기도 양주시,11,7000,,,,trade
구리,(주)인터넷청과,20260709,오이,백다다기,8.00kg,특,경기도 양주시,11,2300,,,,trade
구리,(주)인터넷청과,20260709,오이,백다다기,8.00kg,특,경기도 양주시,3,3000,,,,trade
구리,(주)인터넷청과,20260709,오이,백다다기,8.00kg,특,경기도 양주시,8,8600,,,,trade
구리,(주)인터넷청과,20260709,오이,백다다기,8.00kg,특,경기도 양주시,117,6100,,,,trade
구리,(주)인터넷청과,20260709,오이,백다다기,8.00kg,특,경기도 양주시,117,6000,,,,trade
구리,(주)인터넷청과,20260709,오이,백다다기,8.00kg,특,경기도 양주시,93,6100,,,,trade
구리,(주)인터넷청과,20260709,오이,백다다기,8.00kg,특,경기도 양주시,78,5200,,,,trade
구리,(주)인터넷청과,20260709,오이,백다다기,8.00kg,특,경기도 양주시,113,3500,,,,trade
구리,(주)인터넷청과,20260709,오이,백다다기,8.00kg,특,경기도 포천시,77,4200,,,,trade
구리,(주)인터넷청과,20260709,오이,백다다기,8.00kg,특,경기도 포천시,72,5000,,,,trade
구리,(주)인터넷청과,20260709,오이,백다다기,10.00kg,특,강원도 철원군,13,6000,,,,trade
구리,(주)인터넷청과,20260709,오이,백다다기,10.00kg,특,강원도 철원군,13,5000,,,,trade
구리,(주)인터넷청과,20260709,오이,백다다기,10.00kg,특,강원도 철원군,2,6000,,,,trade
구리,(주)인터넷청과,20260709,오이,백다다기,18.00kg,특,강원도 철원군,22,14000,,,,trade
구리,(주)인터넷청과,20260709,오이,백다다기,18.00kg,특,강원도 철원군,3,6000,,,,trade
구리,(주)인터넷청과,20260709,오이,백다다기,10.00kg,특,경기도 평택시,21,5000,,,,trade
구리,(주)인터넷청과,20260709,오이,백다다기,10.00kg,특,경기도 용인시,8,7000,,,,trade
구리,(주)인터넷청과,20260709,오이,백다다기,10.00kg,특,경기도 용인시,24,8000,,,,trade
구리,(주)인터넷청과,20260709,오이,백다다기,10.00kg,특,경기도 남양주시,21,8000,,,,trade
구리,(주)인터넷청과,20260709,오이,백다다기,10.00kg,특,경기도 남양주시,1,3000,,,,trade
구리,(주)인터넷청과,20260709,오이,백다다기,10.00kg,특,경기도 남양주시,2,3000,,,,trade
구리,(주)인터넷청과,20260709,오이,백다다기,10.00kg,특,경기도 남양주시,44,9000,,,,trade
구리,(주)인터넷청과,20260709,오이,백다다기,10.00kg,특,경기도 남양주시,2,3000,,,,trade
구리,(주)인터넷청과,20260709,오이,백다다기,10.00kg,특,강원도 홍천군,38,7000,,,,trade
구리,(주)인터넷청과,20260709,오이,백다다기,10.00kg,특,강원도 홍천군,8,7000,,,,trade
구리,(주)인터넷청과,20260709,오이,백다다기,10.00kg,특,강원도 홍천군,10,6500,,,,trade
구리,(주)인터넷청과,20260709,오이,백다다기,10.00kg,특,강원도 홍천군,11,8000,,,,trade
구리,(주)인터넷청과,20260709,오이,백다다기,18.00kg,특,강원도 홍천군,11,24000,,,,trade
구리,(주)인터넷청과,20260709,오이,백다다기,18.00kg,특,충청남도 공주시,7,10000,,,,trade
구리,(주)인터넷청과,20260709,오이,백다다기,18.00kg,특,충청남도 공주시,26,12000,,,,trade
구리,(주)인터넷청과,20260709,오이,백다다기,18.00kg,특,충청남도 공주시,21,13000,,,,trade
구리,(주)인터넷청과,20260709,오이,백다다기,18.00kg,특,충청남도 공주시,4,6000,,,,trade
구리,(주)인터넷청과,20260709,오이,백다다기,18.00kg,특,충청남도 공주시,4,6000,,,,trade
구리,(주)인터넷청과,20260709,오이,백다다기,18.00kg,특,충청남도 공주시,6,7000,,,,trade
구리,(주)인터넷청과,20260709,오이,백다다기,18.00kg,특,충청남도 공주시,8,8000,,,,trade
구리,(주)인터넷청과,20260709,오이,백다다기,18.00kg,특,충청남도 공주시,13,10000,,,,trade
구리,(주)인터넷청과,20260709,오이,백다다기,18.00kg,특,충청남도 공주시,29,15000,,,,trade
구리,(주)인터넷청과,20260709,오이,백다다기,18.00kg,특,충청남도 공주시,1,8000,,,,trade
구리,(주)인터넷청과,20260709,오이,백다다기,18.00kg,특,충청남도 공주시,7,8000,,,,trade
구리,(주)인터넷청과,20260709,오이,백다다기,18.00kg,특,강원도 홍천군,5,19000,,,,trade
구리,(주)인터넷청과,20260709,오이,백다다기,18.00kg,특,강원도 홍천군,4,19000,,,,trade
구리,(주)인터넷청과,20260709,오이,백다다기,18.00kg,특,강원도 홍천군,7,10000,,,,trade
구리,(주)인터넷청과,20260709,오이,백다다기,18.00kg,특,강원도 홍천군,3,6000,,,,trade
구리,(주)인터넷청과,20260709,오이,백다다기,18.00kg,특,강원도 홍천군,2,7000,,,,trade
구리,(주)인터넷청과,20260709,오이,백다다기,10.00kg,특,강원도 홍천군,11,7000,,,,trade
구리,(주)인터넷청과,20260709,오이,백다다기,10.00kg,특,강원도 홍천군,34,11000,,,,trade
구리,(주)인터넷청과,20260709,오이,백다다기,10.00kg,특,강원도 홍천군,13,8000,,,,trade
구리,(주)인터넷청과,20260709,오이,백다다기,10.00kg,특,강원도 홍천군,2,11500,,,,trade
구리,(주)인터넷청과,20260709,오이,백다다기,10.00kg,특,강원도 홍천군,8,11000,,,,trade
구리,(주)인터넷청과,20260709,오이,백다다기,10.00kg,특,강원도 홍천군,10,6000,,,,trade
구리,(주)인터넷청과,20260709,오이,백다다기,10.00kg,특,강원도 홍천군,16,4000,,,,trade
구리,(주)인터넷청과,20260709,오이,백다다기,10.00kg,특,강원도 홍천군,2,5000,,,,trade
구리,(주)인터넷청과,20260709,오이,백다다기,10.00kg,특,강원도 홍천군,51,10000,,,,trade
구리,(주)인터넷청과,20260709,오이,백다다기,10.00kg,특,경기도 광주시,12,8500,,,,trade
구리,(주)인터넷청과,20260709,오이,백다다기,10.00kg,특,경기도 광주시,5,3000,,,,trade
구리,(주)인터넷청과,20260709,오이,백다다기,10.00kg,특,경기도 광주시,25,9000,,,,trade
구리,(주)인터넷청과,20260709,오이,백다다기,10.00kg,특,경기도 광주시,3,3000,,,,trade
구리,(주)인터넷청과,20260714,오이,백다다기,18.00kg,특,강원도 철원군,10,42000,,,,trade
구리,(주)인터넷청과,20260714,오이,백다다기,10.00kg,특,경기도 여주군,2,6000,,,,trade
구리,(주)인터넷청과,20260714,오이,백다다기,10.00kg,특,경기도 여주군,12,11000,,,,trade
구리,(주)인터넷청과,20260714,오이,백다다기,8.00kg,특,경기도 남양주시,4,9500,,,,trade
구리,(주)인터넷청과,20260714,오이,백다다기,10.00kg,특,경기도 남양주시,2,6500,,,,trade
구리,(주)인터넷청과,20260714,오이,백다다기,10.00kg,특,경기도 남양주시,14,16000,,,,trade
구리,(주)인터넷청과,20260714,오이,백다다기,10.00kg,특,경기도 남양주시,3,7500,,,,trade
구리,(주)인터넷청과,20260714,오이,백다다기,10.00kg,특,경기도 남양주시,15,18000,,,,trade
구리,(주)인터넷청과,20260714,오이,백다다기,18.00kg,특,강원도 철원군,4,23000,,,,trade
구리,(주)인터넷청과,20260714,오이,백다다기,10.00kg,특,강원도 철원군,15,13000,,,,trade
구리,(주)인터넷청과,20260714,오이,백다다기,10.00kg,특,강원도 철원군,6,17000,,,,trade
구리,(주)인터넷청과,20260714,오이,백다다기,10.00kg,특,강원도 철원군,1,6500,,,,trade
구리,(주)인터넷청과,20260714,오이,백다다기,10.00kg,특,강원도 철원군,3,18000,,,,trade
구리,(주)인터넷청과,20260714,오이,백다다기,10.00kg,특,강원도 철원군,17,8500,,,,trade
구리,(주)인터넷청과,20260714,오이,백다다기,10.00kg,특,강원도 철원군,20,18000,,,,trade
구리,(주)인터넷청과,20260714,오이,백다다기,10.00kg,특,강원도 철원군,1,10000,,,,trade
구리,(주)인터넷청과,20260714,오이,백다다기,10.00kg,특,강원도 철원군,3,22000,,,,trade
구리,(주)인터넷청과,20260714,오이,백다다기,10.00kg,특,강원도 철원군,18,22000,,,,trade
구리,(주)인터넷청과,20260714,오이,백다다기,10.00kg,특,강원도 철원군,11,20000,,,,trade
구리,(주)인터넷청과,20260714,오이,백다다기,18.00kg,특,강원도 홍천군,2,40000,,,,trade
구리,(주)인터넷청과,20260714,오이,백다다기,18.00kg,특,강원도 홍천군,2,50000,,,,trade
구리,(주)인터넷청과,20260714,오이,백다다기,18.00kg,특,강원도 홍천군,4,21000,,,,trade
구리,(주)인터넷청과,20260714,오이,백다다기,18.00kg,특,강원도 홍천군,4,80000,,,,trade
구리,(주)인터넷청과,20260714,오이,백다다기,18.00kg,특,강원도 홍천군,3,20000,,,,trade
구리,(주)인터넷청과,20260714,오이,백다다기,18.00kg,특,강원도 홍천군,1,26000,,,,trade
구리,(주)인터넷청과,20260714,오이,백다다기,18.00kg,특,강원도 홍천군,3,60000,,,,trade
구리,(주)인터넷청과,20260714,오이,백다다기,18.00kg,특,강원도 홍천군,15,84000,,,,trade
구리,(주)인터넷청과,20260714,오이,백다다기,10.00kg,특,경기도 남양주시,1,4000,,,,trade
구리,(주)인터넷청과,20260714,오이,백다다기,10.00kg,특,경기도 남양주시,1,12000,,,,trade
구리,(주)인터넷청과,20260714,오이,백다다기,10.00kg,특,경기도 남양주시,9,17000,,,,trade
구리,(주)인터넷청과,20260714,오이,백다다기,10.00kg,특,경기도 남양주시,16,18000,,,,trade
구리,(주)인터넷청과,20260714,오이,백다다기,8.00kg,특,경기도 포천시,5,6000,,,,trade
구리,(주)인터넷청과,20260714,오이,백다다기,8.00kg,특,경기도 양주시,6,3800,,,,trade
구리,(주)인터넷청과,20260714,오이,백다다기,8.00kg,특,경기도 양주시,5,9000,,,,trade
구리,(주)인터넷청과,20260714,오이,백다다기,8.00kg,특,경기도 양주시,8,14600,,,,trade
구리,(주)인터넷청과,20260714,오이,백다다기,8.00kg,특,경기도 양주시,1,5500,,,,trade
구리,(주)인터넷청과,20260714,오이,백다다기,8.00kg,특,경기도 양주시,15,9500,,,,trade
구리,(주)인터넷청과,20260714,오이,백다다기,8.00kg,특,경기도 양주시,30,12100,,,,trade
구리,(주)인터넷청과,20260714,오이,백다다기,8.00kg,특,경기도 양주시,19,10200,,,,trade
구리,(주)인터넷청과,20260714,오이,백다다기,8.00kg,특,경기도 양주시,11,4200,,,,trade
구리,(주)인터넷청과,20260714,오이,백다다기,8.00kg,특,경기도 양주시,30,7000,,,,trade
구리,(주)인터넷청과,20260714,오이,백다다기,8.00kg,특,경기도 양주시,26,11500,,,,trade
구리,(주)인터넷청과,20260714,오이,백다다기,8.00kg,특,경기도 양주시,1,3600,,,,trade
구리,(주)인터넷청과,20260714,오이,백다다기,8.00kg,특,경기도 양주시,3,2300,,,,trade
구리,(주)인터넷청과,20260714,오이,백다다기,8.00kg,특,경기도 양주시,13,4500,,,,trade
구리,(주)인터넷청과,20260714,오이,백다다기,8.00kg,특,경기도 양주시,5,6500,,,,trade
구리,(주)인터넷청과,20260714,오이,백다다기,8.00kg,특,경기도 양주시,7,10000,,,,trade
구리,(주)인터넷청과,20260714,오이,백다다기,8.00kg,특,경기도 양주시,50,14200,,,,trade
구리,(주)인터넷청과,20260714,오이,백다다기,8.00kg,특,경기도 양주시,71,13300,,,,trade
구리,(주)인터넷청과,20260714,오이,백다다기,10.00kg,특,경기도 포천시,1,26000,,,,trade
구리,(주)인터넷청과,20260714,오이,백다다기,10.00kg,특,경기도 광주시,2,7000,,,,trade
구리,(주)인터넷청과,20260714,오이,백다다기,10.00kg,특,경기도 광주시,9,26000,,,,trade
구리,(주)인터넷청과,20260714,오이,백다다기,10.00kg,특,경기도 광주시,5,7000,,,,trade
구리,(주)인터넷청과,20260714,오이,백다다기,10.00kg,특,경기도 광주시,9,22000,,,,trade
구리,(주)인터넷청과,20260714,오이,백다다기,10.00kg,특,강원도 화천군,2,12000,,,,trade
구리,(주)인터넷청과,20260714,오이,백다다기,10.00kg,특,경기도 용인시,11,21000,,,,trade
구리,(주)인터넷청과,20260714,오이,백다다기,10.00kg,특,경기도 용인시,20,20000,,,,trade
구리,(주)인터넷청과,20260714,오이,백다다기,10.00kg,특,강원도 홍천군,2,9000,,,,trade
구리,(주)인터넷청과,20260714,오이,백다다기,10.00kg,특,강원도 홍천군,20,23000,,,,trade
구리,(주)인터넷청과,20260714,오이,백다다기,10.00kg,특,강원도 홍천군,6,16000,,,,trade
구리,(주)인터넷청과,20260714,오이,백다다기,10.00kg,특,강원도 홍천군,8,26000,,,,trade
구리,(주)인터넷청과,20260714,오이,백다다기,10.00kg,특,강원도 홍천군,6,19000,,,,trade
구리,(주)인터넷청과,20260714,오이,백다다기,10.00kg,특,강원도 홍천군,8,20000,,,,trade
구리,(주)인터넷청과,20260714,오이,백다다기,10.00kg,특,강원도 홍천군,20,22000,,,,trade
구리,(주)인터넷청과,20260714,오이,백다다기,10.00kg,특,강원도 홍천군,7,8000,,,,trade
구리,(주)인터넷청과,20260714,오이,백다다기,10.00kg,특,강원도 홍천군,4,18000,,,,trade
구리,(주)인터넷청과,20260714,오이,백다다기,10.00kg,특,강원도 홍천군,4,20000,,,,trade
구리,(주)인터넷청과,20260714,오이,백다다기,10.00kg,특,강원도 홍천군,16,31000,,,,trade
구리,(주)인터넷청과,20260714,오이,백다다기,10.00kg,특,강원도 홍천군,3,27000,,,,trade
구리,(주)인터넷청과,20260714,오이,백다다기,10.00kg,특,강원도 홍천군,20,30000,,,,trade
구리,(주)인터넷청과,20260714,오이,백다다기,10.00kg,특,강원도 홍천군,27,36000,,,,trade
구리,(주)인터넷청과,20260714,오이,백다다기,10.00kg,특,강원도 홍천군,15,30000,,,,trade
구리,(주)인터넷청과,20260714,오이,백다다기,10.00kg,특,강원도 홍천군,1,28000,,,,trade
구리,(주)인터넷청과,20260714,오이,백다다기,10.00kg,특,강원도 홍천군,13,8500,,,,trade
구리,(주)인터넷청과,20260714,오이,백다다기,10.00kg,특,강원도 홍천군,2,28000,,,,trade
구리,(주)인터넷청과,20260714,오이,백다다기,10.00kg,특,강원도 홍천군,56,26000,,,,trade
구리,(주)인터넷청과,20260714,오이,백다다기,10.00kg,특,강원도 홍천군,42,34000,,,,trade
구리,(주)인터넷청과,20260714,오이,백다다기,18.00kg,특,강원도 홍천군,1,16000,,,,trade
구리,(주)인터넷청과,20260714,오이,백다다기,18.00kg,특,강원도 홍천군,1,20000,,,,trade
구리,(주)인터넷청과,20260714,오이,백다다기,18.00kg,특,강원도 홍천군,8,23000,,,,trade
구리,(주)인터넷청과,20260714,오이,백다다기,18.00kg,특,강원도 홍천군,3,50000,,,,trade
구리,(주)인터넷청과,20260714,오이,백다다기,18.00kg,특,강원도 홍천군,5,68000,,,,trade
구리,(주)인터넷청과,20260714,오이,백다다기,18.00kg,특,강원도 홍천군,4,28000,,,,trade
구리,(주)인터넷청과,20260714,오이,백다다기,10.00kg,특,충청북도 제천시,22,13000,,,,trade
구리,(주)인터넷청과,20260714,오이,백다다기,10.00kg,특,충청북도 제천시,6,10000,,,,trade
구리,(주)인터넷청과,20260714,오이,백다다기,10.00kg,특,충청북도 제천시,16,22000,,,,trade
구리,(주)인터넷청과,20260714,오이,백다다기,10.00kg,특,충청북도 제천시,59,43000,,,,trade
구리,(주)인터넷청과,20260714,오이,백다다기,10.00kg,특,충청북도 제천시,1,9000,,,,trade
구리,(주)인터넷청과,20260714,오이,백다다기,10.00kg,특,충청북도 제천시,2,17000,,,,trade
구리,(주)인터넷청과,20260714,오이,백다다기,10.00kg,특,충청북도 제천시,6,22000,,,,trade
구리,(주)인터넷청과,20260714,오이,백다다기,10.00kg,특,충청북도 제천시,43,45000,,,,trade
구리,(주)인터넷청과,20260714,오이,백다다기,10.00kg,특,충청북도 제천시,43,44000,,,,trade
구리,(주)인터넷청과,20260714,오이,백다다기,10.00kg,특,충청북도 제천시,1,6000,,,,trade
구리,(주)인터넷청과,20260714,오이,백다다기,10.00kg,특,충청북도 제천시,4,6000,,,,trade
구리,(주)인터넷청과,20260714,오이,백다다기,10.00kg,특,충청북도 제천시,35,42000,,,,trade
구리,(주)인터넷청과,20260714,오이,백다다기,10.00kg,특,충청북도 제천시,1,10000,,,,trade
구리,(주)인터넷청과,20260714,오이,백다다기,10.00kg,특,충청북도 제천시,10,9000,,,,trade
구리,(주)인터넷청과,20260714,오이,백다다기,10.00kg,특,충청북도 제천시,9,21000,,,,trade
구리,(주)인터넷청과,20260714,오이,백다다기,10.00kg,특,충청북도 제천시,75,42000,,,,trade
구리,(주)인터넷청과,20260714,오이,백다다기,10.00kg,특,충청북도 제천시,1,12000,,,,trade
구리,(주)인터넷청과,20260714,오이,백다다기,10.00kg,특,충청북도 제천시,1,20000,,,,trade
구리,(주)인터넷청과,20260714,오이,백다다기,10.00kg,특,충청북도 제천시,12,43000,,,,trade
구리,(주)인터넷청과,20260714,오이,백다다기,10.00kg,특,충청북도 제천시,3,12000,,,,trade
구리,(주)인터넷청과,20260714,오이,백다다기,10.00kg,특,충청북도 제천시,3,18000,,,,trade
구리,(주)인터넷청과,20260714,오이,백다다기,10.00kg,특,충청북도 제천시,21,36000,,,,trade
구리,(주)인터넷청과,20260714,오이,백다다기,10.00kg,특,충청북도 제천시,6,11000,,,,trade
구리,(주)인터넷청과,20260714,오이,백다다기,10.00kg,특,충청북도 제천시,14,14000,,,,trade
구리,(주)인터넷청과,20260714,오이,백다다기,10.00kg,특,충청북도 제천시,16,14000,,,,trade
구리,(주)인터넷청과,20260714,오이,백다다기,10.00kg,특,충청북도 제천시,33,43000,,,,trade
구리,(주)인터넷청과,20260714,오이,백다다기,10.00kg,특,충청북도 제천시,40,37000,,,,trade
구리,(주)인터넷청과,20260714,오이,백다다기,10.00kg,특,충청북도 제천시,4,16000,,,,trade
구리,(주)인터넷청과,20260714,오이,백다다기,10.00kg,특,충청북도 제천시,4,35000,,,,trade
구리,(주)인터넷청과,20260714,오이,백다다기,10.00kg,특,충청북도 제천시,1,18500,,,,trade
구리,(주)인터넷청과,20260714,오이,백다다기,10.00kg,특,충청북도 제천시,6,44000,,,,trade
구리,(주)인터넷청과,20260714,오이,백다다기,10.00kg,특,충청북도 제천시,3,22000,,,,trade
구리,(주)인터넷청과,20260714,오이,백다다기,10.00kg,특,충청북도 제천시,20,42000,,,,trade
구리,(주)인터넷청과,20260714,오이,백다다기,10.00kg,특,충청북도 제천시,2,19000,,,,trade
구리,(주)인터넷청과,20260714,오이,백다다기,10.00kg,특,충청북도 제천시,4,13000,,,,trade
구리,(주)인터넷청과,20260714,오이,백다다기,10.00kg,특,충청북도 제천시,7,18000,,,,trade
구리,(주)인터넷청과,20260714,오이,백다다기,10.00kg,특,충청북도 제천시,1,14000,,,,trade
구리,(주)인터넷청과,20260714,오이,백다다기,10.00kg,특,충청북도 제천시,6,20000,,,,trade
구리,(주)인터넷청과,20260714,오이,백다다기,10.00kg,특,충청북도 제천시,5,20000,,,,trade
구리,(주)인터넷청과,20260714,오이,백다다기,10.00kg,특,충청북도 제천시,17,44000,,,,trade
구리,(주)인터넷청과,20260714,오이,백다다기,10.00kg,특,충청북도 제천시,3,18000,,,,trade
구리,(주)인터넷청과,20260714,오이,백다다기,10.00kg,특,충청북도 제천시,14,14000,,,,trade
구리,(주)인터넷청과,20260714,오이,백다다기,10.00kg,특,충청북도 제천시,9,43000,,,,trade
구리,(주)인터넷청과,20260714,오이,백다다기,10.00kg,특,충청북도 제천시,8,18500,,,,trade
구리,(주)인터넷청과,20260714,오이,백다다기,10.00kg,특,충청북도 제천시,6,22000,,,,trade
구리,(주)인터넷청과,20260714,오이,백다다기,10.00kg,특,충청북도 제천시,24,46000,,,,trade
구리,(주)인터넷청과,20260714,오이,백다다기,10.00kg,특,충청북도 제천시,1,14000,,,,trade
구리,(주)인터넷청과,20260714,오이,백다다기,10.00kg,특,충청북도 제천시,7,44000,,,,trade
구리,(주)인터넷청과,20260714,오이,백다다기,10.00kg,특,충청북도 제천시,6,45000,,,,trade
구리,(주)인터넷청과,20260714,오이,백다다기,10.00kg,특,충청북도 제천시,20,46000,,,,trade
구리,(주)인터넷청과,20260714,오이,백다다기,10.00kg,특,충청북도 제천시,5,28500,,,,trade
구리,(주)인터넷청과,20260714,오이,백다다기,10.00kg,특,충청북도 제천시,4,20000,,,,trade
구리,(주)인터넷청과,20260714,오이,백다다기,10.00kg,특,충청북도 제천시,65,45000,,,,trade
구리,(주)인터넷청과,20260714,오이,백다다기,10.00kg,특,충청북도 제천시,6,16000,,,,trade
구리,(주)인터넷청과,20260714,오이,백다다기,10.00kg,특,충청북도 제천시,8,10000,,,,trade
구리,(주)인터넷청과,20260714,오이,백다다기,10.00kg,특,충청북도 제천시,15,12000,,,,trade
구리,(주)인터넷청과,20260714,오이,백다다기,10.00kg,특,충청북도 제천시,1,46000,,,,trade
구리,(주)인터넷청과,20260714,오이,백다다기,10.00kg,특,충청북도 제천시,29,46000,,,,trade
구리,(주)인터넷청과,20260714,오이,백다다기,10.00kg,특,충청북도 제천시,9,26000,,,,trade
구리,(주)인터넷청과,20260714,오이,백다다기,10.00kg,특,충청북도 제천시,4,24500,,,,trade
구리,(주)인터넷청과,20260714,오이,백다다기,10.00kg,특,충청북도 제천시,6,14000,,,,trade
구리,(주)인터넷청과,20260714,오이,백다다기,10.00kg,특,충청북도 제천시,32,46000,,,,trade
구리,(주)인터넷청과,20260714,오이,백다다기,10.00kg,특,충청북도 제천시,21,30000,,,,trade
구리,(주)인터넷청과,20260714,오이,백다다기,10.00kg,특,충청북도 제천시,4,9500,,,,trade
구리,(주)인터넷청과,20260714,오이,백다다기,10.00kg,특,충청북도 제천시,18,16000,,,,trade
구리,(주)인터넷청과,20260714,오이,백다다기,10.00kg,특,충청북도 제천시,20,41000,,,,trade
구리,(주)인터넷청과,20260714,오이,백다다기,10.00kg,특,충청북도 제천시,5,16000,,,,trade
구리,(주)인터넷청과,20260714,오이,백다다기,10.00kg,특,충청북도 제천시,25,43000,,,,trade
구리,(주)인터넷청과,20260714,오이,백다다기,10.00kg,특,충청북도 제천시,2,11000,,,,trade
구리,(주)인터넷청과,20260714,오이,백다다기,10.00kg,특,충청북도 제천시,2,14000,,,,trade
구리,(주)인터넷청과,20260714,오이,백다다기,10.00kg,특,충청북도 제천시,1,46000,,,,trade
구리,(주)인터넷청과,20260714,오이,백다다기,10.00kg,특,충청북도 제천시,70,46000,,,,trade
구리,(주)인터넷청과,20260714,오이,백다다기,10.00kg,특,충청북도 제천시,12,22000,,,,trade
구리,(주)인터넷청과,20260714,오이,백다다기,10.00kg,특,충청북도 제천시,8,16000,,,,trade
구리,(주)인터넷청과,20260714,오이,백다다기,10.00kg,특,충청북도 제천시,1,8500,,,,trade
구리,(주)인터넷청과,20260714,오이,백다다기,10.00kg,특,충청북도 제천시,9,45000,,,,trade
구리,(주)인터넷청과,20260714,오이,백다다기,10.00kg,특,충청북도 제천시,3,20000,,,,trade
구리,(주)인터넷청과,20260714,오이,백다다기,10.00kg,특,충청북도 제천시,3,15000,,,,trade
구리,(주)인터넷청과,20260714,오이,백다다기,10.00kg,특,충청북도 제천시,39,45000,,,,trade
구리,(주)인터넷청과,20260714,오이,백다다기,10.00kg,특,충청북도 제천시,4,23000,,,,trade
구리,(주)인터넷청과,20260714,오이,백다다기,10.00kg,특,충청북도 제천시,3,15000,,,,trade
구리,(주)인터넷청과,20260714,오이,백다다기,10.00kg,특,충청북도 제천시,31,45000,,,,trade
구리,(주)인터넷청과,20260714,오이,백다다기,10.00kg,특,충청북도 제천시,1,26000,,,,trade
구리,(주)인터넷청과,20260714,오이,백다다기,10.00kg,특,충청북도 제천시,40,45000,,,,trade
구리,(주)인터넷청과,20260714,오이,백다다기,10.00kg,특,충청북도 제천시,3,13000,,,,trade
구리,(주)인터넷청과,20260714,오이,백다다기,10.00kg,특,충청북도 제천시,4,36000,,,,trade
구리,(주)인터넷청과,20260714,오이,백다다기,10.00kg,특,충청북도 제천시,3,16000,,,,trade
구리,(주)인터넷청과,20260714,오이,백다다기,10.00kg,특,충청북도 제천시,30,45000,,,,trade
구리,(주)인터넷청과,20260714,오이,백다다기,10.00kg,특,충청북도 제천시,28,28000,,,,trade
구리,(주)인터넷청과,20260714,오이,백다다기,10.00kg,특,충청북도 제천시,23,15000,,,,trade
구리,(주)인터넷청과,20260714,오이,백다다기,10.00kg,특,충청북도 제천시,13,13000,,,,trade
구리,(주)인터넷청과,20260714,오이,백다다기,10.00kg,특,충청북도 제천시,8,11000,,,,trade
구리,(주)인터넷청과,20260714,오이,백다다기,10.00kg,특,충청북도 제천시,8,43000,,,,trade
구리,(주)인터넷청과,20260714,오이,백다다기,10.00kg,특,충청북도 제천시,1,15000,,,,trade
구리,(주)인터넷청과,20260714,오이,백다다기,10.00kg,특,충청북도 제천시,36,46000,,,,trade
구리,(주)인터넷청과,20260714,오이,백다다기,10.00kg,특,경기도 광주시,9,26500,,,,trade
구리,(주)인터넷청과,20260714,오이,백다다기,10.00kg,특,경기도 광주시,3,12000,,,,trade
구리,(주)인터넷청과,20260714,오이,백다다기,10.00kg,특,경기도 광주시,7,31000,,,,trade
구리,(주)인터넷청과,20260714,오이,백다다기,10.00kg,특,경기도 광주시,2,12000,,,,trade
구리,(주)인터넷청과,20260716,오이,백다다기,10.00kg,특,강원도 홍천군,24,9000,,,,trade
구리,(주)인터넷청과,20260716,오이,백다다기,10.00kg,특,강원도 홍천군,20,11000,,,,trade
구리,(주)인터넷청과,20260716,오이,백다다기,10.00kg,특,강원도 홍천군,6,12000,,,,trade
구리,(주)인터넷청과,20260716,오이,백다다기,10.00kg,특,강원도 홍천군,11,13000,,,,trade
구리,(주)인터넷청과,20260716,오이,백다다기,10.00kg,특,충청북도 제천시,24,23000,,,,trade
구리,(주)인터넷청과,20260716,오이,백다다기,10.00kg,특,충청북도 제천시,1,10000,,,,trade
구리,(주)인터넷청과,20260716,오이,백다다기,10.00kg,특,충청북도 제천시,6,11000,,,,trade
구리,(주)인터넷청과,20260716,오이,백다다기,10.00kg,특,충청북도 제천시,3,8000,,,,trade
구리,(주)인터넷청과,20260716,오이,백다다기,10.00kg,특,충청북도 제천시,9,29000,,,,trade
구리,(주)인터넷청과,20260716,오이,백다다기,10.00kg,특,충청북도 제천시,2,8000,,,,trade
구리,(주)인터넷청과,20260716,오이,백다다기,10.00kg,특,충청북도 제천시,4,30000,,,,trade
구리,(주)인터넷청과,20260716,오이,백다다기,10.00kg,특,충청북도 제천시,5,16000,,,,trade
구리,(주)인터넷청과,20260716,오이,백다다기,10.00kg,특,충청북도 제천시,10,28500,,,,trade
구리,(주)인터넷청과,20260716,오이,백다다기,10.00kg,특,충청북도 제천시,1,10000,,,,trade
구리,(주)인터넷청과,20260716,오이,백다다기,10.00kg,특,충청북도 제천시,13,29000,,,,trade
구리,(주)인터넷청과,20260716,오이,백다다기,10.00kg,특,충청북도 제천시,28,8500,,,,trade
구리,(주)인터넷청과,20260716,오이,백다다기,10.00kg,특,충청북도 제천시,2,13000,,,,trade
구리,(주)인터넷청과,20260716,오이,백다다기,10.00kg,특,충청북도 제천시,17,8000,,,,trade
구리,(주)인터넷청과,20260716,오이,백다다기,10.00kg,특,충청북도 제천시,59,29000,,,,trade
구리,(주)인터넷청과,20260716,오이,백다다기,10.00kg,특,충청북도 제천시,9,9000,,,,trade
구리,(주)인터넷청과,20260716,오이,백다다기,10.00kg,특,충청북도 제천시,17,9000,,,,trade
구리,(주)인터넷청과,20260716,오이,백다다기,10.00kg,특,충청북도 제천시,32,28000,,,,trade
구리,(주)인터넷청과,20260716,오이,백다다기,10.00kg,특,충청북도 제천시,2,23000,,,,trade
구리,(주)인터넷청과,20260716,오이,백다다기,10.00kg,특,충청북도 제천시,3,9000,,,,trade
구리,(주)인터넷청과,20260716,오이,백다다기,10.00kg,특,충청북도 제천시,60,23000,,,,trade
구리,(주)인터넷청과,20260716,오이,백다다기,10.00kg,특,충청북도 제천시,1,9000,,,,trade
구리,(주)인터넷청과,20260716,오이,백다다기,10.00kg,특,충청북도 제천시,50,20000,,,,trade
구리,(주)인터넷청과,20260716,오이,백다다기,10.00kg,특,충청북도 제천시,50,20000,,,,trade
구리,(주)인터넷청과,20260716,오이,백다다기,10.00kg,특,충청북도 제천시,1,13500,,,,trade
구리,(주)인터넷청과,20260716,오이,백다다기,10.00kg,특,충청북도 제천시,2,11000,,,,trade
구리,(주)인터넷청과,20260716,오이,백다다기,10.00kg,특,충청북도 제천시,8,9000,,,,trade
구리,(주)인터넷청과,20260716,오이,백다다기,10.00kg,특,충청북도 제천시,20,31000,,,,trade
구리,(주)인터넷청과,20260716,오이,백다다기,10.00kg,특,충청북도 제천시,7,9000,,,,trade
구리,(주)인터넷청과,20260716,오이,백다다기,10.00kg,특,충청북도 제천시,3,15000,,,,trade
구리,(주)인터넷청과,20260716,오이,백다다기,10.00kg,특,충청북도 제천시,1,10000,,,,trade
구리,(주)인터넷청과,20260716,오이,백다다기,10.00kg,특,충청북도 제천시,40,29000,,,,trade
구리,(주)인터넷청과,20260716,오이,백다다기,10.00kg,특,충청북도 제천시,7,35000,,,,trade
구리,(주)인터넷청과,20260716,오이,백다다기,10.00kg,특,충청북도 제천시,1,10000,,,,trade
구리,(주)인터넷청과,20260716,오이,백다다기,10.00kg,특,충청북도 제천시,26,36000,,,,trade
구리,(주)인터넷청과,20260716,오이,백다다기,10.00kg,특,충청북도 제천시,3,10000,,,,trade
구리,(주)인터넷청과,20260716,오이,백다다기,10.00kg,특,충청북도 제천시,40,29000,,,,trade
구리,(주)인터넷청과,20260716,오이,백다다기,10.00kg,특,충청북도 제천시,43,29000,,,,trade
구리,(주)인터넷청과,20260716,오이,백다다기,10.00kg,특,충청북도 제천시,25,27000,,,,trade
구리,(주)인터넷청과,20260716,오이,백다다기,10.00kg,특,충청북도 제천시,7,8500,,,,trade
구리,(주)인터넷청과,20260716,오이,백다다기,10.00kg,특,충청북도 제천시,15,10000,,,,trade
구리,(주)인터넷청과,20260716,오이,백다다기,10.00kg,특,충청북도 제천시,3,8000,,,,trade
구리,(주)인터넷청과,20260716,오이,백다다기,10.00kg,특,충청북도 제천시,50,30000,,,,trade
구리,(주)인터넷청과,20260716,오이,백다다기,10.00kg,특,충청북도 제천시,50,30000,,,,trade
구리,(주)인터넷청과,20260716,오이,백다다기,10.00kg,특,충청북도 제천시,32,10000,,,,trade
구리,(주)인터넷청과,20260716,오이,백다다기,10.00kg,특,충청북도 제천시,35,14000,,,,trade
구리,(주)인터넷청과,20260716,오이,백다다기,18.00kg,특,강원도 철원군,9,51000,,,,trade
구리,(주)인터넷청과,20260716,오이,백다다기,10.00kg,특,강원도 철원군,1,8000,,,,trade
구리,(주)인터넷청과,20260716,오이,백다다기,10.00kg,특,강원도 철원군,3,12000,,,,trade
구리,(주)인터넷청과,20260716,오이,백다다기,10.00kg,특,강원도 철원군,2,14000,,,,trade
구리,(주)인터넷청과,20260716,오이,백다다기,10.00kg,특,강원도 철원군,5,15000,,,,trade
구리,(주)인터넷청과,20260716,오이,백다다기,10.00kg,특,강원도 철원군,15,12000,,,,trade
구리,(주)인터넷청과,20260716,오이,백다다기,10.00kg,특,강원도 철원군,12,12500,,,,trade
구리,(주)인터넷청과,20260716,오이,백다다기,10.00kg,특,강원도 철원군,18,10000,,,,trade
구리,(주)인터넷청과,20260716,오이,백다다기,8.00kg,특,경기도 양주시,12,9000,,,,trade
구리,(주)인터넷청과,20260716,오이,백다다기,8.00kg,특,경기도 양주시,3,3000,,,,trade
구리,(주)인터넷청과,20260716,오이,백다다기,8.00kg,특,경기도 양주시,8,4000,,,,trade
구리,(주)인터넷청과,20260716,오이,백다다기,8.00kg,특,경기도 양주시,5,2600,,,,trade
구리,(주)인터넷청과,20260716,오이,백다다기,8.00kg,특,경기도 양주시,6,4500,,,,trade
구리,(주)인터넷청과,20260716,오이,백다다기,8.00kg,특,경기도 양주시,5,6300,,,,trade
구리,(주)인터넷청과,20260716,오이,백다다기,8.00kg,특,경기도 양주시,15,5000,,,,trade
구리,(주)인터넷청과,20260716,오이,백다다기,8.00kg,특,경기도 양주시,25,6000,,,,trade
구리,(주)인터넷청과,20260716,오이,백다다기,8.00kg,특,경기도 양주시,4,3200,,,,trade
구리,(주)인터넷청과,20260716,오이,백다다기,8.00kg,특,경기도 양주시,5,2600,,,,trade
구리,(주)인터넷청과,20260716,오이,백다다기,8.00kg,특,경기도 양주시,1,3000,,,,trade
구리,(주)인터넷청과,20260716,오이,백다다기,8.00kg,특,경기도 양주시,22,6400,,,,trade
구리,(주)인터넷청과,20260716,오이,백다다기,8.00kg,특,경기도 양주시,1,3000,,,,trade
구리,(주)인터넷청과,20260716,오이,백다다기,8.00kg,특,경기도 양주시,21,8200,,,,trade
구리,(주)인터넷청과,20260716,오이,백다다기,8.00kg,특,경기도 양주시,18,2800,,,,trade
구리,(주)인터넷청과,20260716,오이,백다다기,8.00kg,특,경기도 양주시,60,7500,,,,trade
구리,(주)인터넷청과,20260716,오이,백다다기,8.00kg,특,경기도 포천시,46,7500,,,,trade
구리,(주)인터넷청과,20260716,오이,백다다기,10.00kg,특,경기도 광주시,4,4000,,,,trade
구리,(주)인터넷청과,20260716,오이,백다다기,10.00kg,특,경기도 광주시,5,15000,,,,trade
구리,(주)인터넷청과,20260716,오이,백다다기,10.00kg,특,강원도 화천군,2,8500,,,,trade
구리,(주)인터넷청과,20260716,오이,백다다기,10.00kg,특,경기도 용인시,25,14000,,,,trade
구리,(주)인터넷청과,20260716,오이,백다다기,10.00kg,특,경기도 용인시,17,15000,,,,trade
구리,(주)인터넷청과,20260716,오이,백다다기,18.00kg,특,강원도 홍천군,6,18000,,,,trade
구리,(주)인터넷청과,20260716,오이,백다다기,18.00kg,특,강원도 홍천군,2,18000,,,,trade
구리,(주)인터넷청과,20260716,오이,백다다기,18.00kg,특,강원도 홍천군,1,28000,,,,trade
구리,(주)인터넷청과,20260716,오이,백다다기,18.00kg,특,강원도 홍천군,1,51000,,,,trade
구리,(주)인터넷청과,20260716,오이,백다다기,18.00kg,특,강원도 홍천군,5,76000,,,,trade
구리,(주)인터넷청과,20260716,오이,백다다기,18.00kg,특,강원도 홍천군,1,31000,,,,trade
구리,(주)인터넷청과,20260716,오이,백다다기,18.00kg,특,강원도 홍천군,6,16000,,,,trade
구리,(주)인터넷청과,20260716,오이,백다다기,18.00kg,특,강원도 홍천군,4,60000,,,,trade
구리,(주)인터넷청과,20260716,오이,백다다기,18.00kg,특,강원도 홍천군,1,33000,,,,trade
구리,(주)인터넷청과,20260716,오이,백다다기,18.00kg,특,강원도 홍천군,1,25000,,,,trade
구리,(주)인터넷청과,20260716,오이,백다다기,18.00kg,특,강원도 홍천군,1,25000,,,,trade
구리,(주)인터넷청과,20260716,오이,백다다기,18.00kg,특,강원도 홍천군,1,31000,,,,trade
구리,(주)인터넷청과,20260716,오이,백다다기,18.00kg,특,강원도 홍천군,3,50000,,,,trade
구리,(주)인터넷청과,20260716,오이,백다다기,18.00kg,특,강원도 홍천군,24,81000,,,,trade
구리,(주)인터넷청과,20260716,오이,백다다기,10.00kg,특,강원도 홍천군,4,17000,,,,trade
구리,(주)인터넷청과,20260716,오이,백다다기,10.00kg,특,강원도 홍천군,13,22000,,,,trade
구리,(주)인터넷청과,20260716,오이,백다다기,10.00kg,특,강원도 홍천군,4,22000,,,,trade
구리,(주)인터넷청과,20260716,오이,백다다기,10.00kg,특,강원도 홍천군,40,20000,,,,trade
구리,(주)인터넷청과,20260716,오이,백다다기,10.00kg,특,강원도 홍천군,1,9000,,,,trade
구리,(주)인터넷청과,20260716,오이,백다다기,10.00kg,특,강원도 홍천군,65,21000,,,,trade
구리,(주)인터넷청과,20260716,오이,백다다기,10.00kg,특,강원도 홍천군,50,18000,,,,trade
구리,(주)인터넷청과,20260716,오이,백다다기,10.00kg,특,강원도 홍천군,9,24000,,,,trade
구리,(주)인터넷청과,20260716,오이,백다다기,18.00kg,특,강원도 홍천군,3,13000,,,,trade
구리,(주)인터넷청과,20260716,오이,백다다기,18.00kg,특,강원도 홍천군,3,16000,,,,trade
구리,(주)인터넷청과,20260716,오이,백다다기,18.00kg,특,강원도 홍천군,8,21000,,,,trade
구리,(주)인터넷청과,20260716,오이,백다다기,18.00kg,특,강원도 홍천군,3,30000,,,,trade
구리,(주)인터넷청과,20260716,오이,백다다기,18.00kg,특,강원도 홍천군,6,50000,,,,trade
구리,(주)인터넷청과,20260716,오이,백다다기,10.00kg,특,충청북도 제천시,25,20000,,,,trade
구리,(주)인터넷청과,20260721,오이,백다다기,18.00kg,특,강원도 홍천군,10,57000,,,,trade
구리,(주)인터넷청과,20260721,오이,백다다기,18.00kg,특,강원도 홍천군,2,39000,,,,trade
구리,(주)인터넷청과,20260721,오이,백다다기,18.00kg,특,강원도 홍천군,3,18000,,,,trade
구리,(주)인터넷청과,20260721,오이,백다다기,18.00kg,특,강원도 홍천군,1,18000,,,,trade
구리,(주)인터넷청과,20260721,오이,백다다기,10.00kg,특,충청북도 제천시,9,22000,,,,trade
구리,(주)인터넷청과,20260721,오이,백다다기,10.00kg,특,충청북도 제천시,1,8000,,,,trade
구리,(주)인터넷청과,20260721,오이,백다다기,10.00kg,특,충청북도 제천시,21,20000,,,,trade
구리,(주)인터넷청과,20260721,오이,백다다기,10.00kg,특,충청북도 제천시,2,13500,,,,trade
구리,(주)인터넷청과,20260721,오이,백다다기,10.00kg,특,충청북도 제천시,6,10000,,,,trade
구리,(주)인터넷청과,20260721,오이,백다다기,10.00kg,특,충청북도 제천시,10,12000,,,,trade
구리,(주)인터넷청과,20260721,오이,백다다기,10.00kg,특,충청북도 제천시,2,8000,,,,trade
구리,(주)인터넷청과,20260721,오이,백다다기,10.00kg,특,충청북도 제천시,14,8500,,,,trade
구리,(주)인터넷청과,20260721,오이,백다다기,10.00kg,특,충청북도 제천시,8,14000,,,,trade
구리,(주)인터넷청과,20260721,오이,백다다기,10.00kg,특,충청북도 제천시,2,8000,,,,trade
구리,(주)인터넷청과,20260721,오이,백다다기,10.00kg,특,충청북도 제천시,1,8000,,,,trade
구리,(주)인터넷청과,20260721,오이,백다다기,10.00kg,특,충청북도 제천시,15,8000,,,,trade
구리,(주)인터넷청과,20260721,오이,백다다기,10.00kg,특,충청북도 제천시,38,16000,,,,trade
구리,(주)인터넷청과,20260721,오이,백다다기,10.00kg,특,충청북도 제천시,4,10000,,,,trade
구리,(주)인터넷청과,20260721,오이,백다다기,10.00kg,특,충청북도 제천시,3,7500,,,,trade
구리,(주)인터넷청과,20260721,오이,백다다기,10.00kg,특,충청북도 제천시,15,8000,,,,trade
구리,(주)인터넷청과,20260721,오이,백다다기,10.00kg,특,충청북도 제천시,6,10000,,,,trade
구리,(주)인터넷청과,20260721,오이,백다다기,10.00kg,특,충청북도 제천시,2,10000,,,,trade
구리,(주)인터넷청과,20260721,오이,백다다기,10.00kg,특,충청북도 제천시,21,8000,,,,trade
구리,(주)인터넷청과,20260721,오이,백다다기,10.00kg,특,충청북도 제천시,2,12000,,,,trade
구리,(주)인터넷청과,20260721,오이,백다다기,10.00kg,특,충청북도 제천시,26,8000,,,,trade
구리,(주)인터넷청과,20260721,오이,백다다기,10.00kg,특,충청북도 제천시,21,21000,,,,trade
구리,(주)인터넷청과,20260721,오이,백다다기,10.00kg,특,충청북도 제천시,2,11000,,,,trade
구리,(주)인터넷청과,20260721,오이,백다다기,10.00kg,특,충청북도 제천시,1,8000,,,,trade
구리,(주)인터넷청과,20260721,오이,백다다기,10.00kg,특,충청북도 제천시,1,8000,,,,trade
구리,(주)인터넷청과,20260721,오이,백다다기,10.00kg,특,충청북도 제천시,17,21000,,,,trade
구리,(주)인터넷청과,20260721,오이,백다다기,10.00kg,특,충청북도 제천시,1,9000,,,,trade
구리,(주)인터넷청과,20260721,오이,백다다기,10.00kg,특,충청북도 제천시,9,20000,,,,trade
구리,(주)인터넷청과,20260721,오이,백다다기,10.00kg,특,충청북도 제천시,4,9000,,,,trade
구리,(주)인터넷청과,20260721,오이,백다다기,10.00kg,특,충청북도 제천시,3,16000,,,,trade
구리,(주)인터넷청과,20260721,오이,백다다기,10.00kg,특,충청북도 제천시,2,12000,,,,trade
구리,(주)인터넷청과,20260721,오이,백다다기,10.00kg,특,충청북도 제천시,1,8000,,,,trade
구리,(주)인터넷청과,20260721,오이,백다다기,10.00kg,특,충청북도 제천시,3,15000,,,,trade
구리,(주)인터넷청과,20260721,오이,백다다기,10.00kg,특,충청북도 제천시,5,11000,,,,trade
구리,(주)인터넷청과,20260721,오이,백다다기,10.00kg,특,충청북도 제천시,20,18000,,,,trade
구리,(주)인터넷청과,20260721,오이,백다다기,10.00kg,특,충청북도 제천시,8,12000,,,,trade
구리,(주)인터넷청과,20260721,오이,백다다기,10.00kg,특,충청북도 제천시,2,10500,,,,trade
구리,(주)인터넷청과,20260721,오이,백다다기,10.00kg,특,충청북도 제천시,31,8500,,,,trade
구리,(주)인터넷청과,20260721,오이,백다다기,10.00kg,특,충청북도 제천시,68,19000,,,,trade
구리,(주)인터넷청과,20260721,오이,백다다기,10.00kg,특,충청북도 제천시,18,12000,,,,trade
구리,(주)인터넷청과,20260721,오이,백다다기,10.00kg,특,충청북도 제천시,11,8000,,,,trade
구리,(주)인터넷청과,20260721,오이,백다다기,10.00kg,특,충청북도 제천시,32,19000,,,,trade
구리,(주)인터넷청과,20260721,오이,백다다기,10.00kg,특,충청북도 제천시,6,12000,,,,trade
구리,(주)인터넷청과,20260721,오이,백다다기,10.00kg,특,충청북도 제천시,1,11000,,,,trade
구리,(주)인터넷청과,20260721,오이,백다다기,10.00kg,특,충청북도 제천시,3,8500,,,,trade
구리,(주)인터넷청과,20260721,오이,백다다기,18.00kg,특,강원도 철원군,36,40000,,,,trade
구리,(주)인터넷청과,20260721,오이,백다다기,18.00kg,특,강원도 철원군,3,14000,,,,trade
구리,(주)인터넷청과,20260721,오이,백다다기,18.00kg,특,강원도 춘천시,20,14000,,,,trade
구리,(주)인터넷청과,20260721,오이,백다다기,10.00kg,특,강원도 철원군,9,12000,,,,trade
구리,(주)인터넷청과,20260721,오이,백다다기,10.00kg,특,강원도 철원군,13,10000,,,,trade
구리,(주)인터넷청과,20260721,오이,백다다기,10.00kg,특,강원도 철원군,2,9000,,,,trade
구리,(주)인터넷청과,20260721,오이,백다다기,10.00kg,특,강원도 철원군,1,7000,,,,trade
구리,(주)인터넷청과,20260721,오이,백다다기,8.00kg,특,강원도 철원군,1,6800,,,,trade
구리,(주)인터넷청과,20260721,오이,백다다기,10.00kg,특,강원도 철원군,1,9500,,,,trade
구리,(주)인터넷청과,20260721,오이,백다다기,10.00kg,특,강원도 철원군,8,12000,,,,trade
구리,(주)인터넷청과,20260721,오이,백다다기,10.00kg,특,충청남도 예산군,6,15000,,,,trade
구리,(주)인터넷청과,20260721,오이,백다다기,18.00kg,특,강원도 홍천군,16,15000,,,,trade
구리,(주)인터넷청과,20260721,오이,백다다기,10.00kg,특,경기도 남양주시,2,8000,,,,trade
구리,(주)인터넷청과,20260721,오이,백다다기,10.00kg,특,경기도 남양주시,3,8500,,,,trade
구리,(주)인터넷청과,20260721,오이,백다다기,10.00kg,특,경기도 남양주시,22,15000,,,,trade
구리,(주)인터넷청과,20260721,오이,백다다기,10.00kg,특,경기도 남양주시,1,8000,,,,trade
구리,(주)인터넷청과,20260721,오이,백다다기,10.00kg,특,경기도 남양주시,1,8000,,,,trade
구리,(주)인터넷청과,20260721,오이,백다다기,10.00kg,특,경기도 남양주시,15,17000,,,,trade
구리,(주)인터넷청과,20260721,오이,백다다기,10.00kg,특,강원도 홍천군,9,12000,,,,trade
구리,(주)인터넷청과,20260721,오이,백다다기,10.00kg,특,강원도 홍천군,11,15000,,,,trade
구리,(주)인터넷청과,20260721,오이,백다다기,10.00kg,특,강원도 홍천군,11,14000,,,,trade
구리,(주)인터넷청과,20260721,오이,백다다기,10.00kg,특,강원도 홍천군,4,14000,,,,trade
구리,(주)인터넷청과,20260721,오이,백다다기,10.00kg,특,강원도 홍천군,11,11000,,,,trade
구리,(주)인터넷청과,20260721,오이,백다다기,18.00kg,특,강원도 홍천군,4,15000,,,,trade
구리,(주)인터넷청과,20260721,오이,백다다기,18.00kg,특,강원도 홍천군,4,13000,,,,trade
구리,(주)인터넷청과,20260721,오이,백다다기,18.00kg,특,강원도 홍천군,10,13000,,,,trade
구리,(주)인터넷청과,20260721,오이,백다다기,10.00kg,특,강원도 홍천군,1,11000,,,,trade
구리,(주)인터넷청과,20260721,오이,백다다기,10.00kg,특,강원도 홍천군,4,12000,,,,trade
구리,(주)인터넷청과,20260721,오이,백다다기,10.00kg,특,강원도 홍천군,3,14000,,,,trade
구리,(주)인터넷청과,20260721,오이,백다다기,10.00kg,특,강원도 홍천군,7,16000,,,,trade
구리,(주)인터넷청과,20260721,오이,백다다기,10.00kg,특,강원도 홍천군,5,11000,,,,trade
구리,(주)인터넷청과,20260721,오이,백다다기,10.00kg,특,강원도 홍천군,57,16500,,,,trade
구리,(주)인터넷청과,20260721,오이,백다다기,10.00kg,특,강원도 홍천군,58,16000,,,,trade
구리,(주)인터넷청과,20260721,오이,백다다기,10.00kg,특,강원도 홍천군,32,18500,,,,trade
구리,(주)인터넷청과,20260721,오이,백다다기,10.00kg,특,강원도 홍천군,3,12000,,,,trade
구리,(주)인터넷청과,20260721,오이,백다다기,10.00kg,특,강원도 홍천군,8,16000,,,,trade
구리,(주)인터넷청과,20260721,오이,백다다기,10.00kg,특,강원도 홍천군,20,15000,,,,trade
구리,(주)인터넷청과,20260721,오이,백다다기,10.00kg,특,강원도 홍천군,20,14000,,,,trade
구리,(주)인터넷청과,20260723,오이,백다다기,10.00kg,특,충청북도 제천시,6,30000,,,,trade
구리,(주)인터넷청과,20260723,오이,백다다기,10.00kg,특,충청북도 제천시,1,10000,,,,trade
구리,(주)인터넷청과,20260723,오이,백다다기,10.00kg,특,충청북도 제천시,48,33000,,,,trade
구리,(주)인터넷청과,20260723,오이,백다다기,10.00kg,특,충청북도 제천시,5,11500,,,,trade
구리,(주)인터넷청과,20260723,오이,백다다기,10.00kg,특,충청북도 제천시,20,12000,,,,trade
구리,(주)인터넷청과,20260723,오이,백다다기,10.00kg,특,충청북도 제천시,4,10000,,,,trade
구리,(주)인터넷청과,20260723,오이,백다다기,10.00kg,특,충청북도 제천시,31,30000,,,,trade
구리,(주)인터넷청과,20260723,오이,백다다기,10.00kg,특,충청북도 제천시,8,23000,,,,trade
구리,(주)인터넷청과,20260723,오이,백다다기,10.00kg,특,충청북도 제천시,6,19000,,,,trade
구리,(주)인터넷청과,20260723,오이,백다다기,10.00kg,특,충청북도 제천시,2,13000,,,,trade
구리,(주)인터넷청과,20260723,오이,백다다기,10.00kg,특,충청북도 제천시,50,33000,,,,trade
구리,(주)인터넷청과,20260723,오이,백다다기,10.00kg,특,충청북도 제천시,14,22000,,,,trade
구리,(주)인터넷청과,20260723,오이,백다다기,10.00kg,특,충청북도 제천시,8,17000,,,,trade
구리,(주)인터넷청과,20260723,오이,백다다기,10.00kg,특,충청북도 제천시,6,14000,,,,trade
구리,(주)인터넷청과,20260723,오이,백다다기,10.00kg,특,충청북도 제천시,18,12000,,,,trade
구리,(주)인터넷청과,20260723,오이,백다다기,10.00kg,특,충청북도 제천시,3,16000,,,,trade
구리,(주)인터넷청과,20260723,오이,백다다기,10.00kg,특,충청북도 제천시,5,12000,,,,trade
구리,(주)인터넷청과,20260723,오이,백다다기,10.00kg,특,충청북도 제천시,14,15000,,,,trade
구리,(주)인터넷청과,20260723,오이,백다다기,10.00kg,특,충청북도 제천시,4,25000,,,,trade
구리,(주)인터넷청과,20260723,오이,백다다기,10.00kg,특,충청북도 제천시,6,16000,,,,trade
구리,(주)인터넷청과,20260723,오이,백다다기,10.00kg,특,충청북도 제천시,37,31000,,,,trade
구리,(주)인터넷청과,20260723,오이,백다다기,10.00kg,특,충청북도 제천시,3,18000,,,,trade
구리,(주)인터넷청과,20260723,오이,백다다기,10.00kg,특,충청북도 제천시,12,17000,,,,trade
구리,(주)인터넷청과,20260723,오이,백다다기,10.00kg,특,충청북도 제천시,5,14000,,,,trade
구리,(주)인터넷청과,20260723,오이,백다다기,10.00kg,특,충청북도 제천시,29,10000,,,,trade
구리,(주)인터넷청과,20260723,오이,백다다기,10.00kg,특,충청북도 제천시,20,32000,,,,trade
구리,(주)인터넷청과,20260723,오이,백다다기,10.00kg,특,충청북도 제천시,3,16000,,,,trade
구리,(주)인터넷청과,20260723,오이,백다다기,10.00kg,특,충청북도 제천시,2,14000,,,,trade
구리,(주)인터넷청과,20260723,오이,백다다기,10.00kg,특,충청북도 제천시,1,12000,,,,trade
구리,(주)인터넷청과,20260723,오이,백다다기,10.00kg,특,충청북도 제천시,40,33500,,,,trade
구리,(주)인터넷청과,20260723,오이,백다다기,10.00kg,특,충청북도 제천시,33,33500,,,,trade
구리,(주)인터넷청과,20260723,오이,백다다기,10.00kg,특,충청북도 제천시,19,12000,,,,trade
구리,(주)인터넷청과,20260723,오이,백다다기,10.00kg,특,충청북도 제천시,28,14500,,,,trade
구리,(주)인터넷청과,20260723,오이,백다다기,10.00kg,특,충청북도 제천시,1,13000,,,,trade
구리,(주)인터넷청과,20260723,오이,백다다기,10.00kg,특,충청북도 제천시,29,30000,,,,trade
구리,(주)인터넷청과,20260723,오이,백다다기,10.00kg,특,충청북도 제천시,4,16000,,,,trade
구리,(주)인터넷청과,20260723,오이,백다다기,10.00kg,특,충청북도 제천시,10,15000,,,,trade
구리,(주)인터넷청과,20260723,오이,백다다기,10.00kg,특,충청북도 제천시,1,13000,,,,trade
구리,(주)인터넷청과,20260723,오이,백다다기,10.00kg,특,충청북도 제천시,27,33000,,,,trade
구리,(주)인터넷청과,20260723,오이,백다다기,10.00kg,특,충청북도 제천시,1,13500,,,,trade
구리,(주)인터넷청과,20260723,오이,백다다기,18.00kg,특,강원도 홍천군,4,17000,,,,trade
구리,(주)인터넷청과,20260723,오이,백다다기,18.00kg,특,강원도 홍천군,2,18000,,,,trade
구리,(주)인터넷청과,20260723,오이,백다다기,18.00kg,특,강원도 홍천군,5,20000,,,,trade
구리,(주)인터넷청과,20260723,오이,백다다기,10.00kg,특,강원도 홍천군,20,28500,,,,trade
구리,(주)인터넷청과,20260723,오이,백다다기,10.00kg,특,강원도 홍천군,6,27000,,,,trade
구리,(주)인터넷청과,20260723,오이,백다다기,10.00kg,특,강원도 홍천군,2,25000,,,,trade
구리,(주)인터넷청과,20260723,오이,백다다기,10.00kg,특,강원도 홍천군,62,26000,,,,trade
구리,(주)인터넷청과,20260723,오이,백다다기,10.00kg,특,강원도 홍천군,50,30000,,,,trade
구리,(주)인터넷청과,20260723,오이,백다다기,10.00kg,특,강원도 홍천군,19,28000,,,,trade
구리,(주)인터넷청과,20260723,오이,백다다기,10.00kg,특,강원도 홍천군,4,22500,,,,trade
구리,(주)인터넷청과,20260723,오이,백다다기,10.00kg,특,강원도 홍천군,9,23500,,,,trade
구리,(주)인터넷청과,20260723,오이,백다다기,10.00kg,특,강원도 홍천군,7,23000,,,,trade
구리,(주)인터넷청과,20260723,오이,백다다기,10.00kg,특,강원도 홍천군,3,24000,,,,trade
구리,(주)인터넷청과,20260723,오이,백다다기,10.00kg,특,강원도 홍천군,5,23000,,,,trade
구리,(주)인터넷청과,20260723,오이,백다다기,18.00kg,특,강원도 홍천군,5,26000,,,,trade
구리,(주)인터넷청과,20260723,오이,백다다기,18.00kg,특,강원도 철원군,17,56000,,,,trade
구리,(주)인터넷청과,20260723,오이,백다다기,10.00kg,특,충청남도 예산군,10,23000,,,,trade
구리,(주)인터넷청과,20260723,오이,백다다기,10.00kg,특,경기도 남양주시,1,15000,,,,trade
구리,(주)인터넷청과,20260723,오이,백다다기,10.00kg,특,경기도 남양주시,2,16000,,,,trade
구리,(주)인터넷청과,20260723,오이,백다다기,10.00kg,특,경기도 남양주시,12,26000,,,,trade
구리,(주)인터넷청과,20260723,오이,백다다기,10.00kg,특,경기도 남양주시,3,14500,,,,trade
구리,(주)인터넷청과,20260723,오이,백다다기,10.00kg,특,경기도 남양주시,2,16000,,,,trade
구리,(주)인터넷청과,20260723,오이,백다다기,10.00kg,특,경기도 남양주시,15,23000,,,,trade
구리,(주)인터넷청과,20260723,오이,백다다기,10.00kg,특,강원도 철원군,11,22000,,,,trade
구리,(주)인터넷청과,20260723,오이,백다다기,10.00kg,특,강원도 철원군,1,13000,,,,trade
구리,(주)인터넷청과,20260723,오이,백다다기,10.00kg,특,강원도 철원군,1,17000,,,,trade
구리,(주)인터넷청과,20260723,오이,백다다기,10.00kg,특,강원도 철원군,3,22000,,,,trade
구리,(주)인터넷청과,20260723,오이,백다다기,10.00kg,특,강원도 철원군,7,21000,,,,trade
구리,(주)인터넷청과,20260723,오이,백다다기,10.00kg,특,강원도 철원군,3,18000,,,,trade
구리,(주)인터넷청과,20260723,오이,백다다기,18.00kg,특,강원도 홍천군,4,25000,,,,trade
구리,(주)인터넷청과,20260723,오이,백다다기,18.00kg,특,강원도 홍천군,1,50000,,,,trade
구리,(주)인터넷청과,20260723,오이,백다다기,18.00kg,특,강원도 홍천군,1,53000,,,,trade
구리,(주)인터넷청과,20260723,오이,백다다기,18.00kg,특,강원도 홍천군,11,79000,,,,trade
구리,(주)인터넷청과,20260723,오이,백다다기,10.00kg,특,강원도 홍천군,11,26000,,,,trade
구리,(주)인터넷청과,20260723,오이,백다다기,10.00kg,특,강원도 홍천군,4,21000,,,,trade
구리,(주)인터넷청과,20260723,오이,백다다기,10.00kg,특,강원도 홍천군,8,26000,,,,trade
구리,(주)인터넷청과,20260723,오이,백다다기,10.00kg,특,강원도 홍천군,13,29000,,,,trade
구리,(주)인터넷청과,20260723,오이,백다다기,10.00kg,특,강원도 홍천군,22,27000,,,,trade
구리,(주)인터넷청과,20260723,오이,백다다기,18.00kg,특,강원도 홍천군,1,17000,,,,trade
구리,(주)인터넷청과,20260723,오이,백다다기,18.00kg,특,강원도 홍천군,1,15000,,,,trade
구리,(주)인터넷청과,20260723,오이,백다다기,18.00kg,특,강원도 홍천군,4,13000,,,,trade
구리,(주)인터넷청과,20260723,오이,백다다기,10.00kg,특,강원도 홍천군,30,23000,,,,trade
구리,(주)인터넷청과,20260723,오이,백다다기,10.00kg,특,강원도 홍천군,22,17000,,,,trade
구리,(주)인터넷청과,20260723,오이,백다다기,10.00kg,특,강원도 홍천군,1,12000,,,,trade
구리,(주)인터넷청과,20260723,오이,백다다기,10.00kg,특,강원도 홍천군,6,14000,,,,trade
구리,(주)인터넷청과,20260723,오이,백다다기,10.00kg,특,강원도 홍천군,2,13000,,,,trade
구리,(주)인터넷청과,20260723,오이,백다다기,10.00kg,특,강원도 홍천군,17,20000,,,,trade
구리,(주)인터넷청과,20260723,오이,백다다기,10.00kg,특,강원도 홍천군,6,20500,,,,trade
구리,(주)인터넷청과,20260723,오이,백다다기,10.00kg,특,강원도 홍천군,2,10000,,,,trade
구리,(주)인터넷청과,20260723,오이,백다다기,10.00kg,특,강원도 홍천군,6,14000,,,,trade
구리,(주)인터넷청과,20260723,오이,백다다기,10.00kg,특,강원도 홍천군,7,16000,,,,trade
구리,(주)인터넷청과,20260723,오이,백다다기,10.00kg,특,강원도 홍천군,3,13500,,,,trade
구리,(주)인터넷청과,20260723,오이,백다다기,18.00kg,특,강원도 철원군,15,43000,,,,trade
구리,(주)인터넷청과,20260723,오이,백다다기,18.00kg,특,강원도 철원군,1,14000,,,,trade
구리,(주)인터넷청과,20260723,오이,백다다기,10.00kg,특,충청남도 예산군,10,14000,,,,trade
구리,(주)인터넷청과,20260723,오이,백다다기,10.00kg,특,충청북도 제천시,3,10000,,,,trade
구리,(주)인터넷청과,20260723,오이,백다다기,10.00kg,특,충청북도 제천시,65,20000,,,,trade
구리,(주)인터넷청과,20260723,오이,백다다기,10.00kg,특,충청북도 제천시,26,10000,,,,trade
구리,(주)인터넷청과,20260723,오이,백다다기,10.00kg,특,충청북도 제천시,3,8000,,,,trade
구리,(주)인터넷청과,20260723,오이,백다다기,10.00kg,특,충청북도 제천시,32,8000,,,,trade
구리,(주)인터넷청과,20260723,오이,백다다기,10.00kg,특,충청북도 제천시,3,11000,,,,trade
구리,(주)인터넷청과,20260723,오이,백다다기,10.00kg,특,충청북도 제천시,2,8500,,,,trade
구리,(주)인터넷청과,20260723,오이,백다다기,10.00kg,특,충청북도 제천시,4,11000,,,,trade
구리,(주)인터넷청과,20260723,오이,백다다기,10.00kg,특,충청북도 제천시,42,19000,,,,trade
구리,(주)인터넷청과,20260723,오이,백다다기,10.00kg,특,충청북도 제천시,10,12000,,,,trade
구리,(주)인터넷청과,20260723,오이,백다다기,10.00kg,특,충청북도 제천시,1,8000,,,,trade
구리,(주)인터넷청과,20260723,오이,백다다기,10.00kg,특,충청북도 제천시,5,9000,,,,trade
구리,(주)인터넷청과,20260723,오이,백다다기,10.00kg,특,충청북도 제천시,48,25000,,,,trade
구리,(주)인터넷청과,20260723,오이,백다다기,10.00kg,특,충청북도 제천시,13,25000,,,,trade
구리,(주)인터넷청과,20260723,오이,백다다기,10.00kg,특,충청북도 제천시,40,25000,,,,trade
구리,(주)인터넷청과,20260723,오이,백다다기,10.00kg,특,충청북도 제천시,2,11000,,,,trade
구리,(주)인터넷청과,20260723,오이,백다다기,10.00kg,특,충청북도 제천시,4,10000,,,,trade
구리,(주)인터넷청과,20260723,오이,백다다기,10.00kg,특,충청북도 제천시,25,9500,,,,trade
구리,(주)인터넷청과,20260723,오이,백다다기,10.00kg,특,충청북도 제천시,30,19000,,,,trade
구리,(주)인터넷청과,20260723,오이,백다다기,10.00kg,특,충청북도 제천시,3,12000,,,,trade
구리,(주)인터넷청과,20260723,오이,백다다기,10.00kg,특,충청북도 제천시,1,9000,,,,trade
구리,(주)인터넷청과,20260723,오이,백다다기,10.00kg,특,충청북도 제천시,1,9000,,,,trade
구리,(주)인터넷청과,20260723,오이,백다다기,10.00kg,특,충청북도 제천시,35,20000,,,,trade
구리,(주)인터넷청과,20260723,오이,백다다기,10.00kg,특,충청북도 제천시,2,12500,,,,trade
구리,(주)인터넷청과,20260723,오이,백다다기,10.00kg,특,충청북도 제천시,30,8500,,,,trade
구리,(주)인터넷청과,20260723,오이,백다다기,10.00kg,특,충청북도 제천시,8,10000,,,,trade
구리,(주)인터넷청과,20260723,오이,백다다기,10.00kg,특,충청북도 제천시,25,21000,,,,trade
구리,(주)인터넷청과,20260723,오이,백다다기,10.00kg,특,충청북도 제천시,13,12500,,,,trade
구리,(주)인터넷청과,20260723,오이,백다다기,10.00kg,특,충청북도 제천시,4,10000,,,,trade
구리,(주)인터넷청과,20260723,오이,백다다기,10.00kg,특,충청북도 제천시,1,10000,,,,trade
구리,(주)인터넷청과,20260723,오이,백다다기,10.00kg,특,충청북도 제천시,16,9000,,,,trade
구리,(주)인터넷청과,20260723,오이,백다다기,10.00kg,특,충청북도 제천시,11,20000,,,,trade
구리,(주)인터넷청과,20260723,오이,백다다기,10.00kg,특,충청북도 제천시,8,10000,,,,trade
구리,(주)인터넷청과,20260723,오이,백다다기,10.00kg,특,충청북도 제천시,1,20000,,,,trade
구리,(주)인터넷청과,20260723,오이,백다다기,10.00kg,특,충청북도 제천시,3,20000,,,,trade
구리,(주)인터넷청과,20260723,오이,백다다기,10.00kg,특,충청북도 제천시,6,12000,,,,trade
구리,(주)인터넷청과,20260723,오이,백다다기,10.00kg,특,충청북도 제천시,20,24000,,,,trade
구리,(주)인터넷청과,20260723,오이,백다다기,10.00kg,특,충청북도 제천시,2,13000,,,,trade
구리,(주)인터넷청과,20260723,오이,백다다기,10.00kg,특,충청북도 제천시,12,24000,,,,trade
구리,(주)인터넷청과,20260723,오이,백다다기,10.00kg,특,충청북도 제천시,10,11500,,,,trade
구리,(주)인터넷청과,20260723,오이,백다다기,10.00kg,특,충청북도 제천시,56,16000,,,,trade
구리,(주)인터넷청과,20260723,오이,백다다기,10.00kg,특,충청북도 제천시,5,12000,,,,trade
구리,(주)인터넷청과,20260723,오이,백다다기,10.00kg,특,충청북도 제천시,3,9000,,,,trade
구리,(주)인터넷청과,20260723,오이,백다다기,10.00kg,특,충청북도 제천시,21,9000,,,,trade
구리,(주)인터넷청과,20260723,오이,백다다기,10.00kg,특,충청북도 제천시,20,21000,,,,trade
구리,(주)인터넷청과,20260723,오이,백다다기,10.00kg,특,충청북도 제천시,1,12000,,,,trade
구리,(주)인터넷청과,20260723,오이,백다다기,10.00kg,특,충청북도 제천시,1,9000,,,,trade
구리,(주)인터넷청과,20260723,오이,백다다기,10.00kg,특,충청북도 제천시,5,24000,,,,trade
구리,(주)인터넷청과,20260723,오이,백다다기,10.00kg,특,충청북도 제천시,1,23000,,,,trade
구리,(주)인터넷청과,20260723,오이,백다다기,10.00kg,특,충청북도 제천시,9,23000,,,,trade
구리,(주)인터넷청과,20260723,오이,백다다기,10.00kg,특,충청북도 제천시,2,12000,,,,trade
구리,(주)인터넷청과,20260723,오이,백다다기,10.00kg,특,강원도 철원군,6,11000,,,,trade
구리,(주)인터넷청과,20260723,오이,백다다기,10.00kg,특,강원도 철원군,1,9000,,,,trade
구리,(주)인터넷청과,20260723,오이,백다다기,10.00kg,특,강원도 철원군,2,9000,,,,trade
구리,(주)인터넷청과,20260723,오이,백다다기,10.00kg,특,강원도 철원군,9,9000,,,,trade
구리,(주)인터넷청과,20260723,오이,백다다기,18.00kg,특,강원도 홍천군,8,17000,,,,trade
구리,(주)인터넷청과,20260723,오이,백다다기,18.00kg,특,강원도 홍천군,10,75000,,,,trade
구리,(주)인터넷청과,20260723,오이,백다다기,18.00kg,특,강원도 홍천군,2,18000,,,,trade
구리,(주)인터넷청과,20260723,오이,백다다기,18.00kg,특,강원도 홍천군,2,59000,,,,trade
구리,(주)인터넷청과,20260723,오이,백다다기,10.00kg,특,경기도 남양주시,2,10000,,,,trade
구리,(주)인터넷청과,20260723,오이,백다다기,10.00kg,특,경기도 남양주시,1,8500,,,,trade
구리,(주)인터넷청과,20260723,오이,백다다기,10.00kg,특,경기도 남양주시,2,8500,,,,trade
구리,(주)인터넷청과,20260723,오이,백다다기,10.00kg,특,경기도 남양주시,13,14000,,,,trade
구리,(주)인터넷청과,20260723,오이,백다다기,10.00kg,특,경기도 남양주시,2,8500,,,,trade
구리,(주)인터넷청과,20260723,오이,백다다기,10.00kg,특,경기도 남양주시,1,9000,,,,trade
구리,(주)인터넷청과,20260723,오이,백다다기,10.00kg,특,강원도 홍천군,11,13500,,,,trade
구리,(주)인터넷청과,20260723,오이,백다다기,10.00kg,특,강원도 홍천군,6,13000,,,,trade
구리,(주)인터넷청과,20260723,오이,백다다기,10.00kg,특,강원도 홍천군,15,14000,,,,trade
구리,(주)인터넷청과,20260723,오이,백다다기,10.00kg,특,강원도 홍천군,7,11000,,,,trade
구리,(주)인터넷청과,20260728,오이,백다다기,10.00kg,특,강원도 철원군,7,28000,,,,trade
구리,(주)인터넷청과,20260728,오이,백다다기,10.00kg,특,강원도 철원군,2,24000,,,,trade
구리,(주)인터넷청과,20260728,오이,백다다기,10.00kg,특,강원도 철원군,5,24000,,,,trade
구리,(주)인터넷청과,20260728,오이,백다다기,10.00kg,특,강원도 철원군,4,31000,,,,trade
구리,(주)인터넷청과,20260728,오이,백다다기,10.00kg,특,강원도 철원군,1,22000,,,,trade
구리,(주)인터넷청과,20260728,오이,백다다기,10.00kg,특,충청북도 제천시,49,38000,,,,trade
구리,(주)인터넷청과,20260728,오이,백다다기,10.00kg,특,충청북도 제천시,11,28000,,,,trade
구리,(주)인터넷청과,20260728,오이,백다다기,10.00kg,특,충청북도 제천시,14,38000,,,,trade
구리,(주)인터넷청과,20260728,오이,백다다기,10.00kg,특,충청북도 제천시,7,28000,,,,trade
구리,(주)인터넷청과,20260728,오이,백다다기,10.00kg,특,충청북도 제천시,2,14000,,,,trade
구리,(주)인터넷청과,20260728,오이,백다다기,10.00kg,특,충청북도 제천시,28,21000,,,,trade
구리,(주)인터넷청과,20260728,오이,백다다기,10.00kg,특,충청북도 제천시,48,41000,,,,trade
구리,(주)인터넷청과,20260728,오이,백다다기,10.00kg,특,충청북도 제천시,48,42000,,,,trade
구리,(주)인터넷청과,20260728,오이,백다다기,10.00kg,특,충청북도 제천시,30,41000,,,,trade
구리,(주)인터넷청과,20260728,오이,백다다기,10.00kg,특,충청북도 제천시,17,27000,,,,trade
구리,(주)인터넷청과,20260728,오이,백다다기,10.00kg,특,충청북도 제천시,8,18000,,,,trade
구리,(주)인터넷청과,20260728,오이,백다다기,10.00kg,특,충청북도 제천시,19,18000,,,,trade
구리,(주)인터넷청과,20260728,오이,백다다기,10.00kg,특,충청북도 제천시,43,37000,,,,trade
구리,(주)인터넷청과,20260728,오이,백다다기,10.00kg,특,충청북도 제천시,3,22000,,,,trade
구리,(주)인터넷청과,20260728,오이,백다다기,10.00kg,특,충청북도 제천시,2,16500,,,,trade
구리,(주)인터넷청과,20260728,오이,백다다기,10.00kg,특,충청북도 제천시,23,18000,,,,trade
구리,(주)인터넷청과,20260728,오이,백다다기,10.00kg,특,충청북도 제천시,26,38000,,,,trade
구리,(주)인터넷청과,20260728,오이,백다다기,10.00kg,특,충청북도 제천시,12,28000,,,,trade
구리,(주)인터넷청과,20260728,오이,백다다기,10.00kg,특,충청북도 제천시,3,21000,,,,trade
구리,(주)인터넷청과,20260728,오이,백다다기,10.00kg,특,충청북도 제천시,20,16000,,,,trade
구리,(주)인터넷청과,20260728,오이,백다다기,10.00kg,특,충청북도 제천시,10,38000,,,,trade
구리,(주)인터넷청과,20260728,오이,백다다기,10.00kg,특,충청북도 제천시,1,12000,,,,trade
구리,(주)인터넷청과,20260728,오이,백다다기,10.00kg,특,충청북도 제천시,41,40000,,,,trade
구리,(주)인터넷청과,20260728,오이,백다다기,10.00kg,특,충청북도 제천시,4,18000,,,,trade
구리,(주)인터넷청과,20260728,오이,백다다기,10.00kg,특,충청북도 제천시,18,35000,,,,trade
구리,(주)인터넷청과,20260728,오이,백다다기,10.00kg,특,충청북도 제천시,4,12000,,,,trade
구리,(주)인터넷청과,20260728,오이,백다다기,10.00kg,특,충청북도 제천시,10,12000,,,,trade
구리,(주)인터넷청과,20260728,오이,백다다기,10.00kg,특,충청북도 제천시,5,28000,,,,trade
구리,(주)인터넷청과,20260728,오이,백다다기,10.00kg,특,충청북도 제천시,5,14000,,,,trade
구리,(주)인터넷청과,20260728,오이,백다다기,10.00kg,특,충청북도 제천시,17,38000,,,,trade
구리,(주)인터넷청과,20260728,오이,백다다기,10.00kg,특,충청북도 제천시,3,13000,,,,trade
구리,(주)인터넷청과,20260728,오이,백다다기,10.00kg,특,충청북도 제천시,5,30000,,,,trade
구리,(주)인터넷청과,20260728,오이,백다다기,10.00kg,특,충청북도 제천시,2,28000,,,,trade
구리,(주)인터넷청과,20260728,오이,백다다기,10.00kg,특,충청북도 제천시,3,16000,,,,trade
구리,(주)인터넷청과,20260728,오이,백다다기,10.00kg,특,충청북도 제천시,7,36000,,,,trade
구리,(주)인터넷청과,20260728,오이,백다다기,10.00kg,특,충청북도 제천시,2,18000,,,,trade
구리,(주)인터넷청과,20260728,오이,백다다기,10.00kg,특,충청북도 제천시,12,39000,,,,trade
구리,(주)인터넷청과,20260728,오이,백다다기,10.00kg,특,충청북도 제천시,1,15000,,,,trade
구리,(주)인터넷청과,20260728,오이,백다다기,10.00kg,특,충청북도 제천시,36,38000,,,,trade
구리,(주)인터넷청과,20260728,오이,백다다기,10.00kg,특,충청북도 제천시,32,38000,,,,trade
구리,(주)인터넷청과,20260728,오이,백다다기,10.00kg,특,충청북도 제천시,15,26000,,,,trade
구리,(주)인터넷청과,20260728,오이,백다다기,10.00kg,특,충청북도 제천시,14,22000,,,,trade
구리,(주)인터넷청과,20260728,오이,백다다기,10.00kg,특,충청북도 제천시,2,13500,,,,trade
구리,(주)인터넷청과,20260728,오이,백다다기,10.00kg,특,충청북도 제천시,4,16000,,,,trade
구리,(주)인터넷청과,20260728,오이,백다다기,10.00kg,특,충청북도 제천시,45,36000,,,,trade
구리,(주)인터넷청과,20260728,오이,백다다기,10.00kg,특,충청북도 제천시,6,25000,,,,trade
구리,(주)인터넷청과,20260728,오이,백다다기,10.00kg,특,충청북도 제천시,12,36000,,,,trade
구리,(주)인터넷청과,20260728,오이,백다다기,10.00kg,특,충청북도 제천시,6,16000,,,,trade
구리,(주)인터넷청과,20260728,오이,백다다기,10.00kg,특,강원도 횡성군,7,31000,,,,trade
구리,(주)인터넷청과,20260728,오이,백다다기,10.00kg,특,충청남도 예산군,8,28000,,,,trade
구리,(주)인터넷청과,20260728,오이,백다다기,18.00kg,특,강원도 철원군,9,77000,,,,trade
구리,(주)인터넷청과,20260728,오이,백다다기,18.00kg,특,강원도 철원군,2,20000,,,,trade
구리,(주)인터넷청과,20260728,오이,백다다기,10.00kg,특,경기도 포천시,1,24000,,,,trade
구리,(주)인터넷청과,20260728,오이,백다다기,18.00kg,특,강원도 홍천군,6,30000,,,,trade
구리,(주)인터넷청과,20260728,오이,백다다기,18.00kg,특,강원도 홍천군,1,90000,,,,trade
구리,(주)인터넷청과,20260728,오이,백다다기,18.00kg,특,강원도 홍천군,1,80000,,,,trade
구리,(주)인터넷청과,20260728,오이,백다다기,18.00kg,특,강원도 홍천군,3,30000,,,,trade
구리,(주)인터넷청과,20260728,오이,백다다기,18.00kg,특,강원도 홍천군,13,99000,,,,trade
구리,(주)인터넷청과,20260728,오이,백다다기,10.00kg,특,경기도 남양주시,11,28000,,,,trade
구리,(주)인터넷청과,20260728,오이,백다다기,10.00kg,특,경기도 남양주시,2,15000,,,,trade
구리,(주)인터넷청과,20260728,오이,백다다기,10.00kg,특,경기도 남양주시,2,12000,,,,trade
구리,(주)인터넷청과,20260728,오이,백다다기,10.00kg,특,경기도 남양주시,7,28000,,,,trade
구리,(주)인터넷청과,20260728,오이,백다다기,10.00kg,특,경기도 남양주시,2,16000,,,,trade
구리,(주)인터넷청과,20260728,오이,백다다기,10.00kg,특,강원도 홍천군,9,25000,,,,trade
구리,(주)인터넷청과,20260728,오이,백다다기,10.00kg,특,강원도 홍천군,9,28000,,,,trade
구리,(주)인터넷청과,20260728,오이,백다다기,10.00kg,특,강원도 홍천군,1,17000,,,,trade
구리,(주)인터넷청과,20260728,오이,백다다기,10.00kg,특,강원도 홍천군,13,27000,,,,trade
구리,(주)인터넷청과,20260728,오이,백다다기,10.00kg,특,강원도 홍천군,2,14000,,,,trade
구리,(주)인터넷청과,20260728,오이,백다다기,10.00kg,특,강원도 홍천군,4,18500,,,,trade
구리,(주)인터넷청과,20260728,오이,백다다기,10.00kg,특,강원도 홍천군,2,30000,,,,trade
구리,(주)인터넷청과,20260728,오이,백다다기,10.00kg,특,강원도 홍천군,1,30000,,,,trade
구리,(주)인터넷청과,20260728,오이,백다다기,18.00kg,특,강원도 홍천군,5,18000,,,,trade
구리,(주)인터넷청과,20260728,오이,백다다기,18.00kg,특,강원도 홍천군,2,18000,,,,trade
구리,(주)인터넷청과,20260728,오이,백다다기,10.00kg,특,강원도 홍천군,33,32000,,,,trade
구리,(주)인터넷청과,20260728,오이,백다다기,10.00kg,특,강원도 홍천군,15,28000,,,,trade
구리,(주)인터넷청과,20260728,오이,백다다기,10.00kg,특,강원도 홍천군,5,29000,,,,trade
구리,(주)인터넷청과,20260728,오이,백다다기,10.00kg,특,강원도 홍천군,33,33000,,,,trade
구리,(주)인터넷청과,20260728,오이,백다다기,10.00kg,특,강원도 홍천군,5,19500,,,,trade
구리,(주)인터넷청과,20260728,오이,백다다기,10.00kg,특,강원도 홍천군,15,34000,,,,trade
구리,(주)인터넷청과,20260728,오이,백다다기,10.00kg,특,강원도 홍천군,11,32000,,,,trade
구리,(주)인터넷청과,20260728,오이,백다다기,10.00kg,특,강원도 홍천군,4,32000,,,,trade
구리,(주)인터넷청과,20260728,오이,백다다기,18.00kg,특,강원도 홍천군,6,24000,,,,trade
구리,(주)인터넷청과,20260728,오이,백다다기,10.00kg,특,충청북도 제천시,5,13000,,,,trade
구리,(주)인터넷청과,20260728,오이,백다다기,10.00kg,특,충청북도 제천시,18,12000,,,,trade
구리,(주)인터넷청과,20260728,오이,백다다기,10.00kg,특,충청북도 제천시,9,23000,,,,trade
구리,(주)인터넷청과,20260728,오이,백다다기,10.00kg,특,충청북도 제천시,1,11000,,,,trade
구리,(주)인터넷청과,20260728,오이,백다다기,10.00kg,특,충청북도 제천시,2,24000,,,,trade
구리,(주)인터넷청과,20260728,오이,백다다기,10.00kg,특,충청북도 제천시,2,17000,,,,trade
구리,(주)인터넷청과,20260728,오이,백다다기,10.00kg,특,충청북도 제천시,1,12000,,,,trade
구리,(주)인터넷청과,20260728,오이,백다다기,10.00kg,특,충청북도 제천시,5,11000,,,,trade
구리,(주)인터넷청과,20260728,오이,백다다기,10.00kg,특,충청북도 제천시,18,28000,,,,trade
구리,(주)인터넷청과,20260728,오이,백다다기,10.00kg,특,충청북도 제천시,9,17000,,,,trade
구리,(주)인터넷청과,20260728,오이,백다다기,10.00kg,특,충청북도 제천시,3,11000,,,,trade
구리,(주)인터넷청과,20260728,오이,백다다기,10.00kg,특,충청북도 제천시,39,11000,,,,trade
구리,(주)인터넷청과,20260728,오이,백다다기,10.00kg,특,충청북도 제천시,21,27000,,,,trade
구리,(주)인터넷청과,20260728,오이,백다다기,10.00kg,특,충청북도 제천시,4,14000,,,,trade
구리,(주)인터넷청과,20260728,오이,백다다기,10.00kg,특,충청북도 제천시,2,11000,,,,trade
구리,(주)인터넷청과,20260728,오이,백다다기,10.00kg,특,충청북도 제천시,46,28000,,,,trade
구리,(주)인터넷청과,20260728,오이,백다다기,10.00kg,특,충청북도 제천시,20,31000,,,,trade
구리,(주)인터넷청과,20260728,오이,백다다기,10.00kg,특,충청북도 제천시,20,31000,,,,trade
구리,(주)인터넷청과,20260728,오이,백다다기,10.00kg,특,충청북도 제천시,11,10000,,,,trade
구리,(주)인터넷청과,20260728,오이,백다다기,10.00kg,특,충청북도 제천시,29,11000,,,,trade
구리,(주)인터넷청과,20260728,오이,백다다기,10.00kg,특,충청북도 제천시,18,17000,,,,trade
구리,(주)인터넷청과,20260728,오이,백다다기,10.00kg,특,충청북도 제천시,2,11000,,,,trade
구리,(주)인터넷청과,20260728,오이,백다다기,10.00kg,특,충청북도 제천시,13,11000,,,,trade
구리,(주)인터넷청과,20260728,오이,백다다기,10.00kg,특,충청북도 제천시,50,24000,,,,trade
구리,(주)인터넷청과,20260728,오이,백다다기,10.00kg,특,충청북도 제천시,13,13000,,,,trade
구리,(주)인터넷청과,20260728,오이,백다다기,10.00kg,특,충청북도 제천시,1,16000,,,,trade
구리,(주)인터넷청과,20260728,오이,백다다기,10.00kg,특,충청북도 제천시,2,12000,,,,trade
구리,(주)인터넷청과,20260728,오이,백다다기,10.00kg,특,충청북도 제천시,35,20000,,,,trade
구리,(주)인터넷청과,20260728,오이,백다다기,10.00kg,특,충청북도 제천시,4,14000,,,,trade
구리,(주)인터넷청과,20260728,오이,백다다기,10.00kg,특,충청북도 제천시,25,30000,,,,trade
구리,(주)인터넷청과,20260728,오이,백다다기,10.00kg,특,충청북도 제천시,6,17000,,,,trade
구리,(주)인터넷청과,20260728,오이,백다다기,10.00kg,특,충청북도 제천시,3,13000,,,,trade
구리,(주)인터넷청과,20260728,오이,백다다기,10.00kg,특,충청북도 제천시,1,11000,,,,trade
구리,(주)인터넷청과,20260728,오이,백다다기,10.00kg,특,충청북도 제천시,12,13500,,,,trade
구리,(주)인터넷청과,20260728,오이,백다다기,10.00kg,특,충청북도 제천시,52,26000,,,,trade
구리,(주)인터넷청과,20260728,오이,백다다기,10.00kg,특,충청북도 제천시,6,16000,,,,trade
구리,(주)인터넷청과,20260728,오이,백다다기,10.00kg,특,충청북도 제천시,5,12000,,,,trade
구리,(주)인터넷청과,20260728,오이,백다다기,10.00kg,특,충청북도 제천시,3,16000,,,,trade
구리,(주)인터넷청과,20260728,오이,백다다기,10.00kg,특,충청북도 제천시,31,32000,,,,trade
구리,(주)인터넷청과,20260728,오이,백다다기,10.00kg,특,충청북도 제천시,1,32000,,,,trade
구리,(주)인터넷청과,20260728,오이,백다다기,10.00kg,특,충청북도 제천시,4,26000,,,,trade
구리,(주)인터넷청과,20260728,오이,백다다기,10.00kg,특,충청북도 제천시,5,13000,,,,trade
구리,(주)인터넷청과,20260728,오이,백다다기,10.00kg,특,충청북도 제천시,8,11000,,,,trade
구리,(주)인터넷청과,20260728,오이,백다다기,10.00kg,특,충청북도 제천시,2,23500,,,,trade
구리,(주)인터넷청과,20260728,오이,백다다기,10.00kg,특,충청북도 제천시,2,14000,,,,trade
구리,(주)인터넷청과,20260728,오이,백다다기,10.00kg,특,충청북도 제천시,1,11000,,,,trade
구리,(주)인터넷청과,20260728,오이,백다다기,10.00kg,특,충청북도 제천시,1,33000,,,,trade
구리,(주)인터넷청과,20260728,오이,백다다기,10.00kg,특,충청북도 제천시,44,33000,,,,trade
구리,(주)인터넷청과,20260728,오이,백다다기,10.00kg,특,충청북도 제천시,3,13000,,,,trade
구리,(주)인터넷청과,20260728,오이,백다다기,10.00kg,특,충청북도 제천시,42,33000,,,,trade
구리,(주)인터넷청과,20260728,오이,백다다기,10.00kg,특,충청북도 제천시,8,31000,,,,trade
구리,(주)인터넷청과,20260728,오이,백다다기,10.00kg,특,충청북도 제천시,1,12000,,,,trade
구리,(주)인터넷청과,20260730,오이,백다다기,10.00kg,특,충청북도 제천시,33,26000,,,,trade
구리,(주)인터넷청과,20260730,오이,백다다기,10.00kg,특,충청북도 제천시,15,13000,,,,trade
구리,(주)인터넷청과,20260730,오이,백다다기,10.00kg,특,충청북도 제천시,8,10000,,,,trade
구리,(주)인터넷청과,20260730,오이,백다다기,10.00kg,특,충청북도 제천시,1,8000,,,,trade
구리,(주)인터넷청과,20260730,오이,백다다기,10.00kg,특,충청북도 제천시,13,6000,,,,trade
구리,(주)인터넷청과,20260730,오이,백다다기,10.00kg,특,충청북도 제천시,29,25000,,,,trade
구리,(주)인터넷청과,20260730,오이,백다다기,10.00kg,특,충청북도 제천시,10,15000,,,,trade
구리,(주)인터넷청과,20260730,오이,백다다기,10.00kg,특,충청북도 제천시,8,8000,,,,trade
구리,(주)인터넷청과,20260730,오이,백다다기,10.00kg,특,충청북도 제천시,48,26000,,,,trade
구리,(주)인터넷청과,20260730,오이,백다다기,10.00kg,특,충청북도 제천시,41,25000,,,,trade
구리,(주)인터넷청과,20260730,오이,백다다기,10.00kg,특,충청북도 제천시,8,17000,,,,trade
구리,(주)인터넷청과,20260730,오이,백다다기,10.00kg,특,충청북도 제천시,1,5000,,,,trade
구리,(주)인터넷청과,20260730,오이,백다다기,10.00kg,특,충청북도 제천시,25,10000,,,,trade
구리,(주)인터넷청과,20260730,오이,백다다기,10.00kg,특,충청북도 제천시,56,22000,,,,trade
구리,(주)인터넷청과,20260730,오이,백다다기,10.00kg,특,충청북도 제천시,46,19000,,,,trade
구리,(주)인터넷청과,20260730,오이,백다다기,10.00kg,특,충청북도 제천시,10,10000,,,,trade
구리,(주)인터넷청과,20260730,오이,백다다기,10.00kg,특,충청북도 제천시,2,7000,,,,trade
구리,(주)인터넷청과,20260730,오이,백다다기,10.00kg,특,충청북도 제천시,4,6000,,,,trade
구리,(주)인터넷청과,20260730,오이,백다다기,10.00kg,특,충청북도 제천시,9,28000,,,,trade
구리,(주)인터넷청과,20260730,오이,백다다기,10.00kg,특,충청북도 제천시,13,7000,,,,trade
구리,(주)인터넷청과,20260730,오이,백다다기,10.00kg,특,충청북도 제천시,12,15000,,,,trade
구리,(주)인터넷청과,20260730,오이,백다다기,10.00kg,특,충청북도 제천시,3,8000,,,,trade
구리,(주)인터넷청과,20260730,오이,백다다기,10.00kg,특,충청북도 제천시,1,7000,,,,trade
구리,(주)인터넷청과,20260730,오이,백다다기,10.00kg,특,충청북도 제천시,12,18000,,,,trade
구리,(주)인터넷청과,20260730,오이,백다다기,10.00kg,특,충청북도 제천시,4,7000,,,,trade
구리,(주)인터넷청과,20260730,오이,백다다기,10.00kg,특,충청북도 제천시,10,39000,,,,trade
구리,(주)인터넷청과,20260730,오이,백다다기,10.00kg,특,충청북도 제천시,1,13000,,,,trade
구리,(주)인터넷청과,20260730,오이,백다다기,10.00kg,특,충청북도 제천시,45,41000,,,,trade
구리,(주)인터넷청과,20260730,오이,백다다기,10.00kg,특,충청북도 제천시,10,36000,,,,trade
구리,(주)인터넷청과,20260730,오이,백다다기,10.00kg,특,충청북도 제천시,7,21000,,,,trade
구리,(주)인터넷청과,20260730,오이,백다다기,10.00kg,특,충청북도 제천시,12,14000,,,,trade
구리,(주)인터넷청과,20260730,오이,백다다기,10.00kg,특,충청북도 제천시,51,29000,,,,trade
구리,(주)인터넷청과,20260730,오이,백다다기,10.00kg,특,충청북도 제천시,15,18000,,,,trade
구리,(주)인터넷청과,20260730,오이,백다다기,10.00kg,특,충청북도 제천시,10,16000,,,,trade
구리,(주)인터넷청과,20260730,오이,백다다기,10.00kg,특,충청북도 제천시,22,22000,,,,trade
구리,(주)인터넷청과,20260730,오이,백다다기,10.00kg,특,충청북도 제천시,7,12500,,,,trade
구리,(주)인터넷청과,20260730,오이,백다다기,10.00kg,특,충청북도 제천시,6,10500,,,,trade
구리,(주)인터넷청과,20260730,오이,백다다기,10.00kg,특,충청북도 제천시,3,3500,,,,trade
구리,(주)인터넷청과,20260730,오이,백다다기,10.00kg,특,충청북도 제천시,12,3500,,,,trade
구리,(주)인터넷청과,20260730,오이,백다다기,10.00kg,특,충청북도 제천시,13,24000,,,,trade
구리,(주)인터넷청과,20260730,오이,백다다기,10.00kg,특,충청북도 제천시,1,4500,,,,trade
구리,(주)인터넷청과,20260730,오이,백다다기,10.00kg,특,충청북도 제천시,10,8000,,,,trade
구리,(주)인터넷청과,20260730,오이,백다다기,10.00kg,특,충청북도 제천시,18,35000,,,,trade
구리,(주)인터넷청과,20260730,오이,백다다기,10.00kg,특,충청북도 제천시,5,17000,,,,trade
구리,(주)인터넷청과,20260730,오이,백다다기,10.00kg,특,충청북도 제천시,2,3500,,,,trade
구리,(주)인터넷청과,20260730,오이,백다다기,10.00kg,특,충청북도 제천시,6,7000,,,,trade
구리,(주)인터넷청과,20260730,오이,백다다기,10.00kg,특,충청북도 제천시,48,18000,,,,trade
구리,(주)인터넷청과,20260730,오이,백다다기,10.00kg,특,충청북도 제천시,15,15000,,,,trade
구리,(주)인터넷청과,20260730,오이,백다다기,10.00kg,특,충청북도 제천시,7,33000,,,,trade
구리,(주)인터넷청과,20260730,오이,백다다기,10.00kg,특,충청북도 제천시,1,22000,,,,trade
구리,(주)인터넷청과,20260730,오이,백다다기,10.00kg,특,충청북도 제천시,1,15000,,,,trade
구리,(주)인터넷청과,20260730,오이,백다다기,10.00kg,특,충청북도 제천시,3,35000,,,,trade
구리,(주)인터넷청과,20260730,오이,백다다기,10.00kg,특,충청북도 제천시,3,14000,,,,trade
구리,(주)인터넷청과,20260730,오이,백다다기,10.00kg,특,충청북도 제천시,54,26000,,,,trade
구리,(주)인터넷청과,20260730,오이,백다다기,10.00kg,특,충청북도 제천시,54,28000,,,,trade
구리,(주)인터넷청과,20260730,오이,백다다기,10.00kg,특,충청북도 제천시,65,15000,,,,trade
구리,(주)인터넷청과,20260730,오이,백다다기,10.00kg,특,충청북도 제천시,7,10000,,,,trade
구리,(주)인터넷청과,20260730,오이,백다다기,10.00kg,특,충청북도 제천시,23,8000,,,,trade
구리,(주)인터넷청과,20260730,오이,백다다기,10.00kg,특,충청북도 제천시,48,30000,,,,trade
구리,(주)인터넷청과,20260730,오이,백다다기,10.00kg,특,충청북도 제천시,41,25000,,,,trade
구리,(주)인터넷청과,20260730,오이,백다다기,10.00kg,특,충청북도 제천시,7,9000,,,,trade
구리,(주)인터넷청과,20260730,오이,백다다기,10.00kg,특,충청북도 제천시,4,10000,,,,trade
구리,(주)인터넷청과,20260730,오이,백다다기,10.00kg,특,충청북도 제천시,33,8000,,,,trade
구리,(주)인터넷청과,20260730,오이,백다다기,10.00kg,특,경기도 남양주시,16,7000,,,,trade
구리,(주)인터넷청과,20260730,오이,백다다기,10.00kg,특,경기도 남양주시,3,5000,,,,trade
구리,(주)인터넷청과,20260730,오이,백다다기,10.00kg,특,경기도 남양주시,1,4000,,,,trade
구리,(주)인터넷청과,20260730,오이,백다다기,10.00kg,특,경기도 남양주시,9,7000,,,,trade
구리,(주)인터넷청과,20260730,오이,백다다기,10.00kg,특,경기도 남양주시,2,5000,,,,trade
구리,(주)인터넷청과,20260730,오이,백다다기,18.00kg,특,강원도 철원군,16,19000,,,,trade
구리,(주)인터넷청과,20260730,오이,백다다기,18.00kg,특,강원도 철원군,4,7000,,,,trade
구리,(주)인터넷청과,20260730,오이,백다다기,10.00kg,특,강원도 철원군,4,9000,,,,trade
구리,(주)인터넷청과,20260730,오이,백다다기,10.00kg,특,강원도 철원군,3,14000,,,,trade
구리,(주)인터넷청과,20260730,오이,백다다기,10.00kg,특,강원도 철원군,2,7000,,,,trade
구리,(주)인터넷청과,20260730,오이,백다다기,10.00kg,특,경기도 포천시,3,12000,,,,trade
구리,(주)인터넷청과,20260730,오이,백다다기,8.00kg,특,경기도 포천시,1,9000,,,,trade
구리,(주)인터넷청과,20260730,오이,백다다기,10.00kg,특,강원도 홍천군,19,9000,,,,trade
구리,(주)인터넷청과,20260730,오이,백다다기,10.00kg,특,강원도 홍천군,2,5000,,,,trade
구리,(주)인터넷청과,20260730,오이,백다다기,10.00kg,특,강원도 홍천군,7,10000,,,,trade
구리,(주)인터넷청과,20260730,오이,백다다기,10.00kg,특,강원도 홍천군,1,5000,,,,trade
구리,(주)인터넷청과,20260730,오이,백다다기,10.00kg,특,강원도 홍천군,7,14000,,,,trade
구리,(주)인터넷청과,20260730,오이,백다다기,18.00kg,특,강원도 홍천군,5,9000,,,,trade
구리,(주)인터넷청과,20260730,오이,백다다기,18.00kg,특,강원도 홍천군,6,8000,,,,trade
구리,(주)인터넷청과,20260730,오이,백다다기,18.00kg,특,강원도 홍천군,5,10000,,,,trade
구리,(주)인터넷청과,20260730,오이,백다다기,10.00kg,특,강원도 홍천군,42,16000,,,,trade
구리,(주)인터넷청과,20260730,오이,백다다기,10.00kg,특,강원도 홍천군,2,7000,,,,trade
구리,(주)인터넷청과,20260730,오이,백다다기,10.00kg,특,강원도 홍천군,40,14000,,,,trade
구리,(주)인터넷청과,20260730,오이,백다다기,10.00kg,특,강원도 홍천군,56,12000,,,,trade
구리,(주)인터넷청과,20260730,오이,백다다기,10.00kg,특,강원도 홍천군,20,11000,,,,trade
구리,(주)인터넷청과,20260730,오이,백다다기,10.00kg,특,강원도 홍천군,13,10000,,,,trade
구리,(주)인터넷청과,20260730,오이,백다다기,10.00kg,특,강원도 홍천군,17,12000,,,,trade
구리,(주)인터넷청과,20260730,오이,백다다기,10.00kg,특,강원도 홍천군,19,14000,,,,trade
구리,(주)인터넷청과,20260730,오이,백다다기,10.00kg,특,강원도 홍천군,11,10000,,,,trade
구리,(주)인터넷청과,20260730,오이,백다다기,10.00kg,특,강원도 홍천군,3,8000,,,,trade
구리,(주)인터넷청과,20260730,오이,백다다기,18.00kg,특,강원도 홍천군,15,20000,,,,trade
구리,(주)인터넷청과,20260730,오이,백다다기,10.00kg,특,강원도 철원군,4,36000,,,,trade
구리,(주)인터넷청과,20260730,오이,백다다기,10.00kg,특,강원도 철원군,1,23000,,,,trade
구리,(주)인터넷청과,20260730,오이,백다다기,10.00kg,특,강원도 철원군,3,32000,,,,trade
구리,(주)인터넷청과,20260730,오이,백다다기,10.00kg,특,강원도 홍천군,16,37000,,,,trade
구리,(주)인터넷청과,20260730,오이,백다다기,10.00kg,특,강원도 홍천군,1,17000,,,,trade
구리,(주)인터넷청과,20260730,오이,백다다기,10.00kg,특,강원도 홍천군,3,25000,,,,trade
구리,(주)인터넷청과,20260730,오이,백다다기,10.00kg,특,강원도 홍천군,6,32000,,,,trade
구리,(주)인터넷청과,20260730,오이,백다다기,10.00kg,특,충청남도 예산군,8,25000,,,,trade
구리,(주)인터넷청과,20260730,오이,백다다기,18.00kg,특,강원도 철원군,11,80000,,,,trade
구리,(주)인터넷청과,20260730,오이,백다다기,18.00kg,특,강원도 철원군,3,27000,,,,trade
구리,(주)인터넷청과,20260730,오이,백다다기,18.00kg,특,강원도 홍천군,10,113000,,,,trade
구리,(주)인터넷청과,20260730,오이,백다다기,18.00kg,특,강원도 홍천군,2,80000,,,,trade
구리,(주)인터넷청과,20260730,오이,백다다기,18.00kg,특,강원도 홍천군,2,32000,,,,trade
구리,(주)인터넷청과,20260730,오이,백다다기,18.00kg,특,강원도 홍천군,6,26000,,,,trade
구리,(주)인터넷청과,20260730,오이,백다다기,10.00kg,특,경기도 남양주시,14,30000,,,,trade
구리,(주)인터넷청과,20260730,오이,백다다기,10.00kg,특,경기도 남양주시,1,18000,,,,trade
구리,(주)인터넷청과,20260730,오이,백다다기,10.00kg,특,경기도 남양주시,7,31000,,,,trade
구리,(주)인터넷청과,20260730,오이,백다다기,10.00kg,특,경기도 남양주시,2,19000,,,,trade
구리,(주)인터넷청과,20260730,오이,백다다기,10.00kg,특,경기도 남양주시,1,12000,,,,trade
구리,(주)인터넷청과,20260730,오이,백다다기,10.00kg,특,경기도 남양주시,3,18000,,,,trade
구리,(주)인터넷청과,20260730,오이,백다다기,10.00kg,특,강원도 홍천군,42,34500,,,,trade
구리,(주)인터넷청과,20260730,오이,백다다기,10.00kg,특,강원도 홍천군,13,35000,,,,trade
구리,(주)인터넷청과,20260730,오이,백다다기,10.00kg,특,강원도 홍천군,3,32000,,,,trade
구리,(주)인터넷청과,20260730,오이,백다다기,10.00kg,특,강원도 홍천군,20,36000,,,,trade
구리,(주)인터넷청과,20260730,오이,백다다기,10.00kg,특,강원도 홍천군,38,38000,,,,trade
구리,(주)인터넷청과,20260730,오이,백다다기,10.00kg,특,강원도 홍천군,4,32000,,,,trade
구리,(주)인터넷청과,20260730,오이,백다다기,10.00kg,특,강원도 홍천군,1,17000,,,,trade
구리,(주)인터넷청과,20260730,오이,백다다기,10.00kg,특,강원도 홍천군,16,37000,,,,trade
구리,(주)인터넷청과,20260730,오이,백다다기,10.00kg,특,강원도 홍천군,7,38000,,,,trade
구리,(주)인터넷청과,20260730,오이,백다다기,10.00kg,특,강원도 홍천군,2,25000,,,,trade
구리,(주)인터넷청과,20260730,오이,백다다기,10.00kg,특,강원도 홍천군,1,23000,,,,trade
구리,(주)인터넷청과,20260730,오이,백다다기,10.00kg,특,강원도 홍천군,3,17000,,,,trade
구리,(주)인터넷청과,20260730,오이,백다다기,10.00kg,특,강원도 홍천군,5,25000,,,,trade
구리,(주)인터넷청과,20260730,오이,백다다기,18.00kg,특,강원도 홍천군,5,15000,,,,trade
구리,(주)인터넷청과,20260730,오이,백다다기,18.00kg,특,강원도 홍천군,1,13000,,,,trade
구리,(주)인터넷청과,20260730,오이,백다다기,18.00kg,특,강원도 홍천군,5,20000,,,,trade
구리,(주)인터넷청과,20260730,오이,백다다기,18.00kg,특,강원도 홍천군,9,32000,,,,trade
구리,(주)인터넷청과,20260730,오이,백다다기,18.00kg,특,강원도 홍천군,1,15000,,,,trade
구리,(주)인터넷청과,20260730,오이,백다다기,18.00kg,특,강원도 홍천군,4,12000,,,,trade
구리,(주)인터넷청과,20260730,오이,백다다기,10.00kg,특,강원도 홍천군,15,36000,,,,trade
구리,(주)인터넷청과,20260730,오이,백다다기,10.00kg,특,충청북도 제천시,10,36000,,,,trade
구리,(주)인터넷청과,20260730,오이,백다다기,10.00kg,특,충청북도 제천시,3,20000,,,,trade
구리,(주)인터넷청과,20260730,오이,백다다기,10.00kg,특,충청북도 제천시,6,26000,,,,trade
구리,(주)인터넷청과,20260730,오이,백다다기,10.00kg,특,충청북도 제천시,42,48000,,,,trade
구리,(주)인터넷청과,20260730,오이,백다다기,10.00kg,특,충청북도 제천시,42,47000,,,,trade
구리,(주)인터넷청과,20260730,오이,백다다기,10.00kg,특,충청북도 제천시,51,40000,,,,trade
구리,(주)인터넷청과,20260730,오이,백다다기,10.00kg,특,충청북도 제천시,5,29000,,,,trade
구리,(주)인터넷청과,20260730,오이,백다다기,10.00kg,특,충청북도 제천시,4,23500,,,,trade
구리,(주)인터넷청과,20260730,오이,백다다기,10.00kg,특,충청북도 제천시,27,21000,,,,trade
구리,(주)인터넷청과,20260730,오이,백다다기,10.00kg,특,충청북도 제천시,40,45000,,,,trade
구리,(주)인터넷청과,20260730,오이,백다다기,10.00kg,특,충청북도 제천시,40,45500,,,,trade
구리,(주)인터넷청과,20260730,오이,백다다기,10.00kg,특,충청북도 제천시,11,28000,,,,trade
구리,(주)인터넷청과,20260730,오이,백다다기,10.00kg,특,충청북도 제천시,1,20000,,,,trade
구리,(주)인터넷청과,20260730,오이,백다다기,10.00kg,특,충청북도 제천시,35,15000,,,,trade
구리,(주)인터넷청과,20260730,오이,백다다기,10.00kg,특,충청북도 제천시,19,20000,,,,trade
구리,(주)인터넷청과,20260730,오이,백다다기,10.00kg,특,충청북도 제천시,28,41000,,,,trade
구리,(주)인터넷청과,20260730,오이,백다다기,10.00kg,특,충청북도 제천시,14,27000,,,,trade
구리,(주)인터넷청과,20260730,오이,백다다기,10.00kg,특,충청북도 제천시,15,24000,,,,trade
구리,(주)인터넷청과,20260730,오이,백다다기,10.00kg,특,충청북도 제천시,1,16000,,,,trade
구리,(주)인터넷청과,20260730,오이,백다다기,10.00kg,특,충청북도 제천시,5,22000,,,,trade
구리,(주)인터넷청과,20260730,오이,백다다기,10.00kg,특,충청북도 제천시,18,41500,,,,trade
구리,(주)인터넷청과,20260730,오이,백다다기,10.00kg,특,충청북도 제천시,6,34000,,,,trade
구리,(주)인터넷청과,20260730,오이,백다다기,10.00kg,특,충청북도 제천시,1,16000,,,,trade
구리,(주)인터넷청과,20260730,오이,백다다기,10.00kg,특,충청북도 제천시,2,21000,,,,trade
구리,(주)인터넷청과,20260730,오이,백다다기,10.00kg,특,충청북도 제천시,1,38000,,,,trade
구리,(주)인터넷청과,20260730,오이,백다다기,10.00kg,특,충청북도 제천시,3,25000,,,,trade
구리,(주)인터넷청과,20260730,오이,백다다기,10.00kg,특,충청북도 제천시,7,40000,,,,trade
구리,(주)인터넷청과,20260730,오이,백다다기,10.00kg,특,충청북도 제천시,3,25000,,,,trade
구리,(주)인터넷청과,20260730,오이,백다다기,10.00kg,특,충청북도 제천시,1,21000,,,,trade
구리,(주)인터넷청과,20260730,오이,백다다기,10.00kg,특,충청북도 제천시,11,20000,,,,trade
구리,(주)인터넷청과,20260730,오이,백다다기,10.00kg,특,충청북도 제천시,6,24000,,,,trade
구리,(주)인터넷청과,20260730,오이,백다다기,10.00kg,특,충청북도 제천시,9,28000,,,,trade
구리,(주)인터넷청과,20260730,오이,백다다기,10.00kg,특,충청북도 제천시,2,20000,,,,trade
구리,(주)인터넷청과,20260730,오이,백다다기,10.00kg,특,충청북도 제천시,11,43000,,,,trade
구리,(주)인터넷청과,20260730,오이,백다다기,10.00kg,특,충청북도 제천시,3,21000,,,,trade
구리,(주)인터넷청과,20260730,오이,백다다기,10.00kg,특,충청북도 제천시,45,41000,,,,trade
구리,(주)인터넷청과,20260730,오이,백다다기,10.00kg,특,충청북도 제천시,36,41000,,,,trade
구리,(주)인터넷청과,20260730,오이,백다다기,10.00kg,특,충청북도 제천시,8,26000,,,,trade
구리,(주)인터넷청과,20260730,오이,백다다기,10.00kg,특,충청북도 제천시,20,20000,,,,trade
구리,(주)인터넷청과,20260730,오이,백다다기,10.00kg,특,충청북도 제천시,55,50000,,,,trade
구리,(주)인터넷청과,20260730,오이,백다다기,10.00kg,특,충청북도 제천시,55,50000,,,,trade
구리,(주)인터넷청과,20260730,오이,백다다기,10.00kg,특,충청북도 제천시,53,50000,,,,trade
구리,(주)인터넷청과,20260730,오이,백다다기,10.00kg,특,충청북도 제천시,10,36000,,,,trade
구리,(주)인터넷청과,20260730,오이,백다다기,10.00kg,특,충청북도 제천시,6,22000,,,,trade
구리,(주)인터넷청과,20260730,오이,백다다기,10.00kg,특,충청북도 제천시,21,17000,,,,trade
구리,(주)인터넷청과,20260730,오이,백다다기,10.00kg,특,충청북도 제천시,36,49000,,,,trade
구리,(주)인터넷청과,20260730,오이,백다다기,10.00kg,특,충청북도 제천시,4,19000,,,,trade
구리,(주)인터넷청과,20260730,오이,백다다기,10.00kg,특,충청북도 제천시,16,20000,,,,trade
구리,(주)인터넷청과,20260730,오이,백다다기,10.00kg,특,충청북도 제천시,18,44000,,,,trade
구리,(주)인터넷청과,20260730,오이,백다다기,10.00kg,특,충청북도 제천시,2,18500,,,,trade
구리,(주)인터넷청과,20260730,오이,백다다기,10.00kg,특,충청북도 제천시,12,27000,,,,trade
구리,(주)인터넷청과,20260730,오이,백다다기,10.00kg,특,충청북도 제천시,49,48000,,,,trade
구리,(주)인터넷청과,20260730,오이,백다다기,10.00kg,특,충청북도 제천시,9,20000,,,,trade
구리,(주)인터넷청과,20260730,오이,백다다기,10.00kg,특,충청북도 제천시,5,37000,,,,trade
구리,(주)인터넷청과,20260730,오이,백다다기,10.00kg,특,충청북도 제천시,10,44000,,,,trade
구리,(주)인터넷청과,20260730,오이,백다다기,10.00kg,특,충청북도 제천시,1,17000,,,,trade
구리,(주)인터넷청과,20260730,오이,백다다기,10.00kg,특,충청북도 제천시,45,47000,,,,trade
구리,(주)인터넷청과,20260804,오이,백다다기,10.00kg,특,충청북도 제천시,11,24500,,,,trade
구리,(주)인터넷청과,20260804,오이,백다다기,10.00kg,특,충청북도 제천시,2,10000,,,,trade
구리,(주)인터넷청과,20260804,오이,백다다기,10.00kg,특,충청북도 제천시,42,26000,,,,trade
구리,(주)인터넷청과,20260804,오이,백다다기,10.00kg,특,충청북도 제천시,1,26000,,,,trade
구리,(주)인터넷청과,20260804,오이,백다다기,10.00kg,특,충청북도 제천시,39,26000,,,,trade
구리,(주)인터넷청과,20260804,오이,백다다기,10.00kg,특,충청북도 제천시,19,12000,,,,trade
구리,(주)인터넷청과,20260804,오이,백다다기,10.00kg,특,충청북도 제천시,48,28000,,,,trade
구리,(주)인터넷청과,20260804,오이,백다다기,10.00kg,특,충청북도 제천시,6,22000,,,,trade
구리,(주)인터넷청과,20260804,오이,백다다기,10.00kg,특,충청북도 제천시,13,11000,,,,trade
구리,(주)인터넷청과,20260804,오이,백다다기,10.00kg,특,충청북도 제천시,40,16000,,,,trade
구리,(주)인터넷청과,20260804,오이,백다다기,10.00kg,특,충청북도 제천시,40,16000,,,,trade
구리,(주)인터넷청과,20260804,오이,백다다기,10.00kg,특,충청북도 제천시,29,16000,,,,trade
구리,(주)인터넷청과,20260804,오이,백다다기,10.00kg,특,충청북도 제천시,19,13000,,,,trade
구리,(주)인터넷청과,20260804,오이,백다다기,10.00kg,특,충청북도 제천시,18,18000,,,,trade
구리,(주)인터넷청과,20260804,오이,백다다기,10.00kg,특,충청북도 제천시,2,13000,,,,trade
구리,(주)인터넷청과,20260804,오이,백다다기,10.00kg,특,충청북도 제천시,22,18000,,,,trade
구리,(주)인터넷청과,20260804,오이,백다다기,10.00kg,특,충청북도 제천시,7,14000,,,,trade
구리,(주)인터넷청과,20260804,오이,백다다기,10.00kg,특,충청북도 제천시,6,10000,,,,trade
구리,(주)인터넷청과,20260804,오이,백다다기,10.00kg,특,충청북도 제천시,1,10000,,,,trade
구리,(주)인터넷청과,20260804,오이,백다다기,10.00kg,특,충청북도 제천시,40,17000,,,,trade
구리,(주)인터넷청과,20260804,오이,백다다기,10.00kg,특,충청북도 제천시,40,16000,,,,trade
구리,(주)인터넷청과,20260804,오이,백다다기,10.00kg,특,충청북도 제천시,37,18000,,,,trade
구리,(주)인터넷청과,20260804,오이,백다다기,10.00kg,특,충청북도 제천시,7,17000,,,,trade
구리,(주)인터넷청과,20260804,오이,백다다기,10.00kg,특,충청북도 제천시,32,30500,,,,trade
구리,(주)인터넷청과,20260804,오이,백다다기,10.00kg,특,충청북도 제천시,14,20000,,,,trade
구리,(주)인터넷청과,20260804,오이,백다다기,10.00kg,특,충청북도 제천시,2,10000,,,,trade
구리,(주)인터넷청과,20260804,오이,백다다기,10.00kg,특,충청북도 제천시,16,13000,,,,trade
구리,(주)인터넷청과,20260804,오이,백다다기,10.00kg,특,충청북도 제천시,45,16000,,,,trade
구리,(주)인터넷청과,20260804,오이,백다다기,10.00kg,특,충청북도 제천시,2,12000,,,,trade
구리,(주)인터넷청과,20260804,오이,백다다기,10.00kg,특,충청북도 제천시,5,11000,,,,trade
구리,(주)인터넷청과,20260804,오이,백다다기,10.00kg,특,충청북도 제천시,41,12000,,,,trade
구리,(주)인터넷청과,20260804,오이,백다다기,10.00kg,특,충청북도 제천시,48,18000,,,,trade
구리,(주)인터넷청과,20260804,오이,백다다기,10.00kg,특,충청북도 제천시,19,22000,,,,trade
구리,(주)인터넷청과,20260804,오이,백다다기,10.00kg,특,충청북도 제천시,8,16000,,,,trade
구리,(주)인터넷청과,20260804,오이,백다다기,10.00kg,특,충청북도 제천시,3,10500,,,,trade
구리,(주)인터넷청과,20260804,오이,백다다기,10.00kg,특,충청북도 제천시,14,12000,,,,trade
구리,(주)인터넷청과,20260804,오이,백다다기,10.00kg,특,충청북도 제천시,31,22000,,,,trade
구리,(주)인터넷청과,20260804,오이,백다다기,10.00kg,특,충청북도 제천시,25,14000,,,,trade
구리,(주)인터넷청과,20260804,오이,백다다기,10.00kg,특,충청북도 제천시,1,11000,,,,trade
구리,(주)인터넷청과,20260804,오이,백다다기,10.00kg,특,충청북도 제천시,30,12000,,,,trade
구리,(주)인터넷청과,20260804,오이,백다다기,10.00kg,특,충청북도 제천시,2,21000,,,,trade
구리,(주)인터넷청과,20260804,오이,백다다기,10.00kg,특,충청북도 제천시,3,14000,,,,trade
구리,(주)인터넷청과,20260804,오이,백다다기,10.00kg,특,경기도 포천시,6,15000,,,,trade
구리,(주)인터넷청과,20260804,오이,백다다기,8.00kg,특,경기도 포천시,1,10000,,,,trade
구리,(주)인터넷청과,20260804,오이,백다다기,10.00kg,특,충청남도 예산군,10,14000,,,,trade
구리,(주)인터넷청과,20260804,오이,백다다기,18.00kg,특,강원도 홍천군,10,22000,,,,trade
구리,(주)인터넷청과,20260804,오이,백다다기,18.00kg,특,강원도 홍천군,30,26000,,,,trade
구리,(주)인터넷청과,20260804,오이,백다다기,18.00kg,특,강원도 홍천군,30,25000,,,,trade
구리,(주)인터넷청과,20260804,오이,백다다기,18.00kg,특,강원도 홍천군,40,58000,,,,trade
구리,(주)인터넷청과,20260804,오이,백다다기,18.00kg,특,강원도 홍천군,2,19000,,,,trade
구리,(주)인터넷청과,20260804,오이,백다다기,18.00kg,특,강원도 홍천군,6,49000,,,,trade
구리,(주)인터넷청과,20260804,오이,백다다기,18.00kg,특,강원도 홍천군,2,57000,,,,trade
구리,(주)인터넷청과,20260804,오이,백다다기,18.00kg,특,강원도 홍천군,18,64000,,,,trade
구리,(주)인터넷청과,20260804,오이,백다다기,10.00kg,특,강원도 철원군,6,12000,,,,trade
구리,(주)인터넷청과,20260804,오이,백다다기,10.00kg,특,경기도 남양주시,3,10000,,,,trade
구리,(주)인터넷청과,20260804,오이,백다다기,10.00kg,특,경기도 남양주시,19,14000,,,,trade
구리,(주)인터넷청과,20260804,오이,백다다기,10.00kg,특,강원도 철원군,25,16000,,,,trade
구리,(주)인터넷청과,20260804,오이,백다다기,10.00kg,특,강원도 철원군,6,18500,,,,trade
구리,(주)인터넷청과,20260804,오이,백다다기,10.00kg,특,강원도 철원군,17,17500,,,,trade
구리,(주)인터넷청과,20260804,오이,백다다기,10.00kg,특,강원도 철원군,5,13000,,,,trade
구리,(주)인터넷청과,20260804,오이,백다다기,10.00kg,특,강원도 철원군,3,15000,,,,trade
구리,(주)인터넷청과,20260804,오이,백다다기,10.00kg,특,강원도 철원군,1,10000,,,,trade
구리,(주)인터넷청과,20260804,오이,백다다기,10.00kg,특,강원도 철원군,4,12000,,,,trade
구리,(주)인터넷청과,20260804,오이,백다다기,10.00kg,특,강원도 홍천군,1,9000,,,,trade
구리,(주)인터넷청과,20260804,오이,백다다기,10.00kg,특,강원도 홍천군,37,17000,,,,trade
구리,(주)인터넷청과,20260804,오이,백다다기,18.00kg,특,강원도 홍천군,5,17000,,,,trade
구리,(주)인터넷청과,20260804,오이,백다다기,18.00kg,특,강원도 홍천군,5,16000,,,,trade
구리,(주)인터넷청과,20260804,오이,백다다기,10.00kg,특,강원도 홍천군,4,14500,,,,trade
구리,(주)인터넷청과,20260804,오이,백다다기,10.00kg,특,강원도 홍천군,5,13000,,,,trade
구리,(주)인터넷청과,20260804,오이,백다다기,10.00kg,특,강원도 홍천군,6,15000,,,,trade
구리,(주)인터넷청과,20260804,오이,백다다기,10.00kg,특,강원도 홍천군,5,14000,,,,trade
구리,(주)인터넷청과,20260804,오이,백다다기,10.00kg,특,강원도 홍천군,52,17000,,,,trade
구리,(주)인터넷청과,20260804,오이,백다다기,10.00kg,특,충청북도 제천시,48,26000,,,,trade
구리,(주)인터넷청과,20260804,오이,백다다기,10.00kg,특,충청북도 제천시,6,13000,,,,trade
구리,(주)인터넷청과,20260804,오이,백다다기,10.00kg,특,충청북도 제천시,17,18000,,,,trade
구리,(주)인터넷청과,20260804,오이,백다다기,10.00kg,특,충청북도 제천시,1,8500,,,,trade
구리,(주)인터넷청과,20260804,오이,백다다기,10.00kg,특,충청북도 제천시,1,12500,,,,trade
구리,(주)인터넷청과,20260804,오이,백다다기,10.00kg,특,충청북도 제천시,13,12000,,,,trade
구리,(주)인터넷청과,20260804,오이,백다다기,10.00kg,특,충청북도 제천시,2,11000,,,,trade
구리,(주)인터넷청과,20260804,오이,백다다기,10.00kg,특,충청북도 제천시,5,19000,,,,trade
구리,(주)인터넷청과,20260804,오이,백다다기,10.00kg,특,충청북도 제천시,8,15000,,,,trade
구리,(주)인터넷청과,20260804,오이,백다다기,10.00kg,특,충청북도 제천시,8,12000,,,,trade
구리,(주)인터넷청과,20260804,오이,백다다기,10.00kg,특,충청북도 제천시,12,16000,,,,trade
구리,(주)인터넷청과,20260804,오이,백다다기,10.00kg,특,충청북도 제천시,15,22000,,,,trade
구리,(주)인터넷청과,20260804,오이,백다다기,10.00kg,특,충청북도 제천시,10,14000,,,,trade
구리,(주)인터넷청과,20260804,오이,백다다기,10.00kg,특,충청북도 제천시,1,11000,,,,trade
구리,(주)인터넷청과,20260804,오이,백다다기,10.00kg,특,충청북도 제천시,8,18000,,,,trade
구리,(주)인터넷청과,20260804,오이,백다다기,10.00kg,특,충청북도 제천시,16,13000,,,,trade
구리,(주)인터넷청과,20260804,오이,백다다기,10.00kg,특,충청북도 제천시,40,25000,,,,trade
구리,(주)인터넷청과,20260804,오이,백다다기,10.00kg,특,충청북도 제천시,1,22000,,,,trade
구리,(주)인터넷청과,20260804,오이,백다다기,10.00kg,특,충청북도 제천시,4,12000,,,,trade
구리,(주)인터넷청과,20260804,오이,백다다기,10.00kg,특,충청북도 제천시,8,13500,,,,trade
구리,(주)인터넷청과,20260804,오이,백다다기,10.00kg,특,충청북도 제천시,25,18000,,,,trade
구리,(주)인터넷청과,20260804,오이,백다다기,10.00kg,특,충청북도 제천시,6,18500,,,,trade
구리,(주)인터넷청과,20260804,오이,백다다기,10.00kg,특,충청북도 제천시,15,13000,,,,trade
구리,(주)인터넷청과,20260804,오이,백다다기,10.00kg,특,충청북도 제천시,2,10000,,,,trade
구리,(주)인터넷청과,20260804,오이,백다다기,10.00kg,특,충청북도 제천시,15,21000,,,,trade
구리,(주)인터넷청과,20260804,오이,백다다기,10.00kg,특,충청북도 제천시,61,11000,,,,trade
구리,(주)인터넷청과,20260804,오이,백다다기,10.00kg,특,충청북도 제천시,1,8000,,,,trade
구리,(주)인터넷청과,20260804,오이,백다다기,10.00kg,특,충청북도 제천시,40,15000,,,,trade
구리,(주)인터넷청과,20260804,오이,백다다기,10.00kg,특,충청북도 제천시,40,17000,,,,trade
구리,(주)인터넷청과,20260804,오이,백다다기,10.00kg,특,충청북도 제천시,36,20000,,,,trade
구리,(주)인터넷청과,20260804,오이,백다다기,10.00kg,특,충청북도 제천시,40,19000,,,,trade
구리,(주)인터넷청과,20260804,오이,백다다기,10.00kg,특,충청북도 제천시,32,28000,,,,trade
구리,(주)인터넷청과,20260804,오이,백다다기,10.00kg,특,충청북도 제천시,48,26000,,,,trade
구리,(주)인터넷청과,20260804,오이,백다다기,10.00kg,특,충청북도 제천시,2,13000,,,,trade
구리,(주)인터넷청과,20260804,오이,백다다기,10.00kg,특,충청북도 제천시,27,13000,,,,trade
구리,(주)인터넷청과,20260804,오이,백다다기,10.00kg,특,충청북도 제천시,59,26000,,,,trade
구리,(주)인터넷청과,20260806,오이,백다다기,18.00kg,특,강원도 홍천군,3,13000,,,,trade
구리,(주)인터넷청과,20260806,오이,백다다기,18.00kg,특,강원도 홍천군,5,15000,,,,trade
구리,(주)인터넷청과,20260806,오이,백다다기,18.00kg,특,강원도 홍천군,6,7000,,,,trade
구리,(주)인터넷청과,20260806,오이,백다다기,10.00kg,특,강원도 홍천군,5,10000,,,,trade
구리,(주)인터넷청과,20260806,오이,백다다기,10.00kg,특,강원도 홍천군,4,6000,,,,trade
구리,(주)인터넷청과,20260806,오이,백다다기,10.00kg,특,강원도 홍천군,30,22000,,,,trade
구리,(주)인터넷청과,20260806,오이,백다다기,10.00kg,특,강원도 홍천군,10,16000,,,,trade
구리,(주)인터넷청과,20260806,오이,백다다기,10.00kg,특,강원도 홍천군,8,16000,,,,trade
구리,(주)인터넷청과,20260806,오이,백다다기,10.00kg,특,강원도 홍천군,40,16000,,,,trade
구리,(주)인터넷청과,20260806,오이,백다다기,10.00kg,특,강원도 홍천군,21,18000,,,,trade
구리,(주)인터넷청과,20260806,오이,백다다기,10.00kg,특,강원도 홍천군,1,14000,,,,trade
구리,(주)인터넷청과,20260806,오이,백다다기,10.00kg,특,강원도 홍천군,7,10000,,,,trade
구리,(주)인터넷청과,20260806,오이,백다다기,10.00kg,특,강원도 홍천군,5,13500,,,,trade
구리,(주)인터넷청과,20260806,오이,백다다기,10.00kg,특,충청남도 예산군,20,6000,,,,trade
구리,(주)인터넷청과,20260806,오이,백다다기,10.00kg,특,충청남도 예산군,8,7000,,,,trade
구리,(주)인터넷청과,20260806,오이,백다다기,8.00kg,특,경기도 포천시,1,7000,,,,trade
구리,(주)인터넷청과,20260806,오이,백다다기,10.00kg,특,경기도 포천시,4,8000,,,,trade
구리,(주)인터넷청과,20260806,오이,백다다기,10.00kg,특,경기도 남양주시,4,5000,,,,trade
구리,(주)인터넷청과,20260806,오이,백다다기,10.00kg,특,경기도 남양주시,22,8000,,,,trade
구리,(주)인터넷청과,20260806,오이,백다다기,10.00kg,특,경기도 여주군,60,10000,,,,trade
구리,(주)인터넷청과,20260806,오이,백다다기,10.00kg,특,강원도 철원군,28,13000,,,,trade
구리,(주)인터넷청과,20260806,오이,백다다기,10.00kg,특,강원도 철원군,9,8000,,,,trade
구리,(주)인터넷청과,20260806,오이,백다다기,10.00kg,특,강원도 철원군,2,12500,,,,trade
구리,(주)인터넷청과,20260806,오이,백다다기,10.00kg,특,강원도 철원군,25,12500,,,,trade
구리,(주)인터넷청과,20260806,오이,백다다기,10.00kg,특,강원도 철원군,4,6000,,,,trade
구리,(주)인터넷청과,20260806,오이,백다다기,10.00kg,특,강원도 철원군,2,14000,,,,trade
구리,(주)인터넷청과,20260806,오이,백다다기,18.00kg,특,강원도 홍천군,15,70000,,,,trade
구리,(주)인터넷청과,20260806,오이,백다다기,18.00kg,특,강원도 홍천군,1,58000,,,,trade
구리,(주)인터넷청과,20260806,오이,백다다기,18.00kg,특,강원도 홍천군,11,45000,,,,trade
구리,(주)인터넷청과,20260806,오이,백다다기,18.00kg,특,강원도 홍천군,1,39000,,,,trade
구리,(주)인터넷청과,20260806,오이,백다다기,18.00kg,특,강원도 홍천군,4,23000,,,,trade
구리,(주)인터넷청과,20260806,오이,백다다기,18.00kg,특,강원도 홍천군,7,22000,,,,trade
구리,(주)인터넷청과,20260806,오이,백다다기,10.00kg,특,강원도 홍천군,3,6000,,,,trade
구리,(주)인터넷청과,20260806,오이,백다다기,10.00kg,특,강원도 홍천군,23,13000,,,,trade
구리,(주)인터넷청과,20260806,오이,백다다기,10.00kg,특,강원도 홍천군,10,15000,,,,trade
구리,(주)인터넷청과,20260806,오이,백다다기,10.00kg,특,충청북도 제천시,16,7000,,,,trade
구리,(주)인터넷청과,20260806,오이,백다다기,10.00kg,특,충청북도 제천시,3,3000,,,,trade
구리,(주)인터넷청과,20260806,오이,백다다기,10.00kg,특,충청북도 제천시,11,16000,,,,trade
구리,(주)인터넷청과,20260806,오이,백다다기,10.00kg,특,충청북도 제천시,18,29000,,,,trade
구리,(주)인터넷청과,20260806,오이,백다다기,10.00kg,특,충청북도 제천시,6,8000,,,,trade
구리,(주)인터넷청과,20260806,오이,백다다기,10.00kg,특,충청북도 제천시,3,3000,,,,trade
구리,(주)인터넷청과,20260806,오이,백다다기,10.00kg,특,충청북도 제천시,16,11000,,,,trade
구리,(주)인터넷청과,20260806,오이,백다다기,10.00kg,특,충청북도 제천시,48,14000,,,,trade
구리,(주)인터넷청과,20260806,오이,백다다기,10.00kg,특,충청북도 제천시,48,15000,,,,trade
구리,(주)인터넷청과,20260806,오이,백다다기,10.00kg,특,충청북도 제천시,18,8000,,,,trade
구리,(주)인터넷청과,20260806,오이,백다다기,10.00kg,특,충청북도 제천시,21,12000,,,,trade
구리,(주)인터넷청과,20260806,오이,백다다기,10.00kg,특,충청북도 제천시,31,6000,,,,trade
구리,(주)인터넷청과,20260806,오이,백다다기,10.00kg,특,충청북도 제천시,5,15000,,,,trade
구리,(주)인터넷청과,20260806,오이,백다다기,10.00kg,특,충청북도 제천시,51,22000,,,,trade
구리,(주)인터넷청과,20260806,오이,백다다기,10.00kg,특,충청북도 제천시,2,5000,,,,trade
구리,(주)인터넷청과,20260806,오이,백다다기,10.00kg,특,충청북도 제천시,3,11000,,,,trade
구리,(주)인터넷청과,20260806,오이,백다다기,10.00kg,특,충청북도 제천시,8,15000,,,,trade
구리,(주)인터넷청과,20260806,오이,백다다기,10.00kg,특,충청북도 제천시,1,10000,,,,trade
구리,(주)인터넷청과,20260806,오이,백다다기,10.00kg,특,충청북도 제천시,1,12000,,,,trade
구리,(주)인터넷청과,20260806,오이,백다다기,10.00kg,특,충청북도 제천시,15,17000,,,,trade
구리,(주)인터넷청과,20260806,오이,백다다기,10.00kg,특,충청북도 제천시,42,9000,,,,trade
구리,(주)인터넷청과,20260806,오이,백다다기,10.00kg,특,충청북도 제천시,5,3500,,,,trade
구리,(주)인터넷청과,20260806,오이,백다다기,10.00kg,특,충청북도 제천시,2,10000,,,,trade
구리,(주)인터넷청과,20260806,오이,백다다기,10.00kg,특,충청북도 제천시,38,21500,,,,trade
구리,(주)인터넷청과,20260806,오이,백다다기,10.00kg,특,충청북도 제천시,19,8000,,,,trade
구리,(주)인터넷청과,20260806,오이,백다다기,10.00kg,특,충청북도 제천시,1,4500,,,,trade
구리,(주)인터넷청과,20260806,오이,백다다기,10.00kg,특,충청북도 제천시,12,11500,,,,trade
구리,(주)인터넷청과,20260806,오이,백다다기,10.00kg,특,충청북도 제천시,38,16000,,,,trade
구리,(주)인터넷청과,20260806,오이,백다다기,10.00kg,특,충청북도 제천시,1,5000,,,,trade
구리,(주)인터넷청과,20260806,오이,백다다기,10.00kg,특,충청북도 제천시,4,8000,,,,trade
구리,(주)인터넷청과,20260806,오이,백다다기,10.00kg,특,충청북도 제천시,5,10000,,,,trade
구리,(주)인터넷청과,20260806,오이,백다다기,10.00kg,특,충청북도 제천시,9,12000,,,,trade
구리,(주)인터넷청과,20260806,오이,백다다기,10.00kg,특,충청북도 제천시,17,17000,,,,trade
구리,(주)인터넷청과,20260806,오이,백다다기,10.00kg,특,충청북도 제천시,48,17000,,,,trade
구리,(주)인터넷청과,20260806,오이,백다다기,10.00kg,특,충청북도 제천시,55,17000,,,,trade
구리,(주)인터넷청과,20260806,오이,백다다기,10.00kg,특,충청북도 제천시,18,8000,,,,trade
구리,(주)인터넷청과,20260806,오이,백다다기,10.00kg,특,충청북도 제천시,18,20000,,,,trade
구리,(주)인터넷청과,20260806,오이,백다다기,10.00kg,특,충청북도 제천시,21,10000,,,,trade
구리,(주)인터넷청과,20260806,오이,백다다기,10.00kg,특,충청북도 제천시,1,5000,,,,trade
구리,(주)인터넷청과,20260806,오이,백다다기,10.00kg,특,충청북도 제천시,2,9000,,,,trade
구리,(주)인터넷청과,20260806,오이,백다다기,10.00kg,특,충청북도 제천시,24,13000,,,,trade
구리,(주)인터넷청과,20260806,오이,백다다기,10.00kg,특,충청북도 제천시,48,17000,,,,trade
구리,(주)인터넷청과,20260806,오이,백다다기,10.00kg,특,충청북도 제천시,8,14000,,,,trade
구리,(주)인터넷청과,20260806,오이,백다다기,10.00kg,특,충청북도 제천시,58,19000,,,,trade
구리,(주)인터넷청과,20260806,오이,백다다기,10.00kg,특,충청북도 제천시,45,24000,,,,trade
구리,(주)인터넷청과,20260806,오이,백다다기,10.00kg,특,충청북도 제천시,20,12000,,,,trade
구리,(주)인터넷청과,20260806,오이,백다다기,10.00kg,특,충청북도 제천시,24,9000,,,,trade
구리,(주)인터넷청과,20260806,오이,백다다기,10.00kg,특,충청북도 제천시,5,9500,,,,trade
구리,(주)인터넷청과,20260806,오이,백다다기,10.00kg,특,충청북도 제천시,13,9000,,,,trade
구리,(주)인터넷청과,20260806,오이,백다다기,10.00kg,특,충청북도 제천시,26,16000,,,,trade
구리,(주)인터넷청과,20260806,오이,백다다기,10.00kg,특,충청북도 제천시,48,29000,,,,trade
구리,(주)인터넷청과,20260806,오이,백다다기,10.00kg,특,충청북도 제천시,3,13000,,,,trade
구리,(주)인터넷청과,20260806,오이,백다다기,10.00kg,특,충청북도 제천시,1,21000,,,,trade
구리,(주)인터넷청과,20260806,오이,백다다기,10.00kg,특,충청북도 제천시,2,14000,,,,trade
구리,(주)인터넷청과,20260806,오이,백다다기,10.00kg,특,충청북도 제천시,8,26500,,,,trade
구리,(주)인터넷청과,20260811,오이,백다다기,10.00kg,특,강원도 홍천군,5,10000,,,,trade
구리,(주)인터넷청과,20260811,오이,백다다기,18.00kg,특,강원도 홍천군,3,12000,,,,trade
구리,(주)인터넷청과,20260811,오이,백다다기,18.00kg,특,강원도 홍천군,2,10000,,,,trade
구리,(주)인터넷청과,20260811,오이,백다다기,18.00kg,특,강원도 홍천군,11,22000,,,,trade
구리,(주)인터넷청과,20260811,오이,백다다기,10.00kg,특,강원도 홍천군,25,23000,,,,trade
구리,(주)인터넷청과,20260811,오이,백다다기,10.00kg,특,강원도 홍천군,21,15000,,,,trade
구리,(주)인터넷청과,20260811,오이,백다다기,10.00kg,특,강원도 홍천군,19,18000,,,,trade
구리,(주)인터넷청과,20260811,오이,백다다기,10.00kg,특,강원도 홍천군,16,17000,,,,trade
구리,(주)인터넷청과,20260811,오이,백다다기,10.00kg,특,강원도 홍천군,3,20000,,,,trade
구리,(주)인터넷청과,20260811,오이,백다다기,10.00kg,특,강원도 홍천군,9,18000,,,,trade
구리,(주)인터넷청과,20260811,오이,백다다기,10.00kg,특,강원도 홍천군,5,18000,,,,trade
구리,(주)인터넷청과,20260811,오이,백다다기,10.00kg,특,강원도 홍천군,2,17000,,,,trade
구리,(주)인터넷청과,20260811,오이,백다다기,10.00kg,특,강원도 홍천군,2,8000,,,,trade
구리,(주)인터넷청과,20260811,오이,백다다기,10.00kg,특,충청북도 제천시,8,23000,,,,trade
구리,(주)인터넷청과,20260811,오이,백다다기,10.00kg,특,충청북도 제천시,2,18500,,,,trade
구리,(주)인터넷청과,20260811,오이,백다다기,10.00kg,특,충청북도 제천시,7,11000,,,,trade
구리,(주)인터넷청과,20260811,오이,백다다기,10.00kg,특,충청북도 제천시,39,32000,,,,trade
구리,(주)인터넷청과,20260811,오이,백다다기,10.00kg,특,충청북도 제천시,27,28000,,,,trade
구리,(주)인터넷청과,20260811,오이,백다다기,10.00kg,특,충청북도 제천시,5,10000,,,,trade
구리,(주)인터넷청과,20260811,오이,백다다기,10.00kg,특,충청북도 제천시,16,7000,,,,trade
구리,(주)인터넷청과,20260811,오이,백다다기,10.00kg,특,충청북도 제천시,5,32000,,,,trade
구리,(주)인터넷청과,20260811,오이,백다다기,10.00kg,특,충청북도 제천시,6,26000,,,,trade
구리,(주)인터넷청과,20260811,오이,백다다기,10.00kg,특,충청북도 제천시,6,14000,,,,trade
구리,(주)인터넷청과,20260811,오이,백다다기,10.00kg,특,충청북도 제천시,12,26000,,,,trade
구리,(주)인터넷청과,20260811,오이,백다다기,10.00kg,특,충청북도 제천시,9,16000,,,,trade
구리,(주)인터넷청과,20260811,오이,백다다기,10.00kg,특,충청북도 제천시,16,28000,,,,trade
구리,(주)인터넷청과,20260811,오이,백다다기,10.00kg,특,충청북도 제천시,9,14000,,,,trade
구리,(주)인터넷청과,20260811,오이,백다다기,10.00kg,특,충청북도 제천시,2,8000,,,,trade
구리,(주)인터넷청과,20260811,오이,백다다기,10.00kg,특,충청북도 제천시,39,28000,,,,trade
구리,(주)인터넷청과,20260811,오이,백다다기,10.00kg,특,충청북도 제천시,11,27000,,,,trade
구리,(주)인터넷청과,20260811,오이,백다다기,10.00kg,특,충청북도 제천시,13,8000,,,,trade
구리,(주)인터넷청과,20260811,오이,백다다기,10.00kg,특,충청북도 제천시,8,28000,,,,trade
구리,(주)인터넷청과,20260811,오이,백다다기,10.00kg,특,충청북도 제천시,12,17000,,,,trade
구리,(주)인터넷청과,20260811,오이,백다다기,10.00kg,특,충청북도 제천시,41,28000,,,,trade
구리,(주)인터넷청과,20260811,오이,백다다기,10.00kg,특,충청북도 제천시,6,16000,,,,trade
구리,(주)인터넷청과,20260811,오이,백다다기,10.00kg,특,충청북도 제천시,11,17000,,,,trade
구리,(주)인터넷청과,20260811,오이,백다다기,10.00kg,특,충청북도 제천시,1,6000,,,,trade
구리,(주)인터넷청과,20260811,오이,백다다기,10.00kg,특,충청북도 제천시,8,12000,,,,trade
구리,(주)인터넷청과,20260811,오이,백다다기,10.00kg,특,충청북도 제천시,1,21000,,,,trade
구리,(주)인터넷청과,20260811,오이,백다다기,10.00kg,특,충청북도 제천시,2,14000,,,,trade
구리,(주)인터넷청과,20260811,오이,백다다기,10.00kg,특,충청북도 제천시,24,8000,,,,trade
구리,(주)인터넷청과,20260811,오이,백다다기,10.00kg,특,충청북도 제천시,40,28000,,,,trade
구리,(주)인터넷청과,20260811,오이,백다다기,10.00kg,특,충청북도 제천시,5,13000,,,,trade
구리,(주)인터넷청과,20260811,오이,백다다기,10.00kg,특,충청북도 제천시,1,6000,,,,trade
구리,(주)인터넷청과,20260811,오이,백다다기,10.00kg,특,충청북도 제천시,14,5000,,,,trade
구리,(주)인터넷청과,20260811,오이,백다다기,10.00kg,특,충청북도 제천시,8,31000,,,,trade
구리,(주)인터넷청과,20260811,오이,백다다기,10.00kg,특,충청북도 제천시,2,7000,,,,trade
구리,(주)인터넷청과,20260811,오이,백다다기,10.00kg,특,충청북도 제천시,27,32000,,,,trade
구리,(주)인터넷청과,20260811,오이,백다다기,18.00kg,특,강원도 홍천군,30,25000,,,,trade
구리,(주)인터넷청과,20260811,오이,백다다기,18.00kg,특,강원도 홍천군,30,67000,,,,trade
구리,(주)인터넷청과,20260811,오이,백다다기,18.00kg,특,강원도 홍천군,40,23000,,,,trade
구리,(주)인터넷청과,20260811,오이,백다다기,18.00kg,특,강원도 홍천군,8,13000,,,,trade
구리,(주)인터넷청과,20260811,오이,백다다기,18.00kg,특,강원도 홍천군,15,77000,,,,trade
구리,(주)인터넷청과,20260811,오이,백다다기,18.00kg,특,강원도 홍천군,15,77000,,,,trade
구리,(주)인터넷청과,20260811,오이,백다다기,10.00kg,특,강원도 철원군,13,18000,,,,trade
구리,(주)인터넷청과,20260811,오이,백다다기,10.00kg,특,강원도 철원군,2,15000,,,,trade
구리,(주)인터넷청과,20260811,오이,백다다기,10.00kg,특,강원도 철원군,12,16000,,,,trade
구리,(주)인터넷청과,20260811,오이,백다다기,18.00kg,특,강원도 철원군,3,16000,,,,trade
구리,(주)인터넷청과,20260811,오이,백다다기,18.00kg,특,강원도 철원군,13,46000,,,,trade
구리,(주)인터넷청과,20260811,오이,백다다기,8.00kg,특,경기도 포천시,7,8000,,,,trade
구리,(주)인터넷청과,20260811,오이,백다다기,10.00kg,특,경기도 포천시,2,8000,,,,trade
구리,(주)인터넷청과,20260811,오이,백다다기,10.00kg,특,강원도 홍천군,11,16000,,,,trade
구리,(주)인터넷청과,20260811,오이,백다다기,10.00kg,특,강원도 홍천군,6,12000,,,,trade
구리,(주)인터넷청과,20260811,오이,백다다기,10.00kg,특,강원도 홍천군,5,8000,,,,trade
구리,(주)인터넷청과,20260811,오이,백다다기,10.00kg,특,강원도 홍천군,22,18000,,,,trade
구리,(주)인터넷청과,20260811,오이,백다다기,18.00kg,특,강원도 홍천군,1,39000,,,,trade
구리,(주)인터넷청과,20260811,오이,백다다기,18.00kg,특,강원도 홍천군,3,13000,,,,trade
구리,(주)인터넷청과,20260811,오이,백다다기,18.00kg,특,강원도 홍천군,3,36000,,,,trade
구리,(주)인터넷청과,20260811,오이,백다다기,18.00kg,특,강원도 홍천군,3,63000,,,,trade
구리,(주)인터넷청과,20260811,오이,백다다기,18.00kg,특,강원도 홍천군,11,78000,,,,trade
구리,(주)인터넷청과,20260813,오이,백다다기,18.00kg,특,강원도 홍천군,11,20000,,,,trade
구리,(주)인터넷청과,20260813,오이,백다다기,18.00kg,특,강원도 홍천군,8,94000,,,,trade
구리,(주)인터넷청과,20260813,오이,백다다기,18.00kg,특,강원도 홍천군,30,27000,,,,trade
구리,(주)인터넷청과,20260813,오이,백다다기,18.00kg,특,강원도 홍천군,15,27000,,,,trade
구리,(주)인터넷청과,20260813,오이,백다다기,18.00kg,특,강원도 홍천군,7,27000,,,,trade
구리,(주)인터넷청과,20260813,오이,백다다기,18.00kg,특,강원도 홍천군,30,78000,,,,trade
구리,(주)인터넷청과,20260813,오이,백다다기,18.00kg,특,강원도 홍천군,10,50000,,,,trade
구리,(주)인터넷청과,20260813,오이,백다다기,18.00kg,특,강원도 홍천군,8,38000,,,,trade
구리,(주)인터넷청과,20260813,오이,백다다기,18.00kg,특,강원도 홍천군,22,28000,,,,trade
구리,(주)인터넷청과,20260813,오이,백다다기,10.00kg,특,강원도 홍천군,1,28000,,,,trade
구리,(주)인터넷청과,20260813,오이,백다다기,10.00kg,특,강원도 홍천군,37,28000,,,,trade
구리,(주)인터넷청과,20260813,오이,백다다기,10.00kg,특,강원도 홍천군,10,16000,,,,trade
구리,(주)인터넷청과,20260813,오이,백다다기,10.00kg,특,강원도 홍천군,16,29000,,,,trade
구리,(주)인터넷청과,20260813,오이,백다다기,10.00kg,특,강원도 홍천군,6,32000,,,,trade
구리,(주)인터넷청과,20260813,오이,백다다기,10.00kg,특,충청북도 제천시,10,48000,,,,trade
구리,(주)인터넷청과,20260813,오이,백다다기,10.00kg,특,충청북도 제천시,2,18000,,,,trade
구리,(주)인터넷청과,20260813,오이,백다다기,10.00kg,특,충청북도 제천시,36,48000,,,,trade
구리,(주)인터넷청과,20260813,오이,백다다기,10.00kg,특,충청북도 제천시,9,38000,,,,trade
구리,(주)인터넷청과,20260813,오이,백다다기,10.00kg,특,충청북도 제천시,2,24000,,,,trade
구리,(주)인터넷청과,20260813,오이,백다다기,10.00kg,특,충청북도 제천시,10,18500,,,,trade
구리,(주)인터넷청과,20260813,오이,백다다기,10.00kg,특,충청북도 제천시,7,28000,,,,trade
구리,(주)인터넷청과,20260813,오이,백다다기,10.00kg,특,충청북도 제천시,7,43000,,,,trade
구리,(주)인터넷청과,20260813,오이,백다다기,10.00kg,특,충청북도 제천시,6,19000,,,,trade
구리,(주)인터넷청과,20260813,오이,백다다기,10.00kg,특,충청북도 제천시,48,51000,,,,trade
구리,(주)인터넷청과,20260813,오이,백다다기,10.00kg,특,충청북도 제천시,27,43000,,,,trade
구리,(주)인터넷청과,20260813,오이,백다다기,10.00kg,특,충청북도 제천시,40,48000,,,,trade
구리,(주)인터넷청과,20260813,오이,백다다기,10.00kg,특,충청북도 제천시,4,36000,,,,trade
구리,(주)인터넷청과,20260813,오이,백다다기,10.00kg,특,충청북도 제천시,6,22000,,,,trade
구리,(주)인터넷청과,20260813,오이,백다다기,10.00kg,특,충청북도 제천시,17,4500,,,,trade
구리,(주)인터넷청과,20260813,오이,백다다기,10.00kg,특,충청북도 제천시,3,29000,,,,trade
구리,(주)인터넷청과,20260813,오이,백다다기,10.00kg,특,충청북도 제천시,2,14000,,,,trade
구리,(주)인터넷청과,20260813,오이,백다다기,10.00kg,특,충청북도 제천시,2,16000,,,,trade
구리,(주)인터넷청과,20260813,오이,백다다기,10.00kg,특,충청북도 제천시,19,37000,,,,trade
구리,(주)인터넷청과,20260813,오이,백다다기,10.00kg,특,충청북도 제천시,10,28000,,,,trade
구리,(주)인터넷청과,20260813,오이,백다다기,10.00kg,특,충청북도 제천시,9,23000,,,,trade
구리,(주)인터넷청과,20260813,오이,백다다기,10.00kg,특,충청북도 제천시,1,17000,,,,trade
구리,(주)인터넷청과,20260813,오이,백다다기,10.00kg,특,충청북도 제천시,12,9000,,,,trade
구리,(주)인터넷청과,20260813,오이,백다다기,10.00kg,특,충청북도 제천시,40,41000,,,,trade
구리,(주)인터넷청과,20260813,오이,백다다기,10.00kg,특,충청북도 제천시,6,32000,,,,trade
구리,(주)인터넷청과,20260813,오이,백다다기,10.00kg,특,충청북도 제천시,14,39000,,,,trade
구리,(주)인터넷청과,20260813,오이,백다다기,10.00kg,특,충청북도 제천시,18,18000,,,,trade
구리,(주)인터넷청과,20260813,오이,백다다기,10.00kg,특,충청북도 제천시,22,36000,,,,trade
구리,(주)인터넷청과,20260813,오이,백다다기,10.00kg,특,충청북도 제천시,8,24000,,,,trade
구리,(주)인터넷청과,20260813,오이,백다다기,10.00kg,특,충청북도 제천시,18,45000,,,,trade
구리,(주)인터넷청과,20260813,오이,백다다기,10.00kg,특,충청북도 제천시,8,34000,,,,trade
구리,(주)인터넷청과,20260813,오이,백다다기,10.00kg,특,충청북도 제천시,20,14000,,,,trade
구리,(주)인터넷청과,20260813,오이,백다다기,10.00kg,특,충청북도 제천시,4,19000,,,,trade
구리,(주)인터넷청과,20260813,오이,백다다기,10.00kg,특,강원도 철원군,3,24000,,,,trade
구리,(주)인터넷청과,20260813,오이,백다다기,10.00kg,특,강원도 철원군,3,11000,,,,trade
구리,(주)인터넷청과,20260813,오이,백다다기,10.00kg,특,강원도 철원군,3,27000,,,,trade
구리,(주)인터넷청과,20260813,오이,백다다기,10.00kg,특,강원도 철원군,19,24000,,,,trade
구리,(주)인터넷청과,20260813,오이,백다다기,10.00kg,특,강원도 철원군,2,21000,,,,trade
구리,(주)인터넷청과,20260813,오이,백다다기,10.00kg,특,강원도 철원군,14,22000,,,,trade
구리,(주)인터넷청과,20260813,오이,백다다기,8.00kg,특,강원도 철원군,3,13500,,,,trade
구리,(주)인터넷청과,20260813,오이,백다다기,8.00kg,특,강원도 철원군,4,21500,,,,trade
구리,(주)인터넷청과,20260813,오이,백다다기,8.00kg,특,경기도 양주시,1,19000,,,,trade
구리,(주)인터넷청과,20260813,오이,백다다기,18.00kg,특,강원도 홍천군,1,47000,,,,trade
구리,(주)인터넷청과,20260813,오이,백다다기,18.00kg,특,강원도 홍천군,3,30000,,,,trade
구리,(주)인터넷청과,20260813,오이,백다다기,18.00kg,특,강원도 홍천군,2,70000,,,,trade
구리,(주)인터넷청과,20260813,오이,백다다기,18.00kg,특,강원도 홍천군,4,88000,,,,trade
구리,(주)인터넷청과,20260813,오이,백다다기,18.00kg,특,강원도 홍천군,7,105000,,,,trade
구리,(주)인터넷청과,20260813,오이,백다다기,18.00kg,특,강원도 철원군,6,25000,,,,trade
구리,(주)인터넷청과,20260813,오이,백다다기,18.00kg,특,강원도 철원군,16,68000,,,,trade
구리,(주)인터넷청과,20260813,오이,백다다기,10.00kg,특,강원도 홍천군,50,14000,,,,trade
구리,(주)인터넷청과,20260813,오이,백다다기,18.00kg,특,강원도 홍천군,4,25000,,,,trade
구리,(주)인터넷청과,20260813,오이,백다다기,18.00kg,특,강원도 홍천군,7,32000,,,,trade
구리,(주)인터넷청과,20260813,오이,백다다기,18.00kg,특,강원도 홍천군,2,43000,,,,trade
구리,(주)인터넷청과,20260813,오이,백다다기,18.00kg,특,강원도 홍천군,3,16000,,,,trade
구리,(주)인터넷청과,20260813,오이,백다다기,10.00kg,특,강원도 홍천군,4,12000,,,,trade
구리,(주)인터넷청과,20260813,오이,백다다기,10.00kg,특,강원도 홍천군,1,18500,,,,trade
구리,(주)인터넷청과,20260813,오이,백다다기,10.00kg,특,강원도 홍천군,2,17500,,,,trade
구리,(주)인터넷청과,20260813,오이,백다다기,10.00kg,특,강원도 홍천군,3,19000,,,,trade
구리,(주)인터넷청과,20260813,오이,백다다기,10.00kg,특,강원도 홍천군,13,18000,,,,trade
구리,(주)인터넷청과,20260813,오이,백다다기,10.00kg,특,강원도 홍천군,15,26000,,,,trade
구리,(주)인터넷청과,20260813,오이,백다다기,10.00kg,특,강원도 홍천군,35,33000,,,,trade
구리,(주)인터넷청과,20260813,오이,백다다기,10.00kg,특,강원도 홍천군,1,12500,,,,trade
구리,(주)인터넷청과,20260813,오이,백다다기,10.00kg,특,강원도 홍천군,20,31000,,,,trade
구리,(주)인터넷청과,20260813,오이,백다다기,10.00kg,특,강원도 홍천군,30,28000,,,,trade
구리,(주)인터넷청과,20260813,오이,백다다기,18.00kg,특,강원도 홍천군,19,88000,,,,trade
구리,(주)인터넷청과,20260813,오이,백다다기,18.00kg,특,강원도 홍천군,10,25000,,,,trade
구리,(주)인터넷청과,20260813,오이,백다다기,18.00kg,특,강원도 홍천군,39,35000,,,,trade
구리,(주)인터넷청과,20260813,오이,백다다기,18.00kg,특,강원도 홍천군,1,25000,,,,trade
구리,(주)인터넷청과,20260813,오이,백다다기,18.00kg,특,강원도 홍천군,5,35000,,,,trade
구리,(주)인터넷청과,20260813,오이,백다다기,18.00kg,특,강원도 홍천군,20,76000,,,,trade
구리,(주)인터넷청과,20260813,오이,백다다기,18.00kg,특,강원도 홍천군,20,76000,,,,trade
구리,(주)인터넷청과,20260813,오이,백다다기,18.00kg,특,강원도 홍천군,39,37000,,,,trade
구리,(주)인터넷청과,20260818,오이,백다다기,18.00kg,특,강원도 홍천군,6,61000,,,,trade
구리,(주)인터넷청과,20260818,오이,백다다기,18.00kg,특,강원도 홍천군,2,47000,,,,trade
구리,(주)인터넷청과,20260818,오이,백다다기,18.00kg,특,강원도 홍천군,7,31000,,,,trade
구리,(주)인터넷청과,20260818,오이,백다다기,18.00kg,특,강원도 홍천군,6,16000,,,,trade
구리,(주)인터넷청과,20260818,오이,백다다기,18.00kg,특,강원도 홍천군,1,28000,,,,trade
구리,(주)인터넷청과,20260818,오이,백다다기,8.00kg,특,경기도 양주시,4,7000,,,,trade
구리,(주)인터넷청과,20260818,오이,백다다기,8.00kg,특,경기도 양주시,11,10800,,,,trade
구리,(주)인터넷청과,20260818,오이,백다다기,8.00kg,특,경기도 양주시,3,12300,,,,trade
구리,(주)인터넷청과,20260818,오이,백다다기,18.00kg,특,충청남도 부여군,2,12000,,,,trade
구리,(주)인터넷청과,20260818,오이,백다다기,10.00kg,특,강원도 철원군,18,13000,,,,trade
구리,(주)인터넷청과,20260818,오이,백다다기,10.00kg,특,강원도 철원군,29,11000,,,,trade
구리,(주)인터넷청과,20260818,오이,백다다기,10.00kg,특,강원도 철원군,1,13000,,,,trade
구리,(주)인터넷청과,20260818,오이,백다다기,10.00kg,특,강원도 철원군,8,16000,,,,trade
구리,(주)인터넷청과,20260818,오이,백다다기,10.00kg,특,강원도 철원군,2,14000,,,,trade
구리,(주)인터넷청과,20260818,오이,백다다기,10.00kg,특,강원도 철원군,4,8000,,,,trade
구리,(주)인터넷청과,20260818,오이,백다다기,10.00kg,특,강원도 철원군,1,7000,,,,trade
구리,(주)인터넷청과,20260818,오이,백다다기,10.00kg,특,강원도 철원군,3,20000,,,,trade
구리,(주)인터넷청과,20260818,오이,백다다기,8.00kg,특,강원도 철원군,7,10100,,,,trade
구리,(주)인터넷청과,20260818,오이,백다다기,18.00kg,특,강원도 철원군,4,14000,,,,trade
구리,(주)인터넷청과,20260818,오이,백다다기,18.00kg,특,강원도 철원군,12,39000,,,,trade
구리,(주)인터넷청과,20260818,오이,백다다기,8.00kg,특,경기도 포천시,2,6000,,,,trade
구리,(주)인터넷청과,20260818,오이,백다다기,10.00kg,특,경기도 포천시,4,8000,,,,trade
구리,(주)인터넷청과,20260818,오이,백다다기,18.00kg,특,강원도 홍천군,11,21000,,,,trade
구리,(주)인터넷청과,20260818,오이,백다다기,18.00kg,특,강원도 홍천군,4,25000,,,,trade
구리,(주)인터넷청과,20260818,오이,백다다기,18.00kg,특,강원도 홍천군,4,35000,,,,trade
구리,(주)인터넷청과,20260818,오이,백다다기,18.00kg,특,강원도 홍천군,11,50000,,,,trade
구리,(주)인터넷청과,20260818,오이,백다다기,18.00kg,특,강원도 홍천군,6,15000,,,,trade
구리,(주)인터넷청과,20260818,오이,백다다기,10.00kg,특,강원도 홍천군,12,7500,,,,trade
구리,(주)인터넷청과,20260818,오이,백다다기,10.00kg,특,강원도 홍천군,33,19000,,,,trade
구리,(주)인터넷청과,20260818,오이,백다다기,10.00kg,특,강원도 홍천군,9,15000,,,,trade
구리,(주)인터넷청과,20260818,오이,백다다기,18.00kg,특,강원도 홍천군,5,16000,,,,trade
구리,(주)인터넷청과,20260818,오이,백다다기,18.00kg,특,강원도 홍천군,7,16000,,,,trade
구리,(주)인터넷청과,20260818,오이,백다다기,18.00kg,특,강원도 홍천군,8,17000,,,,trade
구리,(주)인터넷청과,20260818,오이,백다다기,10.00kg,특,강원도 홍천군,7,7000,,,,trade
구리,(주)인터넷청과,20260818,오이,백다다기,10.00kg,특,강원도 홍천군,1,8000,,,,trade
구리,(주)인터넷청과,20260818,오이,백다다기,10.00kg,특,강원도 홍천군,1,11000,,,,trade
구리,(주)인터넷청과,20260818,오이,백다다기,10.00kg,특,강원도 홍천군,4,12000,,,,trade
구리,(주)인터넷청과,20260818,오이,백다다기,10.00kg,특,강원도 홍천군,14,14500,,,,trade
구리,(주)인터넷청과,20260818,오이,백다다기,10.00kg,특,강원도 홍천군,20,17000,,,,trade
구리,(주)인터넷청과,20260818,오이,백다다기,10.00kg,특,강원도 홍천군,20,18000,,,,trade
구리,(주)인터넷청과,20260818,오이,백다다기,10.00kg,특,강원도 홍천군,12,6500,,,,trade
구리,(주)인터넷청과,20260818,오이,백다다기,10.00kg,특,강원도 홍천군,1,8500,,,,trade
구리,(주)인터넷청과,20260818,오이,백다다기,10.00kg,특,강원도 홍천군,20,12000,,,,trade
구리,(주)인터넷청과,20260818,오이,백다다기,10.00kg,특,강원도 홍천군,30,12000,,,,trade
구리,(주)인터넷청과,20260818,오이,백다다기,10.00kg,특,강원도 홍천군,1,7500,,,,trade
구리,(주)인터넷청과,20260818,오이,백다다기,10.00kg,특,강원도 홍천군,33,16000,,,,trade
구리,(주)인터넷청과,20260818,오이,백다다기,10.00kg,특,충청북도 제천시,4,8500,,,,trade
구리,(주)인터넷청과,20260818,오이,백다다기,10.00kg,특,충청북도 제천시,11,18000,,,,trade
구리,(주)인터넷청과,20260818,오이,백다다기,10.00kg,특,충청북도 제천시,28,24000,,,,trade
구리,(주)인터넷청과,20260818,오이,백다다기,10.00kg,특,충청북도 제천시,9,8500,,,,trade
구리,(주)인터넷청과,20260818,오이,백다다기,10.00kg,특,충청북도 제천시,1,8000,,,,trade
구리,(주)인터넷청과,20260818,오이,백다다기,10.00kg,특,충청북도 제천시,2,11000,,,,trade
구리,(주)인터넷청과,20260818,오이,백다다기,10.00kg,특,충청북도 제천시,7,20000,,,,trade
구리,(주)인터넷청과,20260818,오이,백다다기,10.00kg,특,충청북도 제천시,27,9500,,,,trade
구리,(주)인터넷청과,20260818,오이,백다다기,10.00kg,특,충청북도 제천시,8,13000,,,,trade
구리,(주)인터넷청과,20260818,오이,백다다기,10.00kg,특,충청북도 제천시,16,20000,,,,trade
구리,(주)인터넷청과,20260818,오이,백다다기,10.00kg,특,충청북도 제천시,25,20000,,,,trade
구리,(주)인터넷청과,20260818,오이,백다다기,10.00kg,특,충청북도 제천시,7,10000,,,,trade
구리,(주)인터넷청과,20260818,오이,백다다기,10.00kg,특,충청북도 제천시,39,16000,,,,trade
구리,(주)인터넷청과,20260818,오이,백다다기,10.00kg,특,충청북도 제천시,6,12000,,,,trade
구리,(주)인터넷청과,20260818,오이,백다다기,10.00kg,특,충청북도 제천시,18,23000,,,,trade
구리,(주)인터넷청과,20260818,오이,백다다기,10.00kg,특,충청북도 제천시,6,8000,,,,trade
구리,(주)인터넷청과,20260818,오이,백다다기,10.00kg,특,충청북도 제천시,8,10000,,,,trade
구리,(주)인터넷청과,20260818,오이,백다다기,10.00kg,특,충청북도 제천시,16,12000,,,,trade
구리,(주)인터넷청과,20260818,오이,백다다기,10.00kg,특,충청북도 제천시,25,17000,,,,trade
구리,(주)인터넷청과,20260818,오이,백다다기,10.00kg,특,충청북도 제천시,42,9000,,,,trade
구리,(주)인터넷청과,20260818,오이,백다다기,10.00kg,특,충청북도 제천시,8,8000,,,,trade
구리,(주)인터넷청과,20260818,오이,백다다기,10.00kg,특,충청북도 제천시,57,28000,,,,trade
구리,(주)인터넷청과,20260818,오이,백다다기,10.00kg,특,충청북도 제천시,7,8500,,,,trade
구리,(주)인터넷청과,20260818,오이,백다다기,10.00kg,특,충청북도 제천시,1,8000,,,,trade
구리,(주)인터넷청과,20260818,오이,백다다기,10.00kg,특,충청북도 제천시,6,14000,,,,trade
구리,(주)인터넷청과,20260818,오이,백다다기,10.00kg,특,충청북도 제천시,8,20000,,,,trade
구리,(주)인터넷청과,20260818,오이,백다다기,10.00kg,특,충청북도 제천시,9,10000,,,,trade
구리,(주)인터넷청과,20260818,오이,백다다기,10.00kg,특,충청북도 제천시,3,15500,,,,trade
구리,(주)인터넷청과,20260818,오이,백다다기,10.00kg,특,충청북도 제천시,8,14000,,,,trade
구리,(주)인터넷청과,20260818,오이,백다다기,10.00kg,특,충청북도 제천시,29,26500,,,,trade
구리,(주)인터넷청과,20260818,오이,백다다기,10.00kg,특,충청북도 제천시,5,7000,,,,trade
구리,(주)인터넷청과,20260818,오이,백다다기,10.00kg,특,충청북도 제천시,1,16500,,,,trade
구리,(주)인터넷청과,20260818,오이,백다다기,10.00kg,특,충청북도 제천시,11,25000,,,,trade
구리,(주)인터넷청과,20260818,오이,백다다기,8.00kg,특,강원도 철원군,4,11000,,,,trade
구리,(주)인터넷청과,20260818,오이,백다다기,8.00kg,특,강원도 철원군,6,15600,,,,trade
구리,(주)인터넷청과,20260818,오이,백다다기,8.00kg,특,강원도 철원군,2,10200,,,,trade
구리,(주)인터넷청과,20260818,오이,백다다기,10.00kg,특,강원도 철원군,21,10000,,,,trade
구리,(주)인터넷청과,20260818,오이,백다다기,10.00kg,특,강원도 철원군,4,17000,,,,trade
구리,(주)인터넷청과,20260818,오이,백다다기,10.00kg,특,강원도 철원군,12,13000,,,,trade
구리,(주)인터넷청과,20260818,오이,백다다기,10.00kg,특,강원도 철원군,4,10000,,,,trade
구리,(주)인터넷청과,20260818,오이,백다다기,10.00kg,특,충청북도 제천시,5,27000,,,,trade
구리,(주)인터넷청과,20260818,오이,백다다기,10.00kg,특,충청북도 제천시,1,16000,,,,trade
구리,(주)인터넷청과,20260818,오이,백다다기,10.00kg,특,충청북도 제천시,2,12000,,,,trade
구리,(주)인터넷청과,20260818,오이,백다다기,10.00kg,특,충청북도 제천시,40,27000,,,,trade
구리,(주)인터넷청과,20260818,오이,백다다기,10.00kg,특,충청북도 제천시,10,14000,,,,trade
구리,(주)인터넷청과,20260818,오이,백다다기,10.00kg,특,충청북도 제천시,6,16500,,,,trade
구리,(주)인터넷청과,20260818,오이,백다다기,10.00kg,특,충청북도 제천시,9,12000,,,,trade
구리,(주)인터넷청과,20260818,오이,백다다기,10.00kg,특,충청북도 제천시,5,22000,,,,trade
구리,(주)인터넷청과,20260818,오이,백다다기,10.00kg,특,충청북도 제천시,6,14500,,,,trade
구리,(주)인터넷청과,20260818,오이,백다다기,10.00kg,특,충청북도 제천시,1,10000,,,,trade
구리,(주)인터넷청과,20260818,오이,백다다기,10.00kg,특,충청북도 제천시,6,12000,,,,trade
구리,(주)인터넷청과,20260818,오이,백다다기,10.00kg,특,충청북도 제천시,2,30000,,,,trade
구리,(주)인터넷청과,20260818,오이,백다다기,10.00kg,특,충청북도 제천시,72,30000,,,,trade
구리,(주)인터넷청과,20260818,오이,백다다기,10.00kg,특,충청북도 제천시,34,19000,,,,trade
구리,(주)인터넷청과,20260818,오이,백다다기,10.00kg,특,충청북도 제천시,8,6000,,,,trade
구리,(주)인터넷청과,20260818,오이,백다다기,10.00kg,특,충청북도 제천시,32,8000,,,,trade
구리,(주)인터넷청과,20260818,오이,백다다기,10.00kg,특,충청북도 제천시,15,22000,,,,trade
구리,(주)인터넷청과,20260818,오이,백다다기,10.00kg,특,충청북도 제천시,5,14000,,,,trade
구리,(주)인터넷청과,20260818,오이,백다다기,10.00kg,특,충청북도 제천시,4,5000,,,,trade
구리,(주)인터넷청과,20260818,오이,백다다기,10.00kg,특,충청북도 제천시,11,7000,,,,trade
구리,(주)인터넷청과,20260818,오이,백다다기,10.00kg,특,충청북도 제천시,3,10000,,,,trade
구리,(주)인터넷청과,20260818,오이,백다다기,10.00kg,특,충청북도 제천시,36,20000,,,,trade
구리,(주)인터넷청과,20260818,오이,백다다기,10.00kg,특,충청북도 제천시,32,11000,,,,trade
구리,(주)인터넷청과,20260818,오이,백다다기,10.00kg,특,충청북도 제천시,31,16000,,,,trade
구리,(주)인터넷청과,20260818,오이,백다다기,10.00kg,특,충청북도 제천시,16,12000,,,,trade
구리,(주)인터넷청과,20260818,오이,백다다기,10.00kg,특,충청북도 제천시,7,8000,,,,trade
구리,(주)인터넷청과,20260818,오이,백다다기,10.00kg,특,충청북도 제천시,1,3500,,,,trade
구리,(주)인터넷청과,20260818,오이,백다다기,10.00kg,특,충청북도 제천시,5,2500,,,,trade
구리,(주)인터넷청과,20260818,오이,백다다기,10.00kg,특,충청북도 제천시,17,20000,,,,trade
구리,(주)인터넷청과,20260818,오이,백다다기,10.00kg,특,충청북도 제천시,8,12000,,,,trade
구리,(주)인터넷청과,20260818,오이,백다다기,10.00kg,특,충청북도 제천시,25,9000,,,,trade
구리,(주)인터넷청과,20260818,오이,백다다기,10.00kg,특,충청북도 제천시,49,20000,,,,trade
구리,(주)인터넷청과,20260818,오이,백다다기,10.00kg,특,충청북도 제천시,25,14000,,,,trade
구리,(주)인터넷청과,20260818,오이,백다다기,10.00kg,특,충청북도 제천시,8,9000,,,,trade
구리,(주)인터넷청과,20260818,오이,백다다기,10.00kg,특,충청북도 제천시,3,5000,,,,trade
구리,(주)인터넷청과,20260818,오이,백다다기,10.00kg,특,충청북도 제천시,9,8000,,,,trade
구리,(주)인터넷청과,20260818,오이,백다다기,10.00kg,특,충청북도 제천시,33,7000,,,,trade
구리,(주)인터넷청과,20260818,오이,백다다기,10.00kg,특,충청북도 제천시,5,19000,,,,trade
구리,(주)인터넷청과,20260818,오이,백다다기,10.00kg,특,충청북도 제천시,6,13000,,,,trade
구리,(주)인터넷청과,20260818,오이,백다다기,10.00kg,특,충청북도 제천시,4,6000,,,,trade
구리,(주)인터넷청과,20260818,오이,백다다기,10.00kg,특,충청북도 제천시,2,9000,,,,trade
구리,(주)인터넷청과,20260818,오이,백다다기,10.00kg,특,충청북도 제천시,53,26000,,,,trade
구리,(주)인터넷청과,20260818,오이,백다다기,10.00kg,특,충청북도 제천시,14,11000,,,,trade
구리,(주)인터넷청과,20260818,오이,백다다기,10.00kg,특,충청북도 제천시,11,16000,,,,trade
구리,(주)인터넷청과,20260818,오이,백다다기,10.00kg,특,충청북도 제천시,7,10000,,,,trade
구리,(주)인터넷청과,20260818,오이,백다다기,10.00kg,특,충청북도 제천시,1,3500,,,,trade
구리,(주)인터넷청과,20260818,오이,백다다기,10.00kg,특,충청북도 제천시,8,7000,,,,trade
구리,(주)인터넷청과,20260818,오이,백다다기,10.00kg,특,충청북도 제천시,29,7000,,,,trade
구리,(주)인터넷청과,20260820,오이,백다다기,8.00kg,특,강원도 철원군,4,11200,,,,trade
구리,(주)인터넷청과,20260820,오이,백다다기,8.00kg,특,강원도 철원군,1,11200,,,,trade
구리,(주)인터넷청과,20260820,오이,백다다기,10.00kg,특,강원도 철원군,7,14000,,,,trade
구리,(주)인터넷청과,20260820,오이,백다다기,10.00kg,특,강원도 철원군,3,18000,,,,trade
구리,(주)인터넷청과,20260820,오이,백다다기,10.00kg,특,강원도 철원군,10,16000,,,,trade
구리,(주)인터넷청과,20260820,오이,백다다기,10.00kg,특,강원도 철원군,26,13000,,,,trade
구리,(주)인터넷청과,20260820,오이,백다다기,8.00kg,특,강원도 철원군,40,8000,,,,trade
구리,(주)인터넷청과,20260820,오이,백다다기,8.00kg,특,강원도 철원군,5,7000,,,,trade
구리,(주)인터넷청과,20260820,오이,백다다기,8.00kg,특,강원도 철원군,8,13200,,,,trade
구리,(주)인터넷청과,20260820,오이,백다다기,10.00kg,특,강원도 철원군,4,16000,,,,trade
구리,(주)인터넷청과,20260820,오이,백다다기,10.00kg,특,강원도 철원군,4,7000,,,,trade
구리,(주)인터넷청과,20260820,오이,백다다기,10.00kg,특,강원도 철원군,7,15000,,,,trade
구리,(주)인터넷청과,20260820,오이,백다다기,18.00kg,특,강원도 철원군,12,38000,,,,trade
구리,(주)인터넷청과,20260820,오이,백다다기,18.00kg,특,강원도 철원군,6,14000,,,,trade
구리,(주)인터넷청과,20260820,오이,백다다기,18.00kg,특,강원도 홍천군,4,28000,,,,trade
구리,(주)인터넷청과,20260820,오이,백다다기,18.00kg,특,강원도 홍천군,6,16000,,,,trade
구리,(주)인터넷청과,20260820,오이,백다다기,18.00kg,특,강원도 홍천군,9,60000,,,,trade
구리,(주)인터넷청과,20260820,오이,백다다기,18.00kg,특,강원도 홍천군,3,42000,,,,trade
구리,(주)인터넷청과,20260820,오이,백다다기,18.00kg,특,강원도 홍천군,1,21000,,,,trade
구리,(주)인터넷청과,20260820,오이,백다다기,10.00kg,특,충청북도 제천시,13,25000,,,,trade
구리,(주)인터넷청과,20260820,오이,백다다기,10.00kg,특,충청북도 제천시,3,8000,,,,trade
구리,(주)인터넷청과,20260820,오이,백다다기,10.00kg,특,충청북도 제천시,31,27000,,,,trade
구리,(주)인터넷청과,20260820,오이,백다다기,10.00kg,특,충청북도 제천시,5,16000,,,,trade
구리,(주)인터넷청과,20260820,오이,백다다기,10.00kg,특,충청북도 제천시,4,14500,,,,trade
구리,(주)인터넷청과,20260820,오이,백다다기,10.00kg,특,충청북도 제천시,8,12500,,,,trade
구리,(주)인터넷청과,20260820,오이,백다다기,10.00kg,특,충청북도 제천시,3,25000,,,,trade
구리,(주)인터넷청과,20260820,오이,백다다기,10.00kg,특,충청북도 제천시,4,14000,,,,trade
구리,(주)인터넷청과,20260820,오이,백다다기,10.00kg,특,충청북도 제천시,6,7000,,,,trade
구리,(주)인터넷청과,20260820,오이,백다다기,10.00kg,특,충청북도 제천시,40,26500,,,,trade
구리,(주)인터넷청과,20260820,오이,백다다기,10.00kg,특,충청북도 제천시,8,8000,,,,trade
구리,(주)인터넷청과,20260820,오이,백다다기,10.00kg,특,충청북도 제천시,28,8000,,,,trade
구리,(주)인터넷청과,20260820,오이,백다다기,10.00kg,특,충청북도 제천시,7,23000,,,,trade
구리,(주)인터넷청과,20260820,오이,백다다기,10.00kg,특,충청북도 제천시,9,9000,,,,trade
구리,(주)인터넷청과,20260820,오이,백다다기,10.00kg,특,충청북도 제천시,30,17000,,,,trade
구리,(주)인터넷청과,20260820,오이,백다다기,10.00kg,특,충청북도 제천시,5,8000,,,,trade
구리,(주)인터넷청과,20260820,오이,백다다기,10.00kg,특,충청북도 제천시,23,25000,,,,trade
구리,(주)인터넷청과,20260820,오이,백다다기,10.00kg,특,충청북도 제천시,15,17000,,,,trade
구리,(주)인터넷청과,20260820,오이,백다다기,10.00kg,특,충청북도 제천시,6,11000,,,,trade
구리,(주)인터넷청과,20260820,오이,백다다기,10.00kg,특,충청북도 제천시,35,7000,,,,trade
구리,(주)인터넷청과,20260820,오이,백다다기,10.00kg,특,충청북도 제천시,24,14000,,,,trade
구리,(주)인터넷청과,20260820,오이,백다다기,10.00kg,특,충청북도 제천시,12,10000,,,,trade
구리,(주)인터넷청과,20260820,오이,백다다기,10.00kg,특,충청북도 제천시,4,6000,,,,trade
구리,(주)인터넷청과,20260820,오이,백다다기,10.00kg,특,충청북도 제천시,25,24000,,,,trade
구리,(주)인터넷청과,20260820,오이,백다다기,10.00kg,특,충청북도 제천시,3,11000,,,,trade
구리,(주)인터넷청과,20260820,오이,백다다기,10.00kg,특,충청북도 제천시,4,8000,,,,trade
구리,(주)인터넷청과,20260820,오이,백다다기,10.00kg,특,충청북도 제천시,19,20000,,,,trade
구리,(주)인터넷청과,20260820,오이,백다다기,10.00kg,특,충청북도 제천시,6,7000,,,,trade
구리,(주)인터넷청과,20260820,오이,백다다기,10.00kg,특,충청북도 제천시,5,8000,,,,trade
구리,(주)인터넷청과,20260820,오이,백다다기,10.00kg,특,충청북도 제천시,28,8000,,,,trade
구리,(주)인터넷청과,20260820,오이,백다다기,10.00kg,특,충청북도 제천시,27,26000,,,,trade
구리,(주)인터넷청과,20260820,오이,백다다기,10.00kg,특,충청북도 제천시,8,12000,,,,trade
구리,(주)인터넷청과,20260820,오이,백다다기,10.00kg,특,충청북도 제천시,7,7000,,,,trade
구리,(주)인터넷청과,20260820,오이,백다다기,18.00kg,특,충청남도 부여군,2,20000,,,,trade
구리,(주)인터넷청과,20260820,오이,백다다기,10.00kg,특,강원도 철원군,10,13000,,,,trade
구리,(주)인터넷청과,20260820,오이,백다다기,8.00kg,특,경기도 양주시,1,3500,,,,trade
구리,(주)인터넷청과,20260820,오이,백다다기,8.00kg,특,경기도 양주시,5,10600,,,,trade
구리,(주)인터넷청과,20260820,오이,백다다기,8.00kg,특,경기도 양주시,3,11200,,,,trade
구리,(주)인터넷청과,20260820,오이,백다다기,18.00kg,특,강원도 홍천군,10,15000,,,,trade
구리,(주)인터넷청과,20260820,오이,백다다기,18.00kg,특,강원도 홍천군,2,20000,,,,trade
구리,(주)인터넷청과,20260820,오이,백다다기,18.00kg,특,강원도 홍천군,3,16000,,,,trade
구리,(주)인터넷청과,20260820,오이,백다다기,18.00kg,특,강원도 홍천군,8,28000,,,,trade
구리,(주)인터넷청과,20260820,오이,백다다기,18.00kg,특,강원도 홍천군,16,18000,,,,trade
구리,(주)인터넷청과,20260820,오이,백다다기,18.00kg,특,강원도 홍천군,4,21000,,,,trade
구리,(주)인터넷청과,20260820,오이,백다다기,18.00kg,특,강원도 홍천군,7,50000,,,,trade
구리,(주)인터넷청과,20260820,오이,백다다기,8.00kg,특,경기도 포천시,1,3000,,,,trade
구리,(주)인터넷청과,20260820,오이,백다다기,8.00kg,특,경기도 포천시,12,6500,,,,trade
구리,(주)인터넷청과,20260820,오이,백다다기,10.00kg,특,강원도 홍천군,8,9000,,,,trade
구리,(주)인터넷청과,20260820,오이,백다다기,10.00kg,특,강원도 홍천군,5,6000,,,,trade
구리,(주)인터넷청과,20260820,오이,백다다기,10.00kg,특,강원도 홍천군,16,19000,,,,trade
구리,(주)인터넷청과,20260820,오이,백다다기,10.00kg,특,강원도 홍천군,12,15000,,,,trade
구리,(주)인터넷청과,20260820,오이,백다다기,10.00kg,특,강원도 춘천시,50,6500,,,,trade
구리,(주)인터넷청과,20260820,오이,백다다기,10.00kg,특,강원도 춘천시,50,6000,,,,trade
구리,(주)인터넷청과,20260820,오이,백다다기,10.00kg,특,강원도 춘천시,50,6000,,,,trade
구리,(주)인터넷청과,20260820,오이,백다다기,18.00kg,특,강원도 홍천군,6,22000,,,,trade
구리,(주)인터넷청과,20260820,오이,백다다기,18.00kg,특,강원도 홍천군,3,12000,,,,trade
구리,(주)인터넷청과,20260820,오이,백다다기,18.00kg,특,강원도 홍천군,8,16000,,,,trade
구리,(주)인터넷청과,20260820,오이,백다다기,18.00kg,특,강원도 홍천군,7,13000,,,,trade
구리,(주)인터넷청과,20260820,오이,백다다기,10.00kg,특,강원도 홍천군,8,6000,,,,trade
구리,(주)인터넷청과,20260820,오이,백다다기,10.00kg,특,강원도 홍천군,4,11000,,,,trade
구리,(주)인터넷청과,20260820,오이,백다다기,10.00kg,특,강원도 홍천군,10,6000,,,,trade
구리,(주)인터넷청과,20260820,오이,백다다기,10.00kg,특,강원도 홍천군,23,11000,,,,trade
구리,(주)인터넷청과,20260820,오이,백다다기,10.00kg,특,강원도 홍천군,10,12000,,,,trade
구리,(주)인터넷청과,20260820,오이,백다다기,10.00kg,특,강원도 홍천군,18,19000,,,,trade
구리,(주)인터넷청과,20260820,오이,백다다기,10.00kg,특,강원도 홍천군,11,15000,,,,trade
구리,(주)인터넷청과,20260820,오이,백다다기,10.00kg,특,강원도 홍천군,1,7000,,,,trade
구리,(주)인터넷청과,20260820,오이,백다다기,10.00kg,특,강원도 홍천군,21,12000,,,,trade
구리,(주)인터넷청과,20260820,오이,백다다기,10.00kg,특,강원도 홍천군,34,14000,,,,trade
구리,(주)인터넷청과,20260820,오이,백다다기,10.00kg,특,강원도 홍천군,39,12000,,,,trade
구리,(주)인터넷청과,20260820,오이,백다다기,10.00kg,특,강원도 홍천군,36,16000,,,,trade
구리,(주)인터넷청과,20260820,오이,백다다기,10.00kg,특,강원도 홍천군,32,14000,,,,trade
구리,(주)인터넷청과,20260820,오이,백다다기,10.00kg,특,강원도 홍천군,20,13000,,,,trade
구리,(주)인터넷청과,20260820,오이,백다다기,10.00kg,특,강원도 홍천군,15,18000,,,,trade
구리,(주)인터넷청과,20260820,오이,백다다기,10.00kg,특,강원도 홍천군,18,20000,,,,trade
구리,(주)인터넷청과,20260820,오이,백다다기,10.00kg,특,강원도 홍천군,8,8000,,,,trade
구리,(주)인터넷청과,20260820,오이,백다다기,10.00kg,특,강원도 홍천군,5,11000,,,,trade
구리,(주)인터넷청과,20260820,오이,백다다기,10.00kg,특,강원도 홍천군,22,10000,,,,trade
구리,(주)인터넷청과,20260820,오이,백다다기,10.00kg,특,강원도 홍천군,16,6000,,,,trade
구리,(주)인터넷청과,20260820,오이,백다다기,10.00kg,특,강원도 홍천군,4,8000,,,,trade
구리,(주)인터넷청과,20260820,오이,백다다기,10.00kg,특,강원도 홍천군,6,6000,,,,trade
구리,(주)인터넷청과,20260820,오이,백다다기,18.00kg,특,강원도 홍천군,7,15000,,,,trade
구리,(주)인터넷청과,20260820,오이,백다다기,18.00kg,특,강원도 홍천군,10,18000,,,,trade
구리,(주)인터넷청과,20260820,오이,백다다기,18.00kg,특,강원도 홍천군,5,16000,,,,trade
구리,(주)인터넷청과,20260820,오이,백다다기,8.00kg,특,강원도 철원군,12,13800,,,,trade
구리,(주)인터넷청과,20260820,오이,백다다기,8.00kg,특,강원도 철원군,2,6500,,,,trade
구리,(주)인터넷청과,20260820,오이,백다다기,8.00kg,특,강원도 철원군,2,10200,,,,trade
구리,(주)인터넷청과,20260820,오이,백다다기,8.00kg,특,강원도 철원군,28,9000,,,,trade
구리,(주)인터넷청과,20260820,오이,백다다기,10.00kg,특,강원도 철원군,22,12000,,,,trade
구리,(주)인터넷청과,20260820,오이,백다다기,10.00kg,특,강원도 철원군,5,14000,,,,trade
구리,(주)인터넷청과,20260820,오이,백다다기,10.00kg,특,강원도 철원군,6,8000,,,,trade
구리,(주)인터넷청과,20260820,오이,백다다기,10.00kg,특,강원도 철원군,8,13000,,,,trade
구리,(주)인터넷청과,20260820,오이,백다다기,10.00kg,특,강원도 철원군,3,18000,,,,trade
구리,(주)인터넷청과,20260820,오이,백다다기,10.00kg,특,강원도 철원군,3,8000,,,,trade
구리,(주)인터넷청과,20260820,오이,백다다기,10.00kg,특,강원도 철원군,7,10000,,,,trade
구리,(주)인터넷청과,20260820,오이,백다다기,10.00kg,특,강원도 철원군,15,14000,,,,trade
구리,(주)인터넷청과,20260820,오이,백다다기,18.00kg,특,강원도 철원군,13,36000,,,,trade
구리,(주)인터넷청과,20260820,오이,백다다기,18.00kg,특,강원도 철원군,5,14000,,,,trade
구리,(주)인터넷청과,20260820,오이,백다다기,18.00kg,특,충청남도 부여군,1,14000,,,,trade
구리,(주)인터넷청과,20260820,오이,백다다기,8.00kg,특,경기도 양주시,4,12100,,,,trade
구리,(주)인터넷청과,20260820,오이,백다다기,8.00kg,특,경기도 양주시,7,10600,,,,trade
구리,(주)인터넷청과,20260820,오이,백다다기,8.00kg,특,경기도 양주시,4,7000,,,,trade
구리,(주)인터넷청과,20260820,오이,백다다기,10.00kg,특,강원도 철원군,16,12000,,,,trade
구리,(주)인터넷청과,20260820,오이,백다다기,10.00kg,특,경기도 포천시,2,5000,,,,trade
구리,(주)인터넷청과,20260820,오이,백다다기,8.00kg,특,경기도 포천시,12,8000,,,,trade
구리,(주)인터넷청과,20260820,오이,백다다기,8.00kg,특,경기도 포천시,1,4000,,,,trade
구리,(주)인터넷청과,20260820,오이,백다다기,10.00kg,특,강원도 홍천군,50,5000,,,,trade
구리,(주)인터넷청과,20260820,오이,백다다기,10.00kg,특,강원도 홍천군,25,17000,,,,trade
구리,(주)인터넷청과,20260820,오이,백다다기,10.00kg,특,강원도 홍천군,5,5000,,,,trade
구리,(주)인터넷청과,20260820,오이,백다다기,10.00kg,특,강원도 홍천군,15,11000,,,,trade
구리,(주)인터넷청과,20260820,오이,백다다기,10.00kg,특,강원도 홍천군,17,12000,,,,trade
구리,(주)인터넷청과,20260820,오이,백다다기,18.00kg,특,강원도 홍천군,10,15000,,,,trade
구리,(주)인터넷청과,20260820,오이,백다다기,18.00kg,특,강원도 홍천군,17,21000,,,,trade
구리,(주)인터넷청과,20260820,오이,백다다기,18.00kg,특,강원도 홍천군,7,28000,,,,trade
구리,(주)인터넷청과,20260820,오이,백다다기,18.00kg,특,강원도 홍천군,11,50000,,,,trade
구리,(주)인터넷청과,20260820,오이,백다다기,18.00kg,특,강원도 홍천군,4,43000,,,,trade
구리,(주)인터넷청과,20260820,오이,백다다기,18.00kg,특,강원도 홍천군,3,22000,,,,trade
구리,(주)인터넷청과,20260820,오이,백다다기,18.00kg,특,강원도 홍천군,6,14000,,,,trade
구리,(주)인터넷청과,20260820,오이,백다다기,18.00kg,특,강원도 홍천군,7,52000,,,,trade
구리,(주)인터넷청과,20260820,오이,백다다기,10.00kg,특,충청북도 제천시,6,7000,,,,trade
구리,(주)인터넷청과,20260820,오이,백다다기,10.00kg,특,충청북도 제천시,15,16000,,,,trade
구리,(주)인터넷청과,20260820,오이,백다다기,10.00kg,특,충청북도 제천시,7,9000,,,,trade
구리,(주)인터넷청과,20260820,오이,백다다기,10.00kg,특,충청북도 제천시,4,6000,,,,trade
구리,(주)인터넷청과,20260820,오이,백다다기,10.00kg,특,충청북도 제천시,4,8000,,,,trade
구리,(주)인터넷청과,20260820,오이,백다다기,10.00kg,특,충청북도 제천시,4,8000,,,,trade
구리,(주)인터넷청과,20260820,오이,백다다기,10.00kg,특,충청북도 제천시,12,22000,,,,trade
구리,(주)인터넷청과,20260820,오이,백다다기,10.00kg,특,충청북도 제천시,28,18000,,,,trade
구리,(주)인터넷청과,20260820,오이,백다다기,10.00kg,특,충청북도 제천시,23,8000,,,,trade
구리,(주)인터넷청과,20260820,오이,백다다기,10.00kg,특,충청북도 제천시,11,5000,,,,trade
구리,(주)인터넷청과,20260820,오이,백다다기,10.00kg,특,충청북도 제천시,21,24000,,,,trade
구리,(주)인터넷청과,20260820,오이,백다다기,10.00kg,특,충청북도 제천시,10,14500,,,,trade
구리,(주)인터넷청과,20260820,오이,백다다기,10.00kg,특,충청북도 제천시,21,9000,,,,trade
구리,(주)인터넷청과,20260820,오이,백다다기,10.00kg,특,충청북도 제천시,16,21000,,,,trade
구리,(주)인터넷청과,20260820,오이,백다다기,10.00kg,특,충청북도 제천시,10,10000,,,,trade
구리,(주)인터넷청과,20260820,오이,백다다기,10.00kg,특,충청북도 제천시,39,7000,,,,trade
구리,(주)인터넷청과,20260820,오이,백다다기,10.00kg,특,충청북도 제천시,35,16000,,,,trade
구리,(주)인터넷청과,20260820,오이,백다다기,10.00kg,특,충청북도 제천시,12,9000,,,,trade
구리,(주)인터넷청과,20260820,오이,백다다기,10.00kg,특,충청북도 제천시,6,8000,,,,trade
구리,(주)인터넷청과,20260820,오이,백다다기,10.00kg,특,충청북도 제천시,18,7000,,,,trade
구리,(주)인터넷청과,20260820,오이,백다다기,10.00kg,특,충청북도 제천시,14,12500,,,,trade
구리,(주)인터넷청과,20260820,오이,백다다기,10.00kg,특,충청북도 제천시,28,19000,,,,trade
구리,(주)인터넷청과,20260820,오이,백다다기,10.00kg,특,충청북도 제천시,9,25000,,,,trade
구리,(주)인터넷청과,20260820,오이,백다다기,10.00kg,특,충청북도 제천시,2,8000,,,,trade
구리,(주)인터넷청과,20260820,오이,백다다기,10.00kg,특,충청북도 제천시,25,27000,,,,trade
구리,(주)인터넷청과,20260820,오이,백다다기,10.00kg,특,충청북도 제천시,8,16000,,,,trade
구리,(주)인터넷청과,20260820,오이,백다다기,10.00kg,특,충청북도 제천시,4,13500,,,,trade
구리,(주)인터넷청과,20260820,오이,백다다기,10.00kg,특,충청북도 제천시,7,9000,,,,trade
구리,(주)인터넷청과,20260820,오이,백다다기,10.00kg,특,충청북도 제천시,4,16000,,,,trade
구리,(주)인터넷청과,20260820,오이,백다다기,10.00kg,특,충청북도 제천시,6,9000,,,,trade
구리,(주)인터넷청과,20260820,오이,백다다기,10.00kg,특,충청북도 제천시,6,6000,,,,trade
구리,(주)인터넷청과,20260820,오이,백다다기,10.00kg,특,충청북도 제천시,73,23000,,,,trade
구리,(주)인터넷청과,20260820,오이,백다다기,10.00kg,특,충청북도 제천시,8,8000,,,,trade
구리,(주)인터넷청과,20260820,오이,백다다기,10.00kg,특,충청북도 제천시,29,8000,,,,trade
구리,(주)인터넷청과,20260820,오이,백다다기,10.00kg,특,충청북도 제천시,36,25000,,,,trade
구리,(주)인터넷청과,20260825,오이,백다다기,18.00kg,특,충청남도 부여군,1,27000,,,,trade
구리,(주)인터넷청과,20260825,오이,백다다기,10.00kg,특,강원도 철원군,3,18000,,,,trade
구리,(주)인터넷청과,20260825,오이,백다다기,10.00kg,특,강원도 철원군,4,29000,,,,trade
구리,(주)인터넷청과,20260825,오이,백다다기,10.00kg,특,강원도 철원군,7,22000,,,,trade
구리,(주)인터넷청과,20260825,오이,백다다기,10.00kg,특,강원도 철원군,12,13000,,,,trade
구리,(주)인터넷청과,20260825,오이,백다다기,10.00kg,특,강원도 철원군,5,24000,,,,trade
구리,(주)인터넷청과,20260825,오이,백다다기,10.00kg,특,강원도 철원군,11,24500,,,,trade
구리,(주)인터넷청과,20260825,오이,백다다기,8.00kg,특,강원도 철원군,5,17000,,,,trade
구리,(주)인터넷청과,20260825,오이,백다다기,18.00kg,특,강원도 홍천군,9,24000,,,,trade
구리,(주)인터넷청과,20260825,오이,백다다기,18.00kg,특,강원도 홍천군,1,58000,,,,trade
구리,(주)인터넷청과,20260825,오이,백다다기,18.00kg,특,강원도 홍천군,9,27000,,,,trade
구리,(주)인터넷청과,20260825,오이,백다다기,18.00kg,특,강원도 홍천군,2,30000,,,,trade
구리,(주)인터넷청과,20260825,오이,백다다기,18.00kg,특,강원도 홍천군,5,48000,,,,trade
구리,(주)인터넷청과,20260825,오이,백다다기,18.00kg,특,강원도 홍천군,18,38000,,,,trade
구리,(주)인터넷청과,20260825,오이,백다다기,18.00kg,특,강원도 홍천군,5,71000,,,,trade
구리,(주)인터넷청과,20260825,오이,백다다기,18.00kg,특,강원도 홍천군,7,32000,,,,trade
구리,(주)인터넷청과,20260825,오이,백다다기,18.00kg,특,강원도 홍천군,3,48000,,,,trade
구리,(주)인터넷청과,20260825,오이,백다다기,18.00kg,특,강원도 홍천군,3,52000,,,,trade
구리,(주)인터넷청과,20260825,오이,백다다기,18.00kg,특,강원도 홍천군,2,75000,,,,trade
구리,(주)인터넷청과,20260825,오이,백다다기,18.00kg,특,강원도 홍천군,9,84000,,,,trade
구리,(주)인터넷청과,20260825,오이,백다다기,18.00kg,특,강원도 철원군,5,25000,,,,trade
구리,(주)인터넷청과,20260825,오이,백다다기,18.00kg,특,강원도 철원군,13,62000,,,,trade
구리,(주)인터넷청과,20260825,오이,백다다기,10.00kg,특,경기도 남양주시,1,25000,,,,trade
구리,(주)인터넷청과,20260825,오이,백다다기,10.00kg,특,경기도 남양주시,5,37000,,,,trade
구리,(주)인터넷청과,20260825,오이,백다다기,10.00kg,특,경기도 남양주시,3,37000,,,,trade
구리,(주)인터넷청과,20260825,오이,백다다기,8.00kg,특,경기도 양주시,2,8600,,,,trade
구리,(주)인터넷청과,20260825,오이,백다다기,8.00kg,특,경기도 양주시,3,16800,,,,trade
구리,(주)인터넷청과,20260825,오이,백다다기,8.00kg,특,경기도 양주시,7,23600,,,,trade
구리,(주)인터넷청과,20260825,오이,백다다기,10.00kg,특,강원도 홍천군,5,19000,,,,trade
구리,(주)인터넷청과,20260825,오이,백다다기,10.00kg,특,강원도 홍천군,35,35000,,,,trade
구리,(주)인터넷청과,20260825,오이,백다다기,10.00kg,특,강원도 홍천군,7,29000,,,,trade
구리,(주)인터넷청과,20260825,오이,백다다기,10.00kg,특,경기도 광주시,2,11500,,,,trade
구리,(주)인터넷청과,20260825,오이,백다다기,10.00kg,특,경기도 광주시,4,14000,,,,trade
구리,(주)인터넷청과,20260825,오이,백다다기,10.00kg,특,강원도 홍천군,8,26000,,,,trade
구리,(주)인터넷청과,20260825,오이,백다다기,10.00kg,특,강원도 홍천군,2,25000,,,,trade
구리,(주)인터넷청과,20260825,오이,백다다기,10.00kg,특,강원도 홍천군,21,30000,,,,trade
구리,(주)인터넷청과,20260825,오이,백다다기,10.00kg,특,강원도 홍천군,21,28000,,,,trade
구리,(주)인터넷청과,20260825,오이,백다다기,10.00kg,특,강원도 홍천군,3,11000,,,,trade
구리,(주)인터넷청과,20260825,오이,백다다기,10.00kg,특,강원도 홍천군,10,30000,,,,trade
구리,(주)인터넷청과,20260825,오이,백다다기,10.00kg,특,강원도 홍천군,20,28000,,,,trade
구리,(주)인터넷청과,20260825,오이,백다다기,18.00kg,특,강원도 홍천군,5,26000,,,,trade
구리,(주)인터넷청과,20260825,오이,백다다기,18.00kg,특,강원도 홍천군,7,40000,,,,trade
구리,(주)인터넷청과,20260825,오이,백다다기,18.00kg,특,강원도 홍천군,13,40000,,,,trade
구리,(주)인터넷청과,20260825,오이,백다다기,10.00kg,특,충청북도 제천시,4,12000,,,,trade
구리,(주)인터넷청과,20260825,오이,백다다기,10.00kg,특,충청북도 제천시,9,38000,,,,trade
구리,(주)인터넷청과,20260825,오이,백다다기,10.00kg,특,충청북도 제천시,10,25000,,,,trade
구리,(주)인터넷청과,20260825,오이,백다다기,10.00kg,특,충청북도 제천시,19,12000,,,,trade
구리,(주)인터넷청과,20260825,오이,백다다기,10.00kg,특,충청북도 제천시,3,8000,,,,trade
구리,(주)인터넷청과,20260825,오이,백다다기,10.00kg,특,충청북도 제천시,2,11500,,,,trade
구리,(주)인터넷청과,20260825,오이,백다다기,10.00kg,특,충청북도 제천시,4,27000,,,,trade
구리,(주)인터넷청과,20260825,오이,백다다기,10.00kg,특,충청북도 제천시,12,43500,,,,trade
구리,(주)인터넷청과,20260825,오이,백다다기,10.00kg,특,충청북도 제천시,4,18000,,,,trade
구리,(주)인터넷청과,20260825,오이,백다다기,10.00kg,특,충청북도 제천시,21,36000,,,,trade
구리,(주)인터넷청과,20260825,오이,백다다기,10.00kg,특,충청북도 제천시,7,13000,,,,trade
구리,(주)인터넷청과,20260825,오이,백다다기,10.00kg,특,충청북도 제천시,10,14000,,,,trade
구리,(주)인터넷청과,20260825,오이,백다다기,10.00kg,특,충청북도 제천시,2,14000,,,,trade
구리,(주)인터넷청과,20260825,오이,백다다기,10.00kg,특,충청북도 제천시,3,26000,,,,trade
구리,(주)인터넷청과,20260825,오이,백다다기,10.00kg,특,충청북도 제천시,29,48000,,,,trade
구리,(주)인터넷청과,20260825,오이,백다다기,10.00kg,특,충청북도 제천시,32,13500,,,,trade
구리,(주)인터넷청과,20260825,오이,백다다기,10.00kg,특,충청북도 제천시,1,12000,,,,trade
구리,(주)인터넷청과,20260825,오이,백다다기,10.00kg,특,충청북도 제천시,4,25000,,,,trade
구리,(주)인터넷청과,20260825,오이,백다다기,10.00kg,특,충청북도 제천시,30,38000,,,,trade
구리,(주)인터넷청과,20260825,오이,백다다기,10.00kg,특,충청북도 제천시,4,14000,,,,trade
구리,(주)인터넷청과,20260825,오이,백다다기,10.00kg,특,충청북도 제천시,2,17000,,,,trade
구리,(주)인터넷청과,20260825,오이,백다다기,10.00kg,특,충청북도 제천시,18,46000,,,,trade
구리,(주)인터넷청과,20260825,오이,백다다기,10.00kg,특,충청북도 제천시,5,28000,,,,trade
구리,(주)인터넷청과,20260825,오이,백다다기,10.00kg,특,충청북도 제천시,36,46000,,,,trade
구리,(주)인터넷청과,20260825,오이,백다다기,10.00kg,특,충청북도 제천시,25,43000,,,,trade
구리,(주)인터넷청과,20260825,오이,백다다기,10.00kg,특,충청북도 제천시,22,15000,,,,trade
구리,(주)인터넷청과,20260825,오이,백다다기,10.00kg,특,충청북도 제천시,6,16000,,,,trade
구리,(주)인터넷청과,20260825,오이,백다다기,10.00kg,특,충청북도 제천시,44,38000,,,,trade
구리,(주)인터넷청과,20260825,오이,백다다기,10.00kg,특,충청북도 제천시,42,52000,,,,trade
구리,(주)인터넷청과,20260825,오이,백다다기,10.00kg,특,충청북도 제천시,5,20000,,,,trade
구리,(주)인터넷청과,20260825,오이,백다다기,10.00kg,특,충청북도 제천시,3,36500,,,,trade
구리,(주)인터넷청과,20260825,오이,백다다기,10.00kg,특,충청북도 제천시,9,32000,,,,trade
구리,(주)인터넷청과,20260825,오이,백다다기,10.00kg,특,충청북도 제천시,20,51000,,,,trade
구리,(주)인터넷청과,20260825,오이,백다다기,10.00kg,특,충청북도 제천시,2,9000,,,,trade
구리,(주)인터넷청과,20260825,오이,백다다기,10.00kg,특,충청북도 제천시,6,46500,,,,trade
구리,(주)인터넷청과,20260825,오이,백다다기,18.00kg,특,강원도 홍천군,10,26000,,,,trade
구리,(주)인터넷청과,20260825,오이,백다다기,18.00kg,특,강원도 홍천군,2,28000,,,,trade
구리,(주)인터넷청과,20260825,오이,백다다기,18.00kg,특,강원도 홍천군,17,34000,,,,trade
구리,(주)인터넷청과,20260825,오이,백다다기,18.00kg,특,강원도 홍천군,5,88000,,,,trade
구리,(주)인터넷청과,20260825,오이,백다다기,18.00kg,특,강원도 홍천군,30,48000,,,,trade
구리,(주)인터넷청과,20260825,오이,백다다기,18.00kg,특,강원도 홍천군,26,35000,,,,trade
구리,(주)인터넷청과,20260825,오이,백다다기,10.00kg,특,충청북도 제천시,20,44000,,,,trade
구리,(주)인터넷청과,20260825,오이,백다다기,10.00kg,특,충청북도 제천시,6,26000,,,,trade
구리,(주)인터넷청과,20260825,오이,백다다기,10.00kg,특,충청북도 제천시,3,11000,,,,trade
구리,(주)인터넷청과,20260825,오이,백다다기,10.00kg,특,충청북도 제천시,31,46000,,,,trade
구리,(주)인터넷청과,20260825,오이,백다다기,10.00kg,특,충청북도 제천시,4,29000,,,,trade
구리,(주)인터넷청과,20260825,오이,백다다기,10.00kg,특,충청북도 제천시,8,17000,,,,trade
구리,(주)인터넷청과,20260825,오이,백다다기,10.00kg,특,충청북도 제천시,3,22000,,,,trade
구리,(주)인터넷청과,20260825,오이,백다다기,10.00kg,특,충청북도 제천시,4,38000,,,,trade
구리,(주)인터넷청과,20260825,오이,백다다기,10.00kg,특,충청북도 제천시,18,48000,,,,trade
구리,(주)인터넷청과,20260825,오이,백다다기,10.00kg,특,충청북도 제천시,16,48000,,,,trade
구리,(주)인터넷청과,20260825,오이,백다다기,10.00kg,특,충청북도 제천시,3,25000,,,,trade
구리,(주)인터넷청과,20260825,오이,백다다기,10.00kg,특,충청북도 제천시,8,13000,,,,trade
구리,(주)인터넷청과,20260825,오이,백다다기,10.00kg,특,충청북도 제천시,19,15000,,,,trade
구리,(주)인터넷청과,20260825,오이,백다다기,10.00kg,특,충청북도 제천시,33,47000,,,,trade
구리,(주)인터넷청과,20260825,오이,백다다기,10.00kg,특,충청북도 제천시,3,26000,,,,trade
구리,(주)인터넷청과,20260825,오이,백다다기,10.00kg,특,충청북도 제천시,3,23000,,,,trade
구리,(주)인터넷청과,20260825,오이,백다다기,10.00kg,특,충청북도 제천시,8,16000,,,,trade
구리,(주)인터넷청과,20260825,오이,백다다기,10.00kg,특,충청북도 제천시,7,12000,,,,trade
구리,(주)인터넷청과,20260825,오이,백다다기,10.00kg,특,충청북도 제천시,21,27000,,,,trade
구리,(주)인터넷청과,20260825,오이,백다다기,10.00kg,특,충청북도 제천시,11,35000,,,,trade
구리,(주)인터넷청과,20260825,오이,백다다기,10.00kg,특,충청북도 제천시,5,13000,,,,trade
구리,(주)인터넷청과,20260825,오이,백다다기,10.00kg,특,충청북도 제천시,33,49000,,,,trade
구리,(주)인터넷청과,20260825,오이,백다다기,10.00kg,특,충청북도 제천시,2,26500,,,,trade
구리,(주)인터넷청과,20260825,오이,백다다기,10.00kg,특,충청북도 제천시,8,30000,,,,trade
구리,(주)인터넷청과,20260825,오이,백다다기,10.00kg,특,충청북도 제천시,2,16000,,,,trade
구리,(주)인터넷청과,20260825,오이,백다다기,10.00kg,특,충청북도 제천시,2,17500,,,,trade
구리,(주)인터넷청과,20260825,오이,백다다기,10.00kg,특,충청북도 제천시,28,9000,,,,trade
구리,(주)인터넷청과,20260825,오이,백다다기,10.00kg,특,충청북도 제천시,5,33000,,,,trade
구리,(주)인터넷청과,20260825,오이,백다다기,10.00kg,특,충청북도 제천시,2,11500,,,,trade
구리,(주)인터넷청과,20260825,오이,백다다기,10.00kg,특,충청북도 제천시,23,10500,,,,trade
구리,(주)인터넷청과,20260825,오이,백다다기,10.00kg,특,충청북도 제천시,14,43000,,,,trade
구리,(주)인터넷청과,20260825,오이,백다다기,10.00kg,특,충청북도 제천시,3,16500,,,,trade
구리,(주)인터넷청과,20260827,오이,백다다기,10.00kg,특,충청북도 제천시,2,24000,,,,trade
구리,(주)인터넷청과,20260827,오이,백다다기,10.00kg,특,충청북도 제천시,1,15000,,,,trade
구리,(주)인터넷청과,20260827,오이,백다다기,10.00kg,특,충청북도 제천시,8,16000,,,,trade
구리,(주)인터넷청과,20260827,오이,백다다기,10.00kg,특,충청북도 제천시,24,15000,,,,trade
구리,(주)인터넷청과,20260827,오이,백다다기,10.00kg,특,충청북도 제천시,7,36000,,,,trade
구리,(주)인터넷청과,20260827,오이,백다다기,10.00kg,특,충청북도 제천시,3,22000,,,,trade
구리,(주)인터넷청과,20260827,오이,백다다기,10.00kg,특,충청북도 제천시,1,15000,,,,trade
구리,(주)인터넷청과,20260827,오이,백다다기,10.00kg,특,충청북도 제천시,24,38000,,,,trade
구리,(주)인터넷청과,20260827,오이,백다다기,10.00kg,특,충청북도 제천시,5,27000,,,,trade
구리,(주)인터넷청과,20260827,오이,백다다기,10.00kg,특,충청북도 제천시,1,5500,,,,trade
구리,(주)인터넷청과,20260827,오이,백다다기,10.00kg,특,충청북도 제천시,29,11000,,,,trade
구리,(주)인터넷청과,20260827,오이,백다다기,10.00kg,특,충청북도 제천시,24,39000,,,,trade
구리,(주)인터넷청과,20260827,오이,백다다기,10.00kg,특,충청북도 제천시,3,16500,,,,trade
구리,(주)인터넷청과,20260827,오이,백다다기,10.00kg,특,충청북도 제천시,4,14000,,,,trade
구리,(주)인터넷청과,20260827,오이,백다다기,10.00kg,특,충청북도 제천시,20,37000,,,,trade
구리,(주)인터넷청과,20260827,오이,백다다기,10.00kg,특,충청북도 제천시,10,32000,,,,trade
구리,(주)인터넷청과,20260827,오이,백다다기,10.00kg,특,충청북도 제천시,34,41000,,,,trade
구리,(주)인터넷청과,20260827,오이,백다다기,10.00kg,특,충청북도 제천시,4,25000,,,,trade
구리,(주)인터넷청과,20260827,오이,백다다기,10.00kg,특,충청북도 제천시,1,14000,,,,trade
구리,(주)인터넷청과,20260827,오이,백다다기,10.00kg,특,충청북도 제천시,8,13000,,,,trade
구리,(주)인터넷청과,20260827,오이,백다다기,10.00kg,특,충청북도 제천시,17,12000,,,,trade
구리,(주)인터넷청과,20260827,오이,백다다기,10.00kg,특,충청북도 제천시,5,38000,,,,trade
구리,(주)인터넷청과,20260827,오이,백다다기,10.00kg,특,충청북도 제천시,3,9000,,,,trade
구리,(주)인터넷청과,20260827,오이,백다다기,10.00kg,특,충청북도 제천시,1,14000,,,,trade
구리,(주)인터넷청과,20260827,오이,백다다기,10.00kg,특,충청북도 제천시,13,44000,,,,trade
구리,(주)인터넷청과,20260827,오이,백다다기,10.00kg,특,충청북도 제천시,3,25000,,,,trade
구리,(주)인터넷청과,20260827,오이,백다다기,10.00kg,특,충청북도 제천시,3,26500,,,,trade
구리,(주)인터넷청과,20260827,오이,백다다기,10.00kg,특,충청북도 제천시,9,18000,,,,trade
구리,(주)인터넷청과,20260827,오이,백다다기,10.00kg,특,충청북도 제천시,4,29000,,,,trade
구리,(주)인터넷청과,20260827,오이,백다다기,10.00kg,특,충청북도 제천시,2,27000,,,,trade
구리,(주)인터넷청과,20260827,오이,백다다기,10.00kg,특,충청북도 제천시,3,12000,,,,trade
구리,(주)인터넷청과,20260827,오이,백다다기,10.00kg,특,충청북도 제천시,36,44000,,,,trade
구리,(주)인터넷청과,20260827,오이,백다다기,10.00kg,특,충청북도 제천시,29,37000,,,,trade
구리,(주)인터넷청과,20260827,오이,백다다기,10.00kg,특,충청북도 제천시,1,18000,,,,trade
구리,(주)인터넷청과,20260827,오이,백다다기,10.00kg,특,충청북도 제천시,7,20000,,,,trade
구리,(주)인터넷청과,20260827,오이,백다다기,10.00kg,특,충청북도 제천시,2,9000,,,,trade
구리,(주)인터넷청과,20260827,오이,백다다기,10.00kg,특,충청북도 제천시,15,14000,,,,trade
구리,(주)인터넷청과,20260827,오이,백다다기,10.00kg,특,충청북도 제천시,10,42000,,,,trade
구리,(주)인터넷청과,20260827,오이,백다다기,10.00kg,특,충청북도 제천시,1,28000,,,,trade
구리,(주)인터넷청과,20260827,오이,백다다기,10.00kg,특,충청북도 제천시,2,14000,,,,trade
구리,(주)인터넷청과,20260827,오이,백다다기,10.00kg,특,충청북도 제천시,30,43000,,,,trade
구리,(주)인터넷청과,20260827,오이,백다다기,10.00kg,특,충청북도 제천시,7,28000,,,,trade
구리,(주)인터넷청과,20260827,오이,백다다기,10.00kg,특,충청북도 제천시,11,34000,,,,trade
구리,(주)인터넷청과,20260827,오이,백다다기,18.00kg,특,충청남도 부여군,2,27000,,,,trade
구리,(주)인터넷청과,20260827,오이,백다다기,8.00kg,특,강원도 철원군,3,19500,,,,trade
구리,(주)인터넷청과,20260827,오이,백다다기,10.00kg,특,강원도 철원군,1,15000,,,,trade
구리,(주)인터넷청과,20260827,오이,백다다기,10.00kg,특,강원도 철원군,2,32000,,,,trade
구리,(주)인터넷청과,20260827,오이,백다다기,10.00kg,특,강원도 철원군,6,24000,,,,trade
구리,(주)인터넷청과,20260827,오이,백다다기,10.00kg,특,강원도 철원군,10,28000,,,,trade
구리,(주)인터넷청과,20260827,오이,백다다기,10.00kg,특,강원도 철원군,18,32000,,,,trade
구리,(주)인터넷청과,20260827,오이,백다다기,8.00kg,특,경기도 양주시,1,5300,,,,trade
구리,(주)인터넷청과,20260827,오이,백다다기,8.00kg,특,경기도 양주시,2,8900,,,,trade
구리,(주)인터넷청과,20260827,오이,백다다기,8.00kg,특,경기도 양주시,4,14200,,,,trade
구리,(주)인터넷청과,20260827,오이,백다다기,8.00kg,특,경기도 양주시,7,19800,,,,trade
구리,(주)인터넷청과,20260827,오이,백다다기,10.00kg,특,경기도 여주군,2,18000,,,,trade
구리,(주)인터넷청과,20260827,오이,백다다기,10.00kg,특,경기도 여주군,2,16000,,,,trade
구리,(주)인터넷청과,20260827,오이,백다다기,10.00kg,특,경기도 여주군,3,16000,,,,trade
구리,(주)인터넷청과,20260827,오이,백다다기,10.00kg,특,경기도 여주군,5,28000,,,,trade
구리,(주)인터넷청과,20260827,오이,백다다기,10.00kg,특,강원도 철원군,2,16000,,,,trade
구리,(주)인터넷청과,20260827,오이,백다다기,10.00kg,특,경기도 남양주시,1,13000,,,,trade
구리,(주)인터넷청과,20260827,오이,백다다기,10.00kg,특,경기도 남양주시,4,28000,,,,trade
구리,(주)인터넷청과,20260827,오이,백다다기,18.00kg,특,강원도 철원군,6,28000,,,,trade
구리,(주)인터넷청과,20260827,오이,백다다기,18.00kg,특,강원도 철원군,14,60000,,,,trade
구리,(주)인터넷청과,20260827,오이,백다다기,18.00kg,특,강원도 홍천군,12,20000,,,,trade
구리,(주)인터넷청과,20260827,오이,백다다기,18.00kg,특,강원도 홍천군,7,37000,,,,trade
구리,(주)인터넷청과,20260827,오이,백다다기,18.00kg,특,강원도 홍천군,1,52000,,,,trade
구리,(주)인터넷청과,20260827,오이,백다다기,18.00kg,특,강원도 홍천군,2,52000,,,,trade
구리,(주)인터넷청과,20260827,오이,백다다기,18.00kg,특,강원도 홍천군,2,56000,,,,trade
구리,(주)인터넷청과,20260827,오이,백다다기,18.00kg,특,강원도 홍천군,8,73000,,,,trade
구리,(주)인터넷청과,20260827,오이,백다다기,10.00kg,특,강원도 홍천군,13,15000,,,,trade
구리,(주)인터넷청과,20260827,오이,백다다기,10.00kg,특,강원도 홍천군,4,21000,,,,trade
구리,(주)인터넷청과,20260827,오이,백다다기,10.00kg,특,강원도 홍천군,1,16000,,,,trade
구리,(주)인터넷청과,20260827,오이,백다다기,10.00kg,특,강원도 홍천군,6,26000,,,,trade
구리,(주)인터넷청과,20260827,오이,백다다기,10.00kg,특,강원도 홍천군,17,15000,,,,trade
구리,(주)인터넷청과,20260827,오이,백다다기,10.00kg,특,강원도 홍천군,22,27000,,,,trade
구리,(주)인터넷청과,20260827,오이,백다다기,18.00kg,특,경기도 포천시,9,45000,,,,trade
구리,(주)인터넷청과,20260827,오이,백다다기,10.00kg,특,강원도 홍천군,2,14000,,,,trade
구리,(주)인터넷청과,20260827,오이,백다다기,10.00kg,특,강원도 홍천군,9,23000,,,,trade
구리,(주)인터넷청과,20260827,오이,백다다기,10.00kg,특,강원도 홍천군,23,28000,,,,trade
구리,(주)인터넷청과,20260827,오이,백다다기,10.00kg,특,강원도 홍천군,4,12000,,,,trade
구리,(주)인터넷청과,20260827,오이,백다다기,10.00kg,특,강원도 홍천군,4,18000,,,,trade
구리,(주)인터넷청과,20260827,오이,백다다기,10.00kg,특,강원도 홍천군,2,20000,,,,trade
구리,(주)인터넷청과,20260827,오이,백다다기,10.00kg,특,강원도 홍천군,5,28000,,,,trade
구리,(주)인터넷청과,20260827,오이,백다다기,10.00kg,특,강원도 홍천군,21,31000,,,,trade
구리,(주)인터넷청과,20260827,오이,백다다기,18.00kg,특,강원도 홍천군,3,20000,,,,trade
구리,(주)인터넷청과,20260827,오이,백다다기,18.00kg,특,강원도 홍천군,2,32000,,,,trade
구리,(주)인터넷청과,20260827,오이,백다다기,18.00kg,특,강원도 홍천군,10,35000,,,,trade
구리,(주)인터넷청과,20260827,오이,백다다기,18.00kg,특,충청남도 공주시,3,17000,,,,trade
구리,(주)인터넷청과,20260827,오이,백다다기,10.00kg,특,강원도 철원군,4,8000,,,,trade
구리,(주)인터넷청과,20260827,오이,백다다기,8.00kg,특,강원도 철원군,3,8600,,,,trade
구리,(주)인터넷청과,20260827,오이,백다다기,8.00kg,특,강원도 철원군,6,14600,,,,trade
구리,(주)인터넷청과,20260827,오이,백다다기,10.00kg,특,강원도 철원군,4,16000,,,,trade
구리,(주)인터넷청과,20260827,오이,백다다기,10.00kg,특,강원도 철원군,19,24000,,,,trade
구리,(주)인터넷청과,20260827,오이,백다다기,10.00kg,특,강원도 철원군,8,22000,,,,trade
구리,(주)인터넷청과,20260827,오이,백다다기,10.00kg,특,강원도 철원군,4,25000,,,,trade
구리,(주)인터넷청과,20260827,오이,백다다기,10.00kg,특,강원도 철원군,2,10000,,,,trade
구리,(주)인터넷청과,20260827,오이,백다다기,10.00kg,특,강원도 철원군,5,9000,,,,trade
구리,(주)인터넷청과,20260827,오이,백다다기,10.00kg,특,강원도 철원군,12,23000,,,,trade
구리,(주)인터넷청과,20260827,오이,백다다기,10.00kg,특,강원도 홍천군,2,12000,,,,trade
구리,(주)인터넷청과,20260827,오이,백다다기,10.00kg,특,강원도 홍천군,37,24000,,,,trade
구리,(주)인터넷청과,20260827,오이,백다다기,10.00kg,특,강원도 홍천군,10,12500,,,,trade
구리,(주)인터넷청과,20260827,오이,백다다기,10.00kg,특,강원도 홍천군,7,25000,,,,trade
구리,(주)인터넷청과,20260827,오이,백다다기,10.00kg,특,강원도 홍천군,2,20000,,,,trade
구리,(주)인터넷청과,20260827,오이,백다다기,10.00kg,특,강원도 홍천군,11,11500,,,,trade
구리,(주)인터넷청과,20260827,오이,백다다기,8.00kg,특,경기도 포천시,1,5500,,,,trade
구리,(주)인터넷청과,20260827,오이,백다다기,8.00kg,특,경기도 포천시,1,6000,,,,trade
구리,(주)인터넷청과,20260827,오이,백다다기,10.00kg,특,충청북도 제천시,7,34500,,,,trade
구리,(주)인터넷청과,20260827,오이,백다다기,10.00kg,특,충청북도 제천시,3,11000,,,,trade
구리,(주)인터넷청과,20260827,오이,백다다기,10.00kg,특,충청북도 제천시,25,44000,,,,trade
구리,(주)인터넷청과,20260827,오이,백다다기,10.00kg,특,충청북도 제천시,4,27000,,,,trade
구리,(주)인터넷청과,20260827,오이,백다다기,10.00kg,특,충청북도 제천시,5,28000,,,,trade
구리,(주)인터넷청과,20260827,오이,백다다기,10.00kg,특,충청북도 제천시,9,17000,,,,trade
구리,(주)인터넷청과,20260827,오이,백다다기,10.00kg,특,충청북도 제천시,7,47000,,,,trade
구리,(주)인터넷청과,20260827,오이,백다다기,10.00kg,특,충청북도 제천시,36,47000,,,,trade
구리,(주)인터넷청과,20260827,오이,백다다기,10.00kg,특,충청북도 제천시,35,33000,,,,trade
구리,(주)인터넷청과,20260827,오이,백다다기,10.00kg,특,충청북도 제천시,1,10000,,,,trade
구리,(주)인터넷청과,20260827,오이,백다다기,10.00kg,특,충청북도 제천시,5,10000,,,,trade
구리,(주)인터넷청과,20260827,오이,백다다기,10.00kg,특,충청북도 제천시,6,3500,,,,trade
구리,(주)인터넷청과,20260827,오이,백다다기,10.00kg,특,충청북도 제천시,23,13000,,,,trade
구리,(주)인터넷청과,20260827,오이,백다다기,10.00kg,특,충청북도 제천시,24,35000,,,,trade
구리,(주)인터넷청과,20260827,오이,백다다기,10.00kg,특,충청북도 제천시,10,28000,,,,trade
구리,(주)인터넷청과,20260827,오이,백다다기,10.00kg,특,충청북도 제천시,24,33000,,,,trade
구리,(주)인터넷청과,20260827,오이,백다다기,10.00kg,특,충청북도 제천시,4,18000,,,,trade
구리,(주)인터넷청과,20260827,오이,백다다기,10.00kg,특,충청북도 제천시,20,8500,,,,trade
구리,(주)인터넷청과,20260827,오이,백다다기,10.00kg,특,충청북도 제천시,3,36000,,,,trade
구리,(주)인터넷청과,20260827,오이,백다다기,10.00kg,특,충청북도 제천시,9,20000,,,,trade
구리,(주)인터넷청과,20260827,오이,백다다기,10.00kg,특,충청북도 제천시,1,15000,,,,trade
구리,(주)인터넷청과,20260827,오이,백다다기,10.00kg,특,충청북도 제천시,4,10000,,,,trade
구리,(주)인터넷청과,20260827,오이,백다다기,10.00kg,특,충청북도 제천시,38,43000,,,,trade
구리,(주)인터넷청과,20260827,오이,백다다기,10.00kg,특,충청북도 제천시,1,18000,,,,trade
구리,(주)인터넷청과,20260827,오이,백다다기,10.00kg,특,충청북도 제천시,1,10000,,,,trade
구리,(주)인터넷청과,20260827,오이,백다다기,10.00kg,특,충청북도 제천시,11,12000,,,,trade
구리,(주)인터넷청과,20260827,오이,백다다기,10.00kg,특,충청북도 제천시,14,45000,,,,trade
구리,(주)인터넷청과,20260827,오이,백다다기,10.00kg,특,충청북도 제천시,5,14000,,,,trade
구리,(주)인터넷청과,20260827,오이,백다다기,10.00kg,특,충청북도 제천시,3,26500,,,,trade
구리,(주)인터넷청과,20260827,오이,백다다기,10.00kg,특,충청북도 제천시,1,15000,,,,trade
구리,(주)인터넷청과,20260827,오이,백다다기,10.00kg,특,충청북도 제천시,20,4500,,,,trade
구리,(주)인터넷청과,20260827,오이,백다다기,10.00kg,특,충청북도 제천시,24,35000,,,,trade
구리,(주)인터넷청과,20260827,오이,백다다기,10.00kg,특,충청북도 제천시,1,18000,,,,trade
구리,(주)인터넷청과,20260827,오이,백다다기,10.00kg,특,충청북도 제천시,12,32000,,,,trade
구리,(주)인터넷청과,20260827,오이,백다다기,10.00kg,특,충청북도 제천시,7,14000,,,,trade
구리,(주)인터넷청과,20260827,오이,백다다기,10.00kg,특,충청북도 제천시,4,14000,,,,trade
구리,(주)인터넷청과,20260827,오이,백다다기,10.00kg,특,충청북도 제천시,4,10000,,,,trade
구리,(주)인터넷청과,20260827,오이,백다다기,10.00kg,특,충청북도 제천시,25,7500,,,,trade
구리,(주)인터넷청과,20260827,오이,백다다기,10.00kg,특,충청북도 제천시,9,14000,,,,trade
구리,(주)인터넷청과,20260827,오이,백다다기,10.00kg,특,충청북도 제천시,5,10000,,,,trade
구리,(주)인터넷청과,20260827,오이,백다다기,18.00kg,특,충청남도 부여군,2,28000,,,,trade
구리,(주)인터넷청과,20260827,오이,백다다기,18.00kg,특,강원도 철원군,13,53000,,,,trade
구리,(주)인터넷청과,20260827,오이,백다다기,18.00kg,특,강원도 철원군,6,17000,,,,trade
구리,(주)인터넷청과,20260827,오이,백다다기,10.00kg,특,경기도 남양주시,5,24000,,,,trade
구리,(주)인터넷청과,20260827,오이,백다다기,10.00kg,특,경기도 여주군,2,15000,,,,trade
구리,(주)인터넷청과,20260827,오이,백다다기,10.00kg,특,경기도 여주군,1,9000,,,,trade
구리,(주)인터넷청과,20260827,오이,백다다기,10.00kg,특,경기도 여주군,4,8500,,,,trade
구리,(주)인터넷청과,20260827,오이,백다다기,8.00kg,특,경기도 양주시,1,5500,,,,trade
구리,(주)인터넷청과,20260827,오이,백다다기,8.00kg,특,경기도 양주시,7,16900,,,,trade
구리,(주)인터넷청과,20260827,오이,백다다기,8.00kg,특,경기도 양주시,3,11200,,,,trade
구리,(주)인터넷청과,20260827,오이,백다다기,8.00kg,특,경기도 양주시,3,9500,,,,trade
구리,(주)인터넷청과,20260827,오이,백다다기,8.00kg,특,경기도 연천군,7,5600,,,,trade
구리,(주)인터넷청과,20260827,오이,백다다기,10.00kg,특,경기도 연천군,3,14000,,,,trade
구리,(주)인터넷청과,20260827,오이,백다다기,8.00kg,특,경기도 연천군,11,16300,,,,trade
구리,(주)인터넷청과,20260827,오이,백다다기,8.00kg,특,경기도 연천군,3,13200,,,,trade
구리,(주)인터넷청과,20260827,오이,백다다기,18.00kg,특,강원도 홍천군,10,32000,,,,trade
구리,(주)인터넷청과,20260827,오이,백다다기,18.00kg,특,강원도 홍천군,1,48000,,,,trade
구리,(주)인터넷청과,20260827,오이,백다다기,18.00kg,특,강원도 홍천군,10,23000,,,,trade
구리,(주)인터넷청과,20260827,오이,백다다기,18.00kg,특,강원도 홍천군,3,52000,,,,trade
구리,(주)인터넷청과,20260827,오이,백다다기,18.00kg,특,강원도 홍천군,3,23000,,,,trade
구리,(주)인터넷청과,20260827,오이,백다다기,18.00kg,특,강원도 홍천군,11,25000,,,,trade
구리,(주)인터넷청과,20260827,오이,백다다기,18.00kg,특,강원도 홍천군,12,31000,,,,trade
구리,(주)인터넷청과,20260827,오이,백다다기,18.00kg,특,강원도 홍천군,8,68000,,,,trade
구리,(주)인터넷청과,20260827,오이,백다다기,18.00kg,특,강원도 홍천군,2,45000,,,,trade
구리,(주)인터넷청과,20260827,오이,백다다기,18.00kg,특,강원도 홍천군,1,35000,,,,trade
구리,(주)인터넷청과,20260827,오이,백다다기,18.00kg,특,강원도 홍천군,1,60000,,,,trade
구리,(주)인터넷청과,20260827,오이,백다다기,18.00kg,특,강원도 홍천군,3,38000,,,,trade
구리,(주)인터넷청과,20260827,오이,백다다기,18.00kg,특,강원도 홍천군,1,35000,,,,trade
구리,(주)인터넷청과,20260827,오이,백다다기,18.00kg,특,강원도 홍천군,8,24000,,,,trade
구리,(주)인터넷청과,20260827,오이,백다다기,18.00kg,특,경기도 남양주시,6,38000,,,,trade
구리,(주)인터넷청과,20260827,오이,백다다기,10.00kg,특,강원도 홍천군,4,15000,,,,trade
구리,(주)인터넷청과,20260827,오이,백다다기,10.00kg,특,강원도 홍천군,5,9000,,,,trade
구리,(주)인터넷청과,20260827,오이,백다다기,10.00kg,특,강원도 홍천군,17,21000,,,,trade
구리,(주)인터넷청과,20260827,오이,백다다기,10.00kg,특,강원도 홍천군,12,24000,,,,trade
구리,(주)인터넷청과,20260827,오이,백다다기,10.00kg,특,강원도 홍천군,2,12000,,,,trade
구리,(주)인터넷청과,20260827,오이,백다다기,10.00kg,특,강원도 홍천군,8,20000,,,,trade
구리,(주)인터넷청과,20260827,오이,백다다기,10.00kg,특,강원도 홍천군,22,27000,,,,trade
구리,(주)인터넷청과,20260827,오이,백다다기,18.00kg,특,강원도 홍천군,10,34000,,,,trade
구리,(주)인터넷청과,20260827,오이,백다다기,18.00kg,특,강원도 홍천군,3,23000,,,,trade
구리,(주)인터넷청과,20260827,오이,백다다기,18.00kg,특,강원도 홍천군,4,16000,,,,trade
구리,(주)인터넷청과,20260827,오이,백다다기,10.00kg,특,강원도 홍천군,9,22000,,,,trade
