market,corp,date,item,variety,unit,grade,origin,qty,price,price_min,price_max,price_avg,granularity
광주각화,광주중앙청과,20250701,오이,백다다기(오이),8 kg 비닐봉지,,,,8500,,,,trade
광주각화,광주중앙청과,20250701,오이,백다다기(오이),8 kg 비닐봉지,,,,2500,,,,trade
광주각화,광주중앙청과,20250701,오이,백다다기(오이),8 kg 비닐봉지,,,,2500,,,,trade
광주각화,광주중앙청과,20250701,오이,백다다기(오이),8 kg 비닐봉지,,,,8500,,,,trade
광주각화,광주중앙청과,20250701,오이,백다다기(오이),8 kg 비닐봉지,,,,8000,,,,trade
광주각화,광주중앙청과,20250701,오이,백다다기(오이),8 kg 비닐봉지,,,,8500,,,,trade
광주각화,광주중앙청과,20250701,오이,백다다기(오이),8 kg 비닐봉지,,,,8500,,,,trade
광주각화,광주중앙청과,20250701,오이,백다다기(오이),8 kg 비닐봉지,,,,8000,,,,trade
광주각화,광주중앙청과,20250701,오이,백다다기(오이),8 kg 비닐봉지,,,,3000,,,,trade
광주각화,광주중앙청과,20250701,오이,백다다기(오이),8 kg 비닐봉지,,,,8500,,,,trade
광주각화,광주중앙청과,20250701,오이,백다다기(오이),8 kg 팰릿,,,,8000,,,,trade
광주각화,광주중앙청과,20250701,오이,백다다기(오이),8 kg 팰릿,,,,8000,,,,trade
광주각화,광주중앙청과,20250701,오이,백다다기(오이),8 kg 팰릿,,,,8000,,,,trade
광주각화,광주중앙청과,20250701,오이,백다다기(오이),8 kg 팰릿,,,,8500,,,,trade
광주각화,광주중앙청과,20250701,오이,백다다기(오이),8 kg 팰릿,,,,8000,,,,trade
광주각화,광주중앙청과,20250701,오이,백다다기(오이),8 kg 팰릿,,,,8000,,,,trade
광주각화,광주중앙청과,20250701,오이,백다다기(오이),8 kg 팰릿,,,,8000,,,,trade
광주각화,광주중앙청과,20250701,오이,백다다기(오이),8 kg 팰릿,,,,8000,,,,trade
광주각화,광주중앙청과,20250701,오이,백다다기(오이),8 kg 팰릿,,,,8000,,,,trade
광주각화,광주중앙청과,20250701,오이,백다다기(오이),8 kg 팰릿,,,,8000,,,,trade
광주각화,광주중앙청과,20250701,오이,백다다기(오이),8 kg 팰릿,,,,8000,,,,trade
광주각화,광주중앙청과,20250701,오이,백다다기(오이),8 kg 팰릿,,,,9000,,,,trade
광주각화,광주중앙청과,20250701,오이,백다다기(오이),10 kg 박스,,,,11000,,,,trade
광주각화,광주중앙청과,20250701,오이,백다다기(오이),10 kg 박스,,,,7000,,,,trade
광주각화,광주중앙청과,20250701,오이,백다다기(오이),10 kg 박스,,,,7000,,,,trade
광주각화,광주중앙청과,20250701,오이,백다다기(오이),10 kg 박스,,,,7000,,,,trade
광주각화,광주중앙청과,20250701,오이,백다다기(오이),10 kg 박스,,,,7000,,,,trade
광주각화,광주중앙청과,20250701,오이,백다다기(오이),10 kg 박스,,,,7000,,,,trade
광주각화,광주중앙청과,20250701,오이,백다다기(오이),10 kg 박스,,,,7000,,,,trade
광주각화,광주중앙청과,20250701,오이,백다다기(오이),10 kg 박스,,,,7000,,,,trade
광주각화,광주중앙청과,20250701,오이,백다다기(오이),10 kg 박스,,,,7500,,,,trade
광주각화,광주중앙청과,20250701,오이,백다다기(오이),10 kg 박스,,,,7000,,,,trade
광주각화,광주중앙청과,20250701,오이,백다다기(오이),10 kg 박스,,,,7000,,,,trade
광주각화,광주중앙청과,20250701,오이,백다다기(오이),10 kg 박스,,,,7500,,,,trade
광주각화,광주중앙청과,20250701,오이,백다다기(오이),10 kg 박스,,,,7000,,,,trade
광주각화,광주중앙청과,20250701,오이,백다다기(오이),10 kg 박스,,,,7000,,,,trade
광주각화,광주중앙청과,20250701,오이,백다다기(오이),10 kg 박스,,,,7000,,,,trade
광주각화,광주중앙청과,20250701,오이,백다다기(오이),10 kg 박스,,,,7000,,,,trade
광주각화,광주중앙청과,20250701,오이,백다다기(오이),10 kg 박스,,,,7000,,,,trade
광주각화,광주중앙청과,20250701,오이,백다다기(오이),10 kg 박스,,,,7000,,,,trade
광주각화,광주중앙청과,20250701,오이,백다다기(오이),10 kg 박스,,,,7000,,,,trade
광주각화,광주중앙청과,20250701,오이,백다다기(오이),10 kg 박스,,,,7000,,,,trade
광주각화,광주중앙청과,20250701,오이,백다다기(오이),10 kg 박스,,,,7000,,,,trade
광주각화,광주중앙청과,20250701,오이,백다다기(오이),10 kg 박스,,,,7000,,,,trade
광주각화,광주중앙청과,20250701,오이,백다다기(오이),10 kg 박스,,,,7000,,,,trade
광주각화,광주중앙청과,20250701,오이,백다다기(오이),10 kg 박스,,,,8000,,,,trade
광주각화,광주중앙청과,20250701,오이,백다다기(오이),10 kg 박스,,,,10000,,,,trade
광주각화,광주중앙청과,20250701,오이,백다다기(오이),10 kg 박스,,,,7000,,,,trade
광주각화,광주중앙청과,20250701,오이,백다다기(오이),10 kg 박스,,,,10000,,,,trade
광주각화,광주중앙청과,20250701,오이,백다다기(오이),10 kg 박스,,,,13500,,,,trade
광주각화,광주중앙청과,20250701,오이,백다다기(오이),10 kg 박스,,,,12000,,,,trade
광주각화,광주중앙청과,20250701,오이,백다다기(오이),10 kg 박스,,,,11000,,,,trade
광주각화,광주중앙청과,20250701,오이,백다다기(오이),10 kg 박스,,,,8500,,,,trade
광주각화,광주중앙청과,20250701,오이,백다다기(오이),10 kg 박스,,,,8000,,,,trade
광주각화,광주중앙청과,20250701,오이,백다다기(오이),10 kg 박스,,,,13500,,,,trade
광주각화,광주중앙청과,20250701,오이,백다다기(오이),10 kg 박스,,,,12500,,,,trade
광주각화,광주중앙청과,20250701,오이,백다다기(오이),10 kg 박스,,,,3000,,,,trade
광주각화,광주중앙청과,20250701,오이,백다다기(오이),10 kg 박스,,,,6000,,,,trade
광주각화,광주중앙청과,20250701,오이,백다다기(오이),10 kg 박스,,,,9000,,,,trade
광주각화,광주중앙청과,20250701,오이,백다다기(오이),10 kg 박스,,,,6000,,,,trade
광주각화,광주중앙청과,20250701,오이,백다다기(오이),10 kg 박스,,,,3000,,,,trade
광주각화,광주중앙청과,20250701,오이,백다다기(오이),10 kg 박스,,,,3500,,,,trade
광주각화,광주중앙청과,20250701,오이,백다다기(오이),10 kg 박스,,,,5500,,,,trade
광주각화,광주중앙청과,20250701,오이,백다다기(오이),10 kg 박스,,,,10000,,,,trade
광주각화,광주중앙청과,20250701,오이,백다다기(오이),10 kg 박스,,,,12000,,,,trade
광주각화,광주중앙청과,20250701,오이,백다다기(오이),10 kg 박스,,,,11000,,,,trade
광주각화,광주중앙청과,20250701,오이,백다다기(오이),10 kg 박스,,,,14000,,,,trade
광주각화,광주중앙청과,20250701,오이,백다다기(오이),10 kg 박스,,,,5500,,,,trade
광주각화,광주중앙청과,20250701,오이,백다다기(오이),10 kg 박스,,,,14500,,,,trade
광주각화,광주중앙청과,20250701,오이,백다다기(오이),10 kg 박스,,,,7000,,,,trade
광주각화,광주중앙청과,20250701,오이,백다다기(오이),10 kg 박스,,,,13000,,,,trade
광주각화,광주중앙청과,20250701,오이,백다다기(오이),10 kg 박스,,,,13000,,,,trade
광주각화,광주중앙청과,20250701,오이,백다다기(오이),10 kg 박스,,,,6000,,,,trade
광주각화,광주중앙청과,20250701,오이,백다다기(오이),10 kg 박스,,,,18000,,,,trade
광주각화,광주중앙청과,20250701,오이,백다다기(오이),10 kg 박스,,,,7500,,,,trade
광주각화,광주중앙청과,20250701,오이,백다다기(오이),10 kg 박스,,,,16500,,,,trade
광주각화,광주중앙청과,20250701,오이,백다다기(오이),10 kg 박스,,,,6000,,,,trade
광주각화,광주중앙청과,20250701,오이,백다다기(오이),10 kg 박스,,,,11000,,,,trade
광주각화,광주중앙청과,20250701,오이,백다다기(오이),10 kg 박스,,,,13000,,,,trade
광주각화,광주중앙청과,20250701,오이,백다다기(오이),10 kg 박스,,,,12000,,,,trade
광주각화,광주중앙청과,20250701,오이,백다다기(오이),10 kg 박스,,,,17000,,,,trade
광주각화,광주중앙청과,20250701,오이,백다다기(오이),10 kg 박스,,,,13000,,,,trade
광주각화,광주중앙청과,20250701,오이,백다다기(오이),10 kg 박스,,,,13500,,,,trade
광주각화,광주중앙청과,20250701,오이,백다다기(오이),10 kg 박스,,,,15000,,,,trade
광주각화,광주중앙청과,20250701,오이,백다다기(오이),10 kg 박스,,,,11000,,,,trade
광주각화,광주중앙청과,20250701,오이,백다다기(오이),10 kg 박스,,,,13500,,,,trade
광주각화,광주중앙청과,20250701,오이,백다다기(오이),10 kg 박스,,,,15000,,,,trade
광주각화,광주중앙청과,20250701,오이,백다다기(오이),10 kg 박스,,,,15500,,,,trade
광주각화,광주중앙청과,20250701,오이,백다다기(오이),10 kg 박스,,,,15000,,,,trade
광주각화,광주중앙청과,20250701,오이,백다다기(오이),10 kg 박스,,,,6000,,,,trade
광주각화,광주중앙청과,20250701,오이,백다다기(오이),10 kg 박스,,,,7000,,,,trade
광주각화,광주중앙청과,20250701,오이,백다다기(오이),10 kg 박스,,,,6000,,,,trade
광주각화,광주중앙청과,20250701,오이,백다다기(오이),10 kg 박스,,,,15000,,,,trade
광주각화,광주중앙청과,20250701,오이,백다다기(오이),10 kg 박스,,,,11500,,,,trade
광주각화,광주중앙청과,20250701,오이,백다다기(오이),10 kg 박스,,,,18000,,,,trade
광주각화,광주중앙청과,20250701,오이,백다다기(오이),10 kg 박스,,,,11000,,,,trade
광주각화,광주중앙청과,20250701,오이,백다다기(오이),10 kg 박스,,,,15500,,,,trade
광주각화,광주중앙청과,20250701,오이,백다다기(오이),10 kg 박스,,,,16500,,,,trade
광주각화,광주중앙청과,20250701,오이,백다다기(오이),10 kg 박스,,,,15500,,,,trade
광주각화,광주중앙청과,20250701,오이,백다다기(오이),10 kg 박스,,,,15000,,,,trade
광주각화,광주중앙청과,20250701,오이,백다다기(오이),10 kg 박스,,,,11000,,,,trade
광주각화,광주중앙청과,20250701,오이,백다다기(오이),10 kg 박스,,,,15000,,,,trade
광주각화,광주중앙청과,20250701,오이,백다다기(오이),10 kg 박스,,,,15000,,,,trade
광주각화,광주중앙청과,20250701,오이,백다다기(오이),10 kg 박스,,,,10000,,,,trade
광주각화,광주중앙청과,20250701,오이,백다다기(오이),10 kg 박스,,,,17000,,,,trade
광주각화,광주중앙청과,20250701,오이,백다다기(오이),10 kg 박스,,,,14500,,,,trade
광주각화,광주중앙청과,20250701,오이,백다다기(오이),10 kg 박스,,,,16000,,,,trade
광주각화,광주중앙청과,20250701,오이,백다다기(오이),10 kg 박스,,,,16000,,,,trade
광주각화,광주중앙청과,20250701,오이,백다다기(오이),10 kg 박스,,,,6500,,,,trade
광주각화,광주중앙청과,20250701,오이,백다다기(오이),10 kg 박스,,,,14000,,,,trade
광주각화,광주중앙청과,20250701,오이,백다다기(오이),10 kg 박스,,,,12000,,,,trade
광주각화,광주중앙청과,20250701,오이,백다다기(오이),10 kg 박스,,,,14000,,,,trade
광주각화,광주중앙청과,20250701,오이,백다다기(오이),10 kg 박스,,,,16000,,,,trade
광주각화,광주중앙청과,20250701,오이,백다다기(오이),10 kg 박스,,,,19000,,,,trade
광주각화,광주중앙청과,20250701,오이,백다다기(오이),10 kg 박스,,,,13000,,,,trade
광주각화,광주중앙청과,20250701,오이,백다다기(오이),10 kg 박스,,,,16500,,,,trade
광주각화,광주중앙청과,20250701,오이,백다다기(오이),10 kg 박스,,,,18500,,,,trade
광주각화,광주중앙청과,20250701,오이,백다다기(오이),10 kg 박스,,,,4000,,,,trade
광주각화,광주중앙청과,20250701,오이,백다다기(오이),10 kg 박스,,,,11000,,,,trade
광주각화,광주중앙청과,20250701,오이,백다다기(오이),10 kg 박스,,,,10000,,,,trade
광주각화,광주중앙청과,20250701,오이,백다다기(오이),10 kg 박스,,,,7000,,,,trade
광주각화,광주중앙청과,20250701,오이,백다다기(오이),10 kg 박스,,,,11000,,,,trade
광주각화,광주중앙청과,20250701,오이,백다다기(오이),10 kg 박스,,,,6500,,,,trade
광주각화,광주중앙청과,20250701,오이,백다다기(오이),10 kg 박스,,,,13500,,,,trade
광주각화,광주중앙청과,20250701,오이,백다다기(오이),10 kg 박스,,,,5000,,,,trade
광주각화,광주중앙청과,20250701,오이,백다다기(오이),10 kg 박스,,,,14000,,,,trade
광주각화,광주중앙청과,20250701,오이,백다다기(오이),10 kg 박스,,,,5000,,,,trade
광주각화,광주중앙청과,20250701,오이,백다다기(오이),10 kg 박스,,,,8000,,,,trade
광주각화,광주중앙청과,20250701,오이,백다다기(오이),10 kg 박스,,,,7000,,,,trade
광주각화,광주중앙청과,20250701,오이,백다다기(오이),10 kg 박스,,,,11500,,,,trade
광주각화,광주중앙청과,20250701,오이,백다다기(오이),10 kg 박스,,,,19000,,,,trade
광주각화,광주중앙청과,20250701,오이,백다다기(오이),10 kg 박스,,,,5000,,,,trade
광주각화,광주중앙청과,20250701,오이,백다다기(오이),10 kg 박스,,,,7000,,,,trade
광주각화,광주중앙청과,20250701,오이,백다다기(오이),10 kg 박스,,,,12000,,,,trade
광주각화,광주중앙청과,20250701,오이,백다다기(오이),10 kg 박스,,,,12000,,,,trade
광주각화,광주중앙청과,20250701,오이,백다다기(오이),10 kg 박스,,,,13000,,,,trade
광주각화,광주중앙청과,20250701,오이,백다다기(오이),10 kg 박스,,,,14000,,,,trade
광주각화,광주중앙청과,20250701,오이,백다다기(오이),10 kg 박스,,,,17000,,,,trade
광주각화,광주중앙청과,20250701,오이,백다다기(오이),10 kg 박스,,,,18000,,,,trade
광주각화,광주중앙청과,20250701,오이,백다다기(오이),10 kg 박스,,,,14000,,,,trade
광주각화,광주중앙청과,20250701,오이,백다다기(오이),10 kg 박스,,,,18500,,,,trade
광주각화,광주중앙청과,20250701,오이,백다다기(오이),10 kg 박스,,,,8000,,,,trade
광주각화,광주중앙청과,20250701,오이,백다다기(오이),10 kg 박스,,,,15000,,,,trade
광주각화,광주중앙청과,20250701,오이,백다다기(오이),10 kg 박스,,,,20500,,,,trade
광주각화,광주중앙청과,20250701,오이,백다다기(오이),10 kg 박스,,,,24000,,,,trade
광주각화,광주중앙청과,20250701,오이,백다다기(오이),10 kg 박스,,,,19000,,,,trade
광주각화,광주중앙청과,20250701,오이,백다다기(오이),10 kg 박스,,,,8500,,,,trade
광주각화,광주중앙청과,20250701,오이,백다다기(오이),10 kg 박스,,,,14000,,,,trade
광주각화,광주중앙청과,20250701,오이,백다다기(오이),10 kg 박스,,,,24000,,,,trade
광주각화,광주중앙청과,20250701,오이,백다다기(오이),10 kg 박스,,,,8000,,,,trade
광주각화,광주중앙청과,20250701,오이,백다다기(오이),10 kg 박스,,,,17000,,,,trade
광주각화,광주중앙청과,20250701,오이,백다다기(오이),10 kg 박스,,,,9000,,,,trade
광주각화,광주중앙청과,20250701,오이,백다다기(오이),10 kg 박스,,,,9000,,,,trade
광주각화,광주중앙청과,20250701,오이,백다다기(오이),10 kg 박스,,,,20000,,,,trade
광주각화,광주중앙청과,20250701,오이,백다다기(오이),10 kg 박스,,,,7500,,,,trade
광주각화,광주중앙청과,20250701,오이,백다다기(오이),10 kg 박스,,,,15000,,,,trade
광주각화,광주중앙청과,20250701,오이,백다다기(오이),10 kg 박스,,,,17500,,,,trade
광주각화,광주중앙청과,20250701,오이,백다다기(오이),10 kg 박스,,,,10000,,,,trade
광주각화,광주중앙청과,20250701,오이,백다다기(오이),10 kg 박스,,,,23000,,,,trade
광주각화,광주중앙청과,20250701,오이,백다다기(오이),10 kg 박스,,,,7500,,,,trade
광주각화,광주중앙청과,20250701,오이,백다다기(오이),10 kg 박스,,,,7000,,,,trade
광주각화,광주중앙청과,20250701,오이,백다다기(오이),10 kg 박스,,,,13000,,,,trade
광주각화,광주중앙청과,20250701,오이,백다다기(오이),10 kg 박스,,,,6000,,,,trade
광주각화,광주중앙청과,20250701,오이,백다다기(오이),10 kg 박스,,,,15000,,,,trade
광주각화,광주중앙청과,20250701,오이,백다다기(오이),10 kg 박스,,,,17000,,,,trade
광주각화,광주중앙청과,20250701,오이,백다다기(오이),10 kg 박스,,,,17500,,,,trade
광주각화,광주중앙청과,20250701,오이,백다다기(오이),10 kg 박스,,,,10000,,,,trade
광주각화,광주중앙청과,20250701,오이,백다다기(오이),10 kg 박스,,,,17000,,,,trade
광주각화,광주중앙청과,20250701,오이,백다다기(오이),10 kg 박스,,,,9500,,,,trade
광주각화,광주중앙청과,20250701,오이,백다다기(오이),10 kg 박스,,,,16500,,,,trade
광주각화,광주중앙청과,20250701,오이,백다다기(오이),10 kg 박스,,,,9500,,,,trade
광주각화,광주중앙청과,20250701,오이,백다다기(오이),10 kg 박스,,,,15000,,,,trade
광주각화,광주중앙청과,20250701,오이,백다다기(오이),10 kg 박스,,,,9000,,,,trade
광주각화,광주중앙청과,20250701,오이,백다다기(오이),10 kg 박스,,,,20000,,,,trade
광주각화,광주중앙청과,20250701,오이,백다다기(오이),10 kg 박스,,,,11000,,,,trade
광주각화,광주중앙청과,20250701,오이,백다다기(오이),10 kg 박스,,,,18000,,,,trade
광주각화,광주중앙청과,20250701,오이,백다다기(오이),10 kg 박스,,,,21000,,,,trade
광주각화,광주중앙청과,20250701,오이,백다다기(오이),10 kg 박스,,,,6000,,,,trade
광주각화,광주중앙청과,20250701,오이,백다다기(오이),10 kg 박스,,,,13000,,,,trade
광주각화,광주중앙청과,20250701,오이,백다다기(오이),10 kg 박스,,,,14000,,,,trade
광주각화,광주중앙청과,20250701,오이,백다다기(오이),10 kg 박스,,,,5000,,,,trade
광주각화,광주중앙청과,20250701,오이,백다다기(오이),10 kg 박스,,,,9000,,,,trade
광주각화,광주중앙청과,20250701,오이,백다다기(오이),10 kg 박스,,,,15000,,,,trade
광주각화,광주중앙청과,20250701,오이,백다다기(오이),10 kg 박스,,,,5000,,,,trade
광주각화,광주중앙청과,20250701,오이,백다다기(오이),10 kg 박스,,,,19500,,,,trade
광주각화,광주중앙청과,20250701,오이,백다다기(오이),10 kg 박스,,,,9000,,,,trade
광주각화,광주중앙청과,20250701,오이,백다다기(오이),10 kg 박스,,,,13000,,,,trade
광주각화,광주중앙청과,20250701,오이,백다다기(오이),10 kg 박스,,,,17000,,,,trade
광주각화,광주중앙청과,20250701,오이,백다다기(오이),10 kg 박스,,,,17000,,,,trade
광주각화,광주중앙청과,20250701,오이,백다다기(오이),10 kg 박스,,,,5000,,,,trade
광주각화,광주중앙청과,20250701,오이,백다다기(오이),10 kg 박스,,,,10000,,,,trade
광주각화,광주중앙청과,20250701,오이,백다다기(오이),10 kg 박스,,,,22000,,,,trade
광주각화,광주중앙청과,20250701,오이,백다다기(오이),10 kg 박스,,,,20000,,,,trade
광주각화,광주중앙청과,20250701,오이,백다다기(오이),15 kg 비닐봉지,,,,6000,,,,trade
광주각화,광주중앙청과,20250701,오이,백다다기(오이),15 kg 비닐봉지,,,,6000,,,,trade
광주각화,광주중앙청과,20250701,오이,백다다기(오이),15 kg 비닐봉지,,,,6000,,,,trade
광주각화,광주중앙청과,20250701,오이,백다다기(오이),15 kg 비닐봉지,,,,5000,,,,trade
광주각화,광주중앙청과,20250701,오이,백다다기(오이),15 kg 비닐봉지,,,,4000,,,,trade
광주각화,광주중앙청과,20250701,오이,백다다기(오이),15 kg 비닐봉지,,,,6000,,,,trade
광주각화,광주중앙청과,20250701,오이,백다다기(오이),15 kg 비닐봉지,,,,5000,,,,trade
광주각화,광주중앙청과,20250701,오이,백다다기(오이),15 kg 비닐봉지,,,,6000,,,,trade
광주각화,광주중앙청과,20250701,오이,백다다기(오이),15 kg 비닐봉지,,,,6000,,,,trade
광주각화,광주중앙청과,20250701,오이,백다다기(오이),15 kg 비닐봉지,,,,6000,,,,trade
광주각화,광주중앙청과,20250701,오이,백다다기(오이),15 kg 비닐봉지,,,,6000,,,,trade
광주각화,광주중앙청과,20250701,오이,백다다기(오이),15 kg 비닐봉지,,,,6000,,,,trade
광주각화,광주중앙청과,20250701,오이,백다다기(오이),15 kg 비닐봉지,,,,6000,,,,trade
광주각화,광주중앙청과,20250701,오이,백다다기(오이),15 kg 비닐봉지,,,,6000,,,,trade
광주각화,광주중앙청과,20250701,오이,백다다기(오이),18 kg 박스,,,,15000,,,,trade
광주각화,광주중앙청과,20250701,오이,백다다기(오이),18 kg 박스,,,,26000,,,,trade
광주각화,광주중앙청과,20250701,오이,백다다기(오이),18 kg 박스,,,,15000,,,,trade
광주각화,광주중앙청과,20250701,오이,백다다기(오이),18 kg 박스,,,,12000,,,,trade
광주각화,광주중앙청과,20250701,오이,백다다기(오이),18 kg 박스,,,,12000,,,,trade
광주각화,광주중앙청과,20250701,오이,백다다기(오이),18 kg 박스,,,,16000,,,,trade
광주각화,광주중앙청과,20250701,오이,백다다기(오이),18 kg 박스,,,,15000,,,,trade
광주각화,광주중앙청과,20250701,오이,백다다기(오이),18 kg 박스,,,,12000,,,,trade
광주각화,광주중앙청과,20250701,오이,백다다기(오이),18 kg 박스,,,,17000,,,,trade
광주각화,광주중앙청과,20250701,오이,백다다기(오이),18 kg 박스,,,,17000,,,,trade
광주각화,광주중앙청과,20250701,오이,백다다기(오이),18 kg 박스,,,,17000,,,,trade
광주각화,광주중앙청과,20250701,오이,백다다기(오이),18 kg 박스,,,,15000,,,,trade
광주각화,광주중앙청과,20250701,오이,백다다기(오이),18 kg 박스,,,,16000,,,,trade
광주각화,광주중앙청과,20250701,오이,백다다기(오이),18 kg 박스,,,,16000,,,,trade
광주각화,광주중앙청과,20250701,오이,백다다기(오이),18 kg 박스,,,,14000,,,,trade
광주각화,광주중앙청과,20250701,오이,백다다기(오이),18 kg 박스,,,,14000,,,,trade
광주각화,광주중앙청과,20250701,오이,백다다기(오이),18 kg 박스,,,,15000,,,,trade
광주각화,광주중앙청과,20250701,오이,백다다기(오이),18 kg 박스,,,,17000,,,,trade
광주각화,광주중앙청과,20250701,오이,백다다기(오이),18 kg 박스,,,,16000,,,,trade
광주각화,광주중앙청과,20250701,오이,백다다기(오이),18 kg 박스,,,,15000,,,,trade
광주각화,광주중앙청과,20250701,오이,백다다기(오이),18 kg 박스,,,,8000,,,,trade
광주각화,광주중앙청과,20250701,오이,백다다기(오이),18 kg 박스,,,,9000,,,,trade
광주각화,광주중앙청과,20250701,오이,백다다기(오이),18 kg 박스,,,,11000,,,,trade
광주각화,광주중앙청과,20250701,오이,백다다기(오이),18 kg 박스,,,,6000,,,,trade
광주각화,광주중앙청과,20250701,오이,백다다기(오이),18 kg 박스,,,,17000,,,,trade
광주각화,광주중앙청과,20250701,오이,백다다기(오이),21 kg 박스,,,,9000,,,,trade
광주각화,광주중앙청과,20250701,오이,백다다기(오이),21 kg 박스,,,,17000,,,,trade
광주각화,광주중앙청과,20250701,오이,백다다기(오이),21 kg 박스,,,,15000,,,,trade
광주각화,광주중앙청과,20250701,오이,백다다기(오이),21 kg 박스,,,,17000,,,,trade
광주각화,광주중앙청과,20250701,오이,백다다기(오이),21 kg 박스,,,,26000,,,,trade
광주각화,광주중앙청과,20250701,오이,백다다기(오이),21 kg 박스,,,,23000,,,,trade
광주각화,광주중앙청과,20250701,오이,백다다기(오이),21 kg 박스,,,,23000,,,,trade
광주각화,광주중앙청과,20250701,오이,백다다기(오이),21 kg 박스,,,,26000,,,,trade
광주각화,광주중앙청과,20250701,오이,백다다기(오이),21 kg 박스,,,,12000,,,,trade
광주각화,광주중앙청과,20250701,오이,백다다기(오이),21 kg 박스,,,,14000,,,,trade
광주각화,광주중앙청과,20250701,오이,백다다기(오이),21 kg 박스,,,,21000,,,,trade
광주각화,광주중앙청과,20250701,오이,백다다기(오이),21 kg 박스,,,,14000,,,,trade
광주각화,광주중앙청과,20250701,오이,백다다기(오이),21 kg 박스,,,,31000,,,,trade
광주각화,광주중앙청과,20250701,오이,백다다기(오이),21 kg 박스,,,,14000,,,,trade
광주각화,광주중앙청과,20250701,오이,백다다기(오이),21 kg 박스,,,,29000,,,,trade
광주각화,광주중앙청과,20250701,오이,백다다기(오이),21 kg 박스,,,,18000,,,,trade
광주각화,광주중앙청과,20250701,오이,백다다기(오이),21 kg 박스,,,,26000,,,,trade
광주각화,광주중앙청과,20250701,오이,백다다기(오이),21 kg 박스,,,,18000,,,,trade
광주각화,광주중앙청과,20250701,오이,백다다기(오이),21 kg 박스,,,,14000,,,,trade
광주각화,광주중앙청과,20250701,오이,백다다기(오이),21 kg 박스,,,,27000,,,,trade
광주각화,광주중앙청과,20250701,오이,백다다기(오이),21 kg 박스,,,,17000,,,,trade
광주각화,광주중앙청과,20250701,오이,백다다기(오이),21 kg 박스,,,,14000,,,,trade
광주각화,광주중앙청과,20250701,오이,백다다기(오이),21 kg 박스,,,,35000,,,,trade
광주각화,광주중앙청과,20250701,오이,백다다기(오이),21 kg 박스,,,,13000,,,,trade
광주각화,광주중앙청과,20250701,오이,백다다기(오이),21 kg 박스,,,,19000,,,,trade
광주각화,광주중앙청과,20250701,오이,백다다기(오이),21 kg 박스,,,,7000,,,,trade
광주각화,광주중앙청과,20250701,오이,백다다기(오이),21 kg 박스,,,,9000,,,,trade
광주각화,광주중앙청과,20250701,오이,백다다기(오이),21 kg 박스,,,,8000,,,,trade
광주각화,광주중앙청과,20250701,오이,백다다기(오이),21 kg 박스,,,,10000,,,,trade
광주각화,광주중앙청과,20250701,오이,백다다기(오이),21 kg 박스,,,,10000,,,,trade
광주각화,광주중앙청과,20250701,오이,백다다기(오이),21 kg 박스,,,,10000,,,,trade
광주각화,광주중앙청과,20250701,오이,백다다기(오이),21 kg 박스,,,,11000,,,,trade
광주각화,광주중앙청과,20250701,오이,백다다기(오이),21 kg 박스,,,,11000,,,,trade
광주각화,광주중앙청과,20250701,오이,백다다기(오이),21 kg 박스,,,,11000,,,,trade
광주각화,광주중앙청과,20250701,오이,백다다기(오이),21 kg 박스,,,,10000,,,,trade
광주각화,광주중앙청과,20250701,오이,백다다기(오이),21 kg 박스,,,,11000,,,,trade
광주각화,광주중앙청과,20250701,오이,백다다기(오이),21 kg 박스,,,,11000,,,,trade
광주각화,광주중앙청과,20250701,오이,백다다기(오이),21 kg 박스,,,,10000,,,,trade
광주각화,광주중앙청과,20250701,오이,백다다기(오이),21 kg 박스,,,,10000,,,,trade
광주각화,광주중앙청과,20250701,오이,백다다기(오이),21 kg 박스,,,,17000,,,,trade
광주각화,광주중앙청과,20250701,오이,백다다기(오이),21 kg 박스,,,,16000,,,,trade
광주각화,광주중앙청과,20250701,오이,백다다기(오이),21 kg 박스,,,,16000,,,,trade
광주각화,광주중앙청과,20250701,오이,백다다기(오이),21 kg 박스,,,,7000,,,,trade
광주각화,광주중앙청과,20250701,오이,백다다기(오이),21 kg 박스,,,,10000,,,,trade
광주각화,광주중앙청과,20250701,오이,백다다기(오이),21 kg 박스,,,,17000,,,,trade
광주각화,광주중앙청과,20250701,오이,백다다기(오이),21 kg 박스,,,,7000,,,,trade
광주각화,광주중앙청과,20250701,오이,백다다기(오이),21 kg 박스,,,,22000,,,,trade
광주각화,광주중앙청과,20250701,오이,백다다기(오이),21 kg 박스,,,,8000,,,,trade
광주각화,광주중앙청과,20250701,오이,백다다기(오이),21 kg 박스,,,,22000,,,,trade
광주각화,광주중앙청과,20250701,오이,백다다기(오이),21 kg 박스,,,,9000,,,,trade
광주각화,광주중앙청과,20250701,오이,백다다기(오이),21 kg 박스,,,,16000,,,,trade
광주각화,광주중앙청과,20250701,오이,백다다기(오이),21 kg 박스,,,,30000,,,,trade
광주각화,광주중앙청과,20250701,오이,백다다기(오이),21 kg 박스,,,,16000,,,,trade
광주각화,광주중앙청과,20250701,오이,백다다기(오이),21 kg 박스,,,,28000,,,,trade
광주각화,광주중앙청과,20250701,오이,백다다기(오이),21 kg 팰릿,,,,32000,,,,trade
광주각화,광주중앙청과,20250701,오이,백다다기(오이),21 kg 팰릿,,,,35000,,,,trade
광주각화,광주중앙청과,20250701,오이,백다다기(오이),8kg,,,,,2500,9000,8178,grade_agg
광주각화,광주중앙청과,20250701,오이,백다다기(오이),10kg,,,,,3000,24000,13892,grade_agg
광주각화,광주중앙청과,20250701,오이,백다다기(오이),15kg,,,,,4000,6000,5793,grade_agg
광주각화,광주중앙청과,20250701,오이,백다다기(오이),18kg,,,,,6000,26000,16689,grade_agg
광주각화,광주중앙청과,20250701,오이,백다다기(오이),21kg,,,,,7000,35000,23607,grade_agg
광주각화,광주중앙청과,20250703,오이,백다다기(오이),8 kg 비닐봉지,,,,11000,,,,trade
광주각화,광주중앙청과,20250703,오이,백다다기(오이),8 kg 비닐봉지,,,,11000,,,,trade
광주각화,광주중앙청과,20250703,오이,백다다기(오이),8 kg 비닐봉지,,,,11000,,,,trade
광주각화,광주중앙청과,20250703,오이,백다다기(오이),8 kg 비닐봉지,,,,10000,,,,trade
광주각화,광주중앙청과,20250703,오이,백다다기(오이),8 kg 비닐봉지,,,,6000,,,,trade
광주각화,광주중앙청과,20250703,오이,백다다기(오이),8 kg 비닐봉지,,,,5000,,,,trade
광주각화,광주중앙청과,20250703,오이,백다다기(오이),8 kg 비닐봉지,,,,9500,,,,trade
광주각화,광주중앙청과,20250703,오이,백다다기(오이),8 kg 비닐봉지,,,,8500,,,,trade
광주각화,광주중앙청과,20250703,오이,백다다기(오이),8 kg 팰릿,,,,11000,,,,trade
광주각화,광주중앙청과,20250703,오이,백다다기(오이),8 kg 팰릿,,,,11000,,,,trade
광주각화,광주중앙청과,20250703,오이,백다다기(오이),8 kg 팰릿,,,,11000,,,,trade
광주각화,광주중앙청과,20250703,오이,백다다기(오이),8 kg 팰릿,,,,7000,,,,trade
광주각화,광주중앙청과,20250703,오이,백다다기(오이),8 kg 팰릿,,,,10500,,,,trade
광주각화,광주중앙청과,20250703,오이,백다다기(오이),8 kg 팰릿,,,,9000,,,,trade
광주각화,광주중앙청과,20250703,오이,백다다기(오이),8 kg 팰릿,,,,11500,,,,trade
광주각화,광주중앙청과,20250703,오이,백다다기(오이),10 kg 박스,,,,14000,,,,trade
광주각화,광주중앙청과,20250703,오이,백다다기(오이),10 kg 박스,,,,12000,,,,trade
광주각화,광주중앙청과,20250703,오이,백다다기(오이),10 kg 박스,,,,14000,,,,trade
광주각화,광주중앙청과,20250703,오이,백다다기(오이),10 kg 박스,,,,4000,,,,trade
광주각화,광주중앙청과,20250703,오이,백다다기(오이),10 kg 박스,,,,3000,,,,trade
광주각화,광주중앙청과,20250703,오이,백다다기(오이),10 kg 박스,,,,9000,,,,trade
광주각화,광주중앙청과,20250703,오이,백다다기(오이),10 kg 박스,,,,15000,,,,trade
광주각화,광주중앙청과,20250703,오이,백다다기(오이),10 kg 박스,,,,14000,,,,trade
광주각화,광주중앙청과,20250703,오이,백다다기(오이),10 kg 박스,,,,15000,,,,trade
광주각화,광주중앙청과,20250703,오이,백다다기(오이),10 kg 박스,,,,13500,,,,trade
광주각화,광주중앙청과,20250703,오이,백다다기(오이),10 kg 박스,,,,15000,,,,trade
광주각화,광주중앙청과,20250703,오이,백다다기(오이),10 kg 박스,,,,13500,,,,trade
광주각화,광주중앙청과,20250703,오이,백다다기(오이),10 kg 박스,,,,12500,,,,trade
광주각화,광주중앙청과,20250703,오이,백다다기(오이),10 kg 박스,,,,20000,,,,trade
광주각화,광주중앙청과,20250703,오이,백다다기(오이),10 kg 박스,,,,5000,,,,trade
광주각화,광주중앙청과,20250703,오이,백다다기(오이),10 kg 박스,,,,16000,,,,trade
광주각화,광주중앙청과,20250703,오이,백다다기(오이),10 kg 박스,,,,3000,,,,trade
광주각화,광주중앙청과,20250703,오이,백다다기(오이),10 kg 박스,,,,13500,,,,trade
광주각화,광주중앙청과,20250703,오이,백다다기(오이),10 kg 박스,,,,4000,,,,trade
광주각화,광주중앙청과,20250703,오이,백다다기(오이),10 kg 박스,,,,11000,,,,trade
광주각화,광주중앙청과,20250703,오이,백다다기(오이),10 kg 박스,,,,5000,,,,trade
광주각화,광주중앙청과,20250703,오이,백다다기(오이),10 kg 박스,,,,14000,,,,trade
광주각화,광주중앙청과,20250703,오이,백다다기(오이),10 kg 박스,,,,16000,,,,trade
광주각화,광주중앙청과,20250703,오이,백다다기(오이),10 kg 박스,,,,16000,,,,trade
광주각화,광주중앙청과,20250703,오이,백다다기(오이),10 kg 박스,,,,11000,,,,trade
광주각화,광주중앙청과,20250703,오이,백다다기(오이),10 kg 박스,,,,10000,,,,trade
광주각화,광주중앙청과,20250703,오이,백다다기(오이),10 kg 박스,,,,6500,,,,trade
광주각화,광주중앙청과,20250703,오이,백다다기(오이),10 kg 박스,,,,14000,,,,trade
광주각화,광주중앙청과,20250703,오이,백다다기(오이),10 kg 박스,,,,4000,,,,trade
광주각화,광주중앙청과,20250703,오이,백다다기(오이),10 kg 박스,,,,11000,,,,trade
광주각화,광주중앙청과,20250703,오이,백다다기(오이),10 kg 박스,,,,9000,,,,trade
광주각화,광주중앙청과,20250703,오이,백다다기(오이),10 kg 박스,,,,4000,,,,trade
광주각화,광주중앙청과,20250703,오이,백다다기(오이),10 kg 박스,,,,15000,,,,trade
광주각화,광주중앙청과,20250703,오이,백다다기(오이),10 kg 박스,,,,6500,,,,trade
광주각화,광주중앙청과,20250703,오이,백다다기(오이),10 kg 박스,,,,16000,,,,trade
광주각화,광주중앙청과,20250703,오이,백다다기(오이),10 kg 박스,,,,6000,,,,trade
광주각화,광주중앙청과,20250703,오이,백다다기(오이),10 kg 박스,,,,16000,,,,trade
광주각화,광주중앙청과,20250703,오이,백다다기(오이),10 kg 박스,,,,15000,,,,trade
광주각화,광주중앙청과,20250703,오이,백다다기(오이),10 kg 박스,,,,15000,,,,trade
광주각화,광주중앙청과,20250703,오이,백다다기(오이),10 kg 박스,,,,11000,,,,trade
광주각화,광주중앙청과,20250703,오이,백다다기(오이),10 kg 박스,,,,15000,,,,trade
광주각화,광주중앙청과,20250703,오이,백다다기(오이),10 kg 박스,,,,17000,,,,trade
광주각화,광주중앙청과,20250703,오이,백다다기(오이),10 kg 박스,,,,19000,,,,trade
광주각화,광주중앙청과,20250703,오이,백다다기(오이),10 kg 박스,,,,15500,,,,trade
광주각화,광주중앙청과,20250703,오이,백다다기(오이),10 kg 박스,,,,11000,,,,trade
광주각화,광주중앙청과,20250703,오이,백다다기(오이),10 kg 박스,,,,17000,,,,trade
광주각화,광주중앙청과,20250703,오이,백다다기(오이),10 kg 박스,,,,16000,,,,trade
광주각화,광주중앙청과,20250703,오이,백다다기(오이),10 kg 박스,,,,14000,,,,trade
광주각화,광주중앙청과,20250703,오이,백다다기(오이),10 kg 박스,,,,11000,,,,trade
광주각화,광주중앙청과,20250703,오이,백다다기(오이),10 kg 박스,,,,14000,,,,trade
광주각화,광주중앙청과,20250703,오이,백다다기(오이),10 kg 박스,,,,20000,,,,trade
광주각화,광주중앙청과,20250703,오이,백다다기(오이),10 kg 박스,,,,18000,,,,trade
광주각화,광주중앙청과,20250703,오이,백다다기(오이),10 kg 박스,,,,10000,,,,trade
광주각화,광주중앙청과,20250703,오이,백다다기(오이),10 kg 박스,,,,14000,,,,trade
광주각화,광주중앙청과,20250703,오이,백다다기(오이),10 kg 박스,,,,10000,,,,trade
광주각화,광주중앙청과,20250703,오이,백다다기(오이),10 kg 박스,,,,10500,,,,trade
광주각화,광주중앙청과,20250703,오이,백다다기(오이),10 kg 박스,,,,7000,,,,trade
광주각화,광주중앙청과,20250703,오이,백다다기(오이),10 kg 박스,,,,12000,,,,trade
광주각화,광주중앙청과,20250703,오이,백다다기(오이),10 kg 박스,,,,5000,,,,trade
광주각화,광주중앙청과,20250703,오이,백다다기(오이),10 kg 박스,,,,15000,,,,trade
광주각화,광주중앙청과,20250703,오이,백다다기(오이),10 kg 박스,,,,6500,,,,trade
광주각화,광주중앙청과,20250703,오이,백다다기(오이),10 kg 박스,,,,5000,,,,trade
광주각화,광주중앙청과,20250703,오이,백다다기(오이),10 kg 박스,,,,14000,,,,trade
광주각화,광주중앙청과,20250703,오이,백다다기(오이),10 kg 박스,,,,9000,,,,trade
광주각화,광주중앙청과,20250703,오이,백다다기(오이),10 kg 박스,,,,2000,,,,trade
광주각화,광주중앙청과,20250703,오이,백다다기(오이),10 kg 박스,,,,9000,,,,trade
광주각화,광주중앙청과,20250703,오이,백다다기(오이),10 kg 박스,,,,4000,,,,trade
광주각화,광주중앙청과,20250703,오이,백다다기(오이),10 kg 박스,,,,13500,,,,trade
광주각화,광주중앙청과,20250703,오이,백다다기(오이),10 kg 박스,,,,6000,,,,trade
광주각화,광주중앙청과,20250703,오이,백다다기(오이),10 kg 박스,,,,6000,,,,trade
광주각화,광주중앙청과,20250703,오이,백다다기(오이),10 kg 박스,,,,6000,,,,trade
광주각화,광주중앙청과,20250703,오이,백다다기(오이),10 kg 박스,,,,6000,,,,trade
광주각화,광주중앙청과,20250703,오이,백다다기(오이),10 kg 박스,,,,6000,,,,trade
광주각화,광주중앙청과,20250703,오이,백다다기(오이),10 kg 박스,,,,5000,,,,trade
광주각화,광주중앙청과,20250703,오이,백다다기(오이),10 kg 박스,,,,5000,,,,trade
광주각화,광주중앙청과,20250703,오이,백다다기(오이),10 kg 박스,,,,6000,,,,trade
광주각화,광주중앙청과,20250703,오이,백다다기(오이),10 kg 박스,,,,6000,,,,trade
광주각화,광주중앙청과,20250703,오이,백다다기(오이),10 kg 박스,,,,9000,,,,trade
광주각화,광주중앙청과,20250703,오이,백다다기(오이),10 kg 박스,,,,5500,,,,trade
광주각화,광주중앙청과,20250703,오이,백다다기(오이),10 kg 박스,,,,14000,,,,trade
광주각화,광주중앙청과,20250703,오이,백다다기(오이),10 kg 박스,,,,14000,,,,trade
광주각화,광주중앙청과,20250703,오이,백다다기(오이),10 kg 박스,,,,10000,,,,trade
광주각화,광주중앙청과,20250703,오이,백다다기(오이),10 kg 박스,,,,10000,,,,trade
광주각화,광주중앙청과,20250703,오이,백다다기(오이),10 kg 박스,,,,15000,,,,trade
광주각화,광주중앙청과,20250703,오이,백다다기(오이),10 kg 박스,,,,14000,,,,trade
광주각화,광주중앙청과,20250703,오이,백다다기(오이),10 kg 박스,,,,4000,,,,trade
광주각화,광주중앙청과,20250703,오이,백다다기(오이),10 kg 박스,,,,16000,,,,trade
광주각화,광주중앙청과,20250703,오이,백다다기(오이),10 kg 박스,,,,19000,,,,trade
광주각화,광주중앙청과,20250703,오이,백다다기(오이),10 kg 박스,,,,6000,,,,trade
광주각화,광주중앙청과,20250703,오이,백다다기(오이),10 kg 박스,,,,9000,,,,trade
광주각화,광주중앙청과,20250703,오이,백다다기(오이),10 kg 박스,,,,12500,,,,trade
광주각화,광주중앙청과,20250703,오이,백다다기(오이),10 kg 박스,,,,18000,,,,trade
광주각화,광주중앙청과,20250703,오이,백다다기(오이),10 kg 박스,,,,7000,,,,trade
광주각화,광주중앙청과,20250703,오이,백다다기(오이),10 kg 박스,,,,16000,,,,trade
광주각화,광주중앙청과,20250703,오이,백다다기(오이),10 kg 박스,,,,18500,,,,trade
광주각화,광주중앙청과,20250703,오이,백다다기(오이),10 kg 박스,,,,18000,,,,trade
광주각화,광주중앙청과,20250703,오이,백다다기(오이),10 kg 박스,,,,21000,,,,trade
광주각화,광주중앙청과,20250703,오이,백다다기(오이),10 kg 박스,,,,11000,,,,trade
광주각화,광주중앙청과,20250703,오이,백다다기(오이),10 kg 박스,,,,10000,,,,trade
광주각화,광주중앙청과,20250703,오이,백다다기(오이),10 kg 박스,,,,5500,,,,trade
광주각화,광주중앙청과,20250703,오이,백다다기(오이),10 kg 박스,,,,10000,,,,trade
광주각화,광주중앙청과,20250703,오이,백다다기(오이),10 kg 박스,,,,17000,,,,trade
광주각화,광주중앙청과,20250703,오이,백다다기(오이),10 kg 박스,,,,6000,,,,trade
광주각화,광주중앙청과,20250703,오이,백다다기(오이),10 kg 박스,,,,5000,,,,trade
광주각화,광주중앙청과,20250703,오이,백다다기(오이),10 kg 박스,,,,11000,,,,trade
광주각화,광주중앙청과,20250703,오이,백다다기(오이),10 kg 박스,,,,5000,,,,trade
광주각화,광주중앙청과,20250703,오이,백다다기(오이),10 kg 박스,,,,17000,,,,trade
광주각화,광주중앙청과,20250703,오이,백다다기(오이),10 kg 박스,,,,22000,,,,trade
광주각화,광주중앙청과,20250703,오이,백다다기(오이),10 kg 박스,,,,20000,,,,trade
광주각화,광주중앙청과,20250703,오이,백다다기(오이),10 kg 박스,,,,7000,,,,trade
광주각화,광주중앙청과,20250703,오이,백다다기(오이),10 kg 박스,,,,10000,,,,trade
광주각화,광주중앙청과,20250703,오이,백다다기(오이),10 kg 박스,,,,19000,,,,trade
광주각화,광주중앙청과,20250703,오이,백다다기(오이),10 kg 박스,,,,7500,,,,trade
광주각화,광주중앙청과,20250703,오이,백다다기(오이),10 kg 박스,,,,13500,,,,trade
광주각화,광주중앙청과,20250703,오이,백다다기(오이),10 kg 박스,,,,7000,,,,trade
광주각화,광주중앙청과,20250703,오이,백다다기(오이),10 kg 박스,,,,12500,,,,trade
광주각화,광주중앙청과,20250703,오이,백다다기(오이),10 kg 박스,,,,7000,,,,trade
광주각화,광주중앙청과,20250703,오이,백다다기(오이),10 kg 박스,,,,12500,,,,trade
광주각화,광주중앙청과,20250703,오이,백다다기(오이),10 kg 박스,,,,7000,,,,trade
광주각화,광주중앙청과,20250703,오이,백다다기(오이),10 kg 박스,,,,13500,,,,trade
광주각화,광주중앙청과,20250703,오이,백다다기(오이),10 kg 박스,,,,7000,,,,trade
광주각화,광주중앙청과,20250703,오이,백다다기(오이),10 kg 박스,,,,12500,,,,trade
광주각화,광주중앙청과,20250703,오이,백다다기(오이),10 kg 박스,,,,13500,,,,trade
광주각화,광주중앙청과,20250703,오이,백다다기(오이),10 kg 박스,,,,2000,,,,trade
광주각화,광주중앙청과,20250703,오이,백다다기(오이),10 kg 박스,,,,6500,,,,trade
광주각화,광주중앙청과,20250703,오이,백다다기(오이),10 kg 박스,,,,12000,,,,trade
광주각화,광주중앙청과,20250703,오이,백다다기(오이),10 kg 박스,,,,13000,,,,trade
광주각화,광주중앙청과,20250703,오이,백다다기(오이),10 kg 박스,,,,2500,,,,trade
광주각화,광주중앙청과,20250703,오이,백다다기(오이),10 kg 박스,,,,9000,,,,trade
광주각화,광주중앙청과,20250703,오이,백다다기(오이),10 kg 박스,,,,3000,,,,trade
광주각화,광주중앙청과,20250703,오이,백다다기(오이),10 kg 박스,,,,11000,,,,trade
광주각화,광주중앙청과,20250703,오이,백다다기(오이),10 kg 박스,,,,5000,,,,trade
광주각화,광주중앙청과,20250703,오이,백다다기(오이),10 kg 박스,,,,9500,,,,trade
광주각화,광주중앙청과,20250703,오이,백다다기(오이),10 kg 박스,,,,13500,,,,trade
광주각화,광주중앙청과,20250703,오이,백다다기(오이),10 kg 박스,,,,2000,,,,trade
광주각화,광주중앙청과,20250703,오이,백다다기(오이),10 kg 박스,,,,6000,,,,trade
광주각화,광주중앙청과,20250703,오이,백다다기(오이),10 kg 박스,,,,15000,,,,trade
광주각화,광주중앙청과,20250703,오이,백다다기(오이),10 kg 박스,,,,20000,,,,trade
광주각화,광주중앙청과,20250703,오이,백다다기(오이),10 kg 박스,,,,14000,,,,trade
광주각화,광주중앙청과,20250703,오이,백다다기(오이),15 kg 비닐봉지,,,,4000,,,,trade
광주각화,광주중앙청과,20250703,오이,백다다기(오이),15 kg 비닐봉지,,,,4000,,,,trade
광주각화,광주중앙청과,20250703,오이,백다다기(오이),15 kg 비닐봉지,,,,4000,,,,trade
광주각화,광주중앙청과,20250703,오이,백다다기(오이),15 kg 비닐봉지,,,,4000,,,,trade
광주각화,광주중앙청과,20250703,오이,백다다기(오이),15 kg 비닐봉지,,,,4000,,,,trade
광주각화,광주중앙청과,20250703,오이,백다다기(오이),15 kg 비닐봉지,,,,3000,,,,trade
광주각화,광주중앙청과,20250703,오이,백다다기(오이),15 kg 비닐봉지,,,,4000,,,,trade
광주각화,광주중앙청과,20250703,오이,백다다기(오이),15 kg 비닐봉지,,,,2000,,,,trade
광주각화,광주중앙청과,20250703,오이,백다다기(오이),15 kg 비닐봉지,,,,3000,,,,trade
광주각화,광주중앙청과,20250703,오이,백다다기(오이),18 kg 박스,,,,20000,,,,trade
광주각화,광주중앙청과,20250703,오이,백다다기(오이),18 kg 박스,,,,5000,,,,trade
광주각화,광주중앙청과,20250703,오이,백다다기(오이),18 kg 박스,,,,12000,,,,trade
광주각화,광주중앙청과,20250703,오이,백다다기(오이),18 kg 박스,,,,11000,,,,trade
광주각화,광주중앙청과,20250703,오이,백다다기(오이),18 kg 박스,,,,11000,,,,trade
광주각화,광주중앙청과,20250703,오이,백다다기(오이),18 kg 박스,,,,9000,,,,trade
광주각화,광주중앙청과,20250703,오이,백다다기(오이),18 kg 박스,,,,13000,,,,trade
광주각화,광주중앙청과,20250703,오이,백다다기(오이),18 kg 박스,,,,10000,,,,trade
광주각화,광주중앙청과,20250703,오이,백다다기(오이),18 kg 박스,,,,13000,,,,trade
광주각화,광주중앙청과,20250703,오이,백다다기(오이),18 kg 박스,,,,6000,,,,trade
광주각화,광주중앙청과,20250703,오이,백다다기(오이),18 kg 박스,,,,11000,,,,trade
광주각화,광주중앙청과,20250703,오이,백다다기(오이),18 kg 박스,,,,8000,,,,trade
광주각화,광주중앙청과,20250703,오이,백다다기(오이),18 kg 박스,,,,6000,,,,trade
광주각화,광주중앙청과,20250703,오이,백다다기(오이),18 kg 박스,,,,11000,,,,trade
광주각화,광주중앙청과,20250703,오이,백다다기(오이),18 kg 박스,,,,13000,,,,trade
광주각화,광주중앙청과,20250703,오이,백다다기(오이),18 kg 박스,,,,5000,,,,trade
광주각화,광주중앙청과,20250703,오이,백다다기(오이),18 kg 박스,,,,6000,,,,trade
광주각화,광주중앙청과,20250703,오이,백다다기(오이),18 kg 박스,,,,5000,,,,trade
광주각화,광주중앙청과,20250703,오이,백다다기(오이),18 kg 박스,,,,13000,,,,trade
광주각화,광주중앙청과,20250703,오이,백다다기(오이),18 kg 박스,,,,11000,,,,trade
광주각화,광주중앙청과,20250703,오이,백다다기(오이),18 kg 박스,,,,11000,,,,trade
광주각화,광주중앙청과,20250703,오이,백다다기(오이),18 kg 박스,,,,13000,,,,trade
광주각화,광주중앙청과,20250703,오이,백다다기(오이),18 kg 박스,,,,10000,,,,trade
광주각화,광주중앙청과,20250703,오이,백다다기(오이),18 kg 박스,,,,12000,,,,trade
광주각화,광주중앙청과,20250703,오이,백다다기(오이),18 kg 박스,,,,31000,,,,trade
광주각화,광주중앙청과,20250703,오이,백다다기(오이),18 kg 박스,,,,37000,,,,trade
광주각화,광주중앙청과,20250703,오이,백다다기(오이),18 kg 박스,,,,4000,,,,trade
광주각화,광주중앙청과,20250703,오이,백다다기(오이),18 kg 박스,,,,3000,,,,trade
광주각화,광주중앙청과,20250703,오이,백다다기(오이),18 kg 박스,,,,9000,,,,trade
광주각화,광주중앙청과,20250703,오이,백다다기(오이),18 kg 박스,,,,11000,,,,trade
광주각화,광주중앙청과,20250703,오이,백다다기(오이),21 kg 박스,,,,18000,,,,trade
광주각화,광주중앙청과,20250703,오이,백다다기(오이),21 kg 박스,,,,4000,,,,trade
광주각화,광주중앙청과,20250703,오이,백다다기(오이),21 kg 박스,,,,12000,,,,trade
광주각화,광주중앙청과,20250703,오이,백다다기(오이),21 kg 박스,,,,22000,,,,trade
광주각화,광주중앙청과,20250703,오이,백다다기(오이),21 kg 박스,,,,13000,,,,trade
광주각화,광주중앙청과,20250703,오이,백다다기(오이),21 kg 박스,,,,6000,,,,trade
광주각화,광주중앙청과,20250703,오이,백다다기(오이),21 kg 박스,,,,9000,,,,trade
광주각화,광주중앙청과,20250703,오이,백다다기(오이),21 kg 박스,,,,7000,,,,trade
광주각화,광주중앙청과,20250703,오이,백다다기(오이),21 kg 박스,,,,16000,,,,trade
광주각화,광주중앙청과,20250703,오이,백다다기(오이),21 kg 박스,,,,22000,,,,trade
광주각화,광주중앙청과,20250703,오이,백다다기(오이),21 kg 박스,,,,5000,,,,trade
광주각화,광주중앙청과,20250703,오이,백다다기(오이),21 kg 박스,,,,28000,,,,trade
광주각화,광주중앙청과,20250703,오이,백다다기(오이),21 kg 박스,,,,24000,,,,trade
광주각화,광주중앙청과,20250703,오이,백다다기(오이),21 kg 박스,,,,13000,,,,trade
광주각화,광주중앙청과,20250703,오이,백다다기(오이),21 kg 박스,,,,5000,,,,trade
광주각화,광주중앙청과,20250703,오이,백다다기(오이),21 kg 박스,,,,18000,,,,trade
광주각화,광주중앙청과,20250703,오이,백다다기(오이),21 kg 박스,,,,6000,,,,trade
광주각화,광주중앙청과,20250703,오이,백다다기(오이),21 kg 박스,,,,19000,,,,trade
광주각화,광주중앙청과,20250703,오이,백다다기(오이),21 kg 박스,,,,12000,,,,trade
광주각화,광주중앙청과,20250703,오이,백다다기(오이),21 kg 박스,,,,26000,,,,trade
광주각화,광주중앙청과,20250703,오이,백다다기(오이),21 kg 박스,,,,6000,,,,trade
광주각화,광주중앙청과,20250703,오이,백다다기(오이),21 kg 박스,,,,7000,,,,trade
광주각화,광주중앙청과,20250703,오이,백다다기(오이),21 kg 박스,,,,19000,,,,trade
광주각화,광주중앙청과,20250703,오이,백다다기(오이),21 kg 박스,,,,6000,,,,trade
광주각화,광주중앙청과,20250703,오이,백다다기(오이),21 kg 박스,,,,14000,,,,trade
광주각화,광주중앙청과,20250703,오이,백다다기(오이),21 kg 박스,,,,11000,,,,trade
광주각화,광주중앙청과,20250703,오이,백다다기(오이),21 kg 박스,,,,20000,,,,trade
광주각화,광주중앙청과,20250703,오이,백다다기(오이),21 kg 박스,,,,28000,,,,trade
광주각화,광주중앙청과,20250703,오이,백다다기(오이),21 kg 박스,,,,22000,,,,trade
광주각화,광주중앙청과,20250703,오이,백다다기(오이),21 kg 박스,,,,21000,,,,trade
광주각화,광주중앙청과,20250703,오이,백다다기(오이),21 kg 박스,,,,12000,,,,trade
광주각화,광주중앙청과,20250703,오이,백다다기(오이),21 kg 박스,,,,8000,,,,trade
광주각화,광주중앙청과,20250703,오이,백다다기(오이),21 kg 박스,,,,27000,,,,trade
광주각화,광주중앙청과,20250703,오이,백다다기(오이),21 kg 박스,,,,6000,,,,trade
광주각화,광주중앙청과,20250703,오이,백다다기(오이),21 kg 박스,,,,23000,,,,trade
광주각화,광주중앙청과,20250703,오이,백다다기(오이),21 kg 박스,,,,10000,,,,trade
광주각화,광주중앙청과,20250703,오이,백다다기(오이),21 kg 박스,,,,5000,,,,trade
광주각화,광주중앙청과,20250703,오이,백다다기(오이),21 kg 박스,,,,19000,,,,trade
광주각화,광주중앙청과,20250703,오이,백다다기(오이),21 kg 박스,,,,3000,,,,trade
광주각화,광주중앙청과,20250703,오이,백다다기(오이),21 kg 박스,,,,16000,,,,trade
광주각화,광주중앙청과,20250703,오이,백다다기(오이),21 kg 박스,,,,24000,,,,trade
광주각화,광주중앙청과,20250703,오이,백다다기(오이),21 kg 박스,,,,20000,,,,trade
광주각화,광주중앙청과,20250703,오이,백다다기(오이),21 kg 박스,,,,9000,,,,trade
광주각화,광주중앙청과,20250703,오이,백다다기(오이),21 kg 박스,,,,6000,,,,trade
광주각화,광주중앙청과,20250703,오이,백다다기(오이),21 kg 박스,,,,6000,,,,trade
광주각화,광주중앙청과,20250703,오이,백다다기(오이),21 kg 박스,,,,5000,,,,trade
광주각화,광주중앙청과,20250703,오이,백다다기(오이),21 kg 박스,,,,11000,,,,trade
광주각화,광주중앙청과,20250703,오이,백다다기(오이),21 kg 박스,,,,19000,,,,trade
광주각화,광주중앙청과,20250703,오이,백다다기(오이),21 kg 팰릿,,,,26000,,,,trade
광주각화,광주중앙청과,20250703,오이,백다다기(오이),21 kg 팰릿,,,,20000,,,,trade
광주각화,광주중앙청과,20250703,오이,백다다기(오이),8kg,,,,,5000,11500,9888,grade_agg
광주각화,광주중앙청과,20250703,오이,백다다기(오이),10kg,,,,,2000,22000,13468,grade_agg
광주각화,광주중앙청과,20250703,오이,백다다기(오이),15kg,,,,,2000,4000,3533,grade_agg
광주각화,광주중앙청과,20250703,오이,백다다기(오이),18kg,,,,,3000,37000,13229,grade_agg
광주각화,광주중앙청과,20250703,오이,백다다기(오이),21kg,,,,,3000,28000,19223,grade_agg
광주각화,광주중앙청과,20250708,오이,백다다기(오이),8 kg 비닐봉지,,,,3000,,,,trade
광주각화,광주중앙청과,20250708,오이,백다다기(오이),8 kg 비닐봉지,,,,11000,,,,trade
광주각화,광주중앙청과,20250708,오이,백다다기(오이),8 kg 비닐봉지,,,,11500,,,,trade
광주각화,광주중앙청과,20250708,오이,백다다기(오이),8 kg 비닐봉지,,,,5000,,,,trade
광주각화,광주중앙청과,20250708,오이,백다다기(오이),8 kg 비닐봉지,,,,12000,,,,trade
광주각화,광주중앙청과,20250708,오이,백다다기(오이),8 kg 비닐봉지,,,,12000,,,,trade
광주각화,광주중앙청과,20250708,오이,백다다기(오이),8 kg 비닐봉지,,,,11000,,,,trade
광주각화,광주중앙청과,20250708,오이,백다다기(오이),8 kg 비닐봉지,,,,12000,,,,trade
광주각화,광주중앙청과,20250708,오이,백다다기(오이),8 kg 비닐봉지,,,,11500,,,,trade
광주각화,광주중앙청과,20250708,오이,백다다기(오이),8 kg 비닐봉지,,,,6000,,,,trade
광주각화,광주중앙청과,20250708,오이,백다다기(오이),8 kg 비닐봉지,,,,11500,,,,trade
광주각화,광주중앙청과,20250708,오이,백다다기(오이),8 kg 비닐봉지,,,,11000,,,,trade
광주각화,광주중앙청과,20250708,오이,백다다기(오이),8 kg 비닐봉지,,,,12000,,,,trade
광주각화,광주중앙청과,20250708,오이,백다다기(오이),10 kg 박스,,,,13000,,,,trade
광주각화,광주중앙청과,20250708,오이,백다다기(오이),10 kg 박스,,,,4500,,,,trade
광주각화,광주중앙청과,20250708,오이,백다다기(오이),10 kg 박스,,,,19500,,,,trade
광주각화,광주중앙청과,20250708,오이,백다다기(오이),10 kg 박스,,,,18000,,,,trade
광주각화,광주중앙청과,20250708,오이,백다다기(오이),10 kg 박스,,,,15000,,,,trade
광주각화,광주중앙청과,20250708,오이,백다다기(오이),10 kg 박스,,,,1000,,,,trade
광주각화,광주중앙청과,20250708,오이,백다다기(오이),10 kg 박스,,,,3000,,,,trade
광주각화,광주중앙청과,20250708,오이,백다다기(오이),10 kg 박스,,,,12000,,,,trade
광주각화,광주중앙청과,20250708,오이,백다다기(오이),10 kg 박스,,,,20000,,,,trade
광주각화,광주중앙청과,20250708,오이,백다다기(오이),10 kg 박스,,,,3000,,,,trade
광주각화,광주중앙청과,20250708,오이,백다다기(오이),10 kg 박스,,,,14000,,,,trade
광주각화,광주중앙청과,20250708,오이,백다다기(오이),10 kg 박스,,,,11000,,,,trade
광주각화,광주중앙청과,20250708,오이,백다다기(오이),10 kg 박스,,,,19000,,,,trade
광주각화,광주중앙청과,20250708,오이,백다다기(오이),10 kg 박스,,,,8000,,,,trade
광주각화,광주중앙청과,20250708,오이,백다다기(오이),10 kg 박스,,,,17000,,,,trade
광주각화,광주중앙청과,20250708,오이,백다다기(오이),10 kg 박스,,,,5000,,,,trade
광주각화,광주중앙청과,20250708,오이,백다다기(오이),10 kg 박스,,,,8500,,,,trade
광주각화,광주중앙청과,20250708,오이,백다다기(오이),10 kg 박스,,,,7000,,,,trade
광주각화,광주중앙청과,20250708,오이,백다다기(오이),10 kg 박스,,,,24000,,,,trade
광주각화,광주중앙청과,20250708,오이,백다다기(오이),10 kg 박스,,,,20000,,,,trade
광주각화,광주중앙청과,20250708,오이,백다다기(오이),10 kg 박스,,,,21000,,,,trade
광주각화,광주중앙청과,20250708,오이,백다다기(오이),10 kg 박스,,,,23000,,,,trade
광주각화,광주중앙청과,20250708,오이,백다다기(오이),10 kg 박스,,,,27000,,,,trade
광주각화,광주중앙청과,20250708,오이,백다다기(오이),10 kg 박스,,,,23000,,,,trade
광주각화,광주중앙청과,20250708,오이,백다다기(오이),10 kg 박스,,,,20000,,,,trade
광주각화,광주중앙청과,20250708,오이,백다다기(오이),10 kg 박스,,,,26000,,,,trade
광주각화,광주중앙청과,20250708,오이,백다다기(오이),10 kg 박스,,,,22000,,,,trade
광주각화,광주중앙청과,20250708,오이,백다다기(오이),10 kg 박스,,,,24000,,,,trade
광주각화,광주중앙청과,20250708,오이,백다다기(오이),10 kg 박스,,,,25000,,,,trade
광주각화,광주중앙청과,20250708,오이,백다다기(오이),10 kg 박스,,,,16000,,,,trade
광주각화,광주중앙청과,20250708,오이,백다다기(오이),10 kg 박스,,,,24000,,,,trade
광주각화,광주중앙청과,20250708,오이,백다다기(오이),10 kg 박스,,,,21000,,,,trade
광주각화,광주중앙청과,20250708,오이,백다다기(오이),10 kg 박스,,,,24000,,,,trade
광주각화,광주중앙청과,20250708,오이,백다다기(오이),10 kg 박스,,,,24000,,,,trade
광주각화,광주중앙청과,20250708,오이,백다다기(오이),10 kg 박스,,,,23000,,,,trade
광주각화,광주중앙청과,20250708,오이,백다다기(오이),10 kg 박스,,,,18500,,,,trade
광주각화,광주중앙청과,20250708,오이,백다다기(오이),10 kg 박스,,,,8000,,,,trade
광주각화,광주중앙청과,20250708,오이,백다다기(오이),10 kg 박스,,,,18000,,,,trade
광주각화,광주중앙청과,20250708,오이,백다다기(오이),10 kg 박스,,,,5000,,,,trade
광주각화,광주중앙청과,20250708,오이,백다다기(오이),10 kg 박스,,,,20000,,,,trade
광주각화,광주중앙청과,20250708,오이,백다다기(오이),10 kg 박스,,,,4000,,,,trade
광주각화,광주중앙청과,20250708,오이,백다다기(오이),10 kg 박스,,,,18000,,,,trade
광주각화,광주중앙청과,20250708,오이,백다다기(오이),10 kg 박스,,,,8000,,,,trade
광주각화,광주중앙청과,20250708,오이,백다다기(오이),10 kg 박스,,,,21500,,,,trade
광주각화,광주중앙청과,20250708,오이,백다다기(오이),10 kg 박스,,,,6000,,,,trade
광주각화,광주중앙청과,20250708,오이,백다다기(오이),10 kg 박스,,,,20000,,,,trade
광주각화,광주중앙청과,20250708,오이,백다다기(오이),10 kg 박스,,,,5000,,,,trade
광주각화,광주중앙청과,20250708,오이,백다다기(오이),10 kg 박스,,,,20000,,,,trade
광주각화,광주중앙청과,20250708,오이,백다다기(오이),10 kg 박스,,,,23000,,,,trade
광주각화,광주중앙청과,20250708,오이,백다다기(오이),10 kg 박스,,,,17000,,,,trade
광주각화,광주중앙청과,20250708,오이,백다다기(오이),10 kg 박스,,,,21000,,,,trade
광주각화,광주중앙청과,20250708,오이,백다다기(오이),10 kg 박스,,,,19000,,,,trade
광주각화,광주중앙청과,20250708,오이,백다다기(오이),10 kg 박스,,,,20000,,,,trade
광주각화,광주중앙청과,20250708,오이,백다다기(오이),10 kg 박스,,,,22000,,,,trade
광주각화,광주중앙청과,20250708,오이,백다다기(오이),10 kg 박스,,,,23500,,,,trade
광주각화,광주중앙청과,20250708,오이,백다다기(오이),10 kg 박스,,,,25500,,,,trade
광주각화,광주중앙청과,20250708,오이,백다다기(오이),10 kg 박스,,,,24000,,,,trade
광주각화,광주중앙청과,20250708,오이,백다다기(오이),10 kg 박스,,,,15000,,,,trade
광주각화,광주중앙청과,20250708,오이,백다다기(오이),10 kg 박스,,,,13000,,,,trade
광주각화,광주중앙청과,20250708,오이,백다다기(오이),10 kg 박스,,,,7000,,,,trade
광주각화,광주중앙청과,20250708,오이,백다다기(오이),10 kg 박스,,,,18500,,,,trade
광주각화,광주중앙청과,20250708,오이,백다다기(오이),10 kg 박스,,,,5000,,,,trade
광주각화,광주중앙청과,20250708,오이,백다다기(오이),10 kg 박스,,,,17000,,,,trade
광주각화,광주중앙청과,20250708,오이,백다다기(오이),10 kg 박스,,,,5000,,,,trade
광주각화,광주중앙청과,20250708,오이,백다다기(오이),10 kg 박스,,,,20000,,,,trade
광주각화,광주중앙청과,20250708,오이,백다다기(오이),10 kg 박스,,,,15000,,,,trade
광주각화,광주중앙청과,20250708,오이,백다다기(오이),10 kg 박스,,,,17000,,,,trade
광주각화,광주중앙청과,20250708,오이,백다다기(오이),10 kg 박스,,,,18500,,,,trade
광주각화,광주중앙청과,20250708,오이,백다다기(오이),10 kg 박스,,,,18500,,,,trade
광주각화,광주중앙청과,20250708,오이,백다다기(오이),10 kg 박스,,,,5000,,,,trade
광주각화,광주중앙청과,20250708,오이,백다다기(오이),10 kg 박스,,,,17000,,,,trade
광주각화,광주중앙청과,20250708,오이,백다다기(오이),10 kg 박스,,,,22500,,,,trade
광주각화,광주중앙청과,20250708,오이,백다다기(오이),10 kg 박스,,,,10500,,,,trade
광주각화,광주중앙청과,20250708,오이,백다다기(오이),10 kg 박스,,,,21000,,,,trade
광주각화,광주중앙청과,20250708,오이,백다다기(오이),10 kg 박스,,,,10000,,,,trade
광주각화,광주중앙청과,20250708,오이,백다다기(오이),10 kg 박스,,,,20000,,,,trade
광주각화,광주중앙청과,20250708,오이,백다다기(오이),10 kg 박스,,,,18500,,,,trade
광주각화,광주중앙청과,20250708,오이,백다다기(오이),10 kg 박스,,,,18500,,,,trade
광주각화,광주중앙청과,20250708,오이,백다다기(오이),10 kg 박스,,,,14000,,,,trade
광주각화,광주중앙청과,20250708,오이,백다다기(오이),10 kg 박스,,,,14000,,,,trade
광주각화,광주중앙청과,20250708,오이,백다다기(오이),10 kg 박스,,,,8000,,,,trade
광주각화,광주중앙청과,20250708,오이,백다다기(오이),10 kg 박스,,,,21500,,,,trade
광주각화,광주중앙청과,20250708,오이,백다다기(오이),10 kg 박스,,,,13000,,,,trade
광주각화,광주중앙청과,20250708,오이,백다다기(오이),10 kg 박스,,,,28000,,,,trade
광주각화,광주중앙청과,20250708,오이,백다다기(오이),10 kg 박스,,,,10000,,,,trade
광주각화,광주중앙청과,20250708,오이,백다다기(오이),10 kg 박스,,,,24000,,,,trade
광주각화,광주중앙청과,20250708,오이,백다다기(오이),10 kg 박스,,,,21500,,,,trade
광주각화,광주중앙청과,20250708,오이,백다다기(오이),10 kg 박스,,,,23000,,,,trade
광주각화,광주중앙청과,20250708,오이,백다다기(오이),10 kg 박스,,,,11500,,,,trade
광주각화,광주중앙청과,20250708,오이,백다다기(오이),10 kg 박스,,,,24500,,,,trade
광주각화,광주중앙청과,20250708,오이,백다다기(오이),10 kg 박스,,,,11000,,,,trade
광주각화,광주중앙청과,20250708,오이,백다다기(오이),10 kg 박스,,,,16000,,,,trade
광주각화,광주중앙청과,20250708,오이,백다다기(오이),10 kg 박스,,,,23500,,,,trade
광주각화,광주중앙청과,20250708,오이,백다다기(오이),10 kg 박스,,,,7000,,,,trade
광주각화,광주중앙청과,20250708,오이,백다다기(오이),10 kg 박스,,,,21000,,,,trade
광주각화,광주중앙청과,20250708,오이,백다다기(오이),10 kg 박스,,,,26000,,,,trade
광주각화,광주중앙청과,20250708,오이,백다다기(오이),10 kg 박스,,,,14000,,,,trade
광주각화,광주중앙청과,20250708,오이,백다다기(오이),10 kg 박스,,,,16500,,,,trade
광주각화,광주중앙청과,20250708,오이,백다다기(오이),10 kg 박스,,,,21000,,,,trade
광주각화,광주중앙청과,20250708,오이,백다다기(오이),10 kg 박스,,,,24000,,,,trade
광주각화,광주중앙청과,20250708,오이,백다다기(오이),10 kg 박스,,,,21000,,,,trade
광주각화,광주중앙청과,20250708,오이,백다다기(오이),10 kg 박스,,,,16000,,,,trade
광주각화,광주중앙청과,20250708,오이,백다다기(오이),10 kg 박스,,,,30000,,,,trade
광주각화,광주중앙청과,20250708,오이,백다다기(오이),10 kg 박스,,,,9000,,,,trade
광주각화,광주중앙청과,20250708,오이,백다다기(오이),10 kg 박스,,,,22000,,,,trade
광주각화,광주중앙청과,20250708,오이,백다다기(오이),10 kg 박스,,,,11500,,,,trade
광주각화,광주중앙청과,20250708,오이,백다다기(오이),10 kg 박스,,,,23000,,,,trade
광주각화,광주중앙청과,20250708,오이,백다다기(오이),10 kg 박스,,,,11000,,,,trade
광주각화,광주중앙청과,20250708,오이,백다다기(오이),10 kg 박스,,,,22000,,,,trade
광주각화,광주중앙청과,20250708,오이,백다다기(오이),10 kg 박스,,,,11000,,,,trade
광주각화,광주중앙청과,20250708,오이,백다다기(오이),10 kg 박스,,,,25000,,,,trade
광주각화,광주중앙청과,20250708,오이,백다다기(오이),10 kg 박스,,,,11000,,,,trade
광주각화,광주중앙청과,20250708,오이,백다다기(오이),10 kg 박스,,,,25000,,,,trade
광주각화,광주중앙청과,20250708,오이,백다다기(오이),10 kg 박스,,,,6000,,,,trade
광주각화,광주중앙청과,20250708,오이,백다다기(오이),10 kg 박스,,,,15000,,,,trade
광주각화,광주중앙청과,20250708,오이,백다다기(오이),10 kg 박스,,,,19000,,,,trade
광주각화,광주중앙청과,20250708,오이,백다다기(오이),10 kg 박스,,,,5000,,,,trade
광주각화,광주중앙청과,20250708,오이,백다다기(오이),10 kg 박스,,,,5000,,,,trade
광주각화,광주중앙청과,20250708,오이,백다다기(오이),10 kg 박스,,,,18000,,,,trade
광주각화,광주중앙청과,20250708,오이,백다다기(오이),10 kg 박스,,,,4000,,,,trade
광주각화,광주중앙청과,20250708,오이,백다다기(오이),10 kg 박스,,,,19000,,,,trade
광주각화,광주중앙청과,20250708,오이,백다다기(오이),10 kg 박스,,,,4500,,,,trade
광주각화,광주중앙청과,20250708,오이,백다다기(오이),10 kg 박스,,,,17000,,,,trade
광주각화,광주중앙청과,20250708,오이,백다다기(오이),10 kg 박스,,,,20000,,,,trade
광주각화,광주중앙청과,20250708,오이,백다다기(오이),10 kg 박스,,,,20000,,,,trade
광주각화,광주중앙청과,20250708,오이,백다다기(오이),10 kg 박스,,,,25000,,,,trade
광주각화,광주중앙청과,20250708,오이,백다다기(오이),10 kg 박스,,,,25500,,,,trade
광주각화,광주중앙청과,20250708,오이,백다다기(오이),18 kg 박스,,,,33000,,,,trade
광주각화,광주중앙청과,20250708,오이,백다다기(오이),18 kg 박스,,,,11000,,,,trade
광주각화,광주중앙청과,20250708,오이,백다다기(오이),18 kg 박스,,,,19000,,,,trade
광주각화,광주중앙청과,20250708,오이,백다다기(오이),18 kg 박스,,,,16000,,,,trade
광주각화,광주중앙청과,20250708,오이,백다다기(오이),18 kg 박스,,,,15000,,,,trade
광주각화,광주중앙청과,20250708,오이,백다다기(오이),18 kg 박스,,,,3000,,,,trade
광주각화,광주중앙청과,20250708,오이,백다다기(오이),18 kg 박스,,,,14000,,,,trade
광주각화,광주중앙청과,20250708,오이,백다다기(오이),18 kg 박스,,,,9000,,,,trade
광주각화,광주중앙청과,20250708,오이,백다다기(오이),18 kg 박스,,,,20000,,,,trade
광주각화,광주중앙청과,20250708,오이,백다다기(오이),18 kg 박스,,,,14000,,,,trade
광주각화,광주중앙청과,20250708,오이,백다다기(오이),18 kg 박스,,,,14000,,,,trade
광주각화,광주중앙청과,20250708,오이,백다다기(오이),18 kg 박스,,,,12000,,,,trade
광주각화,광주중앙청과,20250708,오이,백다다기(오이),18 kg 박스,,,,14000,,,,trade
광주각화,광주중앙청과,20250708,오이,백다다기(오이),18 kg 박스,,,,14000,,,,trade
광주각화,광주중앙청과,20250708,오이,백다다기(오이),18 kg 박스,,,,17000,,,,trade
광주각화,광주중앙청과,20250708,오이,백다다기(오이),18 kg 박스,,,,10000,,,,trade
광주각화,광주중앙청과,20250708,오이,백다다기(오이),18 kg 박스,,,,13000,,,,trade
광주각화,광주중앙청과,20250708,오이,백다다기(오이),18 kg 박스,,,,14000,,,,trade
광주각화,광주중앙청과,20250708,오이,백다다기(오이),18 kg 박스,,,,10000,,,,trade
광주각화,광주중앙청과,20250708,오이,백다다기(오이),18 kg 박스,,,,12000,,,,trade
광주각화,광주중앙청과,20250708,오이,백다다기(오이),18 kg 박스,,,,15000,,,,trade
광주각화,광주중앙청과,20250708,오이,백다다기(오이),18 kg 박스,,,,28000,,,,trade
광주각화,광주중앙청과,20250708,오이,백다다기(오이),18 kg 박스,,,,15000,,,,trade
광주각화,광주중앙청과,20250708,오이,백다다기(오이),21 kg 박스,,,,8000,,,,trade
광주각화,광주중앙청과,20250708,오이,백다다기(오이),21 kg 박스,,,,55000,,,,trade
광주각화,광주중앙청과,20250708,오이,백다다기(오이),21 kg 박스,,,,24000,,,,trade
광주각화,광주중앙청과,20250708,오이,백다다기(오이),21 kg 박스,,,,18000,,,,trade
광주각화,광주중앙청과,20250708,오이,백다다기(오이),21 kg 박스,,,,30000,,,,trade
광주각화,광주중앙청과,20250708,오이,백다다기(오이),21 kg 박스,,,,38000,,,,trade
광주각화,광주중앙청과,20250708,오이,백다다기(오이),21 kg 박스,,,,38000,,,,trade
광주각화,광주중앙청과,20250708,오이,백다다기(오이),21 kg 박스,,,,42000,,,,trade
광주각화,광주중앙청과,20250708,오이,백다다기(오이),21 kg 박스,,,,28000,,,,trade
광주각화,광주중앙청과,20250708,오이,백다다기(오이),21 kg 박스,,,,33000,,,,trade
광주각화,광주중앙청과,20250708,오이,백다다기(오이),21 kg 박스,,,,5000,,,,trade
광주각화,광주중앙청과,20250708,오이,백다다기(오이),21 kg 박스,,,,27000,,,,trade
광주각화,광주중앙청과,20250708,오이,백다다기(오이),21 kg 박스,,,,22000,,,,trade
광주각화,광주중앙청과,20250708,오이,백다다기(오이),21 kg 박스,,,,23000,,,,trade
광주각화,광주중앙청과,20250708,오이,백다다기(오이),21 kg 박스,,,,14000,,,,trade
광주각화,광주중앙청과,20250708,오이,백다다기(오이),21 kg 박스,,,,8000,,,,trade
광주각화,광주중앙청과,20250708,오이,백다다기(오이),21 kg 박스,,,,28000,,,,trade
광주각화,광주중앙청과,20250708,오이,백다다기(오이),21 kg 박스,,,,26000,,,,trade
광주각화,광주중앙청과,20250708,오이,백다다기(오이),21 kg 박스,,,,15000,,,,trade
광주각화,광주중앙청과,20250708,오이,백다다기(오이),21 kg 박스,,,,22000,,,,trade
광주각화,광주중앙청과,20250708,오이,백다다기(오이),21 kg 박스,,,,22000,,,,trade
광주각화,광주중앙청과,20250708,오이,백다다기(오이),21 kg 박스,,,,32000,,,,trade
광주각화,광주중앙청과,20250708,오이,백다다기(오이),21 kg 박스,,,,44000,,,,trade
광주각화,광주중앙청과,20250708,오이,백다다기(오이),21 kg 박스,,,,14000,,,,trade
광주각화,광주중앙청과,20250708,오이,백다다기(오이),21 kg 박스,,,,45000,,,,trade
광주각화,광주중앙청과,20250708,오이,백다다기(오이),21 kg 박스,,,,30000,,,,trade
광주각화,광주중앙청과,20250708,오이,백다다기(오이),21 kg 박스,,,,37000,,,,trade
광주각화,광주중앙청과,20250708,오이,백다다기(오이),21 kg 박스,,,,11000,,,,trade
광주각화,광주중앙청과,20250708,오이,백다다기(오이),21 kg 박스,,,,7000,,,,trade
광주각화,광주중앙청과,20250708,오이,백다다기(오이),21 kg 박스,,,,8000,,,,trade
광주각화,광주중앙청과,20250708,오이,백다다기(오이),21 kg 박스,,,,44000,,,,trade
광주각화,광주중앙청과,20250708,오이,백다다기(오이),21 kg 박스,,,,9000,,,,trade
광주각화,광주중앙청과,20250708,오이,백다다기(오이),21 kg 박스,,,,24000,,,,trade
광주각화,광주중앙청과,20250708,오이,백다다기(오이),21 kg 박스,,,,12000,,,,trade
광주각화,광주중앙청과,20250708,오이,백다다기(오이),21 kg 박스,,,,28000,,,,trade
광주각화,광주중앙청과,20250708,오이,백다다기(오이),21 kg 박스,,,,30000,,,,trade
광주각화,광주중앙청과,20250708,오이,백다다기(오이),21 kg 박스,,,,40000,,,,trade
광주각화,광주중앙청과,20250708,오이,백다다기(오이),21 kg 박스,,,,12000,,,,trade
광주각화,광주중앙청과,20250708,오이,백다다기(오이),21 kg 박스,,,,40000,,,,trade
광주각화,광주중앙청과,20250708,오이,백다다기(오이),21 kg 박스,,,,4000,,,,trade
광주각화,광주중앙청과,20250708,오이,백다다기(오이),21 kg 박스,,,,6000,,,,trade
광주각화,광주중앙청과,20250708,오이,백다다기(오이),21 kg 박스,,,,12000,,,,trade
광주각화,광주중앙청과,20250708,오이,백다다기(오이),21 kg 박스,,,,44000,,,,trade
광주각화,광주중앙청과,20250708,오이,백다다기(오이),21 kg 박스,,,,30000,,,,trade
광주각화,광주중앙청과,20250708,오이,백다다기(오이),21 kg 박스,,,,51000,,,,trade
광주각화,광주중앙청과,20250708,오이,백다다기(오이),21 kg 박스,,,,16000,,,,trade
광주각화,광주중앙청과,20250708,오이,백다다기(오이),21 kg 박스,,,,53000,,,,trade
광주각화,광주중앙청과,20250708,오이,백다다기(오이),21 kg 박스,,,,10000,,,,trade
광주각화,광주중앙청과,20250708,오이,백다다기(오이),21 kg 박스,,,,35000,,,,trade
광주각화,광주중앙청과,20250708,오이,백다다기(오이),21 kg 박스,,,,10000,,,,trade
광주각화,광주중앙청과,20250708,오이,백다다기(오이),21 kg 박스,,,,38000,,,,trade
광주각화,광주중앙청과,20250708,오이,백다다기(오이),21 kg 박스,,,,26000,,,,trade
광주각화,광주중앙청과,20250708,오이,백다다기(오이),21 kg 박스,,,,33000,,,,trade
광주각화,광주중앙청과,20250708,오이,백다다기(오이),21 kg 박스,,,,18000,,,,trade
광주각화,광주중앙청과,20250708,오이,백다다기(오이),21 kg 박스,,,,45000,,,,trade
광주각화,광주중앙청과,20250708,오이,백다다기(오이),21 kg 팰릿,,,,26000,,,,trade
광주각화,광주중앙청과,20250708,오이,백다다기(오이),21 kg 팰릿,,,,11000,,,,trade
광주각화,광주중앙청과,20250708,오이,백다다기(오이),8kg,,,,,3000,12000,11513,grade_agg
광주각화,광주중앙청과,20250708,오이,백다다기(오이),10kg,,,,,1000,30000,20394,grade_agg
광주각화,광주중앙청과,20250708,오이,백다다기(오이),18kg,,,,,3000,33000,16096,grade_agg
광주각화,광주중앙청과,20250708,오이,백다다기(오이),21kg,,,,,4000,55000,31142,grade_agg
광주각화,광주중앙청과,20250710,오이,백다다기(오이),8 kg 비닐봉지,,,,3000,,,,trade
광주각화,광주중앙청과,20250710,오이,백다다기(오이),8 kg 비닐봉지,,,,8000,,,,trade
광주각화,광주중앙청과,20250710,오이,백다다기(오이),8 kg 비닐봉지,,,,8000,,,,trade
광주각화,광주중앙청과,20250710,오이,백다다기(오이),8 kg 비닐봉지,,,,6000,,,,trade
광주각화,광주중앙청과,20250710,오이,백다다기(오이),8 kg 비닐봉지,,,,7000,,,,trade
광주각화,광주중앙청과,20250710,오이,백다다기(오이),8 kg 비닐봉지,,,,10000,,,,trade
광주각화,광주중앙청과,20250710,오이,백다다기(오이),8 kg 비닐봉지,,,,7500,,,,trade
광주각화,광주중앙청과,20250710,오이,백다다기(오이),8 kg 비닐봉지,,,,10500,,,,trade
광주각화,광주중앙청과,20250710,오이,백다다기(오이),8 kg 팰릿,,,,8500,,,,trade
광주각화,광주중앙청과,20250710,오이,백다다기(오이),8 kg 팰릿,,,,7500,,,,trade
광주각화,광주중앙청과,20250710,오이,백다다기(오이),8 kg 팰릿,,,,7500,,,,trade
광주각화,광주중앙청과,20250710,오이,백다다기(오이),10 kg 박스,,,,18000,,,,trade
광주각화,광주중앙청과,20250710,오이,백다다기(오이),10 kg 박스,,,,13000,,,,trade
광주각화,광주중앙청과,20250710,오이,백다다기(오이),10 kg 박스,,,,2000,,,,trade
광주각화,광주중앙청과,20250710,오이,백다다기(오이),10 kg 박스,,,,12000,,,,trade
광주각화,광주중앙청과,20250710,오이,백다다기(오이),10 kg 박스,,,,5000,,,,trade
광주각화,광주중앙청과,20250710,오이,백다다기(오이),10 kg 박스,,,,9000,,,,trade
광주각화,광주중앙청과,20250710,오이,백다다기(오이),10 kg 박스,,,,2500,,,,trade
광주각화,광주중앙청과,20250710,오이,백다다기(오이),10 kg 박스,,,,11000,,,,trade
광주각화,광주중앙청과,20250710,오이,백다다기(오이),10 kg 박스,,,,14000,,,,trade
광주각화,광주중앙청과,20250710,오이,백다다기(오이),10 kg 박스,,,,8000,,,,trade
광주각화,광주중앙청과,20250710,오이,백다다기(오이),10 kg 박스,,,,12000,,,,trade
광주각화,광주중앙청과,20250710,오이,백다다기(오이),10 kg 박스,,,,21000,,,,trade
광주각화,광주중앙청과,20250710,오이,백다다기(오이),10 kg 박스,,,,1500,,,,trade
광주각화,광주중앙청과,20250710,오이,백다다기(오이),10 kg 박스,,,,8000,,,,trade
광주각화,광주중앙청과,20250710,오이,백다다기(오이),10 kg 박스,,,,16000,,,,trade
광주각화,광주중앙청과,20250710,오이,백다다기(오이),10 kg 박스,,,,16000,,,,trade
광주각화,광주중앙청과,20250710,오이,백다다기(오이),10 kg 박스,,,,21000,,,,trade
광주각화,광주중앙청과,20250710,오이,백다다기(오이),10 kg 박스,,,,21000,,,,trade
광주각화,광주중앙청과,20250710,오이,백다다기(오이),10 kg 박스,,,,20000,,,,trade
광주각화,광주중앙청과,20250710,오이,백다다기(오이),10 kg 박스,,,,22000,,,,trade
광주각화,광주중앙청과,20250710,오이,백다다기(오이),10 kg 박스,,,,11000,,,,trade
광주각화,광주중앙청과,20250710,오이,백다다기(오이),10 kg 박스,,,,15000,,,,trade
광주각화,광주중앙청과,20250710,오이,백다다기(오이),10 kg 박스,,,,1500,,,,trade
광주각화,광주중앙청과,20250710,오이,백다다기(오이),10 kg 박스,,,,10000,,,,trade
광주각화,광주중앙청과,20250710,오이,백다다기(오이),10 kg 박스,,,,3000,,,,trade
광주각화,광주중앙청과,20250710,오이,백다다기(오이),10 kg 박스,,,,11000,,,,trade
광주각화,광주중앙청과,20250710,오이,백다다기(오이),10 kg 박스,,,,11000,,,,trade
광주각화,광주중앙청과,20250710,오이,백다다기(오이),10 kg 박스,,,,1000,,,,trade
광주각화,광주중앙청과,20250710,오이,백다다기(오이),10 kg 박스,,,,14000,,,,trade
광주각화,광주중앙청과,20250710,오이,백다다기(오이),10 kg 박스,,,,9000,,,,trade
광주각화,광주중앙청과,20250710,오이,백다다기(오이),10 kg 박스,,,,2000,,,,trade
광주각화,광주중앙청과,20250710,오이,백다다기(오이),10 kg 박스,,,,9000,,,,trade
광주각화,광주중앙청과,20250710,오이,백다다기(오이),10 kg 박스,,,,15000,,,,trade
광주각화,광주중앙청과,20250710,오이,백다다기(오이),10 kg 박스,,,,2000,,,,trade
광주각화,광주중앙청과,20250710,오이,백다다기(오이),10 kg 박스,,,,13000,,,,trade
광주각화,광주중앙청과,20250710,오이,백다다기(오이),10 kg 박스,,,,6000,,,,trade
광주각화,광주중앙청과,20250710,오이,백다다기(오이),10 kg 박스,,,,12000,,,,trade
광주각화,광주중앙청과,20250710,오이,백다다기(오이),10 kg 박스,,,,17000,,,,trade
광주각화,광주중앙청과,20250710,오이,백다다기(오이),10 kg 박스,,,,14500,,,,trade
광주각화,광주중앙청과,20250710,오이,백다다기(오이),10 kg 박스,,,,1000,,,,trade
광주각화,광주중앙청과,20250710,오이,백다다기(오이),10 kg 박스,,,,1000,,,,trade
광주각화,광주중앙청과,20250710,오이,백다다기(오이),10 kg 박스,,,,9000,,,,trade
광주각화,광주중앙청과,20250710,오이,백다다기(오이),10 kg 박스,,,,12000,,,,trade
광주각화,광주중앙청과,20250710,오이,백다다기(오이),10 kg 박스,,,,11000,,,,trade
광주각화,광주중앙청과,20250710,오이,백다다기(오이),10 kg 박스,,,,24000,,,,trade
광주각화,광주중앙청과,20250710,오이,백다다기(오이),10 kg 박스,,,,8500,,,,trade
광주각화,광주중앙청과,20250710,오이,백다다기(오이),10 kg 박스,,,,16000,,,,trade
광주각화,광주중앙청과,20250710,오이,백다다기(오이),10 kg 박스,,,,8500,,,,trade
광주각화,광주중앙청과,20250710,오이,백다다기(오이),10 kg 박스,,,,16000,,,,trade
광주각화,광주중앙청과,20250710,오이,백다다기(오이),10 kg 박스,,,,8500,,,,trade
광주각화,광주중앙청과,20250710,오이,백다다기(오이),10 kg 박스,,,,16000,,,,trade
광주각화,광주중앙청과,20250710,오이,백다다기(오이),10 kg 박스,,,,8000,,,,trade
광주각화,광주중앙청과,20250710,오이,백다다기(오이),10 kg 박스,,,,18000,,,,trade
광주각화,광주중앙청과,20250710,오이,백다다기(오이),10 kg 박스,,,,8000,,,,trade
광주각화,광주중앙청과,20250710,오이,백다다기(오이),10 kg 박스,,,,19000,,,,trade
광주각화,광주중앙청과,20250710,오이,백다다기(오이),10 kg 박스,,,,8000,,,,trade
광주각화,광주중앙청과,20250710,오이,백다다기(오이),10 kg 박스,,,,14000,,,,trade
광주각화,광주중앙청과,20250710,오이,백다다기(오이),10 kg 박스,,,,16000,,,,trade
광주각화,광주중앙청과,20250710,오이,백다다기(오이),10 kg 박스,,,,7000,,,,trade
광주각화,광주중앙청과,20250710,오이,백다다기(오이),10 kg 박스,,,,12000,,,,trade
광주각화,광주중앙청과,20250710,오이,백다다기(오이),10 kg 박스,,,,7500,,,,trade
광주각화,광주중앙청과,20250710,오이,백다다기(오이),10 kg 박스,,,,15000,,,,trade
광주각화,광주중앙청과,20250710,오이,백다다기(오이),10 kg 박스,,,,15500,,,,trade
광주각화,광주중앙청과,20250710,오이,백다다기(오이),10 kg 박스,,,,18000,,,,trade
광주각화,광주중앙청과,20250710,오이,백다다기(오이),10 kg 박스,,,,7000,,,,trade
광주각화,광주중앙청과,20250710,오이,백다다기(오이),10 kg 박스,,,,17000,,,,trade
광주각화,광주중앙청과,20250710,오이,백다다기(오이),10 kg 박스,,,,18000,,,,trade
광주각화,광주중앙청과,20250710,오이,백다다기(오이),10 kg 박스,,,,9000,,,,trade
광주각화,광주중앙청과,20250710,오이,백다다기(오이),10 kg 박스,,,,20000,,,,trade
광주각화,광주중앙청과,20250710,오이,백다다기(오이),10 kg 박스,,,,12500,,,,trade
광주각화,광주중앙청과,20250710,오이,백다다기(오이),10 kg 박스,,,,5000,,,,trade
광주각화,광주중앙청과,20250710,오이,백다다기(오이),10 kg 박스,,,,7000,,,,trade
광주각화,광주중앙청과,20250710,오이,백다다기(오이),10 kg 박스,,,,14000,,,,trade
광주각화,광주중앙청과,20250710,오이,백다다기(오이),10 kg 박스,,,,7000,,,,trade
광주각화,광주중앙청과,20250710,오이,백다다기(오이),10 kg 박스,,,,13000,,,,trade
광주각화,광주중앙청과,20250710,오이,백다다기(오이),10 kg 박스,,,,8000,,,,trade
광주각화,광주중앙청과,20250710,오이,백다다기(오이),10 kg 박스,,,,12000,,,,trade
광주각화,광주중앙청과,20250710,오이,백다다기(오이),10 kg 박스,,,,18000,,,,trade
광주각화,광주중앙청과,20250710,오이,백다다기(오이),10 kg 박스,,,,15000,,,,trade
광주각화,광주중앙청과,20250710,오이,백다다기(오이),10 kg 박스,,,,3500,,,,trade
광주각화,광주중앙청과,20250710,오이,백다다기(오이),10 kg 박스,,,,8000,,,,trade
광주각화,광주중앙청과,20250710,오이,백다다기(오이),10 kg 박스,,,,3500,,,,trade
광주각화,광주중앙청과,20250710,오이,백다다기(오이),10 kg 박스,,,,14500,,,,trade
광주각화,광주중앙청과,20250710,오이,백다다기(오이),10 kg 박스,,,,13500,,,,trade
광주각화,광주중앙청과,20250710,오이,백다다기(오이),10 kg 박스,,,,15000,,,,trade
광주각화,광주중앙청과,20250710,오이,백다다기(오이),10 kg 박스,,,,15000,,,,trade
광주각화,광주중앙청과,20250710,오이,백다다기(오이),10 kg 박스,,,,5500,,,,trade
광주각화,광주중앙청과,20250710,오이,백다다기(오이),10 kg 박스,,,,10000,,,,trade
광주각화,광주중앙청과,20250710,오이,백다다기(오이),10 kg 박스,,,,7000,,,,trade
광주각화,광주중앙청과,20250710,오이,백다다기(오이),10 kg 박스,,,,15000,,,,trade
광주각화,광주중앙청과,20250710,오이,백다다기(오이),10 kg 박스,,,,24000,,,,trade
광주각화,광주중앙청과,20250710,오이,백다다기(오이),10 kg 박스,,,,6000,,,,trade
광주각화,광주중앙청과,20250710,오이,백다다기(오이),10 kg 박스,,,,9000,,,,trade
광주각화,광주중앙청과,20250710,오이,백다다기(오이),10 kg 박스,,,,9000,,,,trade
광주각화,광주중앙청과,20250710,오이,백다다기(오이),10 kg 박스,,,,11000,,,,trade
광주각화,광주중앙청과,20250710,오이,백다다기(오이),10 kg 박스,,,,16000,,,,trade
광주각화,광주중앙청과,20250710,오이,백다다기(오이),10 kg 박스,,,,19000,,,,trade
광주각화,광주중앙청과,20250710,오이,백다다기(오이),10 kg 박스,,,,19000,,,,trade
광주각화,광주중앙청과,20250710,오이,백다다기(오이),10 kg 박스,,,,15000,,,,trade
광주각화,광주중앙청과,20250710,오이,백다다기(오이),10 kg 박스,,,,13000,,,,trade
광주각화,광주중앙청과,20250710,오이,백다다기(오이),10 kg 박스,,,,12000,,,,trade
광주각화,광주중앙청과,20250710,오이,백다다기(오이),10 kg 박스,,,,17500,,,,trade
광주각화,광주중앙청과,20250710,오이,백다다기(오이),10 kg 박스,,,,19500,,,,trade
광주각화,광주중앙청과,20250710,오이,백다다기(오이),10 kg 박스,,,,4000,,,,trade
광주각화,광주중앙청과,20250710,오이,백다다기(오이),10 kg 박스,,,,6500,,,,trade
광주각화,광주중앙청과,20250710,오이,백다다기(오이),10 kg 박스,,,,6500,,,,trade
광주각화,광주중앙청과,20250710,오이,백다다기(오이),10 kg 박스,,,,19000,,,,trade
광주각화,광주중앙청과,20250710,오이,백다다기(오이),10 kg 박스,,,,15000,,,,trade
광주각화,광주중앙청과,20250710,오이,백다다기(오이),10 kg 박스,,,,16000,,,,trade
광주각화,광주중앙청과,20250710,오이,백다다기(오이),10 kg 박스,,,,15000,,,,trade
광주각화,광주중앙청과,20250710,오이,백다다기(오이),10 kg 박스,,,,13000,,,,trade
광주각화,광주중앙청과,20250710,오이,백다다기(오이),10 kg 박스,,,,22000,,,,trade
광주각화,광주중앙청과,20250710,오이,백다다기(오이),10 kg 박스,,,,17000,,,,trade
광주각화,광주중앙청과,20250710,오이,백다다기(오이),10 kg 박스,,,,17000,,,,trade
광주각화,광주중앙청과,20250710,오이,백다다기(오이),10 kg 박스,,,,6000,,,,trade
광주각화,광주중앙청과,20250710,오이,백다다기(오이),10 kg 박스,,,,20000,,,,trade
광주각화,광주중앙청과,20250710,오이,백다다기(오이),10 kg 박스,,,,20000,,,,trade
광주각화,광주중앙청과,20250710,오이,백다다기(오이),10 kg 박스,,,,21000,,,,trade
광주각화,광주중앙청과,20250710,오이,백다다기(오이),10 kg 박스,,,,15500,,,,trade
광주각화,광주중앙청과,20250710,오이,백다다기(오이),10 kg 박스,,,,18500,,,,trade
광주각화,광주중앙청과,20250710,오이,백다다기(오이),10 kg 박스,,,,18000,,,,trade
광주각화,광주중앙청과,20250710,오이,백다다기(오이),10 kg 박스,,,,18000,,,,trade
광주각화,광주중앙청과,20250710,오이,백다다기(오이),10 kg 박스,,,,17000,,,,trade
광주각화,광주중앙청과,20250710,오이,백다다기(오이),10 kg 박스,,,,6000,,,,trade
광주각화,광주중앙청과,20250710,오이,백다다기(오이),10 kg 박스,,,,15500,,,,trade
광주각화,광주중앙청과,20250710,오이,백다다기(오이),10 kg 박스,,,,5500,,,,trade
광주각화,광주중앙청과,20250710,오이,백다다기(오이),10 kg 박스,,,,20000,,,,trade
광주각화,광주중앙청과,20250710,오이,백다다기(오이),10 kg 박스,,,,17000,,,,trade
광주각화,광주중앙청과,20250710,오이,백다다기(오이),10 kg 박스,,,,5000,,,,trade
광주각화,광주중앙청과,20250710,오이,백다다기(오이),10 kg 박스,,,,15000,,,,trade
광주각화,광주중앙청과,20250710,오이,백다다기(오이),10 kg 박스,,,,5000,,,,trade
광주각화,광주중앙청과,20250710,오이,백다다기(오이),10 kg 박스,,,,4000,,,,trade
광주각화,광주중앙청과,20250710,오이,백다다기(오이),10 kg 박스,,,,18000,,,,trade
광주각화,광주중앙청과,20250710,오이,백다다기(오이),10 kg 박스,,,,15000,,,,trade
광주각화,광주중앙청과,20250710,오이,백다다기(오이),10 kg 박스,,,,6000,,,,trade
광주각화,광주중앙청과,20250710,오이,백다다기(오이),10 kg 박스,,,,12000,,,,trade
광주각화,광주중앙청과,20250710,오이,백다다기(오이),10 kg 박스,,,,12000,,,,trade
광주각화,광주중앙청과,20250710,오이,백다다기(오이),10 kg 박스,,,,17000,,,,trade
광주각화,광주중앙청과,20250710,오이,백다다기(오이),10 kg 박스,,,,14000,,,,trade
광주각화,광주중앙청과,20250710,오이,백다다기(오이),10 kg 박스,,,,15000,,,,trade
광주각화,광주중앙청과,20250710,오이,백다다기(오이),10 kg 박스,,,,18000,,,,trade
광주각화,광주중앙청과,20250710,오이,백다다기(오이),10 kg 박스,,,,19000,,,,trade
광주각화,광주중앙청과,20250710,오이,백다다기(오이),10 kg 박스,,,,21500,,,,trade
광주각화,광주중앙청과,20250710,오이,백다다기(오이),18 kg 박스,,,,28000,,,,trade
광주각화,광주중앙청과,20250710,오이,백다다기(오이),18 kg 박스,,,,5000,,,,trade
광주각화,광주중앙청과,20250710,오이,백다다기(오이),18 kg 박스,,,,3000,,,,trade
광주각화,광주중앙청과,20250710,오이,백다다기(오이),18 kg 박스,,,,16000,,,,trade
광주각화,광주중앙청과,20250710,오이,백다다기(오이),18 kg 박스,,,,14000,,,,trade
광주각화,광주중앙청과,20250710,오이,백다다기(오이),18 kg 박스,,,,13000,,,,trade
광주각화,광주중앙청과,20250710,오이,백다다기(오이),18 kg 박스,,,,14000,,,,trade
광주각화,광주중앙청과,20250710,오이,백다다기(오이),18 kg 박스,,,,16000,,,,trade
광주각화,광주중앙청과,20250710,오이,백다다기(오이),18 kg 박스,,,,6000,,,,trade
광주각화,광주중앙청과,20250710,오이,백다다기(오이),18 kg 박스,,,,13000,,,,trade
광주각화,광주중앙청과,20250710,오이,백다다기(오이),18 kg 박스,,,,6000,,,,trade
광주각화,광주중앙청과,20250710,오이,백다다기(오이),18 kg 박스,,,,13000,,,,trade
광주각화,광주중앙청과,20250710,오이,백다다기(오이),18 kg 박스,,,,12000,,,,trade
광주각화,광주중앙청과,20250710,오이,백다다기(오이),18 kg 박스,,,,14000,,,,trade
광주각화,광주중앙청과,20250710,오이,백다다기(오이),18 kg 박스,,,,13000,,,,trade
광주각화,광주중앙청과,20250710,오이,백다다기(오이),18 kg 박스,,,,13000,,,,trade
광주각화,광주중앙청과,20250710,오이,백다다기(오이),18 kg 박스,,,,13000,,,,trade
광주각화,광주중앙청과,20250710,오이,백다다기(오이),18 kg 박스,,,,14000,,,,trade
광주각화,광주중앙청과,20250710,오이,백다다기(오이),18 kg 박스,,,,13000,,,,trade
광주각화,광주중앙청과,20250710,오이,백다다기(오이),18 kg 박스,,,,6000,,,,trade
광주각화,광주중앙청과,20250710,오이,백다다기(오이),18 kg 박스,,,,12000,,,,trade
광주각화,광주중앙청과,20250710,오이,백다다기(오이),18 kg 박스,,,,10000,,,,trade
광주각화,광주중앙청과,20250710,오이,백다다기(오이),18 kg 박스,,,,13000,,,,trade
광주각화,광주중앙청과,20250710,오이,백다다기(오이),18 kg 박스,,,,10000,,,,trade
광주각화,광주중앙청과,20250710,오이,백다다기(오이),18 kg 박스,,,,6000,,,,trade
광주각화,광주중앙청과,20250710,오이,백다다기(오이),21 kg 박스,,,,18000,,,,trade
광주각화,광주중앙청과,20250710,오이,백다다기(오이),21 kg 박스,,,,48000,,,,trade
광주각화,광주중앙청과,20250710,오이,백다다기(오이),21 kg 박스,,,,26000,,,,trade
광주각화,광주중앙청과,20250710,오이,백다다기(오이),21 kg 박스,,,,24000,,,,trade
광주각화,광주중앙청과,20250710,오이,백다다기(오이),21 kg 박스,,,,6000,,,,trade
광주각화,광주중앙청과,20250710,오이,백다다기(오이),21 kg 박스,,,,33000,,,,trade
광주각화,광주중앙청과,20250710,오이,백다다기(오이),21 kg 박스,,,,25000,,,,trade
광주각화,광주중앙청과,20250710,오이,백다다기(오이),21 kg 박스,,,,3000,,,,trade
광주각화,광주중앙청과,20250710,오이,백다다기(오이),21 kg 박스,,,,13000,,,,trade
광주각화,광주중앙청과,20250710,오이,백다다기(오이),21 kg 박스,,,,8000,,,,trade
광주각화,광주중앙청과,20250710,오이,백다다기(오이),21 kg 박스,,,,7000,,,,trade
광주각화,광주중앙청과,20250710,오이,백다다기(오이),21 kg 박스,,,,11000,,,,trade
광주각화,광주중앙청과,20250710,오이,백다다기(오이),21 kg 박스,,,,6000,,,,trade
광주각화,광주중앙청과,20250710,오이,백다다기(오이),21 kg 박스,,,,10000,,,,trade
광주각화,광주중앙청과,20250710,오이,백다다기(오이),21 kg 박스,,,,13000,,,,trade
광주각화,광주중앙청과,20250710,오이,백다다기(오이),21 kg 박스,,,,21000,,,,trade
광주각화,광주중앙청과,20250710,오이,백다다기(오이),21 kg 박스,,,,12000,,,,trade
광주각화,광주중앙청과,20250710,오이,백다다기(오이),21 kg 박스,,,,30000,,,,trade
광주각화,광주중앙청과,20250710,오이,백다다기(오이),21 kg 박스,,,,3000,,,,trade
광주각화,광주중앙청과,20250710,오이,백다다기(오이),21 kg 박스,,,,21000,,,,trade
광주각화,광주중앙청과,20250710,오이,백다다기(오이),21 kg 박스,,,,20000,,,,trade
광주각화,광주중앙청과,20250710,오이,백다다기(오이),21 kg 박스,,,,27000,,,,trade
광주각화,광주중앙청과,20250710,오이,백다다기(오이),21 kg 박스,,,,23000,,,,trade
광주각화,광주중앙청과,20250710,오이,백다다기(오이),21 kg 박스,,,,25000,,,,trade
광주각화,광주중앙청과,20250710,오이,백다다기(오이),21 kg 박스,,,,8000,,,,trade
광주각화,광주중앙청과,20250710,오이,백다다기(오이),21 kg 박스,,,,17000,,,,trade
광주각화,광주중앙청과,20250710,오이,백다다기(오이),21 kg 박스,,,,22000,,,,trade
광주각화,광주중앙청과,20250710,오이,백다다기(오이),21 kg 박스,,,,25000,,,,trade
광주각화,광주중앙청과,20250710,오이,백다다기(오이),21 kg 박스,,,,6000,,,,trade
광주각화,광주중앙청과,20250710,오이,백다다기(오이),21 kg 박스,,,,14000,,,,trade
광주각화,광주중앙청과,20250710,오이,백다다기(오이),21 kg 박스,,,,18000,,,,trade
광주각화,광주중앙청과,20250710,오이,백다다기(오이),21 kg 박스,,,,3000,,,,trade
광주각화,광주중앙청과,20250710,오이,백다다기(오이),21 kg 박스,,,,22000,,,,trade
광주각화,광주중앙청과,20250710,오이,백다다기(오이),21 kg 박스,,,,6000,,,,trade
광주각화,광주중앙청과,20250710,오이,백다다기(오이),21 kg 박스,,,,26000,,,,trade
광주각화,광주중앙청과,20250710,오이,백다다기(오이),21 kg 박스,,,,6000,,,,trade
광주각화,광주중앙청과,20250710,오이,백다다기(오이),21 kg 박스,,,,26000,,,,trade
광주각화,광주중앙청과,20250710,오이,백다다기(오이),21 kg 박스,,,,6000,,,,trade
광주각화,광주중앙청과,20250710,오이,백다다기(오이),21 kg 박스,,,,15000,,,,trade
광주각화,광주중앙청과,20250710,오이,백다다기(오이),21 kg 박스,,,,16000,,,,trade
광주각화,광주중앙청과,20250710,오이,백다다기(오이),21 kg 박스,,,,43000,,,,trade
광주각화,광주중앙청과,20250710,오이,백다다기(오이),21 kg 박스,,,,25000,,,,trade
광주각화,광주중앙청과,20250710,오이,백다다기(오이),21 kg 박스,,,,33000,,,,trade
광주각화,광주중앙청과,20250710,오이,백다다기(오이),21 kg 박스,,,,25000,,,,trade
광주각화,광주중앙청과,20250710,오이,백다다기(오이),21 kg 박스,,,,33000,,,,trade
광주각화,광주중앙청과,20250710,오이,백다다기(오이),21 kg 박스,,,,14000,,,,trade
광주각화,광주중앙청과,20250710,오이,백다다기(오이),21 kg 박스,,,,33000,,,,trade
광주각화,광주중앙청과,20250710,오이,백다다기(오이),21 kg 박스,,,,18000,,,,trade
광주각화,광주중앙청과,20250710,오이,백다다기(오이),21 kg 박스,,,,28000,,,,trade
광주각화,광주중앙청과,20250710,오이,백다다기(오이),21 kg 박스,,,,44000,,,,trade
광주각화,광주중앙청과,20250710,오이,백다다기(오이),21 kg 박스,,,,14000,,,,trade
광주각화,광주중앙청과,20250710,오이,백다다기(오이),21 kg 박스,,,,46000,,,,trade
광주각화,광주중앙청과,20250710,오이,백다다기(오이),21 kg 박스,,,,22000,,,,trade
광주각화,광주중앙청과,20250710,오이,백다다기(오이),21 kg 박스,,,,36000,,,,trade
광주각화,광주중앙청과,20250710,오이,백다다기(오이),21 kg 박스,,,,52000,,,,trade
광주각화,광주중앙청과,20250710,오이,백다다기(오이),21 kg 박스,,,,6000,,,,trade
광주각화,광주중앙청과,20250710,오이,백다다기(오이),8kg,,,,,3000,10500,7808,grade_agg
광주각화,광주중앙청과,20250710,오이,백다다기(오이),10kg,,,,,1000,24000,16237,grade_agg
광주각화,광주중앙청과,20250710,오이,백다다기(오이),18kg,,,,,3000,28000,13457,grade_agg
광주각화,광주중앙청과,20250710,오이,백다다기(오이),21kg,,,,,3000,52000,27947,grade_agg
광주각화,광주중앙청과,20250715,오이,백다다기(오이),8 kg 비닐봉지,,,,5500,,,,trade
광주각화,광주중앙청과,20250715,오이,백다다기(오이),8 kg 비닐봉지,,,,10500,,,,trade
광주각화,광주중앙청과,20250715,오이,백다다기(오이),8 kg 비닐봉지,,,,11000,,,,trade
광주각화,광주중앙청과,20250715,오이,백다다기(오이),8 kg 비닐봉지,,,,10500,,,,trade
광주각화,광주중앙청과,20250715,오이,백다다기(오이),8 kg 비닐봉지,,,,10500,,,,trade
광주각화,광주중앙청과,20250715,오이,백다다기(오이),8 kg 비닐봉지,,,,13000,,,,trade
광주각화,광주중앙청과,20250715,오이,백다다기(오이),8 kg 비닐봉지,,,,1000,,,,trade
광주각화,광주중앙청과,20250715,오이,백다다기(오이),8 kg 비닐봉지,,,,11500,,,,trade
광주각화,광주중앙청과,20250715,오이,백다다기(오이),8 kg 비닐봉지,,,,10000,,,,trade
광주각화,광주중앙청과,20250715,오이,백다다기(오이),8 kg 비닐봉지,,,,2000,,,,trade
광주각화,광주중앙청과,20250715,오이,백다다기(오이),8 kg 비닐봉지,,,,9000,,,,trade
광주각화,광주중앙청과,20250715,오이,백다다기(오이),8 kg 팰릿,,,,8000,,,,trade
광주각화,광주중앙청과,20250715,오이,백다다기(오이),8 kg 팰릿,,,,8000,,,,trade
광주각화,광주중앙청과,20250715,오이,백다다기(오이),8 kg 팰릿,,,,7500,,,,trade
광주각화,광주중앙청과,20250715,오이,백다다기(오이),8 kg 팰릿,,,,7500,,,,trade
광주각화,광주중앙청과,20250715,오이,백다다기(오이),8 kg 팰릿,,,,7500,,,,trade
광주각화,광주중앙청과,20250715,오이,백다다기(오이),10 kg 박스,,,,6000,,,,trade
광주각화,광주중앙청과,20250715,오이,백다다기(오이),10 kg 박스,,,,22000,,,,trade
광주각화,광주중앙청과,20250715,오이,백다다기(오이),10 kg 박스,,,,17000,,,,trade
광주각화,광주중앙청과,20250715,오이,백다다기(오이),10 kg 박스,,,,27000,,,,trade
광주각화,광주중앙청과,20250715,오이,백다다기(오이),10 kg 박스,,,,28000,,,,trade
광주각화,광주중앙청과,20250715,오이,백다다기(오이),10 kg 박스,,,,13000,,,,trade
광주각화,광주중앙청과,20250715,오이,백다다기(오이),10 kg 박스,,,,26000,,,,trade
광주각화,광주중앙청과,20250715,오이,백다다기(오이),10 kg 박스,,,,11000,,,,trade
광주각화,광주중앙청과,20250715,오이,백다다기(오이),10 kg 박스,,,,24000,,,,trade
광주각화,광주중앙청과,20250715,오이,백다다기(오이),10 kg 박스,,,,26000,,,,trade
광주각화,광주중앙청과,20250715,오이,백다다기(오이),10 kg 박스,,,,28500,,,,trade
광주각화,광주중앙청과,20250715,오이,백다다기(오이),10 kg 박스,,,,26000,,,,trade
광주각화,광주중앙청과,20250715,오이,백다다기(오이),10 kg 박스,,,,20000,,,,trade
광주각화,광주중앙청과,20250715,오이,백다다기(오이),10 kg 박스,,,,25000,,,,trade
광주각화,광주중앙청과,20250715,오이,백다다기(오이),10 kg 박스,,,,27000,,,,trade
광주각화,광주중앙청과,20250715,오이,백다다기(오이),10 kg 박스,,,,11000,,,,trade
광주각화,광주중앙청과,20250715,오이,백다다기(오이),10 kg 박스,,,,21000,,,,trade
광주각화,광주중앙청과,20250715,오이,백다다기(오이),10 kg 박스,,,,30000,,,,trade
광주각화,광주중앙청과,20250715,오이,백다다기(오이),10 kg 박스,,,,11000,,,,trade
광주각화,광주중앙청과,20250715,오이,백다다기(오이),10 kg 박스,,,,26000,,,,trade
광주각화,광주중앙청과,20250715,오이,백다다기(오이),10 kg 박스,,,,11500,,,,trade
광주각화,광주중앙청과,20250715,오이,백다다기(오이),10 kg 박스,,,,23500,,,,trade
광주각화,광주중앙청과,20250715,오이,백다다기(오이),10 kg 박스,,,,11500,,,,trade
광주각화,광주중앙청과,20250715,오이,백다다기(오이),10 kg 박스,,,,34500,,,,trade
광주각화,광주중앙청과,20250715,오이,백다다기(오이),10 kg 박스,,,,11000,,,,trade
광주각화,광주중앙청과,20250715,오이,백다다기(오이),10 kg 박스,,,,27000,,,,trade
광주각화,광주중앙청과,20250715,오이,백다다기(오이),10 kg 박스,,,,10000,,,,trade
광주각화,광주중앙청과,20250715,오이,백다다기(오이),10 kg 박스,,,,28000,,,,trade
광주각화,광주중앙청과,20250715,오이,백다다기(오이),10 kg 박스,,,,27000,,,,trade
광주각화,광주중앙청과,20250715,오이,백다다기(오이),10 kg 박스,,,,31500,,,,trade
광주각화,광주중앙청과,20250715,오이,백다다기(오이),10 kg 박스,,,,27000,,,,trade
광주각화,광주중앙청과,20250715,오이,백다다기(오이),10 kg 박스,,,,26000,,,,trade
광주각화,광주중앙청과,20250715,오이,백다다기(오이),10 kg 박스,,,,28000,,,,trade
광주각화,광주중앙청과,20250715,오이,백다다기(오이),10 kg 박스,,,,30000,,,,trade
광주각화,광주중앙청과,20250715,오이,백다다기(오이),10 kg 박스,,,,24000,,,,trade
광주각화,광주중앙청과,20250715,오이,백다다기(오이),10 kg 박스,,,,25000,,,,trade
광주각화,광주중앙청과,20250715,오이,백다다기(오이),10 kg 박스,,,,25000,,,,trade
광주각화,광주중앙청과,20250715,오이,백다다기(오이),10 kg 박스,,,,24000,,,,trade
광주각화,광주중앙청과,20250715,오이,백다다기(오이),10 kg 박스,,,,32000,,,,trade
광주각화,광주중앙청과,20250715,오이,백다다기(오이),10 kg 박스,,,,26000,,,,trade
광주각화,광주중앙청과,20250715,오이,백다다기(오이),10 kg 박스,,,,29500,,,,trade
광주각화,광주중앙청과,20250715,오이,백다다기(오이),10 kg 박스,,,,32000,,,,trade
광주각화,광주중앙청과,20250715,오이,백다다기(오이),10 kg 박스,,,,26000,,,,trade
광주각화,광주중앙청과,20250715,오이,백다다기(오이),10 kg 박스,,,,22000,,,,trade
광주각화,광주중앙청과,20250715,오이,백다다기(오이),10 kg 박스,,,,26000,,,,trade
광주각화,광주중앙청과,20250715,오이,백다다기(오이),10 kg 박스,,,,12000,,,,trade
광주각화,광주중앙청과,20250715,오이,백다다기(오이),10 kg 박스,,,,20000,,,,trade
광주각화,광주중앙청과,20250715,오이,백다다기(오이),10 kg 박스,,,,9000,,,,trade
광주각화,광주중앙청과,20250715,오이,백다다기(오이),10 kg 박스,,,,20000,,,,trade
광주각화,광주중앙청과,20250715,오이,백다다기(오이),10 kg 박스,,,,26000,,,,trade
광주각화,광주중앙청과,20250715,오이,백다다기(오이),10 kg 박스,,,,30000,,,,trade
광주각화,광주중앙청과,20250715,오이,백다다기(오이),10 kg 박스,,,,20000,,,,trade
광주각화,광주중앙청과,20250715,오이,백다다기(오이),10 kg 박스,,,,11000,,,,trade
광주각화,광주중앙청과,20250715,오이,백다다기(오이),10 kg 박스,,,,28000,,,,trade
광주각화,광주중앙청과,20250715,오이,백다다기(오이),10 kg 박스,,,,21000,,,,trade
광주각화,광주중앙청과,20250715,오이,백다다기(오이),10 kg 박스,,,,15000,,,,trade
광주각화,광주중앙청과,20250715,오이,백다다기(오이),10 kg 박스,,,,18000,,,,trade
광주각화,광주중앙청과,20250715,오이,백다다기(오이),10 kg 박스,,,,19000,,,,trade
광주각화,광주중앙청과,20250715,오이,백다다기(오이),10 kg 박스,,,,18000,,,,trade
광주각화,광주중앙청과,20250715,오이,백다다기(오이),10 kg 박스,,,,14000,,,,trade
광주각화,광주중앙청과,20250715,오이,백다다기(오이),10 kg 박스,,,,5000,,,,trade
광주각화,광주중앙청과,20250715,오이,백다다기(오이),10 kg 박스,,,,18000,,,,trade
광주각화,광주중앙청과,20250715,오이,백다다기(오이),10 kg 박스,,,,9000,,,,trade
광주각화,광주중앙청과,20250715,오이,백다다기(오이),10 kg 박스,,,,24000,,,,trade
광주각화,광주중앙청과,20250715,오이,백다다기(오이),10 kg 박스,,,,12000,,,,trade
광주각화,광주중앙청과,20250715,오이,백다다기(오이),10 kg 박스,,,,6000,,,,trade
광주각화,광주중앙청과,20250715,오이,백다다기(오이),10 kg 박스,,,,17000,,,,trade
광주각화,광주중앙청과,20250715,오이,백다다기(오이),10 kg 박스,,,,5500,,,,trade
광주각화,광주중앙청과,20250715,오이,백다다기(오이),10 kg 박스,,,,25000,,,,trade
광주각화,광주중앙청과,20250715,오이,백다다기(오이),10 kg 박스,,,,23000,,,,trade
광주각화,광주중앙청과,20250715,오이,백다다기(오이),10 kg 박스,,,,18500,,,,trade
광주각화,광주중앙청과,20250715,오이,백다다기(오이),10 kg 박스,,,,17000,,,,trade
광주각화,광주중앙청과,20250715,오이,백다다기(오이),10 kg 박스,,,,14000,,,,trade
광주각화,광주중앙청과,20250715,오이,백다다기(오이),10 kg 박스,,,,24000,,,,trade
광주각화,광주중앙청과,20250715,오이,백다다기(오이),10 kg 박스,,,,21000,,,,trade
광주각화,광주중앙청과,20250715,오이,백다다기(오이),10 kg 박스,,,,25000,,,,trade
광주각화,광주중앙청과,20250715,오이,백다다기(오이),10 kg 박스,,,,11000,,,,trade
광주각화,광주중앙청과,20250715,오이,백다다기(오이),10 kg 박스,,,,19000,,,,trade
광주각화,광주중앙청과,20250715,오이,백다다기(오이),10 kg 박스,,,,25000,,,,trade
광주각화,광주중앙청과,20250715,오이,백다다기(오이),10 kg 박스,,,,27000,,,,trade
광주각화,광주중앙청과,20250715,오이,백다다기(오이),10 kg 박스,,,,9000,,,,trade
광주각화,광주중앙청과,20250715,오이,백다다기(오이),10 kg 박스,,,,23000,,,,trade
광주각화,광주중앙청과,20250715,오이,백다다기(오이),10 kg 박스,,,,14000,,,,trade
광주각화,광주중앙청과,20250715,오이,백다다기(오이),10 kg 박스,,,,12000,,,,trade
광주각화,광주중앙청과,20250715,오이,백다다기(오이),10 kg 박스,,,,24000,,,,trade
광주각화,광주중앙청과,20250715,오이,백다다기(오이),10 kg 박스,,,,28500,,,,trade
광주각화,광주중앙청과,20250715,오이,백다다기(오이),10 kg 박스,,,,6000,,,,trade
광주각화,광주중앙청과,20250715,오이,백다다기(오이),10 kg 박스,,,,12000,,,,trade
광주각화,광주중앙청과,20250715,오이,백다다기(오이),10 kg 박스,,,,17000,,,,trade
광주각화,광주중앙청과,20250715,오이,백다다기(오이),10 kg 박스,,,,13500,,,,trade
광주각화,광주중앙청과,20250715,오이,백다다기(오이),10 kg 박스,,,,24000,,,,trade
광주각화,광주중앙청과,20250715,오이,백다다기(오이),10 kg 박스,,,,26000,,,,trade
광주각화,광주중앙청과,20250715,오이,백다다기(오이),10 kg 박스,,,,12000,,,,trade
광주각화,광주중앙청과,20250715,오이,백다다기(오이),10 kg 박스,,,,24000,,,,trade
광주각화,광주중앙청과,20250715,오이,백다다기(오이),10 kg 박스,,,,11000,,,,trade
광주각화,광주중앙청과,20250715,오이,백다다기(오이),10 kg 박스,,,,18000,,,,trade
광주각화,광주중앙청과,20250715,오이,백다다기(오이),10 kg 박스,,,,12000,,,,trade
광주각화,광주중앙청과,20250715,오이,백다다기(오이),10 kg 박스,,,,34000,,,,trade
광주각화,광주중앙청과,20250715,오이,백다다기(오이),10 kg 박스,,,,11000,,,,trade
광주각화,광주중앙청과,20250715,오이,백다다기(오이),10 kg 박스,,,,17500,,,,trade
광주각화,광주중앙청과,20250715,오이,백다다기(오이),10 kg 박스,,,,16000,,,,trade
광주각화,광주중앙청과,20250715,오이,백다다기(오이),10 kg 박스,,,,16000,,,,trade
광주각화,광주중앙청과,20250715,오이,백다다기(오이),10 kg 박스,,,,17500,,,,trade
광주각화,광주중앙청과,20250715,오이,백다다기(오이),10 kg 박스,,,,24000,,,,trade
광주각화,광주중앙청과,20250715,오이,백다다기(오이),10 kg 박스,,,,12500,,,,trade
광주각화,광주중앙청과,20250715,오이,백다다기(오이),10 kg 박스,,,,28500,,,,trade
광주각화,광주중앙청과,20250715,오이,백다다기(오이),10 kg 박스,,,,34000,,,,trade
광주각화,광주중앙청과,20250715,오이,백다다기(오이),10 kg 박스,,,,15000,,,,trade
광주각화,광주중앙청과,20250715,오이,백다다기(오이),10 kg 박스,,,,32000,,,,trade
광주각화,광주중앙청과,20250715,오이,백다다기(오이),10 kg 박스,,,,27500,,,,trade
광주각화,광주중앙청과,20250715,오이,백다다기(오이),10 kg 박스,,,,22000,,,,trade
광주각화,광주중앙청과,20250715,오이,백다다기(오이),10 kg 박스,,,,25000,,,,trade
광주각화,광주중앙청과,20250715,오이,백다다기(오이),10 kg 박스,,,,12000,,,,trade
광주각화,광주중앙청과,20250715,오이,백다다기(오이),10 kg 박스,,,,18000,,,,trade
광주각화,광주중앙청과,20250715,오이,백다다기(오이),10 kg 박스,,,,18000,,,,trade
광주각화,광주중앙청과,20250715,오이,백다다기(오이),10 kg 박스,,,,3000,,,,trade
광주각화,광주중앙청과,20250715,오이,백다다기(오이),10 kg 박스,,,,16000,,,,trade
광주각화,광주중앙청과,20250715,오이,백다다기(오이),10 kg 박스,,,,2500,,,,trade
광주각화,광주중앙청과,20250715,오이,백다다기(오이),10 kg 박스,,,,14000,,,,trade
광주각화,광주중앙청과,20250715,오이,백다다기(오이),10 kg 박스,,,,13000,,,,trade
광주각화,광주중앙청과,20250715,오이,백다다기(오이),10 kg 박스,,,,18000,,,,trade
광주각화,광주중앙청과,20250715,오이,백다다기(오이),10 kg 박스,,,,20000,,,,trade
광주각화,광주중앙청과,20250715,오이,백다다기(오이),10 kg 박스,,,,9000,,,,trade
광주각화,광주중앙청과,20250715,오이,백다다기(오이),10 kg 박스,,,,23000,,,,trade
광주각화,광주중앙청과,20250715,오이,백다다기(오이),10 kg 박스,,,,22000,,,,trade
광주각화,광주중앙청과,20250715,오이,백다다기(오이),10 kg 박스,,,,12500,,,,trade
광주각화,광주중앙청과,20250715,오이,백다다기(오이),10 kg 박스,,,,22000,,,,trade
광주각화,광주중앙청과,20250715,오이,백다다기(오이),10 kg 박스,,,,12500,,,,trade
광주각화,광주중앙청과,20250715,오이,백다다기(오이),10 kg 박스,,,,21000,,,,trade
광주각화,광주중앙청과,20250715,오이,백다다기(오이),10 kg 박스,,,,18000,,,,trade
광주각화,광주중앙청과,20250715,오이,백다다기(오이),10 kg 박스,,,,37000,,,,trade
광주각화,광주중앙청과,20250715,오이,백다다기(오이),10 kg 박스,,,,13000,,,,trade
광주각화,광주중앙청과,20250715,오이,백다다기(오이),10 kg 박스,,,,25500,,,,trade
광주각화,광주중앙청과,20250715,오이,백다다기(오이),10 kg 박스,,,,12500,,,,trade
광주각화,광주중앙청과,20250715,오이,백다다기(오이),10 kg 박스,,,,24000,,,,trade
광주각화,광주중앙청과,20250715,오이,백다다기(오이),10 kg 박스,,,,12000,,,,trade
광주각화,광주중앙청과,20250715,오이,백다다기(오이),10 kg 박스,,,,24000,,,,trade
광주각화,광주중앙청과,20250715,오이,백다다기(오이),18 kg 박스,,,,13000,,,,trade
광주각화,광주중앙청과,20250715,오이,백다다기(오이),18 kg 박스,,,,11000,,,,trade
광주각화,광주중앙청과,20250715,오이,백다다기(오이),18 kg 박스,,,,21000,,,,trade
광주각화,광주중앙청과,20250715,오이,백다다기(오이),18 kg 박스,,,,12000,,,,trade
광주각화,광주중앙청과,20250715,오이,백다다기(오이),18 kg 박스,,,,21000,,,,trade
광주각화,광주중앙청과,20250715,오이,백다다기(오이),18 kg 박스,,,,16000,,,,trade
광주각화,광주중앙청과,20250715,오이,백다다기(오이),18 kg 박스,,,,24000,,,,trade
광주각화,광주중앙청과,20250715,오이,백다다기(오이),18 kg 박스,,,,13000,,,,trade
광주각화,광주중앙청과,20250715,오이,백다다기(오이),18 kg 박스,,,,16000,,,,trade
광주각화,광주중앙청과,20250715,오이,백다다기(오이),18 kg 박스,,,,18000,,,,trade
광주각화,광주중앙청과,20250715,오이,백다다기(오이),18 kg 박스,,,,20000,,,,trade
광주각화,광주중앙청과,20250715,오이,백다다기(오이),18 kg 박스,,,,2000,,,,trade
광주각화,광주중앙청과,20250715,오이,백다다기(오이),18 kg 박스,,,,14000,,,,trade
광주각화,광주중앙청과,20250715,오이,백다다기(오이),18 kg 박스,,,,12000,,,,trade
광주각화,광주중앙청과,20250715,오이,백다다기(오이),18 kg 박스,,,,16000,,,,trade
광주각화,광주중앙청과,20250715,오이,백다다기(오이),18 kg 박스,,,,9000,,,,trade
광주각화,광주중앙청과,20250715,오이,백다다기(오이),18 kg 박스,,,,16000,,,,trade
광주각화,광주중앙청과,20250715,오이,백다다기(오이),18 kg 박스,,,,19000,,,,trade
광주각화,광주중앙청과,20250715,오이,백다다기(오이),18 kg 박스,,,,10000,,,,trade
광주각화,광주중앙청과,20250715,오이,백다다기(오이),18 kg 박스,,,,13000,,,,trade
광주각화,광주중앙청과,20250715,오이,백다다기(오이),18 kg 박스,,,,18000,,,,trade
광주각화,광주중앙청과,20250715,오이,백다다기(오이),18 kg 박스,,,,16000,,,,trade
광주각화,광주중앙청과,20250715,오이,백다다기(오이),18 kg 박스,,,,13000,,,,trade
광주각화,광주중앙청과,20250715,오이,백다다기(오이),18 kg 박스,,,,22000,,,,trade
광주각화,광주중앙청과,20250715,오이,백다다기(오이),21 kg 박스,,,,30000,,,,trade
광주각화,광주중앙청과,20250715,오이,백다다기(오이),21 kg 박스,,,,57000,,,,trade
광주각화,광주중앙청과,20250715,오이,백다다기(오이),21 kg 박스,,,,42000,,,,trade
광주각화,광주중앙청과,20250715,오이,백다다기(오이),21 kg 박스,,,,30000,,,,trade
광주각화,광주중앙청과,20250715,오이,백다다기(오이),21 kg 박스,,,,27000,,,,trade
광주각화,광주중앙청과,20250715,오이,백다다기(오이),21 kg 박스,,,,3000,,,,trade
광주각화,광주중앙청과,20250715,오이,백다다기(오이),21 kg 박스,,,,40000,,,,trade
광주각화,광주중앙청과,20250715,오이,백다다기(오이),21 kg 박스,,,,15000,,,,trade
광주각화,광주중앙청과,20250715,오이,백다다기(오이),21 kg 박스,,,,4000,,,,trade
광주각화,광주중앙청과,20250715,오이,백다다기(오이),21 kg 박스,,,,18000,,,,trade
광주각화,광주중앙청과,20250715,오이,백다다기(오이),21 kg 박스,,,,39000,,,,trade
광주각화,광주중앙청과,20250715,오이,백다다기(오이),21 kg 박스,,,,45000,,,,trade
광주각화,광주중앙청과,20250715,오이,백다다기(오이),21 kg 박스,,,,40000,,,,trade
광주각화,광주중앙청과,20250715,오이,백다다기(오이),21 kg 박스,,,,29000,,,,trade
광주각화,광주중앙청과,20250715,오이,백다다기(오이),21 kg 박스,,,,43000,,,,trade
광주각화,광주중앙청과,20250715,오이,백다다기(오이),21 kg 박스,,,,35000,,,,trade
광주각화,광주중앙청과,20250715,오이,백다다기(오이),21 kg 박스,,,,22000,,,,trade
광주각화,광주중앙청과,20250715,오이,백다다기(오이),21 kg 박스,,,,24000,,,,trade
광주각화,광주중앙청과,20250715,오이,백다다기(오이),21 kg 박스,,,,43000,,,,trade
광주각화,광주중앙청과,20250715,오이,백다다기(오이),21 kg 박스,,,,40000,,,,trade
광주각화,광주중앙청과,20250715,오이,백다다기(오이),21 kg 박스,,,,19000,,,,trade
광주각화,광주중앙청과,20250715,오이,백다다기(오이),21 kg 박스,,,,39000,,,,trade
광주각화,광주중앙청과,20250715,오이,백다다기(오이),21 kg 박스,,,,60000,,,,trade
광주각화,광주중앙청과,20250715,오이,백다다기(오이),21 kg 박스,,,,60000,,,,trade
광주각화,광주중앙청과,20250715,오이,백다다기(오이),21 kg 박스,,,,60000,,,,trade
광주각화,광주중앙청과,20250715,오이,백다다기(오이),21 kg 박스,,,,17000,,,,trade
광주각화,광주중앙청과,20250715,오이,백다다기(오이),21 kg 박스,,,,35000,,,,trade
광주각화,광주중앙청과,20250715,오이,백다다기(오이),21 kg 박스,,,,52000,,,,trade
광주각화,광주중앙청과,20250715,오이,백다다기(오이),21 kg 박스,,,,25000,,,,trade
광주각화,광주중앙청과,20250715,오이,백다다기(오이),21 kg 박스,,,,18000,,,,trade
광주각화,광주중앙청과,20250715,오이,백다다기(오이),21 kg 박스,,,,70000,,,,trade
광주각화,광주중앙청과,20250715,오이,백다다기(오이),21 kg 박스,,,,10000,,,,trade
광주각화,광주중앙청과,20250715,오이,백다다기(오이),21 kg 박스,,,,22000,,,,trade
광주각화,광주중앙청과,20250715,오이,백다다기(오이),21 kg 박스,,,,36000,,,,trade
광주각화,광주중앙청과,20250715,오이,백다다기(오이),21 kg 박스,,,,52000,,,,trade
광주각화,광주중앙청과,20250715,오이,백다다기(오이),21 kg 박스,,,,38000,,,,trade
광주각화,광주중앙청과,20250715,오이,백다다기(오이),21 kg 박스,,,,55000,,,,trade
광주각화,광주중앙청과,20250715,오이,백다다기(오이),21 kg 박스,,,,11000,,,,trade
광주각화,광주중앙청과,20250715,오이,백다다기(오이),21 kg 박스,,,,16000,,,,trade
광주각화,광주중앙청과,20250715,오이,백다다기(오이),21 kg 박스,,,,54000,,,,trade
광주각화,광주중앙청과,20250715,오이,백다다기(오이),21 kg 박스,,,,40000,,,,trade
광주각화,광주중앙청과,20250715,오이,백다다기(오이),21 kg 박스,,,,21000,,,,trade
광주각화,광주중앙청과,20250715,오이,백다다기(오이),21 kg 박스,,,,53000,,,,trade
광주각화,광주중앙청과,20250715,오이,백다다기(오이),21 kg 박스,,,,53000,,,,trade
광주각화,광주중앙청과,20250715,오이,백다다기(오이),21 kg 박스,,,,24000,,,,trade
광주각화,광주중앙청과,20250715,오이,백다다기(오이),21 kg 박스,,,,46000,,,,trade
광주각화,광주중앙청과,20250715,오이,백다다기(오이),21 kg 박스,,,,62000,,,,trade
광주각화,광주중앙청과,20250715,오이,백다다기(오이),21 kg 박스,,,,18000,,,,trade
광주각화,광주중앙청과,20250715,오이,백다다기(오이),21 kg 박스,,,,5000,,,,trade
광주각화,광주중앙청과,20250715,오이,백다다기(오이),8kg,,,,,1000,13000,9075,grade_agg
광주각화,광주중앙청과,20250715,오이,백다다기(오이),10kg,,,,,2500,37000,23466,grade_agg
광주각화,광주중앙청과,20250715,오이,백다다기(오이),18kg,,,,,2000,24000,16006,grade_agg
광주각화,광주중앙청과,20250715,오이,백다다기(오이),21kg,,,,,3000,70000,43908,grade_agg
광주각화,광주중앙청과,20250717,오이,백다다기(오이),8 kg 비닐봉지,,,,11000,,,,trade
광주각화,광주중앙청과,20250717,오이,백다다기(오이),8 kg 비닐봉지,,,,12000,,,,trade
광주각화,광주중앙청과,20250717,오이,백다다기(오이),8 kg 비닐봉지,,,,11000,,,,trade
광주각화,광주중앙청과,20250717,오이,백다다기(오이),8 kg 비닐봉지,,,,11000,,,,trade
광주각화,광주중앙청과,20250717,오이,백다다기(오이),8 kg 비닐봉지,,,,11500,,,,trade
광주각화,광주중앙청과,20250717,오이,백다다기(오이),8 kg 비닐봉지,,,,11000,,,,trade
광주각화,광주중앙청과,20250717,오이,백다다기(오이),8 kg 비닐봉지,,,,9000,,,,trade
광주각화,광주중앙청과,20250717,오이,백다다기(오이),8 kg 비닐봉지,,,,12000,,,,trade
광주각화,광주중앙청과,20250717,오이,백다다기(오이),8 kg 팰릿,,,,10000,,,,trade
광주각화,광주중앙청과,20250717,오이,백다다기(오이),10 kg 박스,,,,19000,,,,trade
광주각화,광주중앙청과,20250717,오이,백다다기(오이),10 kg 박스,,,,20000,,,,trade
광주각화,광주중앙청과,20250717,오이,백다다기(오이),10 kg 박스,,,,18000,,,,trade
광주각화,광주중앙청과,20250717,오이,백다다기(오이),10 kg 박스,,,,18500,,,,trade
광주각화,광주중앙청과,20250717,오이,백다다기(오이),10 kg 박스,,,,17000,,,,trade
광주각화,광주중앙청과,20250717,오이,백다다기(오이),10 kg 박스,,,,6000,,,,trade
광주각화,광주중앙청과,20250717,오이,백다다기(오이),10 kg 박스,,,,5000,,,,trade
광주각화,광주중앙청과,20250717,오이,백다다기(오이),10 kg 박스,,,,5000,,,,trade
광주각화,광주중앙청과,20250717,오이,백다다기(오이),10 kg 박스,,,,14000,,,,trade
광주각화,광주중앙청과,20250717,오이,백다다기(오이),10 kg 박스,,,,15500,,,,trade
광주각화,광주중앙청과,20250717,오이,백다다기(오이),10 kg 박스,,,,9000,,,,trade
광주각화,광주중앙청과,20250717,오이,백다다기(오이),10 kg 박스,,,,22000,,,,trade
광주각화,광주중앙청과,20250717,오이,백다다기(오이),10 kg 박스,,,,22000,,,,trade
광주각화,광주중앙청과,20250717,오이,백다다기(오이),10 kg 박스,,,,21000,,,,trade
광주각화,광주중앙청과,20250717,오이,백다다기(오이),10 kg 박스,,,,22000,,,,trade
광주각화,광주중앙청과,20250717,오이,백다다기(오이),10 kg 박스,,,,6000,,,,trade
광주각화,광주중앙청과,20250717,오이,백다다기(오이),10 kg 박스,,,,18000,,,,trade
광주각화,광주중앙청과,20250717,오이,백다다기(오이),10 kg 박스,,,,17000,,,,trade
광주각화,광주중앙청과,20250717,오이,백다다기(오이),10 kg 박스,,,,21000,,,,trade
광주각화,광주중앙청과,20250717,오이,백다다기(오이),10 kg 박스,,,,23000,,,,trade
광주각화,광주중앙청과,20250717,오이,백다다기(오이),10 kg 박스,,,,19000,,,,trade
광주각화,광주중앙청과,20250717,오이,백다다기(오이),10 kg 박스,,,,18000,,,,trade
광주각화,광주중앙청과,20250717,오이,백다다기(오이),10 kg 박스,,,,7000,,,,trade
광주각화,광주중앙청과,20250717,오이,백다다기(오이),10 kg 박스,,,,7500,,,,trade
광주각화,광주중앙청과,20250717,오이,백다다기(오이),10 kg 박스,,,,7000,,,,trade
광주각화,광주중앙청과,20250717,오이,백다다기(오이),10 kg 박스,,,,6000,,,,trade
광주각화,광주중앙청과,20250717,오이,백다다기(오이),10 kg 박스,,,,6000,,,,trade
광주각화,광주중앙청과,20250717,오이,백다다기(오이),10 kg 박스,,,,6000,,,,trade
광주각화,광주중앙청과,20250717,오이,백다다기(오이),10 kg 박스,,,,15000,,,,trade
광주각화,광주중앙청과,20250717,오이,백다다기(오이),10 kg 박스,,,,17500,,,,trade
광주각화,광주중앙청과,20250717,오이,백다다기(오이),10 kg 박스,,,,21000,,,,trade
광주각화,광주중앙청과,20250717,오이,백다다기(오이),10 kg 박스,,,,22000,,,,trade
광주각화,광주중앙청과,20250717,오이,백다다기(오이),10 kg 박스,,,,20000,,,,trade
광주각화,광주중앙청과,20250717,오이,백다다기(오이),10 kg 박스,,,,14000,,,,trade
광주각화,광주중앙청과,20250717,오이,백다다기(오이),10 kg 박스,,,,20000,,,,trade
광주각화,광주중앙청과,20250717,오이,백다다기(오이),10 kg 박스,,,,22000,,,,trade
광주각화,광주중앙청과,20250717,오이,백다다기(오이),10 kg 박스,,,,21000,,,,trade
광주각화,광주중앙청과,20250717,오이,백다다기(오이),10 kg 박스,,,,22000,,,,trade
광주각화,광주중앙청과,20250717,오이,백다다기(오이),10 kg 박스,,,,15000,,,,trade
광주각화,광주중앙청과,20250717,오이,백다다기(오이),10 kg 박스,,,,21000,,,,trade
광주각화,광주중앙청과,20250717,오이,백다다기(오이),10 kg 박스,,,,20500,,,,trade
광주각화,광주중앙청과,20250717,오이,백다다기(오이),10 kg 박스,,,,21000,,,,trade
광주각화,광주중앙청과,20250717,오이,백다다기(오이),10 kg 박스,,,,22000,,,,trade
광주각화,광주중앙청과,20250717,오이,백다다기(오이),10 kg 박스,,,,22000,,,,trade
광주각화,광주중앙청과,20250717,오이,백다다기(오이),10 kg 박스,,,,20000,,,,trade
광주각화,광주중앙청과,20250717,오이,백다다기(오이),10 kg 박스,,,,16000,,,,trade
광주각화,광주중앙청과,20250717,오이,백다다기(오이),10 kg 박스,,,,23000,,,,trade
광주각화,광주중앙청과,20250717,오이,백다다기(오이),10 kg 박스,,,,17000,,,,trade
광주각화,광주중앙청과,20250717,오이,백다다기(오이),10 kg 박스,,,,17000,,,,trade
광주각화,광주중앙청과,20250717,오이,백다다기(오이),10 kg 박스,,,,17000,,,,trade
광주각화,광주중앙청과,20250717,오이,백다다기(오이),10 kg 박스,,,,17000,,,,trade
광주각화,광주중앙청과,20250717,오이,백다다기(오이),10 kg 박스,,,,17000,,,,trade
광주각화,광주중앙청과,20250717,오이,백다다기(오이),10 kg 박스,,,,17000,,,,trade
광주각화,광주중앙청과,20250717,오이,백다다기(오이),10 kg 박스,,,,18000,,,,trade
광주각화,광주중앙청과,20250717,오이,백다다기(오이),10 kg 박스,,,,20000,,,,trade
광주각화,광주중앙청과,20250717,오이,백다다기(오이),10 kg 박스,,,,19000,,,,trade
광주각화,광주중앙청과,20250717,오이,백다다기(오이),10 kg 박스,,,,15000,,,,trade
광주각화,광주중앙청과,20250717,오이,백다다기(오이),10 kg 박스,,,,8000,,,,trade
광주각화,광주중앙청과,20250717,오이,백다다기(오이),10 kg 박스,,,,18000,,,,trade
광주각화,광주중앙청과,20250717,오이,백다다기(오이),10 kg 박스,,,,6000,,,,trade
광주각화,광주중앙청과,20250717,오이,백다다기(오이),10 kg 박스,,,,16500,,,,trade
광주각화,광주중앙청과,20250717,오이,백다다기(오이),10 kg 박스,,,,18000,,,,trade
광주각화,광주중앙청과,20250717,오이,백다다기(오이),10 kg 박스,,,,16500,,,,trade
광주각화,광주중앙청과,20250717,오이,백다다기(오이),10 kg 박스,,,,8000,,,,trade
광주각화,광주중앙청과,20250717,오이,백다다기(오이),10 kg 박스,,,,15000,,,,trade
광주각화,광주중앙청과,20250717,오이,백다다기(오이),10 kg 박스,,,,15000,,,,trade
광주각화,광주중앙청과,20250717,오이,백다다기(오이),10 kg 박스,,,,17000,,,,trade
광주각화,광주중앙청과,20250717,오이,백다다기(오이),10 kg 박스,,,,17000,,,,trade
광주각화,광주중앙청과,20250717,오이,백다다기(오이),10 kg 박스,,,,12000,,,,trade
광주각화,광주중앙청과,20250717,오이,백다다기(오이),10 kg 박스,,,,5000,,,,trade
광주각화,광주중앙청과,20250717,오이,백다다기(오이),10 kg 박스,,,,14500,,,,trade
광주각화,광주중앙청과,20250717,오이,백다다기(오이),10 kg 박스,,,,14500,,,,trade
광주각화,광주중앙청과,20250717,오이,백다다기(오이),10 kg 박스,,,,5000,,,,trade
광주각화,광주중앙청과,20250717,오이,백다다기(오이),10 kg 박스,,,,14000,,,,trade
광주각화,광주중앙청과,20250717,오이,백다다기(오이),10 kg 박스,,,,14000,,,,trade
광주각화,광주중앙청과,20250717,오이,백다다기(오이),10 kg 박스,,,,10000,,,,trade
광주각화,광주중앙청과,20250717,오이,백다다기(오이),10 kg 박스,,,,18500,,,,trade
광주각화,광주중앙청과,20250717,오이,백다다기(오이),10 kg 박스,,,,10000,,,,trade
광주각화,광주중앙청과,20250717,오이,백다다기(오이),10 kg 박스,,,,19000,,,,trade
광주각화,광주중앙청과,20250717,오이,백다다기(오이),10 kg 박스,,,,13000,,,,trade
광주각화,광주중앙청과,20250717,오이,백다다기(오이),10 kg 박스,,,,18500,,,,trade
광주각화,광주중앙청과,20250717,오이,백다다기(오이),10 kg 박스,,,,19000,,,,trade
광주각화,광주중앙청과,20250717,오이,백다다기(오이),10 kg 박스,,,,19500,,,,trade
광주각화,광주중앙청과,20250717,오이,백다다기(오이),10 kg 박스,,,,18500,,,,trade
광주각화,광주중앙청과,20250717,오이,백다다기(오이),10 kg 박스,,,,13000,,,,trade
광주각화,광주중앙청과,20250717,오이,백다다기(오이),10 kg 박스,,,,11000,,,,trade
광주각화,광주중앙청과,20250717,오이,백다다기(오이),10 kg 박스,,,,18500,,,,trade
광주각화,광주중앙청과,20250717,오이,백다다기(오이),10 kg 박스,,,,12500,,,,trade
광주각화,광주중앙청과,20250717,오이,백다다기(오이),10 kg 박스,,,,15000,,,,trade
광주각화,광주중앙청과,20250717,오이,백다다기(오이),10 kg 박스,,,,11000,,,,trade
광주각화,광주중앙청과,20250717,오이,백다다기(오이),10 kg 박스,,,,18000,,,,trade
광주각화,광주중앙청과,20250717,오이,백다다기(오이),10 kg 박스,,,,18000,,,,trade
광주각화,광주중앙청과,20250717,오이,백다다기(오이),10 kg 박스,,,,16000,,,,trade
광주각화,광주중앙청과,20250717,오이,백다다기(오이),10 kg 박스,,,,23000,,,,trade
광주각화,광주중앙청과,20250717,오이,백다다기(오이),10 kg 박스,,,,8500,,,,trade
광주각화,광주중앙청과,20250717,오이,백다다기(오이),10 kg 박스,,,,16000,,,,trade
광주각화,광주중앙청과,20250717,오이,백다다기(오이),10 kg 박스,,,,23000,,,,trade
광주각화,광주중앙청과,20250717,오이,백다다기(오이),10 kg 박스,,,,9000,,,,trade
광주각화,광주중앙청과,20250717,오이,백다다기(오이),10 kg 박스,,,,20000,,,,trade
광주각화,광주중앙청과,20250717,오이,백다다기(오이),10 kg 박스,,,,13000,,,,trade
광주각화,광주중앙청과,20250717,오이,백다다기(오이),10 kg 박스,,,,18000,,,,trade
광주각화,광주중앙청과,20250717,오이,백다다기(오이),10 kg 박스,,,,22000,,,,trade
광주각화,광주중앙청과,20250717,오이,백다다기(오이),10 kg 박스,,,,19000,,,,trade
광주각화,광주중앙청과,20250717,오이,백다다기(오이),10 kg 박스,,,,19000,,,,trade
광주각화,광주중앙청과,20250717,오이,백다다기(오이),10 kg 박스,,,,17000,,,,trade
광주각화,광주중앙청과,20250717,오이,백다다기(오이),10 kg 박스,,,,8000,,,,trade
광주각화,광주중앙청과,20250717,오이,백다다기(오이),10 kg 박스,,,,13000,,,,trade
광주각화,광주중앙청과,20250717,오이,백다다기(오이),10 kg 박스,,,,14000,,,,trade
광주각화,광주중앙청과,20250717,오이,백다다기(오이),10 kg 박스,,,,16000,,,,trade
광주각화,광주중앙청과,20250717,오이,백다다기(오이),10 kg 박스,,,,4000,,,,trade
광주각화,광주중앙청과,20250717,오이,백다다기(오이),10 kg 박스,,,,12000,,,,trade
광주각화,광주중앙청과,20250717,오이,백다다기(오이),10 kg 박스,,,,8000,,,,trade
광주각화,광주중앙청과,20250717,오이,백다다기(오이),10 kg 박스,,,,17000,,,,trade
광주각화,광주중앙청과,20250717,오이,백다다기(오이),10 kg 박스,,,,16000,,,,trade
광주각화,광주중앙청과,20250717,오이,백다다기(오이),10 kg 박스,,,,16000,,,,trade
광주각화,광주중앙청과,20250717,오이,백다다기(오이),10 kg 박스,,,,12000,,,,trade
광주각화,광주중앙청과,20250717,오이,백다다기(오이),10 kg 박스,,,,20000,,,,trade
광주각화,광주중앙청과,20250717,오이,백다다기(오이),10 kg 박스,,,,12000,,,,trade
광주각화,광주중앙청과,20250717,오이,백다다기(오이),10 kg 박스,,,,18500,,,,trade
광주각화,광주중앙청과,20250717,오이,백다다기(오이),10 kg 박스,,,,12500,,,,trade
광주각화,광주중앙청과,20250717,오이,백다다기(오이),10 kg 박스,,,,25000,,,,trade
광주각화,광주중앙청과,20250717,오이,백다다기(오이),10 kg 박스,,,,12000,,,,trade
광주각화,광주중앙청과,20250717,오이,백다다기(오이),10 kg 박스,,,,21000,,,,trade
광주각화,광주중앙청과,20250717,오이,백다다기(오이),10 kg 박스,,,,11500,,,,trade
광주각화,광주중앙청과,20250717,오이,백다다기(오이),10 kg 박스,,,,19000,,,,trade
광주각화,광주중앙청과,20250717,오이,백다다기(오이),18 kg 박스,,,,18000,,,,trade
광주각화,광주중앙청과,20250717,오이,백다다기(오이),18 kg 박스,,,,14000,,,,trade
광주각화,광주중앙청과,20250717,오이,백다다기(오이),18 kg 박스,,,,7000,,,,trade
광주각화,광주중앙청과,20250717,오이,백다다기(오이),18 kg 박스,,,,7000,,,,trade
광주각화,광주중앙청과,20250717,오이,백다다기(오이),18 kg 박스,,,,11000,,,,trade
광주각화,광주중앙청과,20250717,오이,백다다기(오이),18 kg 박스,,,,15000,,,,trade
광주각화,광주중앙청과,20250717,오이,백다다기(오이),18 kg 박스,,,,18000,,,,trade
광주각화,광주중앙청과,20250717,오이,백다다기(오이),18 kg 박스,,,,9000,,,,trade
광주각화,광주중앙청과,20250717,오이,백다다기(오이),18 kg 박스,,,,17000,,,,trade
광주각화,광주중앙청과,20250717,오이,백다다기(오이),18 kg 박스,,,,7000,,,,trade
광주각화,광주중앙청과,20250717,오이,백다다기(오이),18 kg 박스,,,,16000,,,,trade
광주각화,광주중앙청과,20250717,오이,백다다기(오이),18 kg 박스,,,,13000,,,,trade
광주각화,광주중앙청과,20250717,오이,백다다기(오이),18 kg 박스,,,,11000,,,,trade
광주각화,광주중앙청과,20250717,오이,백다다기(오이),18 kg 박스,,,,16000,,,,trade
광주각화,광주중앙청과,20250717,오이,백다다기(오이),18 kg 박스,,,,8000,,,,trade
광주각화,광주중앙청과,20250717,오이,백다다기(오이),18 kg 박스,,,,6000,,,,trade
광주각화,광주중앙청과,20250717,오이,백다다기(오이),18 kg 박스,,,,14000,,,,trade
광주각화,광주중앙청과,20250717,오이,백다다기(오이),18 kg 박스,,,,5000,,,,trade
광주각화,광주중앙청과,20250717,오이,백다다기(오이),18 kg 박스,,,,6000,,,,trade
광주각화,광주중앙청과,20250717,오이,백다다기(오이),18 kg 박스,,,,11000,,,,trade
광주각화,광주중앙청과,20250717,오이,백다다기(오이),18 kg 박스,,,,15000,,,,trade
광주각화,광주중앙청과,20250717,오이,백다다기(오이),18 kg 박스,,,,10000,,,,trade
광주각화,광주중앙청과,20250717,오이,백다다기(오이),18 kg 박스,,,,12000,,,,trade
광주각화,광주중앙청과,20250717,오이,백다다기(오이),18 kg 박스,,,,5000,,,,trade
광주각화,광주중앙청과,20250717,오이,백다다기(오이),18 kg 박스,,,,6000,,,,trade
광주각화,광주중앙청과,20250717,오이,백다다기(오이),18 kg 박스,,,,18000,,,,trade
광주각화,광주중앙청과,20250717,오이,백다다기(오이),21 kg 박스,,,,27000,,,,trade
광주각화,광주중앙청과,20250717,오이,백다다기(오이),21 kg 박스,,,,40000,,,,trade
광주각화,광주중앙청과,20250717,오이,백다다기(오이),21 kg 박스,,,,7000,,,,trade
광주각화,광주중앙청과,20250717,오이,백다다기(오이),21 kg 박스,,,,38000,,,,trade
광주각화,광주중앙청과,20250717,오이,백다다기(오이),21 kg 박스,,,,19000,,,,trade
광주각화,광주중앙청과,20250717,오이,백다다기(오이),21 kg 박스,,,,24000,,,,trade
광주각화,광주중앙청과,20250717,오이,백다다기(오이),21 kg 박스,,,,10000,,,,trade
광주각화,광주중앙청과,20250717,오이,백다다기(오이),21 kg 박스,,,,34000,,,,trade
광주각화,광주중앙청과,20250717,오이,백다다기(오이),21 kg 박스,,,,36000,,,,trade
광주각화,광주중앙청과,20250717,오이,백다다기(오이),21 kg 박스,,,,19000,,,,trade
광주각화,광주중앙청과,20250717,오이,백다다기(오이),21 kg 박스,,,,33000,,,,trade
광주각화,광주중앙청과,20250717,오이,백다다기(오이),21 kg 박스,,,,38000,,,,trade
광주각화,광주중앙청과,20250717,오이,백다다기(오이),21 kg 박스,,,,5000,,,,trade
광주각화,광주중앙청과,20250717,오이,백다다기(오이),21 kg 박스,,,,15000,,,,trade
광주각화,광주중앙청과,20250717,오이,백다다기(오이),21 kg 박스,,,,36000,,,,trade
광주각화,광주중앙청과,20250717,오이,백다다기(오이),21 kg 박스,,,,17000,,,,trade
광주각화,광주중앙청과,20250717,오이,백다다기(오이),21 kg 박스,,,,17000,,,,trade
광주각화,광주중앙청과,20250717,오이,백다다기(오이),21 kg 박스,,,,25000,,,,trade
광주각화,광주중앙청과,20250717,오이,백다다기(오이),21 kg 박스,,,,12000,,,,trade
광주각화,광주중앙청과,20250717,오이,백다다기(오이),21 kg 박스,,,,36000,,,,trade
광주각화,광주중앙청과,20250717,오이,백다다기(오이),21 kg 박스,,,,34000,,,,trade
광주각화,광주중앙청과,20250717,오이,백다다기(오이),21 kg 박스,,,,26000,,,,trade
광주각화,광주중앙청과,20250717,오이,백다다기(오이),21 kg 박스,,,,5000,,,,trade
광주각화,광주중앙청과,20250717,오이,백다다기(오이),21 kg 박스,,,,24000,,,,trade
광주각화,광주중앙청과,20250717,오이,백다다기(오이),21 kg 박스,,,,13000,,,,trade
광주각화,광주중앙청과,20250717,오이,백다다기(오이),21 kg 박스,,,,53000,,,,trade
광주각화,광주중앙청과,20250717,오이,백다다기(오이),21 kg 박스,,,,15000,,,,trade
광주각화,광주중앙청과,20250717,오이,백다다기(오이),21 kg 박스,,,,50000,,,,trade
광주각화,광주중앙청과,20250717,오이,백다다기(오이),21 kg 박스,,,,13000,,,,trade
광주각화,광주중앙청과,20250717,오이,백다다기(오이),21 kg 박스,,,,21000,,,,trade
광주각화,광주중앙청과,20250717,오이,백다다기(오이),21 kg 박스,,,,25000,,,,trade
광주각화,광주중앙청과,20250717,오이,백다다기(오이),21 kg 박스,,,,13000,,,,trade
광주각화,광주중앙청과,20250717,오이,백다다기(오이),21 kg 박스,,,,45000,,,,trade
광주각화,광주중앙청과,20250717,오이,백다다기(오이),21 kg 박스,,,,15000,,,,trade
광주각화,광주중앙청과,20250717,오이,백다다기(오이),21 kg 박스,,,,43000,,,,trade
광주각화,광주중앙청과,20250717,오이,백다다기(오이),21 kg 박스,,,,10000,,,,trade
광주각화,광주중앙청과,20250717,오이,백다다기(오이),21 kg 박스,,,,43000,,,,trade
광주각화,광주중앙청과,20250717,오이,백다다기(오이),21 kg 박스,,,,17000,,,,trade
광주각화,광주중앙청과,20250717,오이,백다다기(오이),21 kg 박스,,,,36000,,,,trade
광주각화,광주중앙청과,20250717,오이,백다다기(오이),21 kg 박스,,,,46000,,,,trade
광주각화,광주중앙청과,20250717,오이,백다다기(오이),21 kg 박스,,,,42000,,,,trade
광주각화,광주중앙청과,20250717,오이,백다다기(오이),21 kg 박스,,,,16000,,,,trade
광주각화,광주중앙청과,20250717,오이,백다다기(오이),21 kg 박스,,,,47000,,,,trade
광주각화,광주중앙청과,20250717,오이,백다다기(오이),21 kg 박스,,,,16000,,,,trade
광주각화,광주중앙청과,20250717,오이,백다다기(오이),21 kg 박스,,,,17000,,,,trade
광주각화,광주중앙청과,20250717,오이,백다다기(오이),21 kg 박스,,,,22000,,,,trade
광주각화,광주중앙청과,20250717,오이,백다다기(오이),21 kg 박스,,,,40000,,,,trade
광주각화,광주중앙청과,20250717,오이,백다다기(오이),21 kg 박스,,,,46000,,,,trade
광주각화,광주중앙청과,20250717,오이,백다다기(오이),21 kg 박스,,,,50000,,,,trade
광주각화,광주중앙청과,20250717,오이,백다다기(오이),21 kg 박스,,,,40000,,,,trade
광주각화,광주중앙청과,20250717,오이,백다다기(오이),21 kg 박스,,,,13000,,,,trade
광주각화,광주중앙청과,20250717,오이,백다다기(오이),21 kg 박스,,,,56000,,,,trade
광주각화,광주중앙청과,20250717,오이,백다다기(오이),21 kg 박스,,,,18000,,,,trade
광주각화,광주중앙청과,20250717,오이,백다다기(오이),21 kg 박스,,,,27000,,,,trade
광주각화,광주중앙청과,20250717,오이,백다다기(오이),8kg,,,,,9000,12000,10707,grade_agg
광주각화,광주중앙청과,20250717,오이,백다다기(오이),10kg,,,,,4000,25000,18124,grade_agg
광주각화,광주중앙청과,20250717,오이,백다다기(오이),18kg,,,,,5000,18000,12121,grade_agg
광주각화,광주중앙청과,20250717,오이,백다다기(오이),21kg,,,,,5000,56000,35679,grade_agg
광주각화,광주중앙청과,20250722,오이,백다다기(오이),8 kg 비닐봉지,,,,10000,,,,trade
광주각화,광주중앙청과,20250722,오이,백다다기(오이),8 kg 비닐봉지,,,,11000,,,,trade
광주각화,광주중앙청과,20250722,오이,백다다기(오이),8 kg 비닐봉지,,,,12000,,,,trade
광주각화,광주중앙청과,20250722,오이,백다다기(오이),10 kg 박스,,,,12000,,,,trade
광주각화,광주중앙청과,20250722,오이,백다다기(오이),10 kg 박스,,,,13500,,,,trade
광주각화,광주중앙청과,20250722,오이,백다다기(오이),10 kg 박스,,,,7500,,,,trade
광주각화,광주중앙청과,20250722,오이,백다다기(오이),10 kg 박스,,,,12000,,,,trade
광주각화,광주중앙청과,20250722,오이,백다다기(오이),10 kg 박스,,,,8000,,,,trade
광주각화,광주중앙청과,20250722,오이,백다다기(오이),10 kg 박스,,,,12000,,,,trade
광주각화,광주중앙청과,20250722,오이,백다다기(오이),10 kg 박스,,,,8500,,,,trade
광주각화,광주중앙청과,20250722,오이,백다다기(오이),10 kg 박스,,,,18500,,,,trade
광주각화,광주중앙청과,20250722,오이,백다다기(오이),10 kg 박스,,,,7500,,,,trade
광주각화,광주중앙청과,20250722,오이,백다다기(오이),10 kg 박스,,,,12000,,,,trade
광주각화,광주중앙청과,20250722,오이,백다다기(오이),10 kg 박스,,,,7000,,,,trade
광주각화,광주중앙청과,20250722,오이,백다다기(오이),10 kg 박스,,,,13000,,,,trade
광주각화,광주중앙청과,20250722,오이,백다다기(오이),10 kg 박스,,,,18500,,,,trade
광주각화,광주중앙청과,20250722,오이,백다다기(오이),10 kg 박스,,,,17000,,,,trade
광주각화,광주중앙청과,20250722,오이,백다다기(오이),10 kg 박스,,,,20000,,,,trade
광주각화,광주중앙청과,20250722,오이,백다다기(오이),10 kg 박스,,,,12000,,,,trade
광주각화,광주중앙청과,20250722,오이,백다다기(오이),10 kg 박스,,,,11000,,,,trade
광주각화,광주중앙청과,20250722,오이,백다다기(오이),10 kg 박스,,,,8000,,,,trade
광주각화,광주중앙청과,20250722,오이,백다다기(오이),10 kg 박스,,,,14000,,,,trade
광주각화,광주중앙청과,20250722,오이,백다다기(오이),10 kg 박스,,,,8000,,,,trade
광주각화,광주중앙청과,20250722,오이,백다다기(오이),10 kg 박스,,,,14000,,,,trade
광주각화,광주중앙청과,20250722,오이,백다다기(오이),10 kg 박스,,,,20000,,,,trade
광주각화,광주중앙청과,20250722,오이,백다다기(오이),10 kg 박스,,,,10500,,,,trade
광주각화,광주중앙청과,20250722,오이,백다다기(오이),10 kg 박스,,,,11000,,,,trade
광주각화,광주중앙청과,20250722,오이,백다다기(오이),10 kg 박스,,,,10000,,,,trade
광주각화,광주중앙청과,20250722,오이,백다다기(오이),10 kg 박스,,,,11000,,,,trade
광주각화,광주중앙청과,20250722,오이,백다다기(오이),10 kg 박스,,,,5000,,,,trade
광주각화,광주중앙청과,20250722,오이,백다다기(오이),10 kg 박스,,,,11500,,,,trade
광주각화,광주중앙청과,20250722,오이,백다다기(오이),10 kg 박스,,,,15000,,,,trade
광주각화,광주중앙청과,20250722,오이,백다다기(오이),10 kg 박스,,,,10000,,,,trade
광주각화,광주중앙청과,20250722,오이,백다다기(오이),10 kg 박스,,,,13000,,,,trade
광주각화,광주중앙청과,20250722,오이,백다다기(오이),10 kg 박스,,,,3000,,,,trade
광주각화,광주중앙청과,20250722,오이,백다다기(오이),10 kg 박스,,,,5000,,,,trade
광주각화,광주중앙청과,20250722,오이,백다다기(오이),10 kg 박스,,,,4000,,,,trade
광주각화,광주중앙청과,20250722,오이,백다다기(오이),10 kg 박스,,,,4000,,,,trade
광주각화,광주중앙청과,20250722,오이,백다다기(오이),10 kg 박스,,,,5500,,,,trade
광주각화,광주중앙청과,20250722,오이,백다다기(오이),10 kg 박스,,,,10500,,,,trade
광주각화,광주중앙청과,20250722,오이,백다다기(오이),10 kg 박스,,,,15000,,,,trade
광주각화,광주중앙청과,20250722,오이,백다다기(오이),10 kg 박스,,,,12500,,,,trade
광주각화,광주중앙청과,20250722,오이,백다다기(오이),10 kg 박스,,,,12500,,,,trade
광주각화,광주중앙청과,20250722,오이,백다다기(오이),10 kg 박스,,,,12500,,,,trade
광주각화,광주중앙청과,20250722,오이,백다다기(오이),10 kg 박스,,,,7000,,,,trade
광주각화,광주중앙청과,20250722,오이,백다다기(오이),10 kg 박스,,,,12000,,,,trade
광주각화,광주중앙청과,20250722,오이,백다다기(오이),10 kg 박스,,,,19000,,,,trade
광주각화,광주중앙청과,20250722,오이,백다다기(오이),10 kg 박스,,,,17500,,,,trade
광주각화,광주중앙청과,20250722,오이,백다다기(오이),10 kg 박스,,,,12500,,,,trade
광주각화,광주중앙청과,20250722,오이,백다다기(오이),10 kg 박스,,,,14500,,,,trade
광주각화,광주중앙청과,20250722,오이,백다다기(오이),10 kg 박스,,,,11000,,,,trade
광주각화,광주중앙청과,20250722,오이,백다다기(오이),10 kg 박스,,,,12500,,,,trade
광주각화,광주중앙청과,20250722,오이,백다다기(오이),10 kg 박스,,,,12000,,,,trade
광주각화,광주중앙청과,20250722,오이,백다다기(오이),10 kg 박스,,,,15500,,,,trade
광주각화,광주중앙청과,20250722,오이,백다다기(오이),10 kg 박스,,,,9000,,,,trade
광주각화,광주중앙청과,20250722,오이,백다다기(오이),10 kg 박스,,,,11000,,,,trade
광주각화,광주중앙청과,20250722,오이,백다다기(오이),10 kg 박스,,,,17500,,,,trade
광주각화,광주중앙청과,20250722,오이,백다다기(오이),10 kg 박스,,,,17000,,,,trade
광주각화,광주중앙청과,20250722,오이,백다다기(오이),10 kg 박스,,,,10000,,,,trade
광주각화,광주중앙청과,20250722,오이,백다다기(오이),10 kg 박스,,,,14000,,,,trade
광주각화,광주중앙청과,20250722,오이,백다다기(오이),10 kg 박스,,,,11000,,,,trade
광주각화,광주중앙청과,20250722,오이,백다다기(오이),10 kg 박스,,,,11000,,,,trade
광주각화,광주중앙청과,20250722,오이,백다다기(오이),10 kg 박스,,,,12000,,,,trade
광주각화,광주중앙청과,20250722,오이,백다다기(오이),10 kg 박스,,,,7500,,,,trade
광주각화,광주중앙청과,20250722,오이,백다다기(오이),10 kg 박스,,,,10000,,,,trade
광주각화,광주중앙청과,20250722,오이,백다다기(오이),10 kg 박스,,,,9000,,,,trade
광주각화,광주중앙청과,20250722,오이,백다다기(오이),10 kg 박스,,,,13000,,,,trade
광주각화,광주중앙청과,20250722,오이,백다다기(오이),10 kg 박스,,,,8000,,,,trade
광주각화,광주중앙청과,20250722,오이,백다다기(오이),10 kg 박스,,,,10000,,,,trade
광주각화,광주중앙청과,20250722,오이,백다다기(오이),10 kg 박스,,,,7000,,,,trade
광주각화,광주중앙청과,20250722,오이,백다다기(오이),10 kg 박스,,,,15000,,,,trade
광주각화,광주중앙청과,20250722,오이,백다다기(오이),10 kg 박스,,,,14000,,,,trade
광주각화,광주중앙청과,20250722,오이,백다다기(오이),10 kg 박스,,,,15000,,,,trade
광주각화,광주중앙청과,20250722,오이,백다다기(오이),10 kg 박스,,,,7000,,,,trade
광주각화,광주중앙청과,20250722,오이,백다다기(오이),10 kg 박스,,,,12000,,,,trade
광주각화,광주중앙청과,20250722,오이,백다다기(오이),10 kg 박스,,,,2500,,,,trade
광주각화,광주중앙청과,20250722,오이,백다다기(오이),10 kg 박스,,,,14000,,,,trade
광주각화,광주중앙청과,20250722,오이,백다다기(오이),10 kg 박스,,,,2000,,,,trade
광주각화,광주중앙청과,20250722,오이,백다다기(오이),10 kg 박스,,,,6000,,,,trade
광주각화,광주중앙청과,20250722,오이,백다다기(오이),10 kg 박스,,,,5000,,,,trade
광주각화,광주중앙청과,20250722,오이,백다다기(오이),10 kg 박스,,,,9000,,,,trade
광주각화,광주중앙청과,20250722,오이,백다다기(오이),10 kg 박스,,,,14000,,,,trade
광주각화,광주중앙청과,20250722,오이,백다다기(오이),10 kg 박스,,,,9000,,,,trade
광주각화,광주중앙청과,20250722,오이,백다다기(오이),10 kg 박스,,,,12000,,,,trade
광주각화,광주중앙청과,20250722,오이,백다다기(오이),18 kg 박스,,,,10000,,,,trade
광주각화,광주중앙청과,20250722,오이,백다다기(오이),18 kg 박스,,,,12000,,,,trade
광주각화,광주중앙청과,20250722,오이,백다다기(오이),18 kg 박스,,,,9000,,,,trade
광주각화,광주중앙청과,20250722,오이,백다다기(오이),18 kg 박스,,,,9000,,,,trade
광주각화,광주중앙청과,20250722,오이,백다다기(오이),18 kg 박스,,,,6000,,,,trade
광주각화,광주중앙청과,20250722,오이,백다다기(오이),18 kg 박스,,,,8000,,,,trade
광주각화,광주중앙청과,20250722,오이,백다다기(오이),18 kg 박스,,,,7000,,,,trade
광주각화,광주중앙청과,20250722,오이,백다다기(오이),18 kg 박스,,,,6000,,,,trade
광주각화,광주중앙청과,20250722,오이,백다다기(오이),18 kg 박스,,,,5000,,,,trade
광주각화,광주중앙청과,20250722,오이,백다다기(오이),18 kg 박스,,,,6000,,,,trade
광주각화,광주중앙청과,20250722,오이,백다다기(오이),18 kg 박스,,,,9000,,,,trade
광주각화,광주중앙청과,20250722,오이,백다다기(오이),18 kg 박스,,,,8000,,,,trade
광주각화,광주중앙청과,20250722,오이,백다다기(오이),18 kg 박스,,,,5000,,,,trade
광주각화,광주중앙청과,20250722,오이,백다다기(오이),18 kg 박스,,,,6000,,,,trade
광주각화,광주중앙청과,20250722,오이,백다다기(오이),18 kg 박스,,,,6000,,,,trade
광주각화,광주중앙청과,20250722,오이,백다다기(오이),18 kg 박스,,,,5000,,,,trade
광주각화,광주중앙청과,20250722,오이,백다다기(오이),18 kg 박스,,,,9000,,,,trade
광주각화,광주중앙청과,20250722,오이,백다다기(오이),18 kg 박스,,,,2000,,,,trade
광주각화,광주중앙청과,20250722,오이,백다다기(오이),18 kg 박스,,,,10000,,,,trade
광주각화,광주중앙청과,20250722,오이,백다다기(오이),18 kg 박스,,,,3000,,,,trade
광주각화,광주중앙청과,20250722,오이,백다다기(오이),21 kg 박스,,,,11000,,,,trade
광주각화,광주중앙청과,20250722,오이,백다다기(오이),21 kg 박스,,,,11000,,,,trade
광주각화,광주중앙청과,20250722,오이,백다다기(오이),21 kg 박스,,,,39000,,,,trade
광주각화,광주중앙청과,20250722,오이,백다다기(오이),21 kg 박스,,,,32000,,,,trade
광주각화,광주중앙청과,20250722,오이,백다다기(오이),21 kg 박스,,,,11000,,,,trade
광주각화,광주중앙청과,20250722,오이,백다다기(오이),21 kg 박스,,,,17000,,,,trade
광주각화,광주중앙청과,20250722,오이,백다다기(오이),21 kg 박스,,,,8000,,,,trade
광주각화,광주중앙청과,20250722,오이,백다다기(오이),21 kg 박스,,,,8000,,,,trade
광주각화,광주중앙청과,20250722,오이,백다다기(오이),21 kg 박스,,,,10000,,,,trade
광주각화,광주중앙청과,20250722,오이,백다다기(오이),21 kg 박스,,,,10000,,,,trade
광주각화,광주중앙청과,20250722,오이,백다다기(오이),21 kg 박스,,,,16000,,,,trade
광주각화,광주중앙청과,20250722,오이,백다다기(오이),21 kg 박스,,,,10000,,,,trade
광주각화,광주중앙청과,20250722,오이,백다다기(오이),21 kg 박스,,,,16000,,,,trade
광주각화,광주중앙청과,20250722,오이,백다다기(오이),21 kg 박스,,,,30000,,,,trade
광주각화,광주중앙청과,20250722,오이,백다다기(오이),21 kg 박스,,,,21000,,,,trade
광주각화,광주중앙청과,20250722,오이,백다다기(오이),21 kg 박스,,,,38000,,,,trade
광주각화,광주중앙청과,20250722,오이,백다다기(오이),21 kg 박스,,,,40000,,,,trade
광주각화,광주중앙청과,20250722,오이,백다다기(오이),21 kg 박스,,,,15000,,,,trade
광주각화,광주중앙청과,20250722,오이,백다다기(오이),21 kg 박스,,,,30000,,,,trade
광주각화,광주중앙청과,20250722,오이,백다다기(오이),21 kg 박스,,,,15000,,,,trade
광주각화,광주중앙청과,20250722,오이,백다다기(오이),21 kg 박스,,,,33000,,,,trade
광주각화,광주중앙청과,20250722,오이,백다다기(오이),21 kg 박스,,,,15000,,,,trade
광주각화,광주중앙청과,20250722,오이,백다다기(오이),21 kg 박스,,,,34000,,,,trade
광주각화,광주중앙청과,20250722,오이,백다다기(오이),21 kg 박스,,,,16000,,,,trade
광주각화,광주중앙청과,20250722,오이,백다다기(오이),21 kg 박스,,,,35000,,,,trade
광주각화,광주중앙청과,20250722,오이,백다다기(오이),21 kg 박스,,,,5000,,,,trade
광주각화,광주중앙청과,20250722,오이,백다다기(오이),21 kg 박스,,,,18000,,,,trade
광주각화,광주중앙청과,20250722,오이,백다다기(오이),21 kg 박스,,,,36000,,,,trade
광주각화,광주중앙청과,20250722,오이,백다다기(오이),21 kg 박스,,,,13000,,,,trade
광주각화,광주중앙청과,20250722,오이,백다다기(오이),21 kg 박스,,,,18000,,,,trade
광주각화,광주중앙청과,20250722,오이,백다다기(오이),21 kg 박스,,,,28000,,,,trade
광주각화,광주중앙청과,20250722,오이,백다다기(오이),21 kg 박스,,,,17000,,,,trade
광주각화,광주중앙청과,20250722,오이,백다다기(오이),21 kg 박스,,,,40000,,,,trade
광주각화,광주중앙청과,20250722,오이,백다다기(오이),21 kg 박스,,,,16000,,,,trade
광주각화,광주중앙청과,20250722,오이,백다다기(오이),21 kg 박스,,,,30000,,,,trade
광주각화,광주중앙청과,20250722,오이,백다다기(오이),21 kg 박스,,,,18000,,,,trade
광주각화,광주중앙청과,20250722,오이,백다다기(오이),21 kg 박스,,,,17000,,,,trade
광주각화,광주중앙청과,20250722,오이,백다다기(오이),21 kg 박스,,,,20000,,,,trade
광주각화,광주중앙청과,20250722,오이,백다다기(오이),21 kg 박스,,,,32000,,,,trade
광주각화,광주중앙청과,20250722,오이,백다다기(오이),21 kg 박스,,,,16000,,,,trade
광주각화,광주중앙청과,20250722,오이,백다다기(오이),21 kg 박스,,,,36000,,,,trade
광주각화,광주중앙청과,20250722,오이,백다다기(오이),21 kg 박스,,,,15000,,,,trade
광주각화,광주중앙청과,20250722,오이,백다다기(오이),21 kg 박스,,,,28000,,,,trade
광주각화,광주중앙청과,20250722,오이,백다다기(오이),21 kg 박스,,,,18000,,,,trade
광주각화,광주중앙청과,20250722,오이,백다다기(오이),21 kg 박스,,,,36000,,,,trade
광주각화,광주중앙청과,20250722,오이,백다다기(오이),21 kg 박스,,,,12000,,,,trade
광주각화,광주중앙청과,20250722,오이,백다다기(오이),21 kg 박스,,,,18000,,,,trade
광주각화,광주중앙청과,20250722,오이,백다다기(오이),21 kg 박스,,,,38000,,,,trade
광주각화,광주중앙청과,20250722,오이,백다다기(오이),21 kg 박스,,,,30000,,,,trade
광주각화,광주중앙청과,20250722,오이,백다다기(오이),21 kg 박스,,,,12000,,,,trade
광주각화,광주중앙청과,20250722,오이,백다다기(오이),21 kg 박스,,,,24000,,,,trade
광주각화,광주중앙청과,20250722,오이,백다다기(오이),21 kg 박스,,,,20000,,,,trade
광주각화,광주중앙청과,20250722,오이,백다다기(오이),21 kg 박스,,,,25000,,,,trade
광주각화,광주중앙청과,20250722,오이,백다다기(오이),21 kg 박스,,,,8000,,,,trade
광주각화,광주중앙청과,20250722,오이,백다다기(오이),21 kg 박스,,,,13000,,,,trade
광주각화,광주중앙청과,20250722,오이,백다다기(오이),21 kg 팰릿,,,,14000,,,,trade
광주각화,광주중앙청과,20250722,오이,백다다기(오이),21 kg 팰릿,,,,16000,,,,trade
광주각화,광주중앙청과,20250722,오이,백다다기(오이),21 kg 팰릿,,,,38000,,,,trade
광주각화,광주중앙청과,20250722,오이,백다다기(오이),8kg,,,,,10000,12000,10513,grade_agg
광주각화,광주중앙청과,20250722,오이,백다다기(오이),10kg,,,,,2000,20000,12257,grade_agg
광주각화,광주중앙청과,20250722,오이,백다다기(오이),18kg,,,,,2000,12000,7552,grade_agg
광주각화,광주중앙청과,20250722,오이,백다다기(오이),21kg,,,,,5000,40000,26892,grade_agg
광주각화,광주중앙청과,20250724,오이,백다다기(오이),8 kg 비닐봉지,,,,12500,,,,trade
광주각화,광주중앙청과,20250724,오이,백다다기(오이),10 kg 박스,,,,7000,,,,trade
광주각화,광주중앙청과,20250724,오이,백다다기(오이),10 kg 박스,,,,12000,,,,trade
광주각화,광주중앙청과,20250724,오이,백다다기(오이),10 kg 박스,,,,10000,,,,trade
광주각화,광주중앙청과,20250724,오이,백다다기(오이),10 kg 박스,,,,7000,,,,trade
광주각화,광주중앙청과,20250724,오이,백다다기(오이),10 kg 박스,,,,23000,,,,trade
광주각화,광주중앙청과,20250724,오이,백다다기(오이),10 kg 박스,,,,19000,,,,trade
광주각화,광주중앙청과,20250724,오이,백다다기(오이),10 kg 박스,,,,19000,,,,trade
광주각화,광주중앙청과,20250724,오이,백다다기(오이),10 kg 박스,,,,17000,,,,trade
광주각화,광주중앙청과,20250724,오이,백다다기(오이),10 kg 박스,,,,10000,,,,trade
광주각화,광주중앙청과,20250724,오이,백다다기(오이),10 kg 박스,,,,21000,,,,trade
광주각화,광주중앙청과,20250724,오이,백다다기(오이),10 kg 박스,,,,22500,,,,trade
광주각화,광주중앙청과,20250724,오이,백다다기(오이),10 kg 박스,,,,7000,,,,trade
광주각화,광주중앙청과,20250724,오이,백다다기(오이),10 kg 박스,,,,6000,,,,trade
광주각화,광주중앙청과,20250724,오이,백다다기(오이),10 kg 박스,,,,6000,,,,trade
광주각화,광주중앙청과,20250724,오이,백다다기(오이),10 kg 박스,,,,5000,,,,trade
광주각화,광주중앙청과,20250724,오이,백다다기(오이),10 kg 박스,,,,6000,,,,trade
광주각화,광주중앙청과,20250724,오이,백다다기(오이),10 kg 박스,,,,11000,,,,trade
광주각화,광주중앙청과,20250724,오이,백다다기(오이),10 kg 박스,,,,17000,,,,trade
광주각화,광주중앙청과,20250724,오이,백다다기(오이),10 kg 박스,,,,10000,,,,trade
광주각화,광주중앙청과,20250724,오이,백다다기(오이),10 kg 박스,,,,19000,,,,trade
광주각화,광주중앙청과,20250724,오이,백다다기(오이),10 kg 박스,,,,26000,,,,trade
광주각화,광주중앙청과,20250724,오이,백다다기(오이),10 kg 박스,,,,21500,,,,trade
광주각화,광주중앙청과,20250724,오이,백다다기(오이),10 kg 박스,,,,16000,,,,trade
광주각화,광주중앙청과,20250724,오이,백다다기(오이),10 kg 박스,,,,22000,,,,trade
광주각화,광주중앙청과,20250724,오이,백다다기(오이),10 kg 박스,,,,21500,,,,trade
광주각화,광주중앙청과,20250724,오이,백다다기(오이),10 kg 박스,,,,17000,,,,trade
광주각화,광주중앙청과,20250724,오이,백다다기(오이),10 kg 박스,,,,15000,,,,trade
광주각화,광주중앙청과,20250724,오이,백다다기(오이),10 kg 박스,,,,12000,,,,trade
광주각화,광주중앙청과,20250724,오이,백다다기(오이),10 kg 박스,,,,17000,,,,trade
광주각화,광주중앙청과,20250724,오이,백다다기(오이),10 kg 박스,,,,17000,,,,trade
광주각화,광주중앙청과,20250724,오이,백다다기(오이),10 kg 박스,,,,22500,,,,trade
광주각화,광주중앙청과,20250724,오이,백다다기(오이),10 kg 박스,,,,20500,,,,trade
광주각화,광주중앙청과,20250724,오이,백다다기(오이),10 kg 박스,,,,23000,,,,trade
광주각화,광주중앙청과,20250724,오이,백다다기(오이),10 kg 박스,,,,7000,,,,trade
광주각화,광주중앙청과,20250724,오이,백다다기(오이),10 kg 박스,,,,24000,,,,trade
광주각화,광주중앙청과,20250724,오이,백다다기(오이),10 kg 박스,,,,20000,,,,trade
광주각화,광주중앙청과,20250724,오이,백다다기(오이),10 kg 박스,,,,23000,,,,trade
광주각화,광주중앙청과,20250724,오이,백다다기(오이),10 kg 박스,,,,19000,,,,trade
광주각화,광주중앙청과,20250724,오이,백다다기(오이),10 kg 박스,,,,20000,,,,trade
광주각화,광주중앙청과,20250724,오이,백다다기(오이),10 kg 박스,,,,22500,,,,trade
광주각화,광주중앙청과,20250724,오이,백다다기(오이),10 kg 박스,,,,23000,,,,trade
광주각화,광주중앙청과,20250724,오이,백다다기(오이),10 kg 박스,,,,11500,,,,trade
광주각화,광주중앙청과,20250724,오이,백다다기(오이),10 kg 박스,,,,14000,,,,trade
광주각화,광주중앙청과,20250724,오이,백다다기(오이),10 kg 박스,,,,11000,,,,trade
광주각화,광주중앙청과,20250724,오이,백다다기(오이),10 kg 박스,,,,11000,,,,trade
광주각화,광주중앙청과,20250724,오이,백다다기(오이),10 kg 박스,,,,9000,,,,trade
광주각화,광주중앙청과,20250724,오이,백다다기(오이),10 kg 박스,,,,27000,,,,trade
광주각화,광주중앙청과,20250724,오이,백다다기(오이),10 kg 박스,,,,26500,,,,trade
광주각화,광주중앙청과,20250724,오이,백다다기(오이),10 kg 박스,,,,13000,,,,trade
광주각화,광주중앙청과,20250724,오이,백다다기(오이),10 kg 박스,,,,24000,,,,trade
광주각화,광주중앙청과,20250724,오이,백다다기(오이),10 kg 박스,,,,23000,,,,trade
광주각화,광주중앙청과,20250724,오이,백다다기(오이),10 kg 박스,,,,16000,,,,trade
광주각화,광주중앙청과,20250724,오이,백다다기(오이),10 kg 박스,,,,25000,,,,trade
광주각화,광주중앙청과,20250724,오이,백다다기(오이),10 kg 박스,,,,17000,,,,trade
광주각화,광주중앙청과,20250724,오이,백다다기(오이),10 kg 박스,,,,4000,,,,trade
광주각화,광주중앙청과,20250724,오이,백다다기(오이),10 kg 박스,,,,18500,,,,trade
광주각화,광주중앙청과,20250724,오이,백다다기(오이),10 kg 박스,,,,8000,,,,trade
광주각화,광주중앙청과,20250724,오이,백다다기(오이),10 kg 박스,,,,17000,,,,trade
광주각화,광주중앙청과,20250724,오이,백다다기(오이),10 kg 박스,,,,16000,,,,trade
광주각화,광주중앙청과,20250724,오이,백다다기(오이),10 kg 박스,,,,6500,,,,trade
광주각화,광주중앙청과,20250724,오이,백다다기(오이),10 kg 박스,,,,11000,,,,trade
광주각화,광주중앙청과,20250724,오이,백다다기(오이),10 kg 박스,,,,17500,,,,trade
광주각화,광주중앙청과,20250724,오이,백다다기(오이),10 kg 박스,,,,10000,,,,trade
광주각화,광주중앙청과,20250724,오이,백다다기(오이),10 kg 박스,,,,8000,,,,trade
광주각화,광주중앙청과,20250724,오이,백다다기(오이),10 kg 박스,,,,14000,,,,trade
광주각화,광주중앙청과,20250724,오이,백다다기(오이),10 kg 박스,,,,21000,,,,trade
광주각화,광주중앙청과,20250724,오이,백다다기(오이),10 kg 박스,,,,6000,,,,trade
광주각화,광주중앙청과,20250724,오이,백다다기(오이),10 kg 박스,,,,7000,,,,trade
광주각화,광주중앙청과,20250724,오이,백다다기(오이),10 kg 박스,,,,19500,,,,trade
광주각화,광주중앙청과,20250724,오이,백다다기(오이),10 kg 박스,,,,15000,,,,trade
광주각화,광주중앙청과,20250724,오이,백다다기(오이),10 kg 박스,,,,5000,,,,trade
광주각화,광주중앙청과,20250724,오이,백다다기(오이),10 kg 박스,,,,25000,,,,trade
광주각화,광주중앙청과,20250724,오이,백다다기(오이),10 kg 박스,,,,15000,,,,trade
광주각화,광주중앙청과,20250724,오이,백다다기(오이),10 kg 박스,,,,24500,,,,trade
광주각화,광주중앙청과,20250724,오이,백다다기(오이),10 kg 박스,,,,19000,,,,trade
광주각화,광주중앙청과,20250724,오이,백다다기(오이),10 kg 박스,,,,12500,,,,trade
광주각화,광주중앙청과,20250724,오이,백다다기(오이),10 kg 박스,,,,27500,,,,trade
광주각화,광주중앙청과,20250724,오이,백다다기(오이),10 kg 박스,,,,7000,,,,trade
광주각화,광주중앙청과,20250724,오이,백다다기(오이),10 kg 박스,,,,16000,,,,trade
광주각화,광주중앙청과,20250724,오이,백다다기(오이),10 kg 박스,,,,7000,,,,trade
광주각화,광주중앙청과,20250724,오이,백다다기(오이),10 kg 박스,,,,16500,,,,trade
광주각화,광주중앙청과,20250724,오이,백다다기(오이),18 kg 박스,,,,12000,,,,trade
광주각화,광주중앙청과,20250724,오이,백다다기(오이),18 kg 박스,,,,3000,,,,trade
광주각화,광주중앙청과,20250724,오이,백다다기(오이),18 kg 박스,,,,12000,,,,trade
광주각화,광주중앙청과,20250724,오이,백다다기(오이),18 kg 박스,,,,12000,,,,trade
광주각화,광주중앙청과,20250724,오이,백다다기(오이),18 kg 박스,,,,15000,,,,trade
광주각화,광주중앙청과,20250724,오이,백다다기(오이),18 kg 박스,,,,17000,,,,trade
광주각화,광주중앙청과,20250724,오이,백다다기(오이),18 kg 박스,,,,10000,,,,trade
광주각화,광주중앙청과,20250724,오이,백다다기(오이),18 kg 박스,,,,15000,,,,trade
광주각화,광주중앙청과,20250724,오이,백다다기(오이),18 kg 박스,,,,14000,,,,trade
광주각화,광주중앙청과,20250724,오이,백다다기(오이),18 kg 박스,,,,11000,,,,trade
광주각화,광주중앙청과,20250724,오이,백다다기(오이),18 kg 박스,,,,8000,,,,trade
광주각화,광주중앙청과,20250724,오이,백다다기(오이),18 kg 박스,,,,10000,,,,trade
광주각화,광주중앙청과,20250724,오이,백다다기(오이),18 kg 박스,,,,10000,,,,trade
광주각화,광주중앙청과,20250724,오이,백다다기(오이),18 kg 박스,,,,12000,,,,trade
광주각화,광주중앙청과,20250724,오이,백다다기(오이),18 kg 박스,,,,11000,,,,trade
광주각화,광주중앙청과,20250724,오이,백다다기(오이),18 kg 박스,,,,13000,,,,trade
광주각화,광주중앙청과,20250724,오이,백다다기(오이),18 kg 박스,,,,11000,,,,trade
광주각화,광주중앙청과,20250724,오이,백다다기(오이),18 kg 박스,,,,14000,,,,trade
광주각화,광주중앙청과,20250724,오이,백다다기(오이),18 kg 박스,,,,11000,,,,trade
광주각화,광주중앙청과,20250724,오이,백다다기(오이),18 kg 박스,,,,6000,,,,trade
광주각화,광주중앙청과,20250724,오이,백다다기(오이),18 kg 박스,,,,14000,,,,trade
광주각화,광주중앙청과,20250724,오이,백다다기(오이),18 kg 박스,,,,12000,,,,trade
광주각화,광주중앙청과,20250724,오이,백다다기(오이),18 kg 박스,,,,5000,,,,trade
광주각화,광주중앙청과,20250724,오이,백다다기(오이),18 kg 박스,,,,15000,,,,trade
광주각화,광주중앙청과,20250724,오이,백다다기(오이),18 kg 박스,,,,2000,,,,trade
광주각화,광주중앙청과,20250724,오이,백다다기(오이),18 kg 박스,,,,12000,,,,trade
광주각화,광주중앙청과,20250724,오이,백다다기(오이),18 kg 박스,,,,28000,,,,trade
광주각화,광주중앙청과,20250724,오이,백다다기(오이),18 kg 박스,,,,10000,,,,trade
광주각화,광주중앙청과,20250724,오이,백다다기(오이),18 kg 박스,,,,14000,,,,trade
광주각화,광주중앙청과,20250724,오이,백다다기(오이),21 kg 박스,,,,3000,,,,trade
광주각화,광주중앙청과,20250724,오이,백다다기(오이),21 kg 박스,,,,40000,,,,trade
광주각화,광주중앙청과,20250724,오이,백다다기(오이),21 kg 박스,,,,24000,,,,trade
광주각화,광주중앙청과,20250724,오이,백다다기(오이),21 kg 박스,,,,16000,,,,trade
광주각화,광주중앙청과,20250724,오이,백다다기(오이),21 kg 박스,,,,20000,,,,trade
광주각화,광주중앙청과,20250724,오이,백다다기(오이),21 kg 박스,,,,15000,,,,trade
광주각화,광주중앙청과,20250724,오이,백다다기(오이),21 kg 박스,,,,28000,,,,trade
광주각화,광주중앙청과,20250724,오이,백다다기(오이),21 kg 박스,,,,18000,,,,trade
광주각화,광주중앙청과,20250724,오이,백다다기(오이),21 kg 박스,,,,18000,,,,trade
광주각화,광주중앙청과,20250724,오이,백다다기(오이),21 kg 박스,,,,22000,,,,trade
광주각화,광주중앙청과,20250724,오이,백다다기(오이),21 kg 박스,,,,25000,,,,trade
광주각화,광주중앙청과,20250724,오이,백다다기(오이),21 kg 박스,,,,20000,,,,trade
광주각화,광주중앙청과,20250724,오이,백다다기(오이),21 kg 박스,,,,17000,,,,trade
광주각화,광주중앙청과,20250724,오이,백다다기(오이),21 kg 박스,,,,23000,,,,trade
광주각화,광주중앙청과,20250724,오이,백다다기(오이),21 kg 박스,,,,22000,,,,trade
광주각화,광주중앙청과,20250724,오이,백다다기(오이),21 kg 박스,,,,22000,,,,trade
광주각화,광주중앙청과,20250724,오이,백다다기(오이),21 kg 박스,,,,26000,,,,trade
광주각화,광주중앙청과,20250724,오이,백다다기(오이),21 kg 박스,,,,18000,,,,trade
광주각화,광주중앙청과,20250724,오이,백다다기(오이),21 kg 박스,,,,38000,,,,trade
광주각화,광주중앙청과,20250724,오이,백다다기(오이),21 kg 박스,,,,65000,,,,trade
광주각화,광주중앙청과,20250724,오이,백다다기(오이),21 kg 박스,,,,16000,,,,trade
광주각화,광주중앙청과,20250724,오이,백다다기(오이),21 kg 박스,,,,36000,,,,trade
광주각화,광주중앙청과,20250724,오이,백다다기(오이),21 kg 박스,,,,60000,,,,trade
광주각화,광주중앙청과,20250724,오이,백다다기(오이),21 kg 박스,,,,57000,,,,trade
광주각화,광주중앙청과,20250724,오이,백다다기(오이),21 kg 박스,,,,58000,,,,trade
광주각화,광주중앙청과,20250724,오이,백다다기(오이),21 kg 박스,,,,33000,,,,trade
광주각화,광주중앙청과,20250724,오이,백다다기(오이),21 kg 박스,,,,46000,,,,trade
광주각화,광주중앙청과,20250724,오이,백다다기(오이),21 kg 박스,,,,45000,,,,trade
광주각화,광주중앙청과,20250724,오이,백다다기(오이),21 kg 박스,,,,35000,,,,trade
광주각화,광주중앙청과,20250724,오이,백다다기(오이),21 kg 박스,,,,43000,,,,trade
광주각화,광주중앙청과,20250724,오이,백다다기(오이),21 kg 박스,,,,63000,,,,trade
광주각화,광주중앙청과,20250724,오이,백다다기(오이),21 kg 박스,,,,52000,,,,trade
광주각화,광주중앙청과,20250724,오이,백다다기(오이),21 kg 박스,,,,40000,,,,trade
광주각화,광주중앙청과,20250724,오이,백다다기(오이),21 kg 박스,,,,13000,,,,trade
광주각화,광주중앙청과,20250724,오이,백다다기(오이),21 kg 박스,,,,37000,,,,trade
광주각화,광주중앙청과,20250724,오이,백다다기(오이),21 kg 박스,,,,15000,,,,trade
광주각화,광주중앙청과,20250724,오이,백다다기(오이),21 kg 박스,,,,25000,,,,trade
광주각화,광주중앙청과,20250724,오이,백다다기(오이),21 kg 박스,,,,42000,,,,trade
광주각화,광주중앙청과,20250724,오이,백다다기(오이),21 kg 박스,,,,20000,,,,trade
광주각화,광주중앙청과,20250724,오이,백다다기(오이),21 kg 박스,,,,26000,,,,trade
광주각화,광주중앙청과,20250724,오이,백다다기(오이),21 kg 박스,,,,30000,,,,trade
광주각화,광주중앙청과,20250724,오이,백다다기(오이),21 kg 박스,,,,48000,,,,trade
광주각화,광주중앙청과,20250724,오이,백다다기(오이),21 kg 박스,,,,22000,,,,trade
광주각화,광주중앙청과,20250724,오이,백다다기(오이),21 kg 박스,,,,55000,,,,trade
광주각화,광주중앙청과,20250724,오이,백다다기(오이),21 kg 박스,,,,35000,,,,trade
광주각화,광주중앙청과,20250724,오이,백다다기(오이),21 kg 박스,,,,20000,,,,trade
광주각화,광주중앙청과,20250724,오이,백다다기(오이),21 kg 박스,,,,19000,,,,trade
광주각화,광주중앙청과,20250724,오이,백다다기(오이),21 kg 박스,,,,53000,,,,trade
광주각화,광주중앙청과,20250724,오이,백다다기(오이),21 kg 박스,,,,18000,,,,trade
광주각화,광주중앙청과,20250724,오이,백다다기(오이),21 kg 박스,,,,35000,,,,trade
광주각화,광주중앙청과,20250724,오이,백다다기(오이),21 kg 박스,,,,19000,,,,trade
광주각화,광주중앙청과,20250724,오이,백다다기(오이),21 kg 박스,,,,19000,,,,trade
광주각화,광주중앙청과,20250724,오이,백다다기(오이),21 kg 박스,,,,48000,,,,trade
광주각화,광주중앙청과,20250724,오이,백다다기(오이),21 kg 박스,,,,17000,,,,trade
광주각화,광주중앙청과,20250724,오이,백다다기(오이),21 kg 박스,,,,31000,,,,trade
광주각화,광주중앙청과,20250724,오이,백다다기(오이),21 kg 박스,,,,21000,,,,trade
광주각화,광주중앙청과,20250724,오이,백다다기(오이),21 kg 박스,,,,19000,,,,trade
광주각화,광주중앙청과,20250724,오이,백다다기(오이),21 kg 박스,,,,20000,,,,trade
광주각화,광주중앙청과,20250724,오이,백다다기(오이),21 kg 박스,,,,50000,,,,trade
광주각화,광주중앙청과,20250724,오이,백다다기(오이),21 kg 박스,,,,11000,,,,trade
광주각화,광주중앙청과,20250724,오이,백다다기(오이),8kg,,,,,12500,12500,12500,grade_agg
광주각화,광주중앙청과,20250724,오이,백다다기(오이),10kg,,,,,4000,27500,17842,grade_agg
광주각화,광주중앙청과,20250724,오이,백다다기(오이),18kg,,,,,2000,28000,12136,grade_agg
광주각화,광주중앙청과,20250724,오이,백다다기(오이),21kg,,,,,3000,65000,35136,grade_agg
광주각화,광주중앙청과,20250729,오이,백다다기(오이),10 kg 박스,,,,20000,,,,trade
광주각화,광주중앙청과,20250729,오이,백다다기(오이),10 kg 박스,,,,9000,,,,trade
광주각화,광주중앙청과,20250729,오이,백다다기(오이),10 kg 박스,,,,21000,,,,trade
광주각화,광주중앙청과,20250729,오이,백다다기(오이),10 kg 박스,,,,11000,,,,trade
광주각화,광주중앙청과,20250729,오이,백다다기(오이),10 kg 박스,,,,21000,,,,trade
광주각화,광주중앙청과,20250729,오이,백다다기(오이),10 kg 박스,,,,10000,,,,trade
광주각화,광주중앙청과,20250729,오이,백다다기(오이),10 kg 박스,,,,22000,,,,trade
광주각화,광주중앙청과,20250729,오이,백다다기(오이),10 kg 박스,,,,9000,,,,trade
광주각화,광주중앙청과,20250729,오이,백다다기(오이),10 kg 박스,,,,16000,,,,trade
광주각화,광주중앙청과,20250729,오이,백다다기(오이),10 kg 박스,,,,20000,,,,trade
광주각화,광주중앙청과,20250729,오이,백다다기(오이),10 kg 박스,,,,6000,,,,trade
광주각화,광주중앙청과,20250729,오이,백다다기(오이),10 kg 박스,,,,6000,,,,trade
광주각화,광주중앙청과,20250729,오이,백다다기(오이),10 kg 박스,,,,9000,,,,trade
광주각화,광주중앙청과,20250729,오이,백다다기(오이),10 kg 박스,,,,8000,,,,trade
광주각화,광주중앙청과,20250729,오이,백다다기(오이),10 kg 박스,,,,16000,,,,trade
광주각화,광주중앙청과,20250729,오이,백다다기(오이),10 kg 박스,,,,18500,,,,trade
광주각화,광주중앙청과,20250729,오이,백다다기(오이),10 kg 박스,,,,15000,,,,trade
광주각화,광주중앙청과,20250729,오이,백다다기(오이),10 kg 박스,,,,15000,,,,trade
광주각화,광주중앙청과,20250729,오이,백다다기(오이),10 kg 박스,,,,17500,,,,trade
광주각화,광주중앙청과,20250729,오이,백다다기(오이),10 kg 박스,,,,14000,,,,trade
광주각화,광주중앙청과,20250729,오이,백다다기(오이),10 kg 박스,,,,16000,,,,trade
광주각화,광주중앙청과,20250729,오이,백다다기(오이),10 kg 박스,,,,18000,,,,trade
광주각화,광주중앙청과,20250729,오이,백다다기(오이),10 kg 박스,,,,18000,,,,trade
광주각화,광주중앙청과,20250729,오이,백다다기(오이),10 kg 박스,,,,17000,,,,trade
광주각화,광주중앙청과,20250729,오이,백다다기(오이),10 kg 박스,,,,16500,,,,trade
광주각화,광주중앙청과,20250729,오이,백다다기(오이),10 kg 박스,,,,18000,,,,trade
광주각화,광주중앙청과,20250729,오이,백다다기(오이),10 kg 박스,,,,16500,,,,trade
광주각화,광주중앙청과,20250729,오이,백다다기(오이),10 kg 박스,,,,21000,,,,trade
광주각화,광주중앙청과,20250729,오이,백다다기(오이),10 kg 박스,,,,21000,,,,trade
광주각화,광주중앙청과,20250729,오이,백다다기(오이),10 kg 박스,,,,23000,,,,trade
광주각화,광주중앙청과,20250729,오이,백다다기(오이),10 kg 박스,,,,18000,,,,trade
광주각화,광주중앙청과,20250729,오이,백다다기(오이),10 kg 박스,,,,19000,,,,trade
광주각화,광주중앙청과,20250729,오이,백다다기(오이),10 kg 박스,,,,21000,,,,trade
광주각화,광주중앙청과,20250729,오이,백다다기(오이),10 kg 박스,,,,12000,,,,trade
광주각화,광주중앙청과,20250729,오이,백다다기(오이),10 kg 박스,,,,18000,,,,trade
광주각화,광주중앙청과,20250729,오이,백다다기(오이),10 kg 박스,,,,12500,,,,trade
광주각화,광주중앙청과,20250729,오이,백다다기(오이),10 kg 박스,,,,21000,,,,trade
광주각화,광주중앙청과,20250729,오이,백다다기(오이),10 kg 박스,,,,14000,,,,trade
광주각화,광주중앙청과,20250729,오이,백다다기(오이),10 kg 박스,,,,20500,,,,trade
광주각화,광주중앙청과,20250729,오이,백다다기(오이),10 kg 박스,,,,15000,,,,trade
광주각화,광주중앙청과,20250729,오이,백다다기(오이),10 kg 박스,,,,15500,,,,trade
광주각화,광주중앙청과,20250729,오이,백다다기(오이),10 kg 박스,,,,20000,,,,trade
광주각화,광주중앙청과,20250729,오이,백다다기(오이),10 kg 박스,,,,18000,,,,trade
광주각화,광주중앙청과,20250729,오이,백다다기(오이),10 kg 박스,,,,13500,,,,trade
광주각화,광주중앙청과,20250729,오이,백다다기(오이),10 kg 박스,,,,19000,,,,trade
광주각화,광주중앙청과,20250729,오이,백다다기(오이),10 kg 박스,,,,16000,,,,trade
광주각화,광주중앙청과,20250729,오이,백다다기(오이),10 kg 박스,,,,17000,,,,trade
광주각화,광주중앙청과,20250729,오이,백다다기(오이),10 kg 박스,,,,9000,,,,trade
광주각화,광주중앙청과,20250729,오이,백다다기(오이),10 kg 박스,,,,16000,,,,trade
광주각화,광주중앙청과,20250729,오이,백다다기(오이),10 kg 박스,,,,15000,,,,trade
광주각화,광주중앙청과,20250729,오이,백다다기(오이),10 kg 박스,,,,19500,,,,trade
광주각화,광주중앙청과,20250729,오이,백다다기(오이),10 kg 박스,,,,19000,,,,trade
광주각화,광주중앙청과,20250729,오이,백다다기(오이),10 kg 박스,,,,16000,,,,trade
광주각화,광주중앙청과,20250729,오이,백다다기(오이),10 kg 박스,,,,21000,,,,trade
광주각화,광주중앙청과,20250729,오이,백다다기(오이),10 kg 박스,,,,19000,,,,trade
광주각화,광주중앙청과,20250729,오이,백다다기(오이),10 kg 박스,,,,13000,,,,trade
광주각화,광주중앙청과,20250729,오이,백다다기(오이),10 kg 박스,,,,12000,,,,trade
광주각화,광주중앙청과,20250729,오이,백다다기(오이),10 kg 박스,,,,9000,,,,trade
광주각화,광주중앙청과,20250729,오이,백다다기(오이),10 kg 박스,,,,21000,,,,trade
광주각화,광주중앙청과,20250729,오이,백다다기(오이),10 kg 박스,,,,26500,,,,trade
광주각화,광주중앙청과,20250729,오이,백다다기(오이),10 kg 박스,,,,18500,,,,trade
광주각화,광주중앙청과,20250729,오이,백다다기(오이),10 kg 박스,,,,13500,,,,trade
광주각화,광주중앙청과,20250729,오이,백다다기(오이),10 kg 박스,,,,27000,,,,trade
광주각화,광주중앙청과,20250729,오이,백다다기(오이),10 kg 박스,,,,8500,,,,trade
광주각화,광주중앙청과,20250729,오이,백다다기(오이),10 kg 박스,,,,15500,,,,trade
광주각화,광주중앙청과,20250729,오이,백다다기(오이),10 kg 박스,,,,11000,,,,trade
광주각화,광주중앙청과,20250729,오이,백다다기(오이),10 kg 박스,,,,13000,,,,trade
광주각화,광주중앙청과,20250729,오이,백다다기(오이),10 kg 박스,,,,12000,,,,trade
광주각화,광주중앙청과,20250729,오이,백다다기(오이),10 kg 박스,,,,24000,,,,trade
광주각화,광주중앙청과,20250729,오이,백다다기(오이),10 kg 박스,,,,15500,,,,trade
광주각화,광주중앙청과,20250729,오이,백다다기(오이),10 kg 박스,,,,8000,,,,trade
광주각화,광주중앙청과,20250729,오이,백다다기(오이),10 kg 박스,,,,17500,,,,trade
광주각화,광주중앙청과,20250729,오이,백다다기(오이),10 kg 박스,,,,9000,,,,trade
광주각화,광주중앙청과,20250729,오이,백다다기(오이),10 kg 박스,,,,12000,,,,trade
광주각화,광주중앙청과,20250729,오이,백다다기(오이),18 kg 박스,,,,10000,,,,trade
광주각화,광주중앙청과,20250729,오이,백다다기(오이),18 kg 박스,,,,8000,,,,trade
광주각화,광주중앙청과,20250729,오이,백다다기(오이),18 kg 박스,,,,12000,,,,trade
광주각화,광주중앙청과,20250729,오이,백다다기(오이),18 kg 박스,,,,8000,,,,trade
광주각화,광주중앙청과,20250729,오이,백다다기(오이),18 kg 박스,,,,10000,,,,trade
광주각화,광주중앙청과,20250729,오이,백다다기(오이),18 kg 박스,,,,8000,,,,trade
광주각화,광주중앙청과,20250729,오이,백다다기(오이),18 kg 박스,,,,8000,,,,trade
광주각화,광주중앙청과,20250729,오이,백다다기(오이),18 kg 박스,,,,8000,,,,trade
광주각화,광주중앙청과,20250729,오이,백다다기(오이),18 kg 박스,,,,16000,,,,trade
광주각화,광주중앙청과,20250729,오이,백다다기(오이),18 kg 박스,,,,11000,,,,trade
광주각화,광주중앙청과,20250729,오이,백다다기(오이),18 kg 박스,,,,14000,,,,trade
광주각화,광주중앙청과,20250729,오이,백다다기(오이),18 kg 박스,,,,30000,,,,trade
광주각화,광주중앙청과,20250729,오이,백다다기(오이),18 kg 박스,,,,8000,,,,trade
광주각화,광주중앙청과,20250729,오이,백다다기(오이),18 kg 박스,,,,14000,,,,trade
광주각화,광주중앙청과,20250729,오이,백다다기(오이),18 kg 박스,,,,10000,,,,trade
광주각화,광주중앙청과,20250729,오이,백다다기(오이),18 kg 박스,,,,7000,,,,trade
광주각화,광주중앙청과,20250729,오이,백다다기(오이),18 kg 박스,,,,7000,,,,trade
광주각화,광주중앙청과,20250729,오이,백다다기(오이),18 kg 박스,,,,8000,,,,trade
광주각화,광주중앙청과,20250729,오이,백다다기(오이),18 kg 박스,,,,15000,,,,trade
광주각화,광주중앙청과,20250729,오이,백다다기(오이),18 kg 박스,,,,8000,,,,trade
광주각화,광주중앙청과,20250729,오이,백다다기(오이),18 kg 박스,,,,14000,,,,trade
광주각화,광주중앙청과,20250729,오이,백다다기(오이),18 kg 박스,,,,15000,,,,trade
광주각화,광주중앙청과,20250729,오이,백다다기(오이),18 kg 박스,,,,14000,,,,trade
광주각화,광주중앙청과,20250729,오이,백다다기(오이),18 kg 박스,,,,11000,,,,trade
광주각화,광주중앙청과,20250729,오이,백다다기(오이),18 kg 박스,,,,20000,,,,trade
광주각화,광주중앙청과,20250729,오이,백다다기(오이),21 kg 박스,,,,45000,,,,trade
광주각화,광주중앙청과,20250729,오이,백다다기(오이),21 kg 박스,,,,12000,,,,trade
광주각화,광주중앙청과,20250729,오이,백다다기(오이),21 kg 박스,,,,26000,,,,trade
광주각화,광주중앙청과,20250729,오이,백다다기(오이),21 kg 박스,,,,45000,,,,trade
광주각화,광주중앙청과,20250729,오이,백다다기(오이),21 kg 박스,,,,3000,,,,trade
광주각화,광주중앙청과,20250729,오이,백다다기(오이),21 kg 박스,,,,8000,,,,trade
광주각화,광주중앙청과,20250729,오이,백다다기(오이),21 kg 박스,,,,12000,,,,trade
광주각화,광주중앙청과,20250729,오이,백다다기(오이),21 kg 박스,,,,6000,,,,trade
광주각화,광주중앙청과,20250729,오이,백다다기(오이),21 kg 박스,,,,11000,,,,trade
광주각화,광주중앙청과,20250729,오이,백다다기(오이),21 kg 박스,,,,16000,,,,trade
광주각화,광주중앙청과,20250729,오이,백다다기(오이),21 kg 박스,,,,6000,,,,trade
광주각화,광주중앙청과,20250729,오이,백다다기(오이),21 kg 박스,,,,24000,,,,trade
광주각화,광주중앙청과,20250729,오이,백다다기(오이),21 kg 박스,,,,15000,,,,trade
광주각화,광주중앙청과,20250729,오이,백다다기(오이),21 kg 박스,,,,23000,,,,trade
광주각화,광주중앙청과,20250729,오이,백다다기(오이),21 kg 박스,,,,24000,,,,trade
광주각화,광주중앙청과,20250729,오이,백다다기(오이),21 kg 박스,,,,22000,,,,trade
광주각화,광주중앙청과,20250729,오이,백다다기(오이),21 kg 박스,,,,25000,,,,trade
광주각화,광주중앙청과,20250729,오이,백다다기(오이),21 kg 박스,,,,27000,,,,trade
광주각화,광주중앙청과,20250729,오이,백다다기(오이),21 kg 박스,,,,26000,,,,trade
광주각화,광주중앙청과,20250729,오이,백다다기(오이),21 kg 박스,,,,25000,,,,trade
광주각화,광주중앙청과,20250729,오이,백다다기(오이),21 kg 박스,,,,25000,,,,trade
광주각화,광주중앙청과,20250729,오이,백다다기(오이),21 kg 박스,,,,27000,,,,trade
광주각화,광주중앙청과,20250729,오이,백다다기(오이),21 kg 박스,,,,25000,,,,trade
광주각화,광주중앙청과,20250729,오이,백다다기(오이),21 kg 박스,,,,5000,,,,trade
광주각화,광주중앙청과,20250729,오이,백다다기(오이),21 kg 박스,,,,22000,,,,trade
광주각화,광주중앙청과,20250729,오이,백다다기(오이),21 kg 박스,,,,23000,,,,trade
광주각화,광주중앙청과,20250729,오이,백다다기(오이),21 kg 박스,,,,15000,,,,trade
광주각화,광주중앙청과,20250729,오이,백다다기(오이),21 kg 박스,,,,25000,,,,trade
광주각화,광주중앙청과,20250729,오이,백다다기(오이),21 kg 박스,,,,25000,,,,trade
광주각화,광주중앙청과,20250729,오이,백다다기(오이),21 kg 박스,,,,24000,,,,trade
광주각화,광주중앙청과,20250729,오이,백다다기(오이),21 kg 박스,,,,24000,,,,trade
광주각화,광주중앙청과,20250729,오이,백다다기(오이),21 kg 박스,,,,28000,,,,trade
광주각화,광주중앙청과,20250729,오이,백다다기(오이),21 kg 박스,,,,23000,,,,trade
광주각화,광주중앙청과,20250729,오이,백다다기(오이),21 kg 박스,,,,15000,,,,trade
광주각화,광주중앙청과,20250729,오이,백다다기(오이),21 kg 박스,,,,22000,,,,trade
광주각화,광주중앙청과,20250729,오이,백다다기(오이),21 kg 박스,,,,24000,,,,trade
광주각화,광주중앙청과,20250729,오이,백다다기(오이),21 kg 박스,,,,28000,,,,trade
광주각화,광주중앙청과,20250729,오이,백다다기(오이),21 kg 박스,,,,45000,,,,trade
광주각화,광주중앙청과,20250729,오이,백다다기(오이),21 kg 박스,,,,50000,,,,trade
광주각화,광주중앙청과,20250729,오이,백다다기(오이),21 kg 박스,,,,33000,,,,trade
광주각화,광주중앙청과,20250729,오이,백다다기(오이),21 kg 박스,,,,60000,,,,trade
광주각화,광주중앙청과,20250729,오이,백다다기(오이),21 kg 박스,,,,48000,,,,trade
광주각화,광주중앙청과,20250729,오이,백다다기(오이),21 kg 박스,,,,46000,,,,trade
광주각화,광주중앙청과,20250729,오이,백다다기(오이),21 kg 박스,,,,52000,,,,trade
광주각화,광주중앙청과,20250729,오이,백다다기(오이),21 kg 박스,,,,48000,,,,trade
광주각화,광주중앙청과,20250729,오이,백다다기(오이),21 kg 박스,,,,48000,,,,trade
광주각화,광주중앙청과,20250729,오이,백다다기(오이),21 kg 박스,,,,40000,,,,trade
광주각화,광주중앙청과,20250729,오이,백다다기(오이),21 kg 박스,,,,40000,,,,trade
광주각화,광주중앙청과,20250729,오이,백다다기(오이),21 kg 박스,,,,54000,,,,trade
광주각화,광주중앙청과,20250729,오이,백다다기(오이),21 kg 박스,,,,50000,,,,trade
광주각화,광주중앙청과,20250729,오이,백다다기(오이),21 kg 박스,,,,46000,,,,trade
광주각화,광주중앙청과,20250729,오이,백다다기(오이),21 kg 박스,,,,55000,,,,trade
광주각화,광주중앙청과,20250729,오이,백다다기(오이),21 kg 박스,,,,47000,,,,trade
광주각화,광주중앙청과,20250729,오이,백다다기(오이),21 kg 박스,,,,43000,,,,trade
광주각화,광주중앙청과,20250729,오이,백다다기(오이),21 kg 박스,,,,40000,,,,trade
광주각화,광주중앙청과,20250729,오이,백다다기(오이),21 kg 박스,,,,54000,,,,trade
광주각화,광주중앙청과,20250729,오이,백다다기(오이),21 kg 박스,,,,53000,,,,trade
광주각화,광주중앙청과,20250729,오이,백다다기(오이),21 kg 박스,,,,51000,,,,trade
광주각화,광주중앙청과,20250729,오이,백다다기(오이),21 kg 박스,,,,46000,,,,trade
광주각화,광주중앙청과,20250729,오이,백다다기(오이),21 kg 박스,,,,19000,,,,trade
광주각화,광주중앙청과,20250729,오이,백다다기(오이),21 kg 박스,,,,33000,,,,trade
광주각화,광주중앙청과,20250729,오이,백다다기(오이),21 kg 박스,,,,18000,,,,trade
광주각화,광주중앙청과,20250729,오이,백다다기(오이),21 kg 박스,,,,22000,,,,trade
광주각화,광주중앙청과,20250729,오이,백다다기(오이),21 kg 박스,,,,22000,,,,trade
광주각화,광주중앙청과,20250729,오이,백다다기(오이),21 kg 박스,,,,45000,,,,trade
광주각화,광주중앙청과,20250729,오이,백다다기(오이),21 kg 박스,,,,35000,,,,trade
광주각화,광주중앙청과,20250729,오이,백다다기(오이),21 kg 박스,,,,24000,,,,trade
광주각화,광주중앙청과,20250729,오이,백다다기(오이),21 kg 박스,,,,22000,,,,trade
광주각화,광주중앙청과,20250729,오이,백다다기(오이),10kg,,,,,6000,27000,17706,grade_agg
광주각화,광주중앙청과,20250729,오이,백다다기(오이),18kg,,,,,7000,30000,18007,grade_agg
광주각화,광주중앙청과,20250729,오이,백다다기(오이),21kg,,,,,3000,60000,38132,grade_agg
광주각화,광주중앙청과,20250731,오이,백다다기(오이),10 kg 박스,,,,15000,,,,trade
광주각화,광주중앙청과,20250731,오이,백다다기(오이),10 kg 박스,,,,27000,,,,trade
광주각화,광주중앙청과,20250731,오이,백다다기(오이),10 kg 박스,,,,18000,,,,trade
광주각화,광주중앙청과,20250731,오이,백다다기(오이),10 kg 박스,,,,20000,,,,trade
광주각화,광주중앙청과,20250731,오이,백다다기(오이),10 kg 박스,,,,15000,,,,trade
광주각화,광주중앙청과,20250731,오이,백다다기(오이),10 kg 박스,,,,29000,,,,trade
광주각화,광주중앙청과,20250731,오이,백다다기(오이),10 kg 박스,,,,9500,,,,trade
광주각화,광주중앙청과,20250731,오이,백다다기(오이),10 kg 박스,,,,15000,,,,trade
광주각화,광주중앙청과,20250731,오이,백다다기(오이),10 kg 박스,,,,12500,,,,trade
광주각화,광주중앙청과,20250731,오이,백다다기(오이),10 kg 박스,,,,25500,,,,trade
광주각화,광주중앙청과,20250731,오이,백다다기(오이),10 kg 박스,,,,18000,,,,trade
광주각화,광주중앙청과,20250731,오이,백다다기(오이),10 kg 박스,,,,15000,,,,trade
광주각화,광주중앙청과,20250731,오이,백다다기(오이),10 kg 박스,,,,16000,,,,trade
광주각화,광주중앙청과,20250731,오이,백다다기(오이),10 kg 박스,,,,28000,,,,trade
광주각화,광주중앙청과,20250731,오이,백다다기(오이),10 kg 박스,,,,16000,,,,trade
광주각화,광주중앙청과,20250731,오이,백다다기(오이),10 kg 박스,,,,8000,,,,trade
광주각화,광주중앙청과,20250731,오이,백다다기(오이),10 kg 박스,,,,14000,,,,trade
광주각화,광주중앙청과,20250731,오이,백다다기(오이),10 kg 박스,,,,4000,,,,trade
광주각화,광주중앙청과,20250731,오이,백다다기(오이),10 kg 박스,,,,3000,,,,trade
광주각화,광주중앙청과,20250731,오이,백다다기(오이),10 kg 박스,,,,3000,,,,trade
광주각화,광주중앙청과,20250731,오이,백다다기(오이),10 kg 박스,,,,5000,,,,trade
광주각화,광주중앙청과,20250731,오이,백다다기(오이),10 kg 박스,,,,12000,,,,trade
광주각화,광주중앙청과,20250731,오이,백다다기(오이),10 kg 박스,,,,18000,,,,trade
광주각화,광주중앙청과,20250731,오이,백다다기(오이),10 kg 박스,,,,16000,,,,trade
광주각화,광주중앙청과,20250731,오이,백다다기(오이),10 kg 박스,,,,17000,,,,trade
광주각화,광주중앙청과,20250731,오이,백다다기(오이),10 kg 박스,,,,13000,,,,trade
광주각화,광주중앙청과,20250731,오이,백다다기(오이),10 kg 박스,,,,17500,,,,trade
광주각화,광주중앙청과,20250731,오이,백다다기(오이),10 kg 박스,,,,13000,,,,trade
광주각화,광주중앙청과,20250731,오이,백다다기(오이),10 kg 박스,,,,14000,,,,trade
광주각화,광주중앙청과,20250731,오이,백다다기(오이),10 kg 박스,,,,21000,,,,trade
광주각화,광주중앙청과,20250731,오이,백다다기(오이),10 kg 박스,,,,17500,,,,trade
광주각화,광주중앙청과,20250731,오이,백다다기(오이),10 kg 박스,,,,16500,,,,trade
광주각화,광주중앙청과,20250731,오이,백다다기(오이),10 kg 박스,,,,14000,,,,trade
광주각화,광주중앙청과,20250731,오이,백다다기(오이),10 kg 박스,,,,10000,,,,trade
광주각화,광주중앙청과,20250731,오이,백다다기(오이),10 kg 박스,,,,12000,,,,trade
광주각화,광주중앙청과,20250731,오이,백다다기(오이),10 kg 박스,,,,12500,,,,trade
광주각화,광주중앙청과,20250731,오이,백다다기(오이),10 kg 박스,,,,14000,,,,trade
광주각화,광주중앙청과,20250731,오이,백다다기(오이),10 kg 박스,,,,18000,,,,trade
광주각화,광주중앙청과,20250731,오이,백다다기(오이),10 kg 박스,,,,12000,,,,trade
광주각화,광주중앙청과,20250731,오이,백다다기(오이),10 kg 박스,,,,7000,,,,trade
광주각화,광주중앙청과,20250731,오이,백다다기(오이),10 kg 박스,,,,15000,,,,trade
광주각화,광주중앙청과,20250731,오이,백다다기(오이),10 kg 박스,,,,6000,,,,trade
광주각화,광주중앙청과,20250731,오이,백다다기(오이),10 kg 박스,,,,17000,,,,trade
광주각화,광주중앙청과,20250731,오이,백다다기(오이),10 kg 박스,,,,17000,,,,trade
광주각화,광주중앙청과,20250731,오이,백다다기(오이),10 kg 박스,,,,8000,,,,trade
광주각화,광주중앙청과,20250731,오이,백다다기(오이),10 kg 박스,,,,19000,,,,trade
광주각화,광주중앙청과,20250731,오이,백다다기(오이),10 kg 박스,,,,8000,,,,trade
광주각화,광주중앙청과,20250731,오이,백다다기(오이),10 kg 박스,,,,8000,,,,trade
광주각화,광주중앙청과,20250731,오이,백다다기(오이),10 kg 박스,,,,16000,,,,trade
광주각화,광주중앙청과,20250731,오이,백다다기(오이),10 kg 박스,,,,16000,,,,trade
광주각화,광주중앙청과,20250731,오이,백다다기(오이),10 kg 박스,,,,10000,,,,trade
광주각화,광주중앙청과,20250731,오이,백다다기(오이),10 kg 박스,,,,22000,,,,trade
광주각화,광주중앙청과,20250731,오이,백다다기(오이),10 kg 박스,,,,22500,,,,trade
광주각화,광주중앙청과,20250731,오이,백다다기(오이),10 kg 박스,,,,16000,,,,trade
광주각화,광주중앙청과,20250731,오이,백다다기(오이),10 kg 박스,,,,13000,,,,trade
광주각화,광주중앙청과,20250731,오이,백다다기(오이),10 kg 박스,,,,23500,,,,trade
광주각화,광주중앙청과,20250731,오이,백다다기(오이),10 kg 박스,,,,9000,,,,trade
광주각화,광주중앙청과,20250731,오이,백다다기(오이),10 kg 박스,,,,9000,,,,trade
광주각화,광주중앙청과,20250731,오이,백다다기(오이),10 kg 박스,,,,18000,,,,trade
광주각화,광주중앙청과,20250731,오이,백다다기(오이),10 kg 박스,,,,21000,,,,trade
광주각화,광주중앙청과,20250731,오이,백다다기(오이),10 kg 박스,,,,28000,,,,trade
광주각화,광주중앙청과,20250731,오이,백다다기(오이),10 kg 팰릿,,,,23000,,,,trade
광주각화,광주중앙청과,20250731,오이,백다다기(오이),10 kg 팰릿,,,,13000,,,,trade
광주각화,광주중앙청과,20250731,오이,백다다기(오이),10 kg 팰릿,,,,17500,,,,trade
광주각화,광주중앙청과,20250731,오이,백다다기(오이),10 kg 팰릿,,,,27000,,,,trade
광주각화,광주중앙청과,20250731,오이,백다다기(오이),10 kg 팰릿,,,,19000,,,,trade
광주각화,광주중앙청과,20250731,오이,백다다기(오이),10 kg 팰릿,,,,17000,,,,trade
광주각화,광주중앙청과,20250731,오이,백다다기(오이),10 kg 팰릿,,,,7000,,,,trade
광주각화,광주중앙청과,20250731,오이,백다다기(오이),10 kg 팰릿,,,,25000,,,,trade
광주각화,광주중앙청과,20250731,오이,백다다기(오이),10 kg 팰릿,,,,23000,,,,trade
광주각화,광주중앙청과,20250731,오이,백다다기(오이),10 kg 팰릿,,,,18000,,,,trade
광주각화,광주중앙청과,20250731,오이,백다다기(오이),10 kg 팰릿,,,,17500,,,,trade
광주각화,광주중앙청과,20250731,오이,백다다기(오이),10 kg 팰릿,,,,11000,,,,trade
광주각화,광주중앙청과,20250731,오이,백다다기(오이),10 kg 팰릿,,,,22000,,,,trade
광주각화,광주중앙청과,20250731,오이,백다다기(오이),18 kg 박스,,,,12000,,,,trade
광주각화,광주중앙청과,20250731,오이,백다다기(오이),18 kg 박스,,,,8000,,,,trade
광주각화,광주중앙청과,20250731,오이,백다다기(오이),18 kg 박스,,,,16000,,,,trade
광주각화,광주중앙청과,20250731,오이,백다다기(오이),18 kg 박스,,,,11000,,,,trade
광주각화,광주중앙청과,20250731,오이,백다다기(오이),18 kg 박스,,,,9000,,,,trade
광주각화,광주중앙청과,20250731,오이,백다다기(오이),18 kg 박스,,,,2000,,,,trade
광주각화,광주중앙청과,20250731,오이,백다다기(오이),18 kg 박스,,,,3000,,,,trade
광주각화,광주중앙청과,20250731,오이,백다다기(오이),18 kg 박스,,,,10000,,,,trade
광주각화,광주중앙청과,20250731,오이,백다다기(오이),18 kg 박스,,,,8000,,,,trade
광주각화,광주중앙청과,20250731,오이,백다다기(오이),18 kg 박스,,,,8000,,,,trade
광주각화,광주중앙청과,20250731,오이,백다다기(오이),18 kg 박스,,,,7000,,,,trade
광주각화,광주중앙청과,20250731,오이,백다다기(오이),18 kg 박스,,,,6000,,,,trade
광주각화,광주중앙청과,20250731,오이,백다다기(오이),18 kg 박스,,,,3000,,,,trade
광주각화,광주중앙청과,20250731,오이,백다다기(오이),18 kg 박스,,,,8000,,,,trade
광주각화,광주중앙청과,20250731,오이,백다다기(오이),18 kg 박스,,,,13000,,,,trade
광주각화,광주중앙청과,20250731,오이,백다다기(오이),18 kg 박스,,,,14000,,,,trade
광주각화,광주중앙청과,20250731,오이,백다다기(오이),18 kg 박스,,,,12000,,,,trade
광주각화,광주중앙청과,20250731,오이,백다다기(오이),18 kg 박스,,,,12000,,,,trade
광주각화,광주중앙청과,20250731,오이,백다다기(오이),18 kg 박스,,,,9000,,,,trade
광주각화,광주중앙청과,20250731,오이,백다다기(오이),18 kg 박스,,,,7000,,,,trade
광주각화,광주중앙청과,20250731,오이,백다다기(오이),18 kg 박스,,,,12000,,,,trade
광주각화,광주중앙청과,20250731,오이,백다다기(오이),18 kg 박스,,,,3000,,,,trade
광주각화,광주중앙청과,20250731,오이,백다다기(오이),18 kg 박스,,,,3000,,,,trade
광주각화,광주중앙청과,20250731,오이,백다다기(오이),18 kg 박스,,,,12000,,,,trade
광주각화,광주중앙청과,20250731,오이,백다다기(오이),18 kg 팰릿,,,,4000,,,,trade
광주각화,광주중앙청과,20250731,오이,백다다기(오이),18 kg 팰릿,,,,25000,,,,trade
광주각화,광주중앙청과,20250731,오이,백다다기(오이),18 kg 팰릿,,,,12000,,,,trade
광주각화,광주중앙청과,20250731,오이,백다다기(오이),21 kg 박스,,,,20000,,,,trade
광주각화,광주중앙청과,20250731,오이,백다다기(오이),21 kg 박스,,,,1000,,,,trade
광주각화,광주중앙청과,20250731,오이,백다다기(오이),21 kg 박스,,,,3000,,,,trade
광주각화,광주중앙청과,20250731,오이,백다다기(오이),21 kg 박스,,,,4000,,,,trade
광주각화,광주중앙청과,20250731,오이,백다다기(오이),21 kg 박스,,,,10000,,,,trade
광주각화,광주중앙청과,20250731,오이,백다다기(오이),21 kg 박스,,,,4000,,,,trade
광주각화,광주중앙청과,20250731,오이,백다다기(오이),21 kg 박스,,,,24000,,,,trade
광주각화,광주중앙청과,20250731,오이,백다다기(오이),21 kg 박스,,,,8000,,,,trade
광주각화,광주중앙청과,20250731,오이,백다다기(오이),21 kg 박스,,,,16000,,,,trade
광주각화,광주중앙청과,20250731,오이,백다다기(오이),21 kg 박스,,,,14000,,,,trade
광주각화,광주중앙청과,20250731,오이,백다다기(오이),21 kg 박스,,,,20000,,,,trade
광주각화,광주중앙청과,20250731,오이,백다다기(오이),21 kg 박스,,,,7000,,,,trade
광주각화,광주중앙청과,20250731,오이,백다다기(오이),21 kg 박스,,,,20000,,,,trade
광주각화,광주중앙청과,20250731,오이,백다다기(오이),21 kg 박스,,,,9000,,,,trade
광주각화,광주중앙청과,20250731,오이,백다다기(오이),21 kg 박스,,,,9000,,,,trade
광주각화,광주중앙청과,20250731,오이,백다다기(오이),21 kg 박스,,,,18000,,,,trade
광주각화,광주중앙청과,20250731,오이,백다다기(오이),21 kg 박스,,,,22000,,,,trade
광주각화,광주중앙청과,20250731,오이,백다다기(오이),21 kg 박스,,,,22000,,,,trade
광주각화,광주중앙청과,20250731,오이,백다다기(오이),21 kg 박스,,,,19000,,,,trade
광주각화,광주중앙청과,20250731,오이,백다다기(오이),21 kg 박스,,,,19000,,,,trade
광주각화,광주중앙청과,20250731,오이,백다다기(오이),21 kg 박스,,,,9000,,,,trade
광주각화,광주중앙청과,20250731,오이,백다다기(오이),21 kg 박스,,,,21000,,,,trade
광주각화,광주중앙청과,20250731,오이,백다다기(오이),21 kg 박스,,,,14000,,,,trade
광주각화,광주중앙청과,20250731,오이,백다다기(오이),21 kg 박스,,,,24000,,,,trade
광주각화,광주중앙청과,20250731,오이,백다다기(오이),21 kg 박스,,,,21000,,,,trade
광주각화,광주중앙청과,20250731,오이,백다다기(오이),21 kg 박스,,,,17000,,,,trade
광주각화,광주중앙청과,20250731,오이,백다다기(오이),21 kg 박스,,,,18000,,,,trade
광주각화,광주중앙청과,20250731,오이,백다다기(오이),21 kg 박스,,,,22000,,,,trade
광주각화,광주중앙청과,20250731,오이,백다다기(오이),21 kg 박스,,,,16000,,,,trade
광주각화,광주중앙청과,20250731,오이,백다다기(오이),21 kg 박스,,,,1000,,,,trade
광주각화,광주중앙청과,20250731,오이,백다다기(오이),21 kg 박스,,,,18000,,,,trade
광주각화,광주중앙청과,20250731,오이,백다다기(오이),21 kg 박스,,,,21000,,,,trade
광주각화,광주중앙청과,20250731,오이,백다다기(오이),21 kg 박스,,,,18000,,,,trade
광주각화,광주중앙청과,20250731,오이,백다다기(오이),21 kg 박스,,,,50000,,,,trade
광주각화,광주중앙청과,20250731,오이,백다다기(오이),21 kg 박스,,,,40000,,,,trade
광주각화,광주중앙청과,20250731,오이,백다다기(오이),21 kg 박스,,,,39000,,,,trade
광주각화,광주중앙청과,20250731,오이,백다다기(오이),21 kg 박스,,,,45000,,,,trade
광주각화,광주중앙청과,20250731,오이,백다다기(오이),21 kg 박스,,,,48000,,,,trade
광주각화,광주중앙청과,20250731,오이,백다다기(오이),21 kg 박스,,,,47000,,,,trade
광주각화,광주중앙청과,20250731,오이,백다다기(오이),21 kg 박스,,,,40000,,,,trade
광주각화,광주중앙청과,20250731,오이,백다다기(오이),21 kg 박스,,,,53000,,,,trade
광주각화,광주중앙청과,20250731,오이,백다다기(오이),21 kg 박스,,,,52000,,,,trade
광주각화,광주중앙청과,20250731,오이,백다다기(오이),21 kg 박스,,,,46000,,,,trade
광주각화,광주중앙청과,20250731,오이,백다다기(오이),21 kg 박스,,,,50000,,,,trade
광주각화,광주중앙청과,20250731,오이,백다다기(오이),21 kg 박스,,,,47000,,,,trade
광주각화,광주중앙청과,20250731,오이,백다다기(오이),21 kg 박스,,,,62000,,,,trade
광주각화,광주중앙청과,20250731,오이,백다다기(오이),21 kg 박스,,,,53000,,,,trade
광주각화,광주중앙청과,20250731,오이,백다다기(오이),21 kg 박스,,,,53000,,,,trade
광주각화,광주중앙청과,20250731,오이,백다다기(오이),21 kg 박스,,,,50000,,,,trade
광주각화,광주중앙청과,20250731,오이,백다다기(오이),21 kg 박스,,,,52000,,,,trade
광주각화,광주중앙청과,20250731,오이,백다다기(오이),21 kg 박스,,,,52000,,,,trade
광주각화,광주중앙청과,20250731,오이,백다다기(오이),21 kg 박스,,,,55000,,,,trade
광주각화,광주중앙청과,20250731,오이,백다다기(오이),21 kg 박스,,,,24000,,,,trade
광주각화,광주중앙청과,20250731,오이,백다다기(오이),21 kg 박스,,,,54000,,,,trade
광주각화,광주중앙청과,20250731,오이,백다다기(오이),21 kg 박스,,,,38000,,,,trade
광주각화,광주중앙청과,20250731,오이,백다다기(오이),21 kg 박스,,,,47000,,,,trade
광주각화,광주중앙청과,20250731,오이,백다다기(오이),21 kg 박스,,,,44000,,,,trade
광주각화,광주중앙청과,20250731,오이,백다다기(오이),21 kg 박스,,,,15000,,,,trade
광주각화,광주중앙청과,20250731,오이,백다다기(오이),21 kg 박스,,,,7000,,,,trade
광주각화,광주중앙청과,20250731,오이,백다다기(오이),21 kg 박스,,,,35000,,,,trade
광주각화,광주중앙청과,20250731,오이,백다다기(오이),21 kg 박스,,,,37000,,,,trade
광주각화,광주중앙청과,20250731,오이,백다다기(오이),21 kg 박스,,,,5000,,,,trade
광주각화,광주중앙청과,20250731,오이,백다다기(오이),21 kg 박스,,,,22000,,,,trade
광주각화,광주중앙청과,20250731,오이,백다다기(오이),21 kg 박스,,,,34000,,,,trade
광주각화,광주중앙청과,20250731,오이,백다다기(오이),21 kg 팰릿,,,,13000,,,,trade
광주각화,광주중앙청과,20250731,오이,백다다기(오이),21 kg 팰릿,,,,37000,,,,trade
광주각화,광주중앙청과,20250731,오이,백다다기(오이),21 kg 팰릿,,,,10000,,,,trade
광주각화,광주중앙청과,20250731,오이,백다다기(오이),21 kg 팰릿,,,,47000,,,,trade
광주각화,광주중앙청과,20250731,오이,백다다기(오이),21 kg 팰릿,,,,35000,,,,trade
광주각화,광주중앙청과,20250731,오이,백다다기(오이),21 kg 팰릿,,,,42000,,,,trade
광주각화,광주중앙청과,20250731,오이,백다다기(오이),21 kg 팰릿,,,,42000,,,,trade
광주각화,광주중앙청과,20250731,오이,백다다기(오이),21 kg 팰릿,,,,28000,,,,trade
광주각화,광주중앙청과,20250731,오이,백다다기(오이),10kg,,,,,3000,29000,17919,grade_agg
광주각화,광주중앙청과,20250731,오이,백다다기(오이),18kg,,,,,2000,25000,11624,grade_agg
광주각화,광주중앙청과,20250731,오이,백다다기(오이),21kg,,,,,1000,62000,38677,grade_agg
광주각화,광주중앙청과,20250805,오이,백다다기(오이),10 kg 박스,,,,17500,,,,trade
광주각화,광주중앙청과,20250805,오이,백다다기(오이),10 kg 박스,,,,14000,,,,trade
광주각화,광주중앙청과,20250805,오이,백다다기(오이),10 kg 박스,,,,22500,,,,trade
광주각화,광주중앙청과,20250805,오이,백다다기(오이),10 kg 박스,,,,15500,,,,trade
광주각화,광주중앙청과,20250805,오이,백다다기(오이),10 kg 박스,,,,3000,,,,trade
광주각화,광주중앙청과,20250805,오이,백다다기(오이),10 kg 박스,,,,3000,,,,trade
광주각화,광주중앙청과,20250805,오이,백다다기(오이),10 kg 박스,,,,4000,,,,trade
광주각화,광주중앙청과,20250805,오이,백다다기(오이),10 kg 박스,,,,13000,,,,trade
광주각화,광주중앙청과,20250805,오이,백다다기(오이),10 kg 박스,,,,15000,,,,trade
광주각화,광주중앙청과,20250805,오이,백다다기(오이),10 kg 박스,,,,15000,,,,trade
광주각화,광주중앙청과,20250805,오이,백다다기(오이),10 kg 박스,,,,13000,,,,trade
광주각화,광주중앙청과,20250805,오이,백다다기(오이),10 kg 박스,,,,9000,,,,trade
광주각화,광주중앙청과,20250805,오이,백다다기(오이),10 kg 박스,,,,18500,,,,trade
광주각화,광주중앙청과,20250805,오이,백다다기(오이),10 kg 박스,,,,23000,,,,trade
광주각화,광주중앙청과,20250805,오이,백다다기(오이),10 kg 박스,,,,11000,,,,trade
광주각화,광주중앙청과,20250805,오이,백다다기(오이),10 kg 박스,,,,10000,,,,trade
광주각화,광주중앙청과,20250805,오이,백다다기(오이),10 kg 박스,,,,5000,,,,trade
광주각화,광주중앙청과,20250805,오이,백다다기(오이),10 kg 박스,,,,11000,,,,trade
광주각화,광주중앙청과,20250805,오이,백다다기(오이),10 kg 박스,,,,4000,,,,trade
광주각화,광주중앙청과,20250805,오이,백다다기(오이),10 kg 박스,,,,9000,,,,trade
광주각화,광주중앙청과,20250805,오이,백다다기(오이),10 kg 박스,,,,6000,,,,trade
광주각화,광주중앙청과,20250805,오이,백다다기(오이),10 kg 박스,,,,11000,,,,trade
광주각화,광주중앙청과,20250805,오이,백다다기(오이),10 kg 박스,,,,11000,,,,trade
광주각화,광주중앙청과,20250805,오이,백다다기(오이),10 kg 박스,,,,9000,,,,trade
광주각화,광주중앙청과,20250805,오이,백다다기(오이),10 kg 박스,,,,11000,,,,trade
광주각화,광주중앙청과,20250805,오이,백다다기(오이),10 kg 박스,,,,18000,,,,trade
광주각화,광주중앙청과,20250805,오이,백다다기(오이),10 kg 박스,,,,24500,,,,trade
광주각화,광주중앙청과,20250805,오이,백다다기(오이),10 kg 박스,,,,22500,,,,trade
광주각화,광주중앙청과,20250805,오이,백다다기(오이),10 kg 박스,,,,19000,,,,trade
광주각화,광주중앙청과,20250805,오이,백다다기(오이),10 kg 박스,,,,25500,,,,trade
광주각화,광주중앙청과,20250805,오이,백다다기(오이),10 kg 박스,,,,19000,,,,trade
광주각화,광주중앙청과,20250805,오이,백다다기(오이),10 kg 박스,,,,13000,,,,trade
광주각화,광주중앙청과,20250805,오이,백다다기(오이),10 kg 박스,,,,15500,,,,trade
광주각화,광주중앙청과,20250805,오이,백다다기(오이),10 kg 박스,,,,8000,,,,trade
광주각화,광주중앙청과,20250805,오이,백다다기(오이),10 kg 박스,,,,9000,,,,trade
광주각화,광주중앙청과,20250805,오이,백다다기(오이),10 kg 박스,,,,17000,,,,trade
광주각화,광주중앙청과,20250805,오이,백다다기(오이),10 kg 박스,,,,14000,,,,trade
광주각화,광주중앙청과,20250805,오이,백다다기(오이),10 kg 박스,,,,8500,,,,trade
광주각화,광주중앙청과,20250805,오이,백다다기(오이),10 kg 박스,,,,4000,,,,trade
광주각화,광주중앙청과,20250805,오이,백다다기(오이),10 kg 박스,,,,10000,,,,trade
광주각화,광주중앙청과,20250805,오이,백다다기(오이),10 kg 박스,,,,5500,,,,trade
광주각화,광주중앙청과,20250805,오이,백다다기(오이),10 kg 박스,,,,9000,,,,trade
광주각화,광주중앙청과,20250805,오이,백다다기(오이),10 kg 박스,,,,20000,,,,trade
광주각화,광주중앙청과,20250805,오이,백다다기(오이),10 kg 박스,,,,15000,,,,trade
광주각화,광주중앙청과,20250805,오이,백다다기(오이),10 kg 박스,,,,16000,,,,trade
광주각화,광주중앙청과,20250805,오이,백다다기(오이),10 kg 박스,,,,8000,,,,trade
광주각화,광주중앙청과,20250805,오이,백다다기(오이),10 kg 박스,,,,3000,,,,trade
광주각화,광주중앙청과,20250805,오이,백다다기(오이),10 kg 박스,,,,14000,,,,trade
광주각화,광주중앙청과,20250805,오이,백다다기(오이),10 kg 박스,,,,9000,,,,trade
광주각화,광주중앙청과,20250805,오이,백다다기(오이),10 kg 박스,,,,20000,,,,trade
광주각화,광주중앙청과,20250805,오이,백다다기(오이),10 kg 박스,,,,5000,,,,trade
광주각화,광주중앙청과,20250805,오이,백다다기(오이),10 kg 박스,,,,14000,,,,trade
광주각화,광주중앙청과,20250805,오이,백다다기(오이),10 kg 박스,,,,18500,,,,trade
광주각화,광주중앙청과,20250805,오이,백다다기(오이),10 kg 박스,,,,5000,,,,trade
광주각화,광주중앙청과,20250805,오이,백다다기(오이),10 kg 박스,,,,8000,,,,trade
광주각화,광주중앙청과,20250805,오이,백다다기(오이),10 kg 박스,,,,15000,,,,trade
광주각화,광주중앙청과,20250805,오이,백다다기(오이),10 kg 박스,,,,25000,,,,trade
광주각화,광주중앙청과,20250805,오이,백다다기(오이),10 kg 팰릿,,,,15000,,,,trade
광주각화,광주중앙청과,20250805,오이,백다다기(오이),10 kg 팰릿,,,,7000,,,,trade
광주각화,광주중앙청과,20250805,오이,백다다기(오이),10 kg 팰릿,,,,8500,,,,trade
광주각화,광주중앙청과,20250805,오이,백다다기(오이),10 kg 팰릿,,,,7000,,,,trade
광주각화,광주중앙청과,20250805,오이,백다다기(오이),10 kg 팰릿,,,,21500,,,,trade
광주각화,광주중앙청과,20250805,오이,백다다기(오이),18 kg 박스,,,,1000,,,,trade
광주각화,광주중앙청과,20250805,오이,백다다기(오이),18 kg 박스,,,,2000,,,,trade
광주각화,광주중앙청과,20250805,오이,백다다기(오이),18 kg 박스,,,,1000,,,,trade
광주각화,광주중앙청과,20250805,오이,백다다기(오이),18 kg 박스,,,,2000,,,,trade
광주각화,광주중앙청과,20250805,오이,백다다기(오이),18 kg 박스,,,,7000,,,,trade
광주각화,광주중앙청과,20250805,오이,백다다기(오이),18 kg 박스,,,,6000,,,,trade
광주각화,광주중앙청과,20250805,오이,백다다기(오이),18 kg 박스,,,,11000,,,,trade
광주각화,광주중앙청과,20250805,오이,백다다기(오이),18 kg 박스,,,,2000,,,,trade
광주각화,광주중앙청과,20250805,오이,백다다기(오이),18 kg 박스,,,,3000,,,,trade
광주각화,광주중앙청과,20250805,오이,백다다기(오이),18 kg 박스,,,,12000,,,,trade
광주각화,광주중앙청과,20250805,오이,백다다기(오이),18 kg 박스,,,,4000,,,,trade
광주각화,광주중앙청과,20250805,오이,백다다기(오이),18 kg 박스,,,,6000,,,,trade
광주각화,광주중앙청과,20250805,오이,백다다기(오이),18 kg 박스,,,,5000,,,,trade
광주각화,광주중앙청과,20250805,오이,백다다기(오이),18 kg 박스,,,,22000,,,,trade
광주각화,광주중앙청과,20250805,오이,백다다기(오이),18 kg 박스,,,,3000,,,,trade
광주각화,광주중앙청과,20250805,오이,백다다기(오이),18 kg 박스,,,,5000,,,,trade
광주각화,광주중앙청과,20250805,오이,백다다기(오이),18 kg 박스,,,,8000,,,,trade
광주각화,광주중앙청과,20250805,오이,백다다기(오이),18 kg 박스,,,,5000,,,,trade
광주각화,광주중앙청과,20250805,오이,백다다기(오이),18 kg 박스,,,,5000,,,,trade
광주각화,광주중앙청과,20250805,오이,백다다기(오이),18 kg 박스,,,,7000,,,,trade
광주각화,광주중앙청과,20250805,오이,백다다기(오이),18 kg 박스,,,,4000,,,,trade
광주각화,광주중앙청과,20250805,오이,백다다기(오이),18 kg 박스,,,,8000,,,,trade
광주각화,광주중앙청과,20250805,오이,백다다기(오이),18 kg 박스,,,,5000,,,,trade
광주각화,광주중앙청과,20250805,오이,백다다기(오이),18 kg 박스,,,,3000,,,,trade
광주각화,광주중앙청과,20250805,오이,백다다기(오이),21 kg 박스,,,,53000,,,,trade
광주각화,광주중앙청과,20250805,오이,백다다기(오이),21 kg 박스,,,,50000,,,,trade
광주각화,광주중앙청과,20250805,오이,백다다기(오이),21 kg 박스,,,,53000,,,,trade
광주각화,광주중앙청과,20250805,오이,백다다기(오이),21 kg 박스,,,,3000,,,,trade
광주각화,광주중앙청과,20250805,오이,백다다기(오이),21 kg 박스,,,,15000,,,,trade
광주각화,광주중앙청과,20250805,오이,백다다기(오이),21 kg 박스,,,,12000,,,,trade
광주각화,광주중앙청과,20250805,오이,백다다기(오이),21 kg 박스,,,,22000,,,,trade
광주각화,광주중앙청과,20250805,오이,백다다기(오이),21 kg 박스,,,,13000,,,,trade
광주각화,광주중앙청과,20250805,오이,백다다기(오이),21 kg 박스,,,,3000,,,,trade
광주각화,광주중앙청과,20250805,오이,백다다기(오이),21 kg 박스,,,,20000,,,,trade
광주각화,광주중앙청과,20250805,오이,백다다기(오이),21 kg 박스,,,,5000,,,,trade
광주각화,광주중앙청과,20250805,오이,백다다기(오이),21 kg 박스,,,,12000,,,,trade
광주각화,광주중앙청과,20250805,오이,백다다기(오이),21 kg 박스,,,,6000,,,,trade
광주각화,광주중앙청과,20250805,오이,백다다기(오이),21 kg 박스,,,,8000,,,,trade
광주각화,광주중앙청과,20250805,오이,백다다기(오이),21 kg 박스,,,,18000,,,,trade
광주각화,광주중앙청과,20250805,오이,백다다기(오이),21 kg 박스,,,,11000,,,,trade
광주각화,광주중앙청과,20250805,오이,백다다기(오이),21 kg 박스,,,,24000,,,,trade
광주각화,광주중앙청과,20250805,오이,백다다기(오이),21 kg 박스,,,,14000,,,,trade
광주각화,광주중앙청과,20250805,오이,백다다기(오이),21 kg 박스,,,,15000,,,,trade
광주각화,광주중앙청과,20250805,오이,백다다기(오이),21 kg 박스,,,,20000,,,,trade
광주각화,광주중앙청과,20250805,오이,백다다기(오이),21 kg 박스,,,,18000,,,,trade
광주각화,광주중앙청과,20250805,오이,백다다기(오이),21 kg 박스,,,,8000,,,,trade
광주각화,광주중앙청과,20250805,오이,백다다기(오이),21 kg 박스,,,,26000,,,,trade
광주각화,광주중앙청과,20250805,오이,백다다기(오이),21 kg 박스,,,,6000,,,,trade
광주각화,광주중앙청과,20250805,오이,백다다기(오이),21 kg 박스,,,,12000,,,,trade
광주각화,광주중앙청과,20250805,오이,백다다기(오이),21 kg 박스,,,,19000,,,,trade
광주각화,광주중앙청과,20250805,오이,백다다기(오이),21 kg 박스,,,,6000,,,,trade
광주각화,광주중앙청과,20250805,오이,백다다기(오이),21 kg 박스,,,,10000,,,,trade
광주각화,광주중앙청과,20250805,오이,백다다기(오이),21 kg 박스,,,,8000,,,,trade
광주각화,광주중앙청과,20250805,오이,백다다기(오이),21 kg 박스,,,,11000,,,,trade
광주각화,광주중앙청과,20250805,오이,백다다기(오이),21 kg 박스,,,,28000,,,,trade
광주각화,광주중앙청과,20250805,오이,백다다기(오이),21 kg 박스,,,,6000,,,,trade
광주각화,광주중앙청과,20250805,오이,백다다기(오이),21 kg 박스,,,,23000,,,,trade
광주각화,광주중앙청과,20250805,오이,백다다기(오이),21 kg 박스,,,,8000,,,,trade
광주각화,광주중앙청과,20250805,오이,백다다기(오이),21 kg 박스,,,,13000,,,,trade
광주각화,광주중앙청과,20250805,오이,백다다기(오이),21 kg 박스,,,,15000,,,,trade
광주각화,광주중앙청과,20250805,오이,백다다기(오이),21 kg 박스,,,,22000,,,,trade
광주각화,광주중앙청과,20250805,오이,백다다기(오이),21 kg 박스,,,,11000,,,,trade
광주각화,광주중앙청과,20250805,오이,백다다기(오이),21 kg 박스,,,,11000,,,,trade
광주각화,광주중앙청과,20250805,오이,백다다기(오이),21 kg 박스,,,,21000,,,,trade
광주각화,광주중앙청과,20250805,오이,백다다기(오이),21 kg 박스,,,,20000,,,,trade
광주각화,광주중앙청과,20250805,오이,백다다기(오이),21 kg 박스,,,,11000,,,,trade
광주각화,광주중앙청과,20250805,오이,백다다기(오이),21 kg 박스,,,,18000,,,,trade
광주각화,광주중앙청과,20250805,오이,백다다기(오이),21 kg 박스,,,,18000,,,,trade
광주각화,광주중앙청과,20250805,오이,백다다기(오이),21 kg 박스,,,,43000,,,,trade
광주각화,광주중앙청과,20250805,오이,백다다기(오이),21 kg 박스,,,,60000,,,,trade
광주각화,광주중앙청과,20250805,오이,백다다기(오이),21 kg 박스,,,,34000,,,,trade
광주각화,광주중앙청과,20250805,오이,백다다기(오이),21 kg 박스,,,,43000,,,,trade
광주각화,광주중앙청과,20250805,오이,백다다기(오이),21 kg 박스,,,,46000,,,,trade
광주각화,광주중앙청과,20250805,오이,백다다기(오이),21 kg 박스,,,,48000,,,,trade
광주각화,광주중앙청과,20250805,오이,백다다기(오이),21 kg 박스,,,,50000,,,,trade
광주각화,광주중앙청과,20250805,오이,백다다기(오이),21 kg 박스,,,,20000,,,,trade
광주각화,광주중앙청과,20250805,오이,백다다기(오이),21 kg 박스,,,,56000,,,,trade
광주각화,광주중앙청과,20250805,오이,백다다기(오이),21 kg 박스,,,,55000,,,,trade
광주각화,광주중앙청과,20250805,오이,백다다기(오이),21 kg 박스,,,,35000,,,,trade
광주각화,광주중앙청과,20250805,오이,백다다기(오이),21 kg 박스,,,,54000,,,,trade
광주각화,광주중앙청과,20250805,오이,백다다기(오이),21 kg 박스,,,,57000,,,,trade
광주각화,광주중앙청과,20250805,오이,백다다기(오이),21 kg 박스,,,,46000,,,,trade
광주각화,광주중앙청과,20250805,오이,백다다기(오이),21 kg 박스,,,,32000,,,,trade
광주각화,광주중앙청과,20250805,오이,백다다기(오이),21 kg 박스,,,,60000,,,,trade
광주각화,광주중앙청과,20250805,오이,백다다기(오이),21 kg 박스,,,,63000,,,,trade
광주각화,광주중앙청과,20250805,오이,백다다기(오이),21 kg 박스,,,,73000,,,,trade
광주각화,광주중앙청과,20250805,오이,백다다기(오이),21 kg 박스,,,,48000,,,,trade
광주각화,광주중앙청과,20250805,오이,백다다기(오이),21 kg 박스,,,,58000,,,,trade
광주각화,광주중앙청과,20250805,오이,백다다기(오이),21 kg 박스,,,,70000,,,,trade
광주각화,광주중앙청과,20250805,오이,백다다기(오이),21 kg 박스,,,,40000,,,,trade
광주각화,광주중앙청과,20250805,오이,백다다기(오이),21 kg 박스,,,,38000,,,,trade
광주각화,광주중앙청과,20250805,오이,백다다기(오이),21 kg 팰릿,,,,6000,,,,trade
광주각화,광주중앙청과,20250805,오이,백다다기(오이),21 kg 팰릿,,,,15000,,,,trade
광주각화,광주중앙청과,20250805,오이,백다다기(오이),21 kg 팰릿,,,,18000,,,,trade
광주각화,광주중앙청과,20250805,오이,백다다기(오이),21 kg 팰릿,,,,10000,,,,trade
광주각화,광주중앙청과,20250805,오이,백다다기(오이),21 kg 팰릿,,,,10000,,,,trade
광주각화,광주중앙청과,20250805,오이,백다다기(오이),21 kg 팰릿,,,,16000,,,,trade
광주각화,광주중앙청과,20250805,오이,백다다기(오이),21 kg 팰릿,,,,30000,,,,trade
광주각화,광주중앙청과,20250805,오이,백다다기(오이),21 kg 팰릿,,,,30000,,,,trade
광주각화,광주중앙청과,20250805,오이,백다다기(오이),21 kg 팰릿,,,,29000,,,,trade
광주각화,광주중앙청과,20250805,오이,백다다기(오이),21 kg 팰릿,,,,37000,,,,trade
광주각화,광주중앙청과,20250805,오이,백다다기(오이),21 kg 팰릿,,,,20000,,,,trade
광주각화,광주중앙청과,20250805,오이,백다다기(오이),21 kg 팰릿,,,,14000,,,,trade
광주각화,광주중앙청과,20250805,오이,백다다기(오이),10kg,,,,,3000,25500,15105,grade_agg
광주각화,광주중앙청과,20250805,오이,백다다기(오이),18kg,,,,,1000,22000,9137,grade_agg
광주각화,광주중앙청과,20250805,오이,백다다기(오이),21kg,,,,,3000,73000,31298,grade_agg
광주각화,광주중앙청과,20250807,오이,백다다기(오이),8 kg 비닐봉지,,,,1000,,,,trade
광주각화,광주중앙청과,20250807,오이,백다다기(오이),10 kg 박스,,,,9000,,,,trade
광주각화,광주중앙청과,20250807,오이,백다다기(오이),10 kg 박스,,,,2000,,,,trade
광주각화,광주중앙청과,20250807,오이,백다다기(오이),10 kg 박스,,,,13000,,,,trade
광주각화,광주중앙청과,20250807,오이,백다다기(오이),10 kg 박스,,,,13000,,,,trade
광주각화,광주중앙청과,20250807,오이,백다다기(오이),10 kg 박스,,,,7000,,,,trade
광주각화,광주중앙청과,20250807,오이,백다다기(오이),10 kg 박스,,,,18000,,,,trade
광주각화,광주중앙청과,20250807,오이,백다다기(오이),10 kg 박스,,,,22500,,,,trade
광주각화,광주중앙청과,20250807,오이,백다다기(오이),10 kg 박스,,,,9000,,,,trade
광주각화,광주중앙청과,20250807,오이,백다다기(오이),10 kg 박스,,,,5000,,,,trade
광주각화,광주중앙청과,20250807,오이,백다다기(오이),10 kg 박스,,,,25000,,,,trade
광주각화,광주중앙청과,20250807,오이,백다다기(오이),10 kg 박스,,,,8500,,,,trade
광주각화,광주중앙청과,20250807,오이,백다다기(오이),10 kg 박스,,,,28000,,,,trade
광주각화,광주중앙청과,20250807,오이,백다다기(오이),10 kg 박스,,,,15000,,,,trade
광주각화,광주중앙청과,20250807,오이,백다다기(오이),10 kg 박스,,,,4000,,,,trade
광주각화,광주중앙청과,20250807,오이,백다다기(오이),10 kg 박스,,,,3000,,,,trade
광주각화,광주중앙청과,20250807,오이,백다다기(오이),10 kg 박스,,,,6500,,,,trade
광주각화,광주중앙청과,20250807,오이,백다다기(오이),10 kg 박스,,,,20000,,,,trade
광주각화,광주중앙청과,20250807,오이,백다다기(오이),10 kg 박스,,,,15000,,,,trade
광주각화,광주중앙청과,20250807,오이,백다다기(오이),10 kg 박스,,,,10000,,,,trade
광주각화,광주중앙청과,20250807,오이,백다다기(오이),10 kg 박스,,,,10000,,,,trade
광주각화,광주중앙청과,20250807,오이,백다다기(오이),10 kg 박스,,,,1000,,,,trade
광주각화,광주중앙청과,20250807,오이,백다다기(오이),10 kg 박스,,,,11000,,,,trade
광주각화,광주중앙청과,20250807,오이,백다다기(오이),10 kg 박스,,,,9000,,,,trade
광주각화,광주중앙청과,20250807,오이,백다다기(오이),10 kg 박스,,,,3000,,,,trade
광주각화,광주중앙청과,20250807,오이,백다다기(오이),10 kg 박스,,,,14000,,,,trade
광주각화,광주중앙청과,20250807,오이,백다다기(오이),10 kg 박스,,,,3000,,,,trade
광주각화,광주중앙청과,20250807,오이,백다다기(오이),10 kg 박스,,,,13000,,,,trade
광주각화,광주중앙청과,20250807,오이,백다다기(오이),10 kg 박스,,,,2000,,,,trade
광주각화,광주중앙청과,20250807,오이,백다다기(오이),10 kg 박스,,,,1000,,,,trade
광주각화,광주중앙청과,20250807,오이,백다다기(오이),10 kg 박스,,,,12000,,,,trade
광주각화,광주중앙청과,20250807,오이,백다다기(오이),10 kg 박스,,,,9000,,,,trade
광주각화,광주중앙청과,20250807,오이,백다다기(오이),10 kg 박스,,,,9000,,,,trade
광주각화,광주중앙청과,20250807,오이,백다다기(오이),10 kg 박스,,,,13000,,,,trade
광주각화,광주중앙청과,20250807,오이,백다다기(오이),10 kg 박스,,,,9000,,,,trade
광주각화,광주중앙청과,20250807,오이,백다다기(오이),10 kg 박스,,,,10000,,,,trade
광주각화,광주중앙청과,20250807,오이,백다다기(오이),10 kg 박스,,,,8000,,,,trade
광주각화,광주중앙청과,20250807,오이,백다다기(오이),10 kg 박스,,,,20000,,,,trade
광주각화,광주중앙청과,20250807,오이,백다다기(오이),10 kg 박스,,,,19000,,,,trade
광주각화,광주중앙청과,20250807,오이,백다다기(오이),10 kg 박스,,,,10000,,,,trade
광주각화,광주중앙청과,20250807,오이,백다다기(오이),10 kg 박스,,,,14000,,,,trade
광주각화,광주중앙청과,20250807,오이,백다다기(오이),10 kg 박스,,,,9000,,,,trade
광주각화,광주중앙청과,20250807,오이,백다다기(오이),10 kg 팰릿,,,,20000,,,,trade
광주각화,광주중앙청과,20250807,오이,백다다기(오이),10 kg 팰릿,,,,16000,,,,trade
광주각화,광주중앙청과,20250807,오이,백다다기(오이),10 kg 팰릿,,,,9000,,,,trade
광주각화,광주중앙청과,20250807,오이,백다다기(오이),18 kg 박스,,,,5000,,,,trade
광주각화,광주중앙청과,20250807,오이,백다다기(오이),18 kg 박스,,,,10000,,,,trade
광주각화,광주중앙청과,20250807,오이,백다다기(오이),18 kg 박스,,,,14000,,,,trade
광주각화,광주중앙청과,20250807,오이,백다다기(오이),18 kg 박스,,,,5000,,,,trade
광주각화,광주중앙청과,20250807,오이,백다다기(오이),18 kg 박스,,,,7000,,,,trade
광주각화,광주중앙청과,20250807,오이,백다다기(오이),18 kg 박스,,,,13000,,,,trade
광주각화,광주중앙청과,20250807,오이,백다다기(오이),18 kg 박스,,,,13000,,,,trade
광주각화,광주중앙청과,20250807,오이,백다다기(오이),18 kg 박스,,,,5000,,,,trade
광주각화,광주중앙청과,20250807,오이,백다다기(오이),18 kg 박스,,,,5000,,,,trade
광주각화,광주중앙청과,20250807,오이,백다다기(오이),18 kg 박스,,,,12000,,,,trade
광주각화,광주중앙청과,20250807,오이,백다다기(오이),18 kg 박스,,,,8000,,,,trade
광주각화,광주중앙청과,20250807,오이,백다다기(오이),18 kg 박스,,,,13000,,,,trade
광주각화,광주중앙청과,20250807,오이,백다다기(오이),18 kg 박스,,,,12000,,,,trade
광주각화,광주중앙청과,20250807,오이,백다다기(오이),18 kg 박스,,,,12000,,,,trade
광주각화,광주중앙청과,20250807,오이,백다다기(오이),21 kg 박스,,,,15000,,,,trade
광주각화,광주중앙청과,20250807,오이,백다다기(오이),21 kg 박스,,,,15000,,,,trade
광주각화,광주중앙청과,20250807,오이,백다다기(오이),21 kg 박스,,,,18000,,,,trade
광주각화,광주중앙청과,20250807,오이,백다다기(오이),21 kg 박스,,,,15000,,,,trade
광주각화,광주중앙청과,20250807,오이,백다다기(오이),21 kg 박스,,,,15000,,,,trade
광주각화,광주중앙청과,20250807,오이,백다다기(오이),21 kg 박스,,,,18000,,,,trade
광주각화,광주중앙청과,20250807,오이,백다다기(오이),21 kg 박스,,,,500,,,,trade
광주각화,광주중앙청과,20250807,오이,백다다기(오이),21 kg 박스,,,,3000,,,,trade
광주각화,광주중앙청과,20250807,오이,백다다기(오이),21 kg 박스,,,,3000,,,,trade
광주각화,광주중앙청과,20250807,오이,백다다기(오이),21 kg 박스,,,,19000,,,,trade
광주각화,광주중앙청과,20250807,오이,백다다기(오이),21 kg 박스,,,,12000,,,,trade
광주각화,광주중앙청과,20250807,오이,백다다기(오이),21 kg 박스,,,,12000,,,,trade
광주각화,광주중앙청과,20250807,오이,백다다기(오이),21 kg 박스,,,,12000,,,,trade
광주각화,광주중앙청과,20250807,오이,백다다기(오이),21 kg 박스,,,,11000,,,,trade
광주각화,광주중앙청과,20250807,오이,백다다기(오이),21 kg 박스,,,,24000,,,,trade
광주각화,광주중앙청과,20250807,오이,백다다기(오이),21 kg 박스,,,,22000,,,,trade
광주각화,광주중앙청과,20250807,오이,백다다기(오이),21 kg 박스,,,,25000,,,,trade
광주각화,광주중앙청과,20250807,오이,백다다기(오이),21 kg 박스,,,,16000,,,,trade
광주각화,광주중앙청과,20250807,오이,백다다기(오이),21 kg 박스,,,,12000,,,,trade
광주각화,광주중앙청과,20250807,오이,백다다기(오이),21 kg 박스,,,,19000,,,,trade
광주각화,광주중앙청과,20250807,오이,백다다기(오이),21 kg 박스,,,,13000,,,,trade
광주각화,광주중앙청과,20250807,오이,백다다기(오이),21 kg 박스,,,,12000,,,,trade
광주각화,광주중앙청과,20250807,오이,백다다기(오이),21 kg 박스,,,,14000,,,,trade
광주각화,광주중앙청과,20250807,오이,백다다기(오이),21 kg 박스,,,,18000,,,,trade
광주각화,광주중앙청과,20250807,오이,백다다기(오이),21 kg 박스,,,,7000,,,,trade
광주각화,광주중앙청과,20250807,오이,백다다기(오이),21 kg 박스,,,,15000,,,,trade
광주각화,광주중앙청과,20250807,오이,백다다기(오이),21 kg 박스,,,,16000,,,,trade
광주각화,광주중앙청과,20250807,오이,백다다기(오이),21 kg 박스,,,,16000,,,,trade
광주각화,광주중앙청과,20250807,오이,백다다기(오이),21 kg 박스,,,,14000,,,,trade
광주각화,광주중앙청과,20250807,오이,백다다기(오이),21 kg 박스,,,,22000,,,,trade
광주각화,광주중앙청과,20250807,오이,백다다기(오이),21 kg 박스,,,,12000,,,,trade
광주각화,광주중앙청과,20250807,오이,백다다기(오이),21 kg 박스,,,,10000,,,,trade
광주각화,광주중앙청과,20250807,오이,백다다기(오이),21 kg 박스,,,,22000,,,,trade
광주각화,광주중앙청과,20250807,오이,백다다기(오이),21 kg 박스,,,,10000,,,,trade
광주각화,광주중앙청과,20250807,오이,백다다기(오이),21 kg 박스,,,,23000,,,,trade
광주각화,광주중앙청과,20250807,오이,백다다기(오이),21 kg 박스,,,,23000,,,,trade
광주각화,광주중앙청과,20250807,오이,백다다기(오이),21 kg 박스,,,,16000,,,,trade
광주각화,광주중앙청과,20250807,오이,백다다기(오이),21 kg 박스,,,,15000,,,,trade
광주각화,광주중앙청과,20250807,오이,백다다기(오이),21 kg 박스,,,,19000,,,,trade
광주각화,광주중앙청과,20250807,오이,백다다기(오이),21 kg 박스,,,,16000,,,,trade
광주각화,광주중앙청과,20250807,오이,백다다기(오이),21 kg 박스,,,,15000,,,,trade
광주각화,광주중앙청과,20250807,오이,백다다기(오이),21 kg 박스,,,,8000,,,,trade
광주각화,광주중앙청과,20250807,오이,백다다기(오이),21 kg 박스,,,,16000,,,,trade
광주각화,광주중앙청과,20250807,오이,백다다기(오이),21 kg 박스,,,,12000,,,,trade
광주각화,광주중앙청과,20250807,오이,백다다기(오이),21 kg 박스,,,,43000,,,,trade
광주각화,광주중앙청과,20250807,오이,백다다기(오이),21 kg 박스,,,,20000,,,,trade
광주각화,광주중앙청과,20250807,오이,백다다기(오이),21 kg 박스,,,,52000,,,,trade
광주각화,광주중앙청과,20250807,오이,백다다기(오이),21 kg 박스,,,,43000,,,,trade
광주각화,광주중앙청과,20250807,오이,백다다기(오이),21 kg 박스,,,,36000,,,,trade
광주각화,광주중앙청과,20250807,오이,백다다기(오이),21 kg 박스,,,,49000,,,,trade
광주각화,광주중앙청과,20250807,오이,백다다기(오이),21 kg 박스,,,,43000,,,,trade
광주각화,광주중앙청과,20250807,오이,백다다기(오이),21 kg 박스,,,,44000,,,,trade
광주각화,광주중앙청과,20250807,오이,백다다기(오이),21 kg 박스,,,,50000,,,,trade
광주각화,광주중앙청과,20250807,오이,백다다기(오이),21 kg 박스,,,,46000,,,,trade
광주각화,광주중앙청과,20250807,오이,백다다기(오이),21 kg 박스,,,,60000,,,,trade
광주각화,광주중앙청과,20250807,오이,백다다기(오이),21 kg 박스,,,,42000,,,,trade
광주각화,광주중앙청과,20250807,오이,백다다기(오이),21 kg 박스,,,,44000,,,,trade
광주각화,광주중앙청과,20250807,오이,백다다기(오이),21 kg 박스,,,,45000,,,,trade
광주각화,광주중앙청과,20250807,오이,백다다기(오이),21 kg 박스,,,,48000,,,,trade
광주각화,광주중앙청과,20250807,오이,백다다기(오이),21 kg 박스,,,,40000,,,,trade
광주각화,광주중앙청과,20250807,오이,백다다기(오이),21 kg 박스,,,,45000,,,,trade
광주각화,광주중앙청과,20250807,오이,백다다기(오이),21 kg 박스,,,,46000,,,,trade
광주각화,광주중앙청과,20250807,오이,백다다기(오이),21 kg 박스,,,,48000,,,,trade
광주각화,광주중앙청과,20250807,오이,백다다기(오이),21 kg 박스,,,,46000,,,,trade
광주각화,광주중앙청과,20250807,오이,백다다기(오이),21 kg 박스,,,,57000,,,,trade
광주각화,광주중앙청과,20250807,오이,백다다기(오이),21 kg 박스,,,,46000,,,,trade
광주각화,광주중앙청과,20250807,오이,백다다기(오이),21 kg 박스,,,,43000,,,,trade
광주각화,광주중앙청과,20250807,오이,백다다기(오이),21 kg 박스,,,,48000,,,,trade
광주각화,광주중앙청과,20250807,오이,백다다기(오이),21 kg 박스,,,,52000,,,,trade
광주각화,광주중앙청과,20250807,오이,백다다기(오이),21 kg 박스,,,,12000,,,,trade
광주각화,광주중앙청과,20250807,오이,백다다기(오이),21 kg 박스,,,,15000,,,,trade
광주각화,광주중앙청과,20250807,오이,백다다기(오이),21 kg 박스,,,,17000,,,,trade
광주각화,광주중앙청과,20250807,오이,백다다기(오이),21 kg 박스,,,,26000,,,,trade
광주각화,광주중앙청과,20250807,오이,백다다기(오이),21 kg 박스,,,,28000,,,,trade
광주각화,광주중앙청과,20250807,오이,백다다기(오이),21 kg 박스,,,,38000,,,,trade
광주각화,광주중앙청과,20250807,오이,백다다기(오이),21 kg 팰릿,,,,22000,,,,trade
광주각화,광주중앙청과,20250807,오이,백다다기(오이),21 kg 팰릿,,,,25000,,,,trade
광주각화,광주중앙청과,20250807,오이,백다다기(오이),21 kg 팰릿,,,,22000,,,,trade
광주각화,광주중앙청과,20250807,오이,백다다기(오이),21 kg 팰릿,,,,39000,,,,trade
광주각화,광주중앙청과,20250807,오이,백다다기(오이),21 kg 팰릿,,,,14000,,,,trade
광주각화,광주중앙청과,20250807,오이,백다다기(오이),21 kg 팰릿,,,,16000,,,,trade
광주각화,광주중앙청과,20250807,오이,백다다기(오이),21 kg 팰릿,,,,15000,,,,trade
광주각화,광주중앙청과,20250807,오이,백다다기(오이),21 kg 팰릿,,,,15000,,,,trade
광주각화,광주중앙청과,20250807,오이,백다다기(오이),21 kg 팰릿,,,,7000,,,,trade
광주각화,광주중앙청과,20250807,오이,백다다기(오이),21 kg 팰릿,,,,9000,,,,trade
광주각화,광주중앙청과,20250807,오이,백다다기(오이),21 kg 팰릿,,,,9000,,,,trade
광주각화,광주중앙청과,20250807,오이,백다다기(오이),21 kg 팰릿,,,,18000,,,,trade
광주각화,광주중앙청과,20250807,오이,백다다기(오이),21 kg 팰릿,,,,14000,,,,trade
광주각화,광주중앙청과,20250807,오이,백다다기(오이),21 kg 팰릿,,,,27000,,,,trade
광주각화,광주중앙청과,20250807,오이,백다다기(오이),21 kg 팰릿,,,,32000,,,,trade
광주각화,광주중앙청과,20250807,오이,백다다기(오이),21 kg 팰릿,,,,20000,,,,trade
광주각화,광주중앙청과,20250807,오이,백다다기(오이),21 kg 팰릿,,,,39000,,,,trade
광주각화,광주중앙청과,20250807,오이,백다다기(오이),8kg,,,,,1000,1000,1000,grade_agg
광주각화,광주중앙청과,20250807,오이,백다다기(오이),10kg,,,,,1000,28000,13077,grade_agg
광주각화,광주중앙청과,20250807,오이,백다다기(오이),18kg,,,,,5000,14000,9656,grade_agg
광주각화,광주중앙청과,20250807,오이,백다다기(오이),21kg,,,,,500,60000,30095,grade_agg
광주각화,광주중앙청과,20250812,오이,백다다기(오이),10 kg 박스,,,,14000,,,,trade
광주각화,광주중앙청과,20250812,오이,백다다기(오이),10 kg 박스,,,,28000,,,,trade
광주각화,광주중앙청과,20250812,오이,백다다기(오이),10 kg 박스,,,,16000,,,,trade
광주각화,광주중앙청과,20250812,오이,백다다기(오이),10 kg 박스,,,,18000,,,,trade
광주각화,광주중앙청과,20250812,오이,백다다기(오이),10 kg 박스,,,,20000,,,,trade
광주각화,광주중앙청과,20250812,오이,백다다기(오이),10 kg 박스,,,,20000,,,,trade
광주각화,광주중앙청과,20250812,오이,백다다기(오이),10 kg 박스,,,,33500,,,,trade
광주각화,광주중앙청과,20250812,오이,백다다기(오이),10 kg 박스,,,,21000,,,,trade
광주각화,광주중앙청과,20250812,오이,백다다기(오이),10 kg 박스,,,,31000,,,,trade
광주각화,광주중앙청과,20250812,오이,백다다기(오이),10 kg 박스,,,,19000,,,,trade
광주각화,광주중앙청과,20250812,오이,백다다기(오이),10 kg 박스,,,,10500,,,,trade
광주각화,광주중앙청과,20250812,오이,백다다기(오이),10 kg 박스,,,,33000,,,,trade
광주각화,광주중앙청과,20250812,오이,백다다기(오이),10 kg 박스,,,,21000,,,,trade
광주각화,광주중앙청과,20250812,오이,백다다기(오이),10 kg 박스,,,,21500,,,,trade
광주각화,광주중앙청과,20250812,오이,백다다기(오이),10 kg 박스,,,,12000,,,,trade
광주각화,광주중앙청과,20250812,오이,백다다기(오이),10 kg 박스,,,,15000,,,,trade
광주각화,광주중앙청과,20250812,오이,백다다기(오이),10 kg 박스,,,,20000,,,,trade
광주각화,광주중앙청과,20250812,오이,백다다기(오이),10 kg 박스,,,,20000,,,,trade
광주각화,광주중앙청과,20250812,오이,백다다기(오이),10 kg 박스,,,,9000,,,,trade
광주각화,광주중앙청과,20250812,오이,백다다기(오이),10 kg 박스,,,,15500,,,,trade
광주각화,광주중앙청과,20250812,오이,백다다기(오이),10 kg 박스,,,,22000,,,,trade
광주각화,광주중앙청과,20250812,오이,백다다기(오이),10 kg 박스,,,,30000,,,,trade
광주각화,광주중앙청과,20250812,오이,백다다기(오이),10 kg 박스,,,,21500,,,,trade
광주각화,광주중앙청과,20250812,오이,백다다기(오이),10 kg 박스,,,,21000,,,,trade
광주각화,광주중앙청과,20250812,오이,백다다기(오이),10 kg 박스,,,,12000,,,,trade
광주각화,광주중앙청과,20250812,오이,백다다기(오이),10 kg 박스,,,,20000,,,,trade
광주각화,광주중앙청과,20250812,오이,백다다기(오이),10 kg 박스,,,,21500,,,,trade
광주각화,광주중앙청과,20250812,오이,백다다기(오이),10 kg 박스,,,,28000,,,,trade
광주각화,광주중앙청과,20250812,오이,백다다기(오이),10 kg 박스,,,,31000,,,,trade
광주각화,광주중앙청과,20250812,오이,백다다기(오이),10 kg 박스,,,,24000,,,,trade
광주각화,광주중앙청과,20250812,오이,백다다기(오이),10 kg 박스,,,,20000,,,,trade
광주각화,광주중앙청과,20250812,오이,백다다기(오이),10 kg 박스,,,,40000,,,,trade
광주각화,광주중앙청과,20250812,오이,백다다기(오이),10 kg 박스,,,,20000,,,,trade
광주각화,광주중앙청과,20250812,오이,백다다기(오이),10 kg 박스,,,,34000,,,,trade
광주각화,광주중앙청과,20250812,오이,백다다기(오이),10 kg 박스,,,,22000,,,,trade
광주각화,광주중앙청과,20250812,오이,백다다기(오이),10 kg 박스,,,,38000,,,,trade
광주각화,광주중앙청과,20250812,오이,백다다기(오이),10 kg 박스,,,,35000,,,,trade
광주각화,광주중앙청과,20250812,오이,백다다기(오이),10 kg 박스,,,,14000,,,,trade
광주각화,광주중앙청과,20250812,오이,백다다기(오이),10 kg 팰릿,,,,34000,,,,trade
광주각화,광주중앙청과,20250812,오이,백다다기(오이),10 kg 팰릿,,,,27000,,,,trade
광주각화,광주중앙청과,20250812,오이,백다다기(오이),18 kg 박스,,,,28000,,,,trade
광주각화,광주중앙청과,20250812,오이,백다다기(오이),18 kg 박스,,,,28000,,,,trade
광주각화,광주중앙청과,20250812,오이,백다다기(오이),18 kg 박스,,,,21000,,,,trade
광주각화,광주중앙청과,20250812,오이,백다다기(오이),18 kg 박스,,,,27000,,,,trade
광주각화,광주중앙청과,20250812,오이,백다다기(오이),18 kg 박스,,,,29000,,,,trade
광주각화,광주중앙청과,20250812,오이,백다다기(오이),18 kg 박스,,,,14000,,,,trade
광주각화,광주중앙청과,20250812,오이,백다다기(오이),18 kg 박스,,,,18000,,,,trade
광주각화,광주중앙청과,20250812,오이,백다다기(오이),21 kg 박스,,,,25000,,,,trade
광주각화,광주중앙청과,20250812,오이,백다다기(오이),21 kg 박스,,,,34000,,,,trade
광주각화,광주중앙청과,20250812,오이,백다다기(오이),21 kg 박스,,,,48000,,,,trade
광주각화,광주중앙청과,20250812,오이,백다다기(오이),21 kg 박스,,,,33000,,,,trade
광주각화,광주중앙청과,20250812,오이,백다다기(오이),21 kg 박스,,,,32000,,,,trade
광주각화,광주중앙청과,20250812,오이,백다다기(오이),21 kg 박스,,,,48000,,,,trade
광주각화,광주중앙청과,20250812,오이,백다다기(오이),21 kg 박스,,,,33000,,,,trade
광주각화,광주중앙청과,20250812,오이,백다다기(오이),21 kg 박스,,,,21000,,,,trade
광주각화,광주중앙청과,20250812,오이,백다다기(오이),21 kg 박스,,,,33000,,,,trade
광주각화,광주중앙청과,20250812,오이,백다다기(오이),21 kg 박스,,,,27000,,,,trade
광주각화,광주중앙청과,20250812,오이,백다다기(오이),21 kg 박스,,,,36000,,,,trade
광주각화,광주중앙청과,20250812,오이,백다다기(오이),21 kg 박스,,,,30000,,,,trade
광주각화,광주중앙청과,20250812,오이,백다다기(오이),21 kg 박스,,,,39000,,,,trade
광주각화,광주중앙청과,20250812,오이,백다다기(오이),21 kg 박스,,,,29000,,,,trade
광주각화,광주중앙청과,20250812,오이,백다다기(오이),21 kg 박스,,,,41000,,,,trade
광주각화,광주중앙청과,20250812,오이,백다다기(오이),21 kg 박스,,,,38000,,,,trade
광주각화,광주중앙청과,20250812,오이,백다다기(오이),21 kg 박스,,,,43000,,,,trade
광주각화,광주중앙청과,20250812,오이,백다다기(오이),21 kg 박스,,,,36000,,,,trade
광주각화,광주중앙청과,20250812,오이,백다다기(오이),21 kg 박스,,,,32000,,,,trade
광주각화,광주중앙청과,20250812,오이,백다다기(오이),21 kg 박스,,,,28000,,,,trade
광주각화,광주중앙청과,20250812,오이,백다다기(오이),21 kg 박스,,,,20000,,,,trade
광주각화,광주중앙청과,20250812,오이,백다다기(오이),21 kg 박스,,,,29000,,,,trade
광주각화,광주중앙청과,20250812,오이,백다다기(오이),21 kg 박스,,,,33000,,,,trade
광주각화,광주중앙청과,20250812,오이,백다다기(오이),21 kg 박스,,,,38000,,,,trade
광주각화,광주중앙청과,20250812,오이,백다다기(오이),21 kg 박스,,,,41000,,,,trade
광주각화,광주중앙청과,20250812,오이,백다다기(오이),21 kg 박스,,,,33000,,,,trade
광주각화,광주중앙청과,20250812,오이,백다다기(오이),21 kg 박스,,,,44000,,,,trade
광주각화,광주중앙청과,20250812,오이,백다다기(오이),21 kg 박스,,,,46000,,,,trade
광주각화,광주중앙청과,20250812,오이,백다다기(오이),21 kg 박스,,,,52000,,,,trade
광주각화,광주중앙청과,20250812,오이,백다다기(오이),21 kg 박스,,,,26000,,,,trade
광주각화,광주중앙청과,20250812,오이,백다다기(오이),21 kg 박스,,,,29000,,,,trade
광주각화,광주중앙청과,20250812,오이,백다다기(오이),21 kg 박스,,,,30000,,,,trade
광주각화,광주중앙청과,20250812,오이,백다다기(오이),21 kg 박스,,,,47000,,,,trade
광주각화,광주중앙청과,20250812,오이,백다다기(오이),21 kg 박스,,,,38000,,,,trade
광주각화,광주중앙청과,20250812,오이,백다다기(오이),21 kg 박스,,,,31000,,,,trade
광주각화,광주중앙청과,20250812,오이,백다다기(오이),21 kg 박스,,,,42000,,,,trade
광주각화,광주중앙청과,20250812,오이,백다다기(오이),21 kg 박스,,,,45000,,,,trade
광주각화,광주중앙청과,20250812,오이,백다다기(오이),21 kg 박스,,,,53000,,,,trade
광주각화,광주중앙청과,20250812,오이,백다다기(오이),21 kg 박스,,,,50000,,,,trade
광주각화,광주중앙청과,20250812,오이,백다다기(오이),21 kg 박스,,,,48000,,,,trade
광주각화,광주중앙청과,20250812,오이,백다다기(오이),21 kg 박스,,,,68000,,,,trade
광주각화,광주중앙청과,20250812,오이,백다다기(오이),21 kg 박스,,,,70000,,,,trade
광주각화,광주중앙청과,20250812,오이,백다다기(오이),21 kg 박스,,,,75000,,,,trade
광주각화,광주중앙청과,20250812,오이,백다다기(오이),21 kg 박스,,,,68000,,,,trade
광주각화,광주중앙청과,20250812,오이,백다다기(오이),21 kg 박스,,,,75000,,,,trade
광주각화,광주중앙청과,20250812,오이,백다다기(오이),21 kg 박스,,,,66000,,,,trade
광주각화,광주중앙청과,20250812,오이,백다다기(오이),21 kg 박스,,,,72000,,,,trade
광주각화,광주중앙청과,20250812,오이,백다다기(오이),21 kg 박스,,,,83000,,,,trade
광주각화,광주중앙청과,20250812,오이,백다다기(오이),21 kg 박스,,,,68000,,,,trade
광주각화,광주중앙청과,20250812,오이,백다다기(오이),21 kg 박스,,,,68000,,,,trade
광주각화,광주중앙청과,20250812,오이,백다다기(오이),21 kg 박스,,,,70000,,,,trade
광주각화,광주중앙청과,20250812,오이,백다다기(오이),21 kg 박스,,,,48000,,,,trade
광주각화,광주중앙청과,20250812,오이,백다다기(오이),21 kg 박스,,,,75000,,,,trade
광주각화,광주중앙청과,20250812,오이,백다다기(오이),21 kg 박스,,,,74000,,,,trade
광주각화,광주중앙청과,20250812,오이,백다다기(오이),21 kg 박스,,,,72000,,,,trade
광주각화,광주중앙청과,20250812,오이,백다다기(오이),21 kg 박스,,,,78000,,,,trade
광주각화,광주중앙청과,20250812,오이,백다다기(오이),21 kg 박스,,,,69000,,,,trade
광주각화,광주중앙청과,20250812,오이,백다다기(오이),21 kg 박스,,,,83000,,,,trade
광주각화,광주중앙청과,20250812,오이,백다다기(오이),21 kg 박스,,,,75000,,,,trade
광주각화,광주중앙청과,20250812,오이,백다다기(오이),21 kg 박스,,,,75000,,,,trade
광주각화,광주중앙청과,20250812,오이,백다다기(오이),21 kg 박스,,,,75000,,,,trade
광주각화,광주중앙청과,20250812,오이,백다다기(오이),21 kg 박스,,,,88000,,,,trade
광주각화,광주중앙청과,20250812,오이,백다다기(오이),21 kg 박스,,,,70000,,,,trade
광주각화,광주중앙청과,20250812,오이,백다다기(오이),21 kg 박스,,,,83000,,,,trade
광주각화,광주중앙청과,20250812,오이,백다다기(오이),21 kg 박스,,,,74000,,,,trade
광주각화,광주중앙청과,20250812,오이,백다다기(오이),21 kg 박스,,,,73000,,,,trade
광주각화,광주중앙청과,20250812,오이,백다다기(오이),21 kg 박스,,,,77000,,,,trade
광주각화,광주중앙청과,20250812,오이,백다다기(오이),21 kg 박스,,,,74000,,,,trade
광주각화,광주중앙청과,20250812,오이,백다다기(오이),21 kg 박스,,,,43000,,,,trade
광주각화,광주중앙청과,20250812,오이,백다다기(오이),21 kg 박스,,,,32000,,,,trade
광주각화,광주중앙청과,20250812,오이,백다다기(오이),21 kg 박스,,,,30000,,,,trade
광주각화,광주중앙청과,20250812,오이,백다다기(오이),21 kg 박스,,,,46000,,,,trade
광주각화,광주중앙청과,20250812,오이,백다다기(오이),21 kg 박스,,,,33000,,,,trade
광주각화,광주중앙청과,20250812,오이,백다다기(오이),21 kg 박스,,,,31000,,,,trade
광주각화,광주중앙청과,20250812,오이,백다다기(오이),21 kg 박스,,,,55000,,,,trade
광주각화,광주중앙청과,20250812,오이,백다다기(오이),21 kg 박스,,,,56000,,,,trade
광주각화,광주중앙청과,20250812,오이,백다다기(오이),21 kg 박스,,,,38000,,,,trade
광주각화,광주중앙청과,20250812,오이,백다다기(오이),21 kg 박스,,,,25000,,,,trade
광주각화,광주중앙청과,20250812,오이,백다다기(오이),21 kg 박스,,,,58000,,,,trade
광주각화,광주중앙청과,20250812,오이,백다다기(오이),21 kg 팰릿,,,,34000,,,,trade
광주각화,광주중앙청과,20250812,오이,백다다기(오이),21 kg 팰릿,,,,29000,,,,trade
광주각화,광주중앙청과,20250812,오이,백다다기(오이),21 kg 팰릿,,,,31000,,,,trade
광주각화,광주중앙청과,20250812,오이,백다다기(오이),21 kg 팰릿,,,,28000,,,,trade
광주각화,광주중앙청과,20250812,오이,백다다기(오이),21 kg 팰릿,,,,48000,,,,trade
광주각화,광주중앙청과,20250812,오이,백다다기(오이),21 kg 팰릿,,,,42000,,,,trade
광주각화,광주중앙청과,20250812,오이,백다다기(오이),21 kg 팰릿,,,,55000,,,,trade
광주각화,광주중앙청과,20250812,오이,백다다기(오이),21 kg 팰릿,,,,50000,,,,trade
광주각화,광주중앙청과,20250812,오이,백다다기(오이),21 kg 팰릿,,,,46000,,,,trade
광주각화,광주중앙청과,20250812,오이,백다다기(오이),10kg,,,,,9000,40000,26648,grade_agg
광주각화,광주중앙청과,20250812,오이,백다다기(오이),18kg,,,,,14000,29000,24217,grade_agg
광주각화,광주중앙청과,20250812,오이,백다다기(오이),21kg,,,,,20000,88000,53421,grade_agg
광주각화,광주중앙청과,20250814,오이,백다다기(오이),10 kg 박스,,,,21000,,,,trade
광주각화,광주중앙청과,20250814,오이,백다다기(오이),10 kg 박스,,,,34000,,,,trade
광주각화,광주중앙청과,20250814,오이,백다다기(오이),10 kg 박스,,,,32500,,,,trade
광주각화,광주중앙청과,20250814,오이,백다다기(오이),10 kg 박스,,,,35000,,,,trade
광주각화,광주중앙청과,20250814,오이,백다다기(오이),10 kg 박스,,,,24000,,,,trade
광주각화,광주중앙청과,20250814,오이,백다다기(오이),10 kg 박스,,,,46000,,,,trade
광주각화,광주중앙청과,20250814,오이,백다다기(오이),10 kg 박스,,,,42000,,,,trade
광주각화,광주중앙청과,20250814,오이,백다다기(오이),10 kg 박스,,,,38000,,,,trade
광주각화,광주중앙청과,20250814,오이,백다다기(오이),10 kg 박스,,,,31000,,,,trade
광주각화,광주중앙청과,20250814,오이,백다다기(오이),10 kg 박스,,,,20000,,,,trade
광주각화,광주중앙청과,20250814,오이,백다다기(오이),10 kg 박스,,,,27000,,,,trade
광주각화,광주중앙청과,20250814,오이,백다다기(오이),10 kg 박스,,,,15000,,,,trade
광주각화,광주중앙청과,20250814,오이,백다다기(오이),10 kg 박스,,,,26000,,,,trade
광주각화,광주중앙청과,20250814,오이,백다다기(오이),10 kg 박스,,,,31000,,,,trade
광주각화,광주중앙청과,20250814,오이,백다다기(오이),10 kg 박스,,,,30000,,,,trade
광주각화,광주중앙청과,20250814,오이,백다다기(오이),10 kg 박스,,,,22000,,,,trade
광주각화,광주중앙청과,20250814,오이,백다다기(오이),10 kg 박스,,,,36500,,,,trade
광주각화,광주중앙청과,20250814,오이,백다다기(오이),10 kg 박스,,,,35000,,,,trade
광주각화,광주중앙청과,20250814,오이,백다다기(오이),10 kg 박스,,,,34000,,,,trade
광주각화,광주중앙청과,20250814,오이,백다다기(오이),10 kg 박스,,,,26000,,,,trade
광주각화,광주중앙청과,20250814,오이,백다다기(오이),10 kg 박스,,,,48500,,,,trade
광주각화,광주중앙청과,20250814,오이,백다다기(오이),10 kg 박스,,,,24000,,,,trade
광주각화,광주중앙청과,20250814,오이,백다다기(오이),10 kg 박스,,,,38500,,,,trade
광주각화,광주중앙청과,20250814,오이,백다다기(오이),10 kg 박스,,,,28000,,,,trade
광주각화,광주중앙청과,20250814,오이,백다다기(오이),10 kg 박스,,,,35000,,,,trade
광주각화,광주중앙청과,20250814,오이,백다다기(오이),10 kg 박스,,,,32000,,,,trade
광주각화,광주중앙청과,20250814,오이,백다다기(오이),10 kg 박스,,,,42000,,,,trade
광주각화,광주중앙청과,20250814,오이,백다다기(오이),10 kg 박스,,,,29000,,,,trade
광주각화,광주중앙청과,20250814,오이,백다다기(오이),10 kg 박스,,,,50000,,,,trade
광주각화,광주중앙청과,20250814,오이,백다다기(오이),10 kg 박스,,,,24000,,,,trade
광주각화,광주중앙청과,20250814,오이,백다다기(오이),10 kg 박스,,,,31000,,,,trade
광주각화,광주중앙청과,20250814,오이,백다다기(오이),10 kg 박스,,,,42500,,,,trade
광주각화,광주중앙청과,20250814,오이,백다다기(오이),10 kg 박스,,,,50000,,,,trade
광주각화,광주중앙청과,20250814,오이,백다다기(오이),10 kg 박스,,,,27000,,,,trade
광주각화,광주중앙청과,20250814,오이,백다다기(오이),10 kg 박스,,,,38000,,,,trade
광주각화,광주중앙청과,20250814,오이,백다다기(오이),10 kg 팰릿,,,,46500,,,,trade
광주각화,광주중앙청과,20250814,오이,백다다기(오이),18 kg 박스,,,,25000,,,,trade
광주각화,광주중앙청과,20250814,오이,백다다기(오이),18 kg 박스,,,,23000,,,,trade
광주각화,광주중앙청과,20250814,오이,백다다기(오이),18 kg 박스,,,,32000,,,,trade
광주각화,광주중앙청과,20250814,오이,백다다기(오이),18 kg 박스,,,,36000,,,,trade
광주각화,광주중앙청과,20250814,오이,백다다기(오이),18 kg 박스,,,,37000,,,,trade
광주각화,광주중앙청과,20250814,오이,백다다기(오이),21 kg 박스,,,,12000,,,,trade
광주각화,광주중앙청과,20250814,오이,백다다기(오이),21 kg 박스,,,,35000,,,,trade
광주각화,광주중앙청과,20250814,오이,백다다기(오이),21 kg 박스,,,,47000,,,,trade
광주각화,광주중앙청과,20250814,오이,백다다기(오이),21 kg 박스,,,,33000,,,,trade
광주각화,광주중앙청과,20250814,오이,백다다기(오이),21 kg 박스,,,,73000,,,,trade
광주각화,광주중앙청과,20250814,오이,백다다기(오이),21 kg 박스,,,,43000,,,,trade
광주각화,광주중앙청과,20250814,오이,백다다기(오이),21 kg 박스,,,,63000,,,,trade
광주각화,광주중앙청과,20250814,오이,백다다기(오이),21 kg 박스,,,,44000,,,,trade
광주각화,광주중앙청과,20250814,오이,백다다기(오이),21 kg 박스,,,,58000,,,,trade
광주각화,광주중앙청과,20250814,오이,백다다기(오이),21 kg 박스,,,,18000,,,,trade
광주각화,광주중앙청과,20250814,오이,백다다기(오이),21 kg 박스,,,,35000,,,,trade
광주각화,광주중앙청과,20250814,오이,백다다기(오이),21 kg 박스,,,,35000,,,,trade
광주각화,광주중앙청과,20250814,오이,백다다기(오이),21 kg 박스,,,,51000,,,,trade
광주각화,광주중앙청과,20250814,오이,백다다기(오이),21 kg 박스,,,,66000,,,,trade
광주각화,광주중앙청과,20250814,오이,백다다기(오이),21 kg 박스,,,,48000,,,,trade
광주각화,광주중앙청과,20250814,오이,백다다기(오이),21 kg 박스,,,,58000,,,,trade
광주각화,광주중앙청과,20250814,오이,백다다기(오이),21 kg 박스,,,,53000,,,,trade
광주각화,광주중앙청과,20250814,오이,백다다기(오이),21 kg 박스,,,,50000,,,,trade
광주각화,광주중앙청과,20250814,오이,백다다기(오이),21 kg 박스,,,,60000,,,,trade
광주각화,광주중앙청과,20250814,오이,백다다기(오이),21 kg 박스,,,,60000,,,,trade
광주각화,광주중앙청과,20250814,오이,백다다기(오이),21 kg 박스,,,,58000,,,,trade
광주각화,광주중앙청과,20250814,오이,백다다기(오이),21 kg 박스,,,,57000,,,,trade
광주각화,광주중앙청과,20250814,오이,백다다기(오이),21 kg 박스,,,,43000,,,,trade
광주각화,광주중앙청과,20250814,오이,백다다기(오이),21 kg 박스,,,,58000,,,,trade
광주각화,광주중앙청과,20250814,오이,백다다기(오이),21 kg 박스,,,,42000,,,,trade
광주각화,광주중앙청과,20250814,오이,백다다기(오이),21 kg 박스,,,,38000,,,,trade
광주각화,광주중앙청과,20250814,오이,백다다기(오이),21 kg 박스,,,,55000,,,,trade
광주각화,광주중앙청과,20250814,오이,백다다기(오이),21 kg 박스,,,,33000,,,,trade
광주각화,광주중앙청과,20250814,오이,백다다기(오이),21 kg 박스,,,,60000,,,,trade
광주각화,광주중앙청과,20250814,오이,백다다기(오이),21 kg 박스,,,,56000,,,,trade
광주각화,광주중앙청과,20250814,오이,백다다기(오이),21 kg 박스,,,,50000,,,,trade
광주각화,광주중앙청과,20250814,오이,백다다기(오이),21 kg 박스,,,,58000,,,,trade
광주각화,광주중앙청과,20250814,오이,백다다기(오이),21 kg 박스,,,,52000,,,,trade
광주각화,광주중앙청과,20250814,오이,백다다기(오이),21 kg 박스,,,,60000,,,,trade
광주각화,광주중앙청과,20250814,오이,백다다기(오이),21 kg 박스,,,,60000,,,,trade
광주각화,광주중앙청과,20250814,오이,백다다기(오이),21 kg 박스,,,,65000,,,,trade
광주각화,광주중앙청과,20250814,오이,백다다기(오이),21 kg 박스,,,,76000,,,,trade
광주각화,광주중앙청과,20250814,오이,백다다기(오이),21 kg 박스,,,,88000,,,,trade
광주각화,광주중앙청과,20250814,오이,백다다기(오이),21 kg 박스,,,,76000,,,,trade
광주각화,광주중앙청과,20250814,오이,백다다기(오이),21 kg 박스,,,,88000,,,,trade
광주각화,광주중앙청과,20250814,오이,백다다기(오이),21 kg 박스,,,,84000,,,,trade
광주각화,광주중앙청과,20250814,오이,백다다기(오이),21 kg 박스,,,,100000,,,,trade
광주각화,광주중앙청과,20250814,오이,백다다기(오이),21 kg 박스,,,,82000,,,,trade
광주각화,광주중앙청과,20250814,오이,백다다기(오이),21 kg 박스,,,,78000,,,,trade
광주각화,광주중앙청과,20250814,오이,백다다기(오이),21 kg 박스,,,,85000,,,,trade
광주각화,광주중앙청과,20250814,오이,백다다기(오이),21 kg 박스,,,,88000,,,,trade
광주각화,광주중앙청과,20250814,오이,백다다기(오이),21 kg 박스,,,,96000,,,,trade
광주각화,광주중앙청과,20250814,오이,백다다기(오이),21 kg 박스,,,,88000,,,,trade
광주각화,광주중앙청과,20250814,오이,백다다기(오이),21 kg 박스,,,,87000,,,,trade
광주각화,광주중앙청과,20250814,오이,백다다기(오이),21 kg 박스,,,,84000,,,,trade
광주각화,광주중앙청과,20250814,오이,백다다기(오이),21 kg 박스,,,,76000,,,,trade
광주각화,광주중앙청과,20250814,오이,백다다기(오이),21 kg 박스,,,,93000,,,,trade
광주각화,광주중앙청과,20250814,오이,백다다기(오이),21 kg 박스,,,,90000,,,,trade
광주각화,광주중앙청과,20250814,오이,백다다기(오이),21 kg 박스,,,,90000,,,,trade
광주각화,광주중앙청과,20250814,오이,백다다기(오이),21 kg 박스,,,,86000,,,,trade
광주각화,광주중앙청과,20250814,오이,백다다기(오이),21 kg 박스,,,,85000,,,,trade
광주각화,광주중앙청과,20250814,오이,백다다기(오이),21 kg 박스,,,,88000,,,,trade
광주각화,광주중앙청과,20250814,오이,백다다기(오이),21 kg 박스,,,,86000,,,,trade
광주각화,광주중앙청과,20250814,오이,백다다기(오이),21 kg 박스,,,,90000,,,,trade
광주각화,광주중앙청과,20250814,오이,백다다기(오이),21 kg 박스,,,,86000,,,,trade
광주각화,광주중앙청과,20250814,오이,백다다기(오이),21 kg 박스,,,,78000,,,,trade
광주각화,광주중앙청과,20250814,오이,백다다기(오이),21 kg 박스,,,,55000,,,,trade
광주각화,광주중앙청과,20250814,오이,백다다기(오이),21 kg 박스,,,,52000,,,,trade
광주각화,광주중앙청과,20250814,오이,백다다기(오이),21 kg 박스,,,,51000,,,,trade
광주각화,광주중앙청과,20250814,오이,백다다기(오이),21 kg 박스,,,,45000,,,,trade
광주각화,광주중앙청과,20250814,오이,백다다기(오이),21 kg 박스,,,,80000,,,,trade
광주각화,광주중앙청과,20250814,오이,백다다기(오이),21 kg 박스,,,,47000,,,,trade
광주각화,광주중앙청과,20250814,오이,백다다기(오이),21 kg 박스,,,,65000,,,,trade
광주각화,광주중앙청과,20250814,오이,백다다기(오이),21 kg 박스,,,,43000,,,,trade
광주각화,광주중앙청과,20250814,오이,백다다기(오이),21 kg 박스,,,,78000,,,,trade
광주각화,광주중앙청과,20250814,오이,백다다기(오이),21 kg 박스,,,,82000,,,,trade
광주각화,광주중앙청과,20250814,오이,백다다기(오이),21 kg 팰릿,,,,48000,,,,trade
광주각화,광주중앙청과,20250814,오이,백다다기(오이),21 kg 팰릿,,,,47000,,,,trade
광주각화,광주중앙청과,20250814,오이,백다다기(오이),21 kg 팰릿,,,,70000,,,,trade
광주각화,광주중앙청과,20250814,오이,백다다기(오이),21 kg 팰릿,,,,72000,,,,trade
광주각화,광주중앙청과,20250814,오이,백다다기(오이),21 kg 팰릿,,,,62000,,,,trade
광주각화,광주중앙청과,20250814,오이,백다다기(오이),10kg,,,,,15000,50000,37891,grade_agg
광주각화,광주중앙청과,20250814,오이,백다다기(오이),18kg,,,,,23000,37000,30514,grade_agg
광주각화,광주중앙청과,20250814,오이,백다다기(오이),21kg,,,,,12000,100000,71925,grade_agg
광주각화,광주중앙청과,20250819,오이,백다다기(오이),10 kg 박스,,,,10000,,,,trade
광주각화,광주중앙청과,20250819,오이,백다다기(오이),10 kg 박스,,,,21000,,,,trade
광주각화,광주중앙청과,20250819,오이,백다다기(오이),10 kg 박스,,,,8000,,,,trade
광주각화,광주중앙청과,20250819,오이,백다다기(오이),10 kg 박스,,,,10000,,,,trade
광주각화,광주중앙청과,20250819,오이,백다다기(오이),10 kg 박스,,,,11000,,,,trade
광주각화,광주중앙청과,20250819,오이,백다다기(오이),10 kg 박스,,,,14000,,,,trade
광주각화,광주중앙청과,20250819,오이,백다다기(오이),10 kg 박스,,,,15000,,,,trade
광주각화,광주중앙청과,20250819,오이,백다다기(오이),10 kg 박스,,,,22500,,,,trade
광주각화,광주중앙청과,20250819,오이,백다다기(오이),10 kg 박스,,,,14000,,,,trade
광주각화,광주중앙청과,20250819,오이,백다다기(오이),10 kg 박스,,,,20000,,,,trade
광주각화,광주중앙청과,20250819,오이,백다다기(오이),10 kg 박스,,,,13000,,,,trade
광주각화,광주중앙청과,20250819,오이,백다다기(오이),10 kg 박스,,,,20000,,,,trade
광주각화,광주중앙청과,20250819,오이,백다다기(오이),10 kg 박스,,,,14500,,,,trade
광주각화,광주중앙청과,20250819,오이,백다다기(오이),10 kg 박스,,,,12000,,,,trade
광주각화,광주중앙청과,20250819,오이,백다다기(오이),10 kg 박스,,,,29000,,,,trade
광주각화,광주중앙청과,20250819,오이,백다다기(오이),10 kg 박스,,,,12000,,,,trade
광주각화,광주중앙청과,20250819,오이,백다다기(오이),10 kg 박스,,,,32500,,,,trade
광주각화,광주중앙청과,20250819,오이,백다다기(오이),10 kg 박스,,,,22000,,,,trade
광주각화,광주중앙청과,20250819,오이,백다다기(오이),10 kg 박스,,,,15500,,,,trade
광주각화,광주중앙청과,20250819,오이,백다다기(오이),10 kg 박스,,,,25000,,,,trade
광주각화,광주중앙청과,20250819,오이,백다다기(오이),10 kg 박스,,,,15000,,,,trade
광주각화,광주중앙청과,20250819,오이,백다다기(오이),10 kg 박스,,,,14000,,,,trade
광주각화,광주중앙청과,20250819,오이,백다다기(오이),10 kg 박스,,,,13500,,,,trade
광주각화,광주중앙청과,20250819,오이,백다다기(오이),10 kg 박스,,,,15000,,,,trade
광주각화,광주중앙청과,20250819,오이,백다다기(오이),10 kg 박스,,,,15500,,,,trade
광주각화,광주중앙청과,20250819,오이,백다다기(오이),10 kg 박스,,,,6000,,,,trade
광주각화,광주중앙청과,20250819,오이,백다다기(오이),10 kg 박스,,,,15000,,,,trade
광주각화,광주중앙청과,20250819,오이,백다다기(오이),10 kg 박스,,,,11000,,,,trade
광주각화,광주중앙청과,20250819,오이,백다다기(오이),10 kg 박스,,,,13000,,,,trade
광주각화,광주중앙청과,20250819,오이,백다다기(오이),10 kg 박스,,,,14000,,,,trade
광주각화,광주중앙청과,20250819,오이,백다다기(오이),10 kg 박스,,,,18000,,,,trade
광주각화,광주중앙청과,20250819,오이,백다다기(오이),10 kg 박스,,,,13000,,,,trade
광주각화,광주중앙청과,20250819,오이,백다다기(오이),10 kg 박스,,,,12000,,,,trade
광주각화,광주중앙청과,20250819,오이,백다다기(오이),10 kg 박스,,,,21500,,,,trade
광주각화,광주중앙청과,20250819,오이,백다다기(오이),10 kg 박스,,,,7000,,,,trade
광주각화,광주중앙청과,20250819,오이,백다다기(오이),10 kg 박스,,,,13000,,,,trade
광주각화,광주중앙청과,20250819,오이,백다다기(오이),10 kg 박스,,,,12000,,,,trade
광주각화,광주중앙청과,20250819,오이,백다다기(오이),10 kg 박스,,,,18000,,,,trade
광주각화,광주중앙청과,20250819,오이,백다다기(오이),10 kg 박스,,,,16000,,,,trade
광주각화,광주중앙청과,20250819,오이,백다다기(오이),10 kg 박스,,,,33000,,,,trade
광주각화,광주중앙청과,20250819,오이,백다다기(오이),10 kg 박스,,,,16000,,,,trade
광주각화,광주중앙청과,20250819,오이,백다다기(오이),10 kg 박스,,,,31500,,,,trade
광주각화,광주중앙청과,20250819,오이,백다다기(오이),10 kg 박스,,,,11000,,,,trade
광주각화,광주중앙청과,20250819,오이,백다다기(오이),10 kg 팰릿,,,,25500,,,,trade
광주각화,광주중앙청과,20250819,오이,백다다기(오이),10 kg 팰릿,,,,25500,,,,trade
광주각화,광주중앙청과,20250819,오이,백다다기(오이),10 kg 팰릿,,,,24000,,,,trade
광주각화,광주중앙청과,20250819,오이,백다다기(오이),10 kg 팰릿,,,,34000,,,,trade
광주각화,광주중앙청과,20250819,오이,백다다기(오이),10 kg 팰릿,,,,32500,,,,trade
광주각화,광주중앙청과,20250819,오이,백다다기(오이),18 kg 박스,,,,10000,,,,trade
광주각화,광주중앙청과,20250819,오이,백다다기(오이),18 kg 박스,,,,14000,,,,trade
광주각화,광주중앙청과,20250819,오이,백다다기(오이),18 kg 박스,,,,11000,,,,trade
광주각화,광주중앙청과,20250819,오이,백다다기(오이),18 kg 박스,,,,13000,,,,trade
광주각화,광주중앙청과,20250819,오이,백다다기(오이),18 kg 박스,,,,21000,,,,trade
광주각화,광주중앙청과,20250819,오이,백다다기(오이),18 kg 박스,,,,13000,,,,trade
광주각화,광주중앙청과,20250819,오이,백다다기(오이),18 kg 팰릿,,,,15000,,,,trade
광주각화,광주중앙청과,20250819,오이,백다다기(오이),21 kg 박스,,,,1000,,,,trade
광주각화,광주중앙청과,20250819,오이,백다다기(오이),21 kg 박스,,,,10000,,,,trade
광주각화,광주중앙청과,20250819,오이,백다다기(오이),21 kg 박스,,,,8000,,,,trade
광주각화,광주중앙청과,20250819,오이,백다다기(오이),21 kg 박스,,,,28000,,,,trade
광주각화,광주중앙청과,20250819,오이,백다다기(오이),21 kg 박스,,,,25000,,,,trade
광주각화,광주중앙청과,20250819,오이,백다다기(오이),21 kg 박스,,,,21000,,,,trade
광주각화,광주중앙청과,20250819,오이,백다다기(오이),21 kg 박스,,,,30000,,,,trade
광주각화,광주중앙청과,20250819,오이,백다다기(오이),21 kg 박스,,,,25000,,,,trade
광주각화,광주중앙청과,20250819,오이,백다다기(오이),21 kg 박스,,,,26000,,,,trade
광주각화,광주중앙청과,20250819,오이,백다다기(오이),21 kg 박스,,,,26000,,,,trade
광주각화,광주중앙청과,20250819,오이,백다다기(오이),21 kg 박스,,,,23000,,,,trade
광주각화,광주중앙청과,20250819,오이,백다다기(오이),21 kg 박스,,,,33000,,,,trade
광주각화,광주중앙청과,20250819,오이,백다다기(오이),21 kg 박스,,,,23000,,,,trade
광주각화,광주중앙청과,20250819,오이,백다다기(오이),21 kg 박스,,,,26000,,,,trade
광주각화,광주중앙청과,20250819,오이,백다다기(오이),21 kg 박스,,,,24000,,,,trade
광주각화,광주중앙청과,20250819,오이,백다다기(오이),21 kg 박스,,,,25000,,,,trade
광주각화,광주중앙청과,20250819,오이,백다다기(오이),21 kg 박스,,,,18000,,,,trade
광주각화,광주중앙청과,20250819,오이,백다다기(오이),21 kg 박스,,,,24000,,,,trade
광주각화,광주중앙청과,20250819,오이,백다다기(오이),21 kg 박스,,,,38000,,,,trade
광주각화,광주중앙청과,20250819,오이,백다다기(오이),21 kg 박스,,,,30000,,,,trade
광주각화,광주중앙청과,20250819,오이,백다다기(오이),21 kg 박스,,,,30000,,,,trade
광주각화,광주중앙청과,20250819,오이,백다다기(오이),21 kg 박스,,,,33000,,,,trade
광주각화,광주중앙청과,20250819,오이,백다다기(오이),21 kg 박스,,,,25000,,,,trade
광주각화,광주중앙청과,20250819,오이,백다다기(오이),21 kg 박스,,,,24000,,,,trade
광주각화,광주중앙청과,20250819,오이,백다다기(오이),21 kg 박스,,,,23000,,,,trade
광주각화,광주중앙청과,20250819,오이,백다다기(오이),21 kg 박스,,,,19000,,,,trade
광주각화,광주중앙청과,20250819,오이,백다다기(오이),21 kg 박스,,,,22000,,,,trade
광주각화,광주중앙청과,20250819,오이,백다다기(오이),21 kg 박스,,,,13000,,,,trade
광주각화,광주중앙청과,20250819,오이,백다다기(오이),21 kg 박스,,,,28000,,,,trade
광주각화,광주중앙청과,20250819,오이,백다다기(오이),21 kg 박스,,,,36000,,,,trade
광주각화,광주중앙청과,20250819,오이,백다다기(오이),21 kg 박스,,,,36000,,,,trade
광주각화,광주중앙청과,20250819,오이,백다다기(오이),21 kg 박스,,,,53000,,,,trade
광주각화,광주중앙청과,20250819,오이,백다다기(오이),21 kg 박스,,,,20000,,,,trade
광주각화,광주중앙청과,20250819,오이,백다다기(오이),21 kg 박스,,,,34000,,,,trade
광주각화,광주중앙청과,20250819,오이,백다다기(오이),21 kg 박스,,,,22000,,,,trade
광주각화,광주중앙청과,20250819,오이,백다다기(오이),21 kg 박스,,,,28000,,,,trade
광주각화,광주중앙청과,20250819,오이,백다다기(오이),21 kg 박스,,,,26000,,,,trade
광주각화,광주중앙청과,20250819,오이,백다다기(오이),21 kg 박스,,,,28000,,,,trade
광주각화,광주중앙청과,20250819,오이,백다다기(오이),21 kg 박스,,,,8000,,,,trade
광주각화,광주중앙청과,20250819,오이,백다다기(오이),21 kg 박스,,,,22000,,,,trade
광주각화,광주중앙청과,20250819,오이,백다다기(오이),21 kg 박스,,,,40000,,,,trade
광주각화,광주중앙청과,20250819,오이,백다다기(오이),21 kg 박스,,,,38000,,,,trade
광주각화,광주중앙청과,20250819,오이,백다다기(오이),21 kg 박스,,,,41000,,,,trade
광주각화,광주중앙청과,20250819,오이,백다다기(오이),21 kg 박스,,,,52000,,,,trade
광주각화,광주중앙청과,20250819,오이,백다다기(오이),21 kg 박스,,,,46000,,,,trade
광주각화,광주중앙청과,20250819,오이,백다다기(오이),21 kg 박스,,,,50000,,,,trade
광주각화,광주중앙청과,20250819,오이,백다다기(오이),21 kg 박스,,,,46000,,,,trade
광주각화,광주중앙청과,20250819,오이,백다다기(오이),21 kg 박스,,,,45000,,,,trade
광주각화,광주중앙청과,20250819,오이,백다다기(오이),21 kg 박스,,,,56000,,,,trade
광주각화,광주중앙청과,20250819,오이,백다다기(오이),21 kg 박스,,,,50000,,,,trade
광주각화,광주중앙청과,20250819,오이,백다다기(오이),21 kg 박스,,,,50000,,,,trade
광주각화,광주중앙청과,20250819,오이,백다다기(오이),21 kg 박스,,,,40000,,,,trade
광주각화,광주중앙청과,20250819,오이,백다다기(오이),21 kg 박스,,,,43000,,,,trade
광주각화,광주중앙청과,20250819,오이,백다다기(오이),21 kg 박스,,,,50000,,,,trade
광주각화,광주중앙청과,20250819,오이,백다다기(오이),21 kg 박스,,,,50000,,,,trade
광주각화,광주중앙청과,20250819,오이,백다다기(오이),21 kg 박스,,,,49000,,,,trade
광주각화,광주중앙청과,20250819,오이,백다다기(오이),21 kg 박스,,,,55000,,,,trade
광주각화,광주중앙청과,20250819,오이,백다다기(오이),21 kg 박스,,,,54000,,,,trade
광주각화,광주중앙청과,20250819,오이,백다다기(오이),21 kg 박스,,,,52000,,,,trade
광주각화,광주중앙청과,20250819,오이,백다다기(오이),21 kg 박스,,,,50000,,,,trade
광주각화,광주중앙청과,20250819,오이,백다다기(오이),21 kg 박스,,,,55000,,,,trade
광주각화,광주중앙청과,20250819,오이,백다다기(오이),21 kg 박스,,,,54000,,,,trade
광주각화,광주중앙청과,20250819,오이,백다다기(오이),21 kg 박스,,,,46000,,,,trade
광주각화,광주중앙청과,20250819,오이,백다다기(오이),21 kg 박스,,,,60000,,,,trade
광주각화,광주중앙청과,20250819,오이,백다다기(오이),21 kg 박스,,,,50000,,,,trade
광주각화,광주중앙청과,20250819,오이,백다다기(오이),21 kg 박스,,,,53000,,,,trade
광주각화,광주중앙청과,20250819,오이,백다다기(오이),21 kg 박스,,,,50000,,,,trade
광주각화,광주중앙청과,20250819,오이,백다다기(오이),21 kg 박스,,,,48000,,,,trade
광주각화,광주중앙청과,20250819,오이,백다다기(오이),21 kg 박스,,,,6000,,,,trade
광주각화,광주중앙청과,20250819,오이,백다다기(오이),21 kg 박스,,,,29000,,,,trade
광주각화,광주중앙청과,20250819,오이,백다다기(오이),21 kg 박스,,,,32000,,,,trade
광주각화,광주중앙청과,20250819,오이,백다다기(오이),21 kg 박스,,,,24000,,,,trade
광주각화,광주중앙청과,20250819,오이,백다다기(오이),21 kg 박스,,,,26000,,,,trade
광주각화,광주중앙청과,20250819,오이,백다다기(오이),21 kg 팰릿,,,,22000,,,,trade
광주각화,광주중앙청과,20250819,오이,백다다기(오이),21 kg 팰릿,,,,24000,,,,trade
광주각화,광주중앙청과,20250819,오이,백다다기(오이),21 kg 팰릿,,,,21000,,,,trade
광주각화,광주중앙청과,20250819,오이,백다다기(오이),21 kg 팰릿,,,,51000,,,,trade
광주각화,광주중앙청과,20250819,오이,백다다기(오이),21 kg 팰릿,,,,32000,,,,trade
광주각화,광주중앙청과,20250819,오이,백다다기(오이),21 kg 팰릿,,,,46000,,,,trade
광주각화,광주중앙청과,20250819,오이,백다다기(오이),21 kg 팰릿,,,,33000,,,,trade
광주각화,광주중앙청과,20250819,오이,백다다기(오이),10kg,,,,,6000,34000,21517,grade_agg
광주각화,광주중앙청과,20250819,오이,백다다기(오이),18kg,,,,,10000,21000,13505,grade_agg
광주각화,광주중앙청과,20250819,오이,백다다기(오이),21kg,,,,,1000,60000,39162,grade_agg
광주각화,광주중앙청과,20250821,오이,백다다기(오이),8 kg 비닐봉지,,,,16000,,,,trade
광주각화,광주중앙청과,20250821,오이,백다다기(오이),8 kg 비닐봉지,,,,8000,,,,trade
광주각화,광주중앙청과,20250821,오이,백다다기(오이),10 kg 박스,,,,25000,,,,trade
광주각화,광주중앙청과,20250821,오이,백다다기(오이),10 kg 박스,,,,23500,,,,trade
광주각화,광주중앙청과,20250821,오이,백다다기(오이),10 kg 박스,,,,40000,,,,trade
광주각화,광주중앙청과,20250821,오이,백다다기(오이),10 kg 박스,,,,15000,,,,trade
광주각화,광주중앙청과,20250821,오이,백다다기(오이),10 kg 박스,,,,23000,,,,trade
광주각화,광주중앙청과,20250821,오이,백다다기(오이),10 kg 박스,,,,22000,,,,trade
광주각화,광주중앙청과,20250821,오이,백다다기(오이),10 kg 박스,,,,25000,,,,trade
광주각화,광주중앙청과,20250821,오이,백다다기(오이),10 kg 박스,,,,22000,,,,trade
광주각화,광주중앙청과,20250821,오이,백다다기(오이),10 kg 박스,,,,30000,,,,trade
광주각화,광주중앙청과,20250821,오이,백다다기(오이),10 kg 박스,,,,23000,,,,trade
광주각화,광주중앙청과,20250821,오이,백다다기(오이),10 kg 박스,,,,23000,,,,trade
광주각화,광주중앙청과,20250821,오이,백다다기(오이),10 kg 박스,,,,18000,,,,trade
광주각화,광주중앙청과,20250821,오이,백다다기(오이),10 kg 박스,,,,35500,,,,trade
광주각화,광주중앙청과,20250821,오이,백다다기(오이),10 kg 박스,,,,33000,,,,trade
광주각화,광주중앙청과,20250821,오이,백다다기(오이),10 kg 박스,,,,16000,,,,trade
광주각화,광주중앙청과,20250821,오이,백다다기(오이),10 kg 박스,,,,15000,,,,trade
광주각화,광주중앙청과,20250821,오이,백다다기(오이),10 kg 박스,,,,24000,,,,trade
광주각화,광주중앙청과,20250821,오이,백다다기(오이),10 kg 박스,,,,32000,,,,trade
광주각화,광주중앙청과,20250821,오이,백다다기(오이),10 kg 박스,,,,32000,,,,trade
광주각화,광주중앙청과,20250821,오이,백다다기(오이),10 kg 박스,,,,18000,,,,trade
광주각화,광주중앙청과,20250821,오이,백다다기(오이),10 kg 박스,,,,36000,,,,trade
광주각화,광주중앙청과,20250821,오이,백다다기(오이),10 kg 박스,,,,24000,,,,trade
광주각화,광주중앙청과,20250821,오이,백다다기(오이),10 kg 박스,,,,27500,,,,trade
광주각화,광주중앙청과,20250821,오이,백다다기(오이),10 kg 박스,,,,24000,,,,trade
광주각화,광주중앙청과,20250821,오이,백다다기(오이),10 kg 박스,,,,27500,,,,trade
광주각화,광주중앙청과,20250821,오이,백다다기(오이),10 kg 박스,,,,19000,,,,trade
광주각화,광주중앙청과,20250821,오이,백다다기(오이),10 kg 박스,,,,33500,,,,trade
광주각화,광주중앙청과,20250821,오이,백다다기(오이),10 kg 박스,,,,23000,,,,trade
광주각화,광주중앙청과,20250821,오이,백다다기(오이),10 kg 박스,,,,35000,,,,trade
광주각화,광주중앙청과,20250821,오이,백다다기(오이),10 kg 박스,,,,38500,,,,trade
광주각화,광주중앙청과,20250821,오이,백다다기(오이),10 kg 박스,,,,13500,,,,trade
광주각화,광주중앙청과,20250821,오이,백다다기(오이),10 kg 박스,,,,25000,,,,trade
광주각화,광주중앙청과,20250821,오이,백다다기(오이),10 kg 박스,,,,28500,,,,trade
광주각화,광주중앙청과,20250821,오이,백다다기(오이),10 kg 박스,,,,26000,,,,trade
광주각화,광주중앙청과,20250821,오이,백다다기(오이),10 kg 박스,,,,36500,,,,trade
광주각화,광주중앙청과,20250821,오이,백다다기(오이),10 kg 박스,,,,15500,,,,trade
광주각화,광주중앙청과,20250821,오이,백다다기(오이),10 kg 박스,,,,18500,,,,trade
광주각화,광주중앙청과,20250821,오이,백다다기(오이),10 kg 박스,,,,24000,,,,trade
광주각화,광주중앙청과,20250821,오이,백다다기(오이),10 kg 박스,,,,35000,,,,trade
광주각화,광주중앙청과,20250821,오이,백다다기(오이),10 kg 박스,,,,28000,,,,trade
광주각화,광주중앙청과,20250821,오이,백다다기(오이),10 kg 박스,,,,38500,,,,trade
광주각화,광주중앙청과,20250821,오이,백다다기(오이),10 kg 팰릿,,,,27500,,,,trade
광주각화,광주중앙청과,20250821,오이,백다다기(오이),10 kg 팰릿,,,,32500,,,,trade
광주각화,광주중앙청과,20250821,오이,백다다기(오이),10 kg 팰릿,,,,34000,,,,trade
광주각화,광주중앙청과,20250821,오이,백다다기(오이),10 kg 팰릿,,,,42000,,,,trade
광주각화,광주중앙청과,20250821,오이,백다다기(오이),18 kg 박스,,,,19000,,,,trade
광주각화,광주중앙청과,20250821,오이,백다다기(오이),18 kg 박스,,,,33000,,,,trade
광주각화,광주중앙청과,20250821,오이,백다다기(오이),18 kg 박스,,,,15000,,,,trade
광주각화,광주중앙청과,20250821,오이,백다다기(오이),18 kg 박스,,,,23000,,,,trade
광주각화,광주중앙청과,20250821,오이,백다다기(오이),18 kg 박스,,,,58000,,,,trade
광주각화,광주중앙청과,20250821,오이,백다다기(오이),18 kg 박스,,,,16000,,,,trade
광주각화,광주중앙청과,20250821,오이,백다다기(오이),18 kg 박스,,,,23000,,,,trade
광주각화,광주중앙청과,20250821,오이,백다다기(오이),18 kg 팰릿,,,,16000,,,,trade
광주각화,광주중앙청과,20250821,오이,백다다기(오이),21 kg 박스,,,,42000,,,,trade
광주각화,광주중앙청과,20250821,오이,백다다기(오이),21 kg 박스,,,,30000,,,,trade
광주각화,광주중앙청과,20250821,오이,백다다기(오이),21 kg 박스,,,,42000,,,,trade
광주각화,광주중앙청과,20250821,오이,백다다기(오이),21 kg 박스,,,,53000,,,,trade
광주각화,광주중앙청과,20250821,오이,백다다기(오이),21 kg 박스,,,,48000,,,,trade
광주각화,광주중앙청과,20250821,오이,백다다기(오이),21 kg 박스,,,,20000,,,,trade
광주각화,광주중앙청과,20250821,오이,백다다기(오이),21 kg 박스,,,,24000,,,,trade
광주각화,광주중앙청과,20250821,오이,백다다기(오이),21 kg 박스,,,,48000,,,,trade
광주각화,광주중앙청과,20250821,오이,백다다기(오이),21 kg 박스,,,,30000,,,,trade
광주각화,광주중앙청과,20250821,오이,백다다기(오이),21 kg 박스,,,,40000,,,,trade
광주각화,광주중앙청과,20250821,오이,백다다기(오이),21 kg 박스,,,,44000,,,,trade
광주각화,광주중앙청과,20250821,오이,백다다기(오이),21 kg 박스,,,,64000,,,,trade
광주각화,광주중앙청과,20250821,오이,백다다기(오이),21 kg 박스,,,,46000,,,,trade
광주각화,광주중앙청과,20250821,오이,백다다기(오이),21 kg 박스,,,,36000,,,,trade
광주각화,광주중앙청과,20250821,오이,백다다기(오이),21 kg 박스,,,,43000,,,,trade
광주각화,광주중앙청과,20250821,오이,백다다기(오이),21 kg 박스,,,,39000,,,,trade
광주각화,광주중앙청과,20250821,오이,백다다기(오이),21 kg 박스,,,,35000,,,,trade
광주각화,광주중앙청과,20250821,오이,백다다기(오이),21 kg 박스,,,,35000,,,,trade
광주각화,광주중앙청과,20250821,오이,백다다기(오이),21 kg 박스,,,,42000,,,,trade
광주각화,광주중앙청과,20250821,오이,백다다기(오이),21 kg 박스,,,,30000,,,,trade
광주각화,광주중앙청과,20250821,오이,백다다기(오이),21 kg 박스,,,,30000,,,,trade
광주각화,광주중앙청과,20250821,오이,백다다기(오이),21 kg 박스,,,,30000,,,,trade
광주각화,광주중앙청과,20250821,오이,백다다기(오이),21 kg 박스,,,,38000,,,,trade
광주각화,광주중앙청과,20250821,오이,백다다기(오이),21 kg 박스,,,,46000,,,,trade
광주각화,광주중앙청과,20250821,오이,백다다기(오이),21 kg 박스,,,,40000,,,,trade
광주각화,광주중앙청과,20250821,오이,백다다기(오이),21 kg 박스,,,,21000,,,,trade
광주각화,광주중앙청과,20250821,오이,백다다기(오이),21 kg 박스,,,,38000,,,,trade
광주각화,광주중앙청과,20250821,오이,백다다기(오이),21 kg 박스,,,,35000,,,,trade
광주각화,광주중앙청과,20250821,오이,백다다기(오이),21 kg 박스,,,,50000,,,,trade
광주각화,광주중앙청과,20250821,오이,백다다기(오이),21 kg 박스,,,,40000,,,,trade
광주각화,광주중앙청과,20250821,오이,백다다기(오이),21 kg 박스,,,,30000,,,,trade
광주각화,광주중앙청과,20250821,오이,백다다기(오이),21 kg 박스,,,,35000,,,,trade
광주각화,광주중앙청과,20250821,오이,백다다기(오이),21 kg 박스,,,,42000,,,,trade
광주각화,광주중앙청과,20250821,오이,백다다기(오이),21 kg 박스,,,,62000,,,,trade
광주각화,광주중앙청과,20250821,오이,백다다기(오이),21 kg 박스,,,,39000,,,,trade
광주각화,광주중앙청과,20250821,오이,백다다기(오이),21 kg 박스,,,,60000,,,,trade
광주각화,광주중앙청과,20250821,오이,백다다기(오이),21 kg 박스,,,,45000,,,,trade
광주각화,광주중앙청과,20250821,오이,백다다기(오이),21 kg 박스,,,,20000,,,,trade
광주각화,광주중앙청과,20250821,오이,백다다기(오이),21 kg 박스,,,,37000,,,,trade
광주각화,광주중앙청과,20250821,오이,백다다기(오이),21 kg 박스,,,,50000,,,,trade
광주각화,광주중앙청과,20250821,오이,백다다기(오이),21 kg 박스,,,,86000,,,,trade
광주각화,광주중앙청과,20250821,오이,백다다기(오이),21 kg 박스,,,,75000,,,,trade
광주각화,광주중앙청과,20250821,오이,백다다기(오이),21 kg 박스,,,,47000,,,,trade
광주각화,광주중앙청과,20250821,오이,백다다기(오이),21 kg 박스,,,,74000,,,,trade
광주각화,광주중앙청과,20250821,오이,백다다기(오이),21 kg 박스,,,,75000,,,,trade
광주각화,광주중앙청과,20250821,오이,백다다기(오이),21 kg 박스,,,,80000,,,,trade
광주각화,광주중앙청과,20250821,오이,백다다기(오이),21 kg 박스,,,,46000,,,,trade
광주각화,광주중앙청과,20250821,오이,백다다기(오이),21 kg 박스,,,,63000,,,,trade
광주각화,광주중앙청과,20250821,오이,백다다기(오이),21 kg 박스,,,,76000,,,,trade
광주각화,광주중앙청과,20250821,오이,백다다기(오이),21 kg 박스,,,,73000,,,,trade
광주각화,광주중앙청과,20250821,오이,백다다기(오이),21 kg 박스,,,,85000,,,,trade
광주각화,광주중앙청과,20250821,오이,백다다기(오이),21 kg 박스,,,,68000,,,,trade
광주각화,광주중앙청과,20250821,오이,백다다기(오이),21 kg 박스,,,,60000,,,,trade
광주각화,광주중앙청과,20250821,오이,백다다기(오이),21 kg 박스,,,,81000,,,,trade
광주각화,광주중앙청과,20250821,오이,백다다기(오이),21 kg 박스,,,,76000,,,,trade
광주각화,광주중앙청과,20250821,오이,백다다기(오이),21 kg 박스,,,,74000,,,,trade
광주각화,광주중앙청과,20250821,오이,백다다기(오이),21 kg 박스,,,,60000,,,,trade
광주각화,광주중앙청과,20250821,오이,백다다기(오이),21 kg 박스,,,,70000,,,,trade
광주각화,광주중앙청과,20250821,오이,백다다기(오이),21 kg 박스,,,,68000,,,,trade
광주각화,광주중앙청과,20250821,오이,백다다기(오이),21 kg 박스,,,,68000,,,,trade
광주각화,광주중앙청과,20250821,오이,백다다기(오이),21 kg 박스,,,,62000,,,,trade
광주각화,광주중앙청과,20250821,오이,백다다기(오이),21 kg 박스,,,,78000,,,,trade
광주각화,광주중앙청과,20250821,오이,백다다기(오이),21 kg 박스,,,,63000,,,,trade
광주각화,광주중앙청과,20250821,오이,백다다기(오이),21 kg 박스,,,,77000,,,,trade
광주각화,광주중앙청과,20250821,오이,백다다기(오이),21 kg 박스,,,,67000,,,,trade
광주각화,광주중앙청과,20250821,오이,백다다기(오이),21 kg 박스,,,,72000,,,,trade
광주각화,광주중앙청과,20250821,오이,백다다기(오이),21 kg 박스,,,,8000,,,,trade
광주각화,광주중앙청과,20250821,오이,백다다기(오이),21 kg 박스,,,,20000,,,,trade
광주각화,광주중앙청과,20250821,오이,백다다기(오이),21 kg 박스,,,,20000,,,,trade
광주각화,광주중앙청과,20250821,오이,백다다기(오이),21 kg 박스,,,,63000,,,,trade
광주각화,광주중앙청과,20250821,오이,백다다기(오이),21 kg 박스,,,,16000,,,,trade
광주각화,광주중앙청과,20250821,오이,백다다기(오이),21 kg 박스,,,,36000,,,,trade
광주각화,광주중앙청과,20250821,오이,백다다기(오이),21 kg 박스,,,,50000,,,,trade
광주각화,광주중앙청과,20250821,오이,백다다기(오이),21 kg 박스,,,,66000,,,,trade
광주각화,광주중앙청과,20250821,오이,백다다기(오이),21 kg 팰릿,,,,45000,,,,trade
광주각화,광주중앙청과,20250821,오이,백다다기(오이),21 kg 팰릿,,,,36000,,,,trade
광주각화,광주중앙청과,20250821,오이,백다다기(오이),21 kg 팰릿,,,,36000,,,,trade
광주각화,광주중앙청과,20250821,오이,백다다기(오이),21 kg 팰릿,,,,35000,,,,trade
광주각화,광주중앙청과,20250821,오이,백다다기(오이),21 kg 팰릿,,,,74000,,,,trade
광주각화,광주중앙청과,20250821,오이,백다다기(오이),21 kg 팰릿,,,,57000,,,,trade
광주각화,광주중앙청과,20250821,오이,백다다기(오이),21 kg 팰릿,,,,56000,,,,trade
광주각화,광주중앙청과,20250821,오이,백다다기(오이),21 kg 팰릿,,,,67000,,,,trade
광주각화,광주중앙청과,20250821,오이,백다다기(오이),21 kg 팰릿,,,,64000,,,,trade
광주각화,광주중앙청과,20250821,오이,백다다기(오이),21 kg 팰릿,,,,58000,,,,trade
광주각화,광주중앙청과,20250821,오이,백다다기(오이),8kg,,,,,8000,16000,14476,grade_agg
광주각화,광주중앙청과,20250821,오이,백다다기(오이),10kg,,,,,13500,42000,29405,grade_agg
광주각화,광주중앙청과,20250821,오이,백다다기(오이),18kg,,,,,15000,58000,19149,grade_agg
광주각화,광주중앙청과,20250821,오이,백다다기(오이),21kg,,,,,8000,86000,57936,grade_agg
광주각화,광주중앙청과,20250826,오이,백다다기(오이),8 kg 비닐봉지,,,,15000,,,,trade
광주각화,광주중앙청과,20250826,오이,백다다기(오이),8 kg 비닐봉지,,,,9500,,,,trade
광주각화,광주중앙청과,20250826,오이,백다다기(오이),10 kg 박스,,,,25000,,,,trade
광주각화,광주중앙청과,20250826,오이,백다다기(오이),10 kg 박스,,,,26000,,,,trade
광주각화,광주중앙청과,20250826,오이,백다다기(오이),10 kg 박스,,,,16000,,,,trade
광주각화,광주중앙청과,20250826,오이,백다다기(오이),10 kg 박스,,,,26000,,,,trade
광주각화,광주중앙청과,20250826,오이,백다다기(오이),10 kg 박스,,,,16000,,,,trade
광주각화,광주중앙청과,20250826,오이,백다다기(오이),10 kg 박스,,,,23000,,,,trade
광주각화,광주중앙청과,20250826,오이,백다다기(오이),10 kg 박스,,,,27000,,,,trade
광주각화,광주중앙청과,20250826,오이,백다다기(오이),10 kg 박스,,,,35500,,,,trade
광주각화,광주중앙청과,20250826,오이,백다다기(오이),10 kg 박스,,,,32000,,,,trade
광주각화,광주중앙청과,20250826,오이,백다다기(오이),10 kg 박스,,,,7000,,,,trade
광주각화,광주중앙청과,20250826,오이,백다다기(오이),10 kg 박스,,,,14000,,,,trade
광주각화,광주중앙청과,20250826,오이,백다다기(오이),10 kg 박스,,,,16000,,,,trade
광주각화,광주중앙청과,20250826,오이,백다다기(오이),10 kg 박스,,,,30000,,,,trade
광주각화,광주중앙청과,20250826,오이,백다다기(오이),10 kg 박스,,,,32000,,,,trade
광주각화,광주중앙청과,20250826,오이,백다다기(오이),10 kg 박스,,,,27000,,,,trade
광주각화,광주중앙청과,20250826,오이,백다다기(오이),10 kg 박스,,,,22000,,,,trade
광주각화,광주중앙청과,20250826,오이,백다다기(오이),10 kg 박스,,,,13000,,,,trade
광주각화,광주중앙청과,20250826,오이,백다다기(오이),10 kg 박스,,,,30000,,,,trade
광주각화,광주중앙청과,20250826,오이,백다다기(오이),10 kg 박스,,,,24000,,,,trade
광주각화,광주중앙청과,20250826,오이,백다다기(오이),10 kg 박스,,,,15000,,,,trade
광주각화,광주중앙청과,20250826,오이,백다다기(오이),10 kg 박스,,,,12000,,,,trade
광주각화,광주중앙청과,20250826,오이,백다다기(오이),10 kg 박스,,,,15000,,,,trade
광주각화,광주중앙청과,20250826,오이,백다다기(오이),10 kg 박스,,,,18000,,,,trade
광주각화,광주중앙청과,20250826,오이,백다다기(오이),10 kg 박스,,,,8000,,,,trade
광주각화,광주중앙청과,20250826,오이,백다다기(오이),10 kg 박스,,,,16000,,,,trade
광주각화,광주중앙청과,20250826,오이,백다다기(오이),10 kg 박스,,,,33000,,,,trade
광주각화,광주중앙청과,20250826,오이,백다다기(오이),10 kg 박스,,,,26000,,,,trade
광주각화,광주중앙청과,20250826,오이,백다다기(오이),10 kg 박스,,,,15000,,,,trade
광주각화,광주중앙청과,20250826,오이,백다다기(오이),10 kg 박스,,,,25000,,,,trade
광주각화,광주중앙청과,20250826,오이,백다다기(오이),10 kg 박스,,,,6000,,,,trade
광주각화,광주중앙청과,20250826,오이,백다다기(오이),10 kg 박스,,,,13000,,,,trade
광주각화,광주중앙청과,20250826,오이,백다다기(오이),10 kg 박스,,,,23000,,,,trade
광주각화,광주중앙청과,20250826,오이,백다다기(오이),10 kg 박스,,,,16000,,,,trade
광주각화,광주중앙청과,20250826,오이,백다다기(오이),10 kg 박스,,,,28000,,,,trade
광주각화,광주중앙청과,20250826,오이,백다다기(오이),10 kg 박스,,,,23000,,,,trade
광주각화,광주중앙청과,20250826,오이,백다다기(오이),10 kg 박스,,,,26000,,,,trade
광주각화,광주중앙청과,20250826,오이,백다다기(오이),10 kg 박스,,,,17000,,,,trade
광주각화,광주중앙청과,20250826,오이,백다다기(오이),10 kg 박스,,,,23000,,,,trade
광주각화,광주중앙청과,20250826,오이,백다다기(오이),10 kg 박스,,,,11000,,,,trade
광주각화,광주중앙청과,20250826,오이,백다다기(오이),10 kg 박스,,,,16000,,,,trade
광주각화,광주중앙청과,20250826,오이,백다다기(오이),10 kg 박스,,,,20000,,,,trade
광주각화,광주중앙청과,20250826,오이,백다다기(오이),10 kg 박스,,,,18000,,,,trade
광주각화,광주중앙청과,20250826,오이,백다다기(오이),10 kg 박스,,,,14000,,,,trade
광주각화,광주중앙청과,20250826,오이,백다다기(오이),10 kg 박스,,,,12000,,,,trade
광주각화,광주중앙청과,20250826,오이,백다다기(오이),10 kg 박스,,,,37000,,,,trade
광주각화,광주중앙청과,20250826,오이,백다다기(오이),10 kg 박스,,,,20000,,,,trade
광주각화,광주중앙청과,20250826,오이,백다다기(오이),10 kg 박스,,,,22000,,,,trade
광주각화,광주중앙청과,20250826,오이,백다다기(오이),10 kg 박스,,,,16000,,,,trade
광주각화,광주중앙청과,20250826,오이,백다다기(오이),10 kg 박스,,,,30000,,,,trade
광주각화,광주중앙청과,20250826,오이,백다다기(오이),10 kg 박스,,,,15500,,,,trade
광주각화,광주중앙청과,20250826,오이,백다다기(오이),10 kg 박스,,,,24000,,,,trade
광주각화,광주중앙청과,20250826,오이,백다다기(오이),10 kg 박스,,,,38000,,,,trade
광주각화,광주중앙청과,20250826,오이,백다다기(오이),10 kg 박스,,,,15000,,,,trade
광주각화,광주중앙청과,20250826,오이,백다다기(오이),10 kg 박스,,,,36500,,,,trade
광주각화,광주중앙청과,20250826,오이,백다다기(오이),10 kg 박스,,,,18000,,,,trade
광주각화,광주중앙청과,20250826,오이,백다다기(오이),10 kg 박스,,,,34000,,,,trade
광주각화,광주중앙청과,20250826,오이,백다다기(오이),10 kg 박스,,,,17000,,,,trade
광주각화,광주중앙청과,20250826,오이,백다다기(오이),10 kg 박스,,,,28000,,,,trade
광주각화,광주중앙청과,20250826,오이,백다다기(오이),10 kg 박스,,,,42000,,,,trade
광주각화,광주중앙청과,20250826,오이,백다다기(오이),10 kg 박스,,,,23000,,,,trade
광주각화,광주중앙청과,20250826,오이,백다다기(오이),10 kg 박스,,,,41000,,,,trade
광주각화,광주중앙청과,20250826,오이,백다다기(오이),10 kg 박스,,,,27000,,,,trade
광주각화,광주중앙청과,20250826,오이,백다다기(오이),10 kg 박스,,,,39000,,,,trade
광주각화,광주중앙청과,20250826,오이,백다다기(오이),10 kg 박스,,,,42000,,,,trade
광주각화,광주중앙청과,20250826,오이,백다다기(오이),10 kg 박스,,,,14000,,,,trade
광주각화,광주중앙청과,20250826,오이,백다다기(오이),10 kg 박스,,,,35000,,,,trade
광주각화,광주중앙청과,20250826,오이,백다다기(오이),10 kg 박스,,,,20000,,,,trade
광주각화,광주중앙청과,20250826,오이,백다다기(오이),10 kg 박스,,,,18000,,,,trade
광주각화,광주중앙청과,20250826,오이,백다다기(오이),10 kg 박스,,,,17000,,,,trade
광주각화,광주중앙청과,20250826,오이,백다다기(오이),10 kg 박스,,,,41000,,,,trade
광주각화,광주중앙청과,20250826,오이,백다다기(오이),10 kg 박스,,,,15000,,,,trade
광주각화,광주중앙청과,20250826,오이,백다다기(오이),10 kg 박스,,,,33500,,,,trade
광주각화,광주중앙청과,20250826,오이,백다다기(오이),10 kg 박스,,,,17000,,,,trade
광주각화,광주중앙청과,20250826,오이,백다다기(오이),10 kg 박스,,,,41500,,,,trade
광주각화,광주중앙청과,20250826,오이,백다다기(오이),10 kg 박스,,,,4500,,,,trade
광주각화,광주중앙청과,20250826,오이,백다다기(오이),10 kg 박스,,,,13500,,,,trade
광주각화,광주중앙청과,20250826,오이,백다다기(오이),10 kg 박스,,,,26000,,,,trade
광주각화,광주중앙청과,20250826,오이,백다다기(오이),10 kg 팰릿,,,,32500,,,,trade
광주각화,광주중앙청과,20250826,오이,백다다기(오이),15 kg 박스,,,,10000,,,,trade
광주각화,광주중앙청과,20250826,오이,백다다기(오이),15 kg 박스,,,,5000,,,,trade
광주각화,광주중앙청과,20250826,오이,백다다기(오이),18 kg 박스,,,,22000,,,,trade
광주각화,광주중앙청과,20250826,오이,백다다기(오이),18 kg 박스,,,,20000,,,,trade
광주각화,광주중앙청과,20250826,오이,백다다기(오이),18 kg 박스,,,,16000,,,,trade
광주각화,광주중앙청과,20250826,오이,백다다기(오이),18 kg 박스,,,,30000,,,,trade
광주각화,광주중앙청과,20250826,오이,백다다기(오이),18 kg 박스,,,,25000,,,,trade
광주각화,광주중앙청과,20250826,오이,백다다기(오이),18 kg 박스,,,,20000,,,,trade
광주각화,광주중앙청과,20250826,오이,백다다기(오이),21 kg 박스,,,,52000,,,,trade
광주각화,광주중앙청과,20250826,오이,백다다기(오이),21 kg 박스,,,,5000,,,,trade
광주각화,광주중앙청과,20250826,오이,백다다기(오이),21 kg 박스,,,,20000,,,,trade
광주각화,광주중앙청과,20250826,오이,백다다기(오이),21 kg 박스,,,,18000,,,,trade
광주각화,광주중앙청과,20250826,오이,백다다기(오이),21 kg 박스,,,,58000,,,,trade
광주각화,광주중앙청과,20250826,오이,백다다기(오이),21 kg 박스,,,,28000,,,,trade
광주각화,광주중앙청과,20250826,오이,백다다기(오이),21 kg 박스,,,,31000,,,,trade
광주각화,광주중앙청과,20250826,오이,백다다기(오이),21 kg 박스,,,,20000,,,,trade
광주각화,광주중앙청과,20250826,오이,백다다기(오이),21 kg 박스,,,,33000,,,,trade
광주각화,광주중앙청과,20250826,오이,백다다기(오이),21 kg 박스,,,,58000,,,,trade
광주각화,광주중앙청과,20250826,오이,백다다기(오이),21 kg 박스,,,,54000,,,,trade
광주각화,광주중앙청과,20250826,오이,백다다기(오이),21 kg 박스,,,,24000,,,,trade
광주각화,광주중앙청과,20250826,오이,백다다기(오이),21 kg 박스,,,,39000,,,,trade
광주각화,광주중앙청과,20250826,오이,백다다기(오이),21 kg 박스,,,,62000,,,,trade
광주각화,광주중앙청과,20250826,오이,백다다기(오이),21 kg 박스,,,,58000,,,,trade
광주각화,광주중앙청과,20250826,오이,백다다기(오이),21 kg 박스,,,,25000,,,,trade
광주각화,광주중앙청과,20250826,오이,백다다기(오이),21 kg 박스,,,,36000,,,,trade
광주각화,광주중앙청과,20250826,오이,백다다기(오이),21 kg 박스,,,,32000,,,,trade
광주각화,광주중앙청과,20250826,오이,백다다기(오이),21 kg 박스,,,,46000,,,,trade
광주각화,광주중앙청과,20250826,오이,백다다기(오이),21 kg 박스,,,,33000,,,,trade
광주각화,광주중앙청과,20250826,오이,백다다기(오이),21 kg 박스,,,,6000,,,,trade
광주각화,광주중앙청과,20250826,오이,백다다기(오이),21 kg 박스,,,,20000,,,,trade
광주각화,광주중앙청과,20250826,오이,백다다기(오이),21 kg 박스,,,,51000,,,,trade
광주각화,광주중앙청과,20250826,오이,백다다기(오이),21 kg 박스,,,,28000,,,,trade
광주각화,광주중앙청과,20250826,오이,백다다기(오이),21 kg 박스,,,,28000,,,,trade
광주각화,광주중앙청과,20250826,오이,백다다기(오이),21 kg 박스,,,,35000,,,,trade
광주각화,광주중앙청과,20250826,오이,백다다기(오이),21 kg 박스,,,,40000,,,,trade
광주각화,광주중앙청과,20250826,오이,백다다기(오이),21 kg 박스,,,,41000,,,,trade
광주각화,광주중앙청과,20250826,오이,백다다기(오이),21 kg 박스,,,,25000,,,,trade
광주각화,광주중앙청과,20250826,오이,백다다기(오이),21 kg 박스,,,,42000,,,,trade
광주각화,광주중앙청과,20250826,오이,백다다기(오이),21 kg 박스,,,,18000,,,,trade
광주각화,광주중앙청과,20250826,오이,백다다기(오이),21 kg 박스,,,,36000,,,,trade
광주각화,광주중앙청과,20250826,오이,백다다기(오이),21 kg 박스,,,,34000,,,,trade
광주각화,광주중앙청과,20250826,오이,백다다기(오이),21 kg 박스,,,,15000,,,,trade
광주각화,광주중앙청과,20250826,오이,백다다기(오이),21 kg 박스,,,,43000,,,,trade
광주각화,광주중앙청과,20250826,오이,백다다기(오이),21 kg 박스,,,,67000,,,,trade
광주각화,광주중앙청과,20250826,오이,백다다기(오이),21 kg 박스,,,,51000,,,,trade
광주각화,광주중앙청과,20250826,오이,백다다기(오이),21 kg 박스,,,,50000,,,,trade
광주각화,광주중앙청과,20250826,오이,백다다기(오이),21 kg 박스,,,,56000,,,,trade
광주각화,광주중앙청과,20250826,오이,백다다기(오이),21 kg 박스,,,,83000,,,,trade
광주각화,광주중앙청과,20250826,오이,백다다기(오이),21 kg 박스,,,,66000,,,,trade
광주각화,광주중앙청과,20250826,오이,백다다기(오이),21 kg 박스,,,,56000,,,,trade
광주각화,광주중앙청과,20250826,오이,백다다기(오이),21 kg 박스,,,,54000,,,,trade
광주각화,광주중앙청과,20250826,오이,백다다기(오이),21 kg 박스,,,,73000,,,,trade
광주각화,광주중앙청과,20250826,오이,백다다기(오이),21 kg 박스,,,,50000,,,,trade
광주각화,광주중앙청과,20250826,오이,백다다기(오이),21 kg 박스,,,,76000,,,,trade
광주각화,광주중앙청과,20250826,오이,백다다기(오이),21 kg 박스,,,,50000,,,,trade
광주각화,광주중앙청과,20250826,오이,백다다기(오이),21 kg 박스,,,,66000,,,,trade
광주각화,광주중앙청과,20250826,오이,백다다기(오이),21 kg 박스,,,,55000,,,,trade
광주각화,광주중앙청과,20250826,오이,백다다기(오이),21 kg 박스,,,,55000,,,,trade
광주각화,광주중앙청과,20250826,오이,백다다기(오이),21 kg 박스,,,,87000,,,,trade
광주각화,광주중앙청과,20250826,오이,백다다기(오이),21 kg 박스,,,,78000,,,,trade
광주각화,광주중앙청과,20250826,오이,백다다기(오이),21 kg 박스,,,,78000,,,,trade
광주각화,광주중앙청과,20250826,오이,백다다기(오이),21 kg 박스,,,,65000,,,,trade
광주각화,광주중앙청과,20250826,오이,백다다기(오이),21 kg 박스,,,,56000,,,,trade
광주각화,광주중앙청과,20250826,오이,백다다기(오이),21 kg 박스,,,,76000,,,,trade
광주각화,광주중앙청과,20250826,오이,백다다기(오이),21 kg 박스,,,,68000,,,,trade
광주각화,광주중앙청과,20250826,오이,백다다기(오이),21 kg 박스,,,,12000,,,,trade
광주각화,광주중앙청과,20250826,오이,백다다기(오이),21 kg 박스,,,,33000,,,,trade
광주각화,광주중앙청과,20250826,오이,백다다기(오이),21 kg 박스,,,,37000,,,,trade
광주각화,광주중앙청과,20250826,오이,백다다기(오이),21 kg 팰릿,,,,69000,,,,trade
광주각화,광주중앙청과,20250826,오이,백다다기(오이),21 kg 팰릿,,,,68000,,,,trade
광주각화,광주중앙청과,20250826,오이,백다다기(오이),21 kg 팰릿,,,,68000,,,,trade
광주각화,광주중앙청과,20250826,오이,백다다기(오이),21 kg 팰릿,,,,33000,,,,trade
광주각화,광주중앙청과,20250826,오이,백다다기(오이),21 kg 팰릿,,,,54000,,,,trade
광주각화,광주중앙청과,20250826,오이,백다다기(오이),21 kg 팰릿,,,,44000,,,,trade
광주각화,광주중앙청과,20250826,오이,백다다기(오이),8kg,,,,,9500,15000,13952,grade_agg
광주각화,광주중앙청과,20250826,오이,백다다기(오이),10kg,,,,,4500,42000,28352,grade_agg
광주각화,광주중앙청과,20250826,오이,백다다기(오이),15kg,,,,,5000,10000,6250,grade_agg
광주각화,광주중앙청과,20250826,오이,백다다기(오이),18kg,,,,,16000,30000,20897,grade_agg
광주각화,광주중앙청과,20250826,오이,백다다기(오이),21kg,,,,,5000,87000,54866,grade_agg
광주각화,광주중앙청과,20250828,오이,백다다기(오이),10 kg 박스,,,,35000,,,,trade
광주각화,광주중앙청과,20250828,오이,백다다기(오이),10 kg 박스,,,,17500,,,,trade
광주각화,광주중앙청과,20250828,오이,백다다기(오이),10 kg 박스,,,,32500,,,,trade
광주각화,광주중앙청과,20250828,오이,백다다기(오이),10 kg 박스,,,,23000,,,,trade
광주각화,광주중앙청과,20250828,오이,백다다기(오이),10 kg 박스,,,,28000,,,,trade
광주각화,광주중앙청과,20250828,오이,백다다기(오이),10 kg 박스,,,,25000,,,,trade
광주각화,광주중앙청과,20250828,오이,백다다기(오이),10 kg 박스,,,,41500,,,,trade
광주각화,광주중앙청과,20250828,오이,백다다기(오이),10 kg 박스,,,,30000,,,,trade
광주각화,광주중앙청과,20250828,오이,백다다기(오이),10 kg 박스,,,,27000,,,,trade
광주각화,광주중앙청과,20250828,오이,백다다기(오이),10 kg 박스,,,,35500,,,,trade
광주각화,광주중앙청과,20250828,오이,백다다기(오이),10 kg 박스,,,,11000,,,,trade
광주각화,광주중앙청과,20250828,오이,백다다기(오이),10 kg 박스,,,,16500,,,,trade
광주각화,광주중앙청과,20250828,오이,백다다기(오이),10 kg 박스,,,,22000,,,,trade
광주각화,광주중앙청과,20250828,오이,백다다기(오이),10 kg 박스,,,,35000,,,,trade
광주각화,광주중앙청과,20250828,오이,백다다기(오이),10 kg 박스,,,,24000,,,,trade
광주각화,광주중앙청과,20250828,오이,백다다기(오이),10 kg 박스,,,,33000,,,,trade
광주각화,광주중앙청과,20250828,오이,백다다기(오이),10 kg 박스,,,,37000,,,,trade
광주각화,광주중앙청과,20250828,오이,백다다기(오이),10 kg 박스,,,,22000,,,,trade
광주각화,광주중앙청과,20250828,오이,백다다기(오이),10 kg 박스,,,,32000,,,,trade
광주각화,광주중앙청과,20250828,오이,백다다기(오이),10 kg 박스,,,,21000,,,,trade
광주각화,광주중앙청과,20250828,오이,백다다기(오이),10 kg 박스,,,,33000,,,,trade
광주각화,광주중앙청과,20250828,오이,백다다기(오이),10 kg 박스,,,,7000,,,,trade
광주각화,광주중앙청과,20250828,오이,백다다기(오이),10 kg 박스,,,,18500,,,,trade
광주각화,광주중앙청과,20250828,오이,백다다기(오이),10 kg 박스,,,,33000,,,,trade
광주각화,광주중앙청과,20250828,오이,백다다기(오이),10 kg 박스,,,,35000,,,,trade
광주각화,광주중앙청과,20250828,오이,백다다기(오이),10 kg 박스,,,,24000,,,,trade
광주각화,광주중앙청과,20250828,오이,백다다기(오이),10 kg 박스,,,,43000,,,,trade
광주각화,광주중앙청과,20250828,오이,백다다기(오이),10 kg 박스,,,,7000,,,,trade
광주각화,광주중앙청과,20250828,오이,백다다기(오이),10 kg 박스,,,,11000,,,,trade
광주각화,광주중앙청과,20250828,오이,백다다기(오이),10 kg 박스,,,,18000,,,,trade
광주각화,광주중앙청과,20250828,오이,백다다기(오이),10 kg 박스,,,,33500,,,,trade
광주각화,광주중앙청과,20250828,오이,백다다기(오이),10 kg 박스,,,,17000,,,,trade
광주각화,광주중앙청과,20250828,오이,백다다기(오이),10 kg 박스,,,,30000,,,,trade
광주각화,광주중앙청과,20250828,오이,백다다기(오이),10 kg 박스,,,,37000,,,,trade
광주각화,광주중앙청과,20250828,오이,백다다기(오이),10 kg 박스,,,,25000,,,,trade
광주각화,광주중앙청과,20250828,오이,백다다기(오이),10 kg 박스,,,,43500,,,,trade
광주각화,광주중앙청과,20250828,오이,백다다기(오이),10 kg 박스,,,,24000,,,,trade
광주각화,광주중앙청과,20250828,오이,백다다기(오이),10 kg 박스,,,,30000,,,,trade
광주각화,광주중앙청과,20250828,오이,백다다기(오이),10 kg 박스,,,,18000,,,,trade
광주각화,광주중앙청과,20250828,오이,백다다기(오이),10 kg 박스,,,,33000,,,,trade
광주각화,광주중앙청과,20250828,오이,백다다기(오이),10 kg 박스,,,,44000,,,,trade
광주각화,광주중앙청과,20250828,오이,백다다기(오이),10 kg 박스,,,,32000,,,,trade
광주각화,광주중앙청과,20250828,오이,백다다기(오이),10 kg 박스,,,,41000,,,,trade
광주각화,광주중앙청과,20250828,오이,백다다기(오이),10 kg 박스,,,,46000,,,,trade
광주각화,광주중앙청과,20250828,오이,백다다기(오이),10 kg 박스,,,,16500,,,,trade
광주각화,광주중앙청과,20250828,오이,백다다기(오이),10 kg 박스,,,,35500,,,,trade
광주각화,광주중앙청과,20250828,오이,백다다기(오이),10 kg 박스,,,,21000,,,,trade
광주각화,광주중앙청과,20250828,오이,백다다기(오이),10 kg 박스,,,,27000,,,,trade
광주각화,광주중앙청과,20250828,오이,백다다기(오이),10 kg 박스,,,,39000,,,,trade
광주각화,광주중앙청과,20250828,오이,백다다기(오이),10 kg 박스,,,,23000,,,,trade
광주각화,광주중앙청과,20250828,오이,백다다기(오이),10 kg 박스,,,,47000,,,,trade
광주각화,광주중앙청과,20250828,오이,백다다기(오이),10 kg 박스,,,,35000,,,,trade
광주각화,광주중앙청과,20250828,오이,백다다기(오이),10 kg 박스,,,,47000,,,,trade
광주각화,광주중앙청과,20250828,오이,백다다기(오이),10 kg 박스,,,,24000,,,,trade
광주각화,광주중앙청과,20250828,오이,백다다기(오이),10 kg 박스,,,,37000,,,,trade
광주각화,광주중앙청과,20250828,오이,백다다기(오이),10 kg 박스,,,,34500,,,,trade
광주각화,광주중앙청과,20250828,오이,백다다기(오이),10 kg 박스,,,,13000,,,,trade
광주각화,광주중앙청과,20250828,오이,백다다기(오이),10 kg 박스,,,,24000,,,,trade
광주각화,광주중앙청과,20250828,오이,백다다기(오이),10 kg 박스,,,,17000,,,,trade
광주각화,광주중앙청과,20250828,오이,백다다기(오이),10 kg 박스,,,,35000,,,,trade
광주각화,광주중앙청과,20250828,오이,백다다기(오이),10 kg 박스,,,,15000,,,,trade
광주각화,광주중앙청과,20250828,오이,백다다기(오이),10 kg 박스,,,,23000,,,,trade
광주각화,광주중앙청과,20250828,오이,백다다기(오이),10 kg 박스,,,,39000,,,,trade
광주각화,광주중앙청과,20250828,오이,백다다기(오이),10 kg 박스,,,,17500,,,,trade
광주각화,광주중앙청과,20250828,오이,백다다기(오이),10 kg 박스,,,,43500,,,,trade
광주각화,광주중앙청과,20250828,오이,백다다기(오이),10 kg 박스,,,,22000,,,,trade
광주각화,광주중앙청과,20250828,오이,백다다기(오이),10 kg 팰릿,,,,46500,,,,trade
광주각화,광주중앙청과,20250828,오이,백다다기(오이),18 kg 박스,,,,73000,,,,trade
광주각화,광주중앙청과,20250828,오이,백다다기(오이),18 kg 박스,,,,20000,,,,trade
광주각화,광주중앙청과,20250828,오이,백다다기(오이),18 kg 박스,,,,54000,,,,trade
광주각화,광주중앙청과,20250828,오이,백다다기(오이),18 kg 박스,,,,23000,,,,trade
광주각화,광주중앙청과,20250828,오이,백다다기(오이),18 kg 박스,,,,22000,,,,trade
광주각화,광주중앙청과,20250828,오이,백다다기(오이),18 kg 박스,,,,28000,,,,trade
광주각화,광주중앙청과,20250828,오이,백다다기(오이),18 kg 박스,,,,22000,,,,trade
광주각화,광주중앙청과,20250828,오이,백다다기(오이),18 kg 박스,,,,35000,,,,trade
광주각화,광주중앙청과,20250828,오이,백다다기(오이),18 kg 박스,,,,25000,,,,trade
광주각화,광주중앙청과,20250828,오이,백다다기(오이),21 kg 박스,,,,5000,,,,trade
광주각화,광주중앙청과,20250828,오이,백다다기(오이),21 kg 박스,,,,22000,,,,trade
광주각화,광주중앙청과,20250828,오이,백다다기(오이),21 kg 박스,,,,22000,,,,trade
광주각화,광주중앙청과,20250828,오이,백다다기(오이),21 kg 박스,,,,68000,,,,trade
광주각화,광주중앙청과,20250828,오이,백다다기(오이),21 kg 박스,,,,31000,,,,trade
광주각화,광주중앙청과,20250828,오이,백다다기(오이),21 kg 박스,,,,25000,,,,trade
광주각화,광주중앙청과,20250828,오이,백다다기(오이),21 kg 박스,,,,41000,,,,trade
광주각화,광주중앙청과,20250828,오이,백다다기(오이),21 kg 박스,,,,58000,,,,trade
광주각화,광주중앙청과,20250828,오이,백다다기(오이),21 kg 박스,,,,73000,,,,trade
광주각화,광주중앙청과,20250828,오이,백다다기(오이),21 kg 박스,,,,15000,,,,trade
광주각화,광주중앙청과,20250828,오이,백다다기(오이),21 kg 박스,,,,25000,,,,trade
광주각화,광주중앙청과,20250828,오이,백다다기(오이),21 kg 박스,,,,75000,,,,trade
광주각화,광주중앙청과,20250828,오이,백다다기(오이),21 kg 박스,,,,70000,,,,trade
광주각화,광주중앙청과,20250828,오이,백다다기(오이),21 kg 박스,,,,78000,,,,trade
광주각화,광주중앙청과,20250828,오이,백다다기(오이),21 kg 박스,,,,32000,,,,trade
광주각화,광주중앙청과,20250828,오이,백다다기(오이),21 kg 박스,,,,10000,,,,trade
광주각화,광주중앙청과,20250828,오이,백다다기(오이),21 kg 박스,,,,53000,,,,trade
광주각화,광주중앙청과,20250828,오이,백다다기(오이),21 kg 박스,,,,25000,,,,trade
광주각화,광주중앙청과,20250828,오이,백다다기(오이),21 kg 박스,,,,71000,,,,trade
광주각화,광주중앙청과,20250828,오이,백다다기(오이),21 kg 박스,,,,38000,,,,trade
광주각화,광주중앙청과,20250828,오이,백다다기(오이),21 kg 박스,,,,55000,,,,trade
광주각화,광주중앙청과,20250828,오이,백다다기(오이),21 kg 박스,,,,48000,,,,trade
광주각화,광주중앙청과,20250828,오이,백다다기(오이),21 kg 박스,,,,28000,,,,trade
광주각화,광주중앙청과,20250828,오이,백다다기(오이),21 kg 박스,,,,66000,,,,trade
광주각화,광주중앙청과,20250828,오이,백다다기(오이),21 kg 박스,,,,50000,,,,trade
광주각화,광주중앙청과,20250828,오이,백다다기(오이),21 kg 박스,,,,70000,,,,trade
광주각화,광주중앙청과,20250828,오이,백다다기(오이),21 kg 박스,,,,17000,,,,trade
광주각화,광주중앙청과,20250828,오이,백다다기(오이),21 kg 박스,,,,21000,,,,trade
광주각화,광주중앙청과,20250828,오이,백다다기(오이),21 kg 박스,,,,24000,,,,trade
광주각화,광주중앙청과,20250828,오이,백다다기(오이),21 kg 박스,,,,25000,,,,trade
광주각화,광주중앙청과,20250828,오이,백다다기(오이),21 kg 박스,,,,26000,,,,trade
광주각화,광주중앙청과,20250828,오이,백다다기(오이),21 kg 박스,,,,43000,,,,trade
광주각화,광주중앙청과,20250828,오이,백다다기(오이),21 kg 박스,,,,30000,,,,trade
광주각화,광주중앙청과,20250828,오이,백다다기(오이),21 kg 박스,,,,48000,,,,trade
광주각화,광주중앙청과,20250828,오이,백다다기(오이),21 kg 박스,,,,60000,,,,trade
광주각화,광주중앙청과,20250828,오이,백다다기(오이),21 kg 박스,,,,25000,,,,trade
광주각화,광주중앙청과,20250828,오이,백다다기(오이),21 kg 박스,,,,40000,,,,trade
광주각화,광주중앙청과,20250828,오이,백다다기(오이),21 kg 박스,,,,26000,,,,trade
광주각화,광주중앙청과,20250828,오이,백다다기(오이),21 kg 박스,,,,33000,,,,trade
광주각화,광주중앙청과,20250828,오이,백다다기(오이),21 kg 박스,,,,85000,,,,trade
광주각화,광주중앙청과,20250828,오이,백다다기(오이),21 kg 박스,,,,81000,,,,trade
광주각화,광주중앙청과,20250828,오이,백다다기(오이),21 kg 박스,,,,98000,,,,trade
광주각화,광주중앙청과,20250828,오이,백다다기(오이),21 kg 박스,,,,75000,,,,trade
광주각화,광주중앙청과,20250828,오이,백다다기(오이),21 kg 박스,,,,60000,,,,trade
광주각화,광주중앙청과,20250828,오이,백다다기(오이),21 kg 박스,,,,93000,,,,trade
광주각화,광주중앙청과,20250828,오이,백다다기(오이),21 kg 박스,,,,88000,,,,trade
광주각화,광주중앙청과,20250828,오이,백다다기(오이),21 kg 박스,,,,90000,,,,trade
광주각화,광주중앙청과,20250828,오이,백다다기(오이),21 kg 박스,,,,70000,,,,trade
광주각화,광주중앙청과,20250828,오이,백다다기(오이),21 kg 박스,,,,48000,,,,trade
광주각화,광주중앙청과,20250828,오이,백다다기(오이),21 kg 박스,,,,88000,,,,trade
광주각화,광주중앙청과,20250828,오이,백다다기(오이),21 kg 박스,,,,73000,,,,trade
광주각화,광주중앙청과,20250828,오이,백다다기(오이),21 kg 박스,,,,105000,,,,trade
광주각화,광주중앙청과,20250828,오이,백다다기(오이),21 kg 박스,,,,52000,,,,trade
광주각화,광주중앙청과,20250828,오이,백다다기(오이),21 kg 박스,,,,64000,,,,trade
광주각화,광주중앙청과,20250828,오이,백다다기(오이),21 kg 박스,,,,48000,,,,trade
광주각화,광주중앙청과,20250828,오이,백다다기(오이),21 kg 박스,,,,86000,,,,trade
광주각화,광주중앙청과,20250828,오이,백다다기(오이),21 kg 박스,,,,99000,,,,trade
광주각화,광주중앙청과,20250828,오이,백다다기(오이),21 kg 박스,,,,65000,,,,trade
광주각화,광주중앙청과,20250828,오이,백다다기(오이),21 kg 박스,,,,60000,,,,trade
광주각화,광주중앙청과,20250828,오이,백다다기(오이),21 kg 박스,,,,97000,,,,trade
광주각화,광주중앙청과,20250828,오이,백다다기(오이),21 kg 박스,,,,77000,,,,trade
광주각화,광주중앙청과,20250828,오이,백다다기(오이),21 kg 박스,,,,93000,,,,trade
광주각화,광주중앙청과,20250828,오이,백다다기(오이),21 kg 박스,,,,17000,,,,trade
광주각화,광주중앙청과,20250828,오이,백다다기(오이),21 kg 박스,,,,42000,,,,trade
광주각화,광주중앙청과,20250828,오이,백다다기(오이),21 kg 박스,,,,55000,,,,trade
광주각화,광주중앙청과,20250828,오이,백다다기(오이),21 kg 팰릿,,,,59000,,,,trade
광주각화,광주중앙청과,20250828,오이,백다다기(오이),21 kg 팰릿,,,,35000,,,,trade
광주각화,광주중앙청과,20250828,오이,백다다기(오이),21 kg 팰릿,,,,68000,,,,trade
광주각화,광주중앙청과,20250828,오이,백다다기(오이),21 kg 팰릿,,,,79000,,,,trade
광주각화,광주중앙청과,20250828,오이,백다다기(오이),21 kg 팰릿,,,,78000,,,,trade
광주각화,광주중앙청과,20250828,오이,백다다기(오이),21 kg 팰릿,,,,60000,,,,trade
광주각화,광주중앙청과,20250828,오이,백다다기(오이),10kg,,,,,7000,47000,34566,grade_agg
광주각화,광주중앙청과,20250828,오이,백다다기(오이),18kg,,,,,20000,73000,37387,grade_agg
광주각화,광주중앙청과,20250828,오이,백다다기(오이),21kg,,,,,5000,105000,65061,grade_agg
광주각화,광주중앙청과,20251202,오이,백다다기(오이),10 kg 박스,,,,28000,,,,trade
광주각화,광주중앙청과,20251202,오이,백다다기(오이),10 kg 박스,,,,39000,,,,trade
광주각화,광주중앙청과,20251202,오이,백다다기(오이),10 kg 박스,,,,29000,,,,trade
광주각화,광주중앙청과,20251202,오이,백다다기(오이),10 kg 박스,,,,33000,,,,trade
광주각화,광주중앙청과,20251202,오이,백다다기(오이),10 kg 박스,,,,39000,,,,trade
광주각화,광주중앙청과,20251202,오이,백다다기(오이),10 kg 박스,,,,30000,,,,trade
광주각화,광주중앙청과,20251202,오이,백다다기(오이),10 kg 박스,,,,38500,,,,trade
광주각화,광주중앙청과,20251202,오이,백다다기(오이),10 kg 박스,,,,20000,,,,trade
광주각화,광주중앙청과,20251202,오이,백다다기(오이),10 kg 박스,,,,29000,,,,trade
광주각화,광주중앙청과,20251202,오이,백다다기(오이),10 kg 박스,,,,24000,,,,trade
광주각화,광주중앙청과,20251202,오이,백다다기(오이),10 kg 박스,,,,16500,,,,trade
광주각화,광주중앙청과,20251202,오이,백다다기(오이),10 kg 박스,,,,25000,,,,trade
광주각화,광주중앙청과,20251202,오이,백다다기(오이),10 kg 박스,,,,37000,,,,trade
광주각화,광주중앙청과,20251202,오이,백다다기(오이),10 kg 박스,,,,16500,,,,trade
광주각화,광주중앙청과,20251202,오이,백다다기(오이),10 kg 박스,,,,23000,,,,trade
광주각화,광주중앙청과,20251202,오이,백다다기(오이),10 kg 박스,,,,19000,,,,trade
광주각화,광주중앙청과,20251202,오이,백다다기(오이),10 kg 박스,,,,32500,,,,trade
광주각화,광주중앙청과,20251202,오이,백다다기(오이),10 kg 박스,,,,20000,,,,trade
광주각화,광주중앙청과,20251202,오이,백다다기(오이),10 kg 박스,,,,31500,,,,trade
광주각화,광주중앙청과,20251202,오이,백다다기(오이),10 kg 박스,,,,19500,,,,trade
광주각화,광주중앙청과,20251202,오이,백다다기(오이),10 kg 박스,,,,27000,,,,trade
광주각화,광주중앙청과,20251202,오이,백다다기(오이),10 kg 박스,,,,35000,,,,trade
광주각화,광주중앙청과,20251202,오이,백다다기(오이),10 kg 박스,,,,36500,,,,trade
광주각화,광주중앙청과,20251202,오이,백다다기(오이),10 kg 박스,,,,21000,,,,trade
광주각화,광주중앙청과,20251202,오이,백다다기(오이),10 kg 박스,,,,28000,,,,trade
광주각화,광주중앙청과,20251202,오이,백다다기(오이),10 kg 박스,,,,26500,,,,trade
광주각화,광주중앙청과,20251202,오이,백다다기(오이),10 kg 박스,,,,26000,,,,trade
광주각화,광주중앙청과,20251202,오이,백다다기(오이),10 kg 박스,,,,22000,,,,trade
광주각화,광주중앙청과,20251202,오이,백다다기(오이),10 kg 박스,,,,23000,,,,trade
광주각화,광주중앙청과,20251202,오이,백다다기(오이),10 kg 박스,,,,25000,,,,trade
광주각화,광주중앙청과,20251202,오이,백다다기(오이),10 kg 박스,,,,20000,,,,trade
광주각화,광주중앙청과,20251202,오이,백다다기(오이),10 kg 박스,,,,24000,,,,trade
광주각화,광주중앙청과,20251202,오이,백다다기(오이),10 kg 박스,,,,25500,,,,trade
광주각화,광주중앙청과,20251202,오이,백다다기(오이),10 kg 박스,,,,25000,,,,trade
광주각화,광주중앙청과,20251202,오이,백다다기(오이),10 kg 박스,,,,24000,,,,trade
광주각화,광주중앙청과,20251202,오이,백다다기(오이),10 kg 박스,,,,28500,,,,trade
광주각화,광주중앙청과,20251202,오이,백다다기(오이),10 kg 박스,,,,27500,,,,trade
광주각화,광주중앙청과,20251202,오이,백다다기(오이),10 kg 박스,,,,36000,,,,trade
광주각화,광주중앙청과,20251202,오이,백다다기(오이),10 kg 박스,,,,28000,,,,trade
광주각화,광주중앙청과,20251202,오이,백다다기(오이),10 kg 박스,,,,36500,,,,trade
광주각화,광주중앙청과,20251202,오이,백다다기(오이),10 kg 박스,,,,37500,,,,trade
광주각화,광주중앙청과,20251202,오이,백다다기(오이),10 kg 박스,,,,39000,,,,trade
광주각화,광주중앙청과,20251202,오이,백다다기(오이),10 kg 박스,,,,34500,,,,trade
광주각화,광주중앙청과,20251202,오이,백다다기(오이),10 kg 박스,,,,36000,,,,trade
광주각화,광주중앙청과,20251202,오이,백다다기(오이),10 kg 박스,,,,36000,,,,trade
광주각화,광주중앙청과,20251202,오이,백다다기(오이),10 kg 박스,,,,33000,,,,trade
광주각화,광주중앙청과,20251202,오이,백다다기(오이),10 kg 박스,,,,38000,,,,trade
광주각화,광주중앙청과,20251202,오이,백다다기(오이),10 kg 박스,,,,16000,,,,trade
광주각화,광주중앙청과,20251202,오이,백다다기(오이),10 kg 박스,,,,20000,,,,trade
광주각화,광주중앙청과,20251202,오이,백다다기(오이),10 kg 박스,,,,23000,,,,trade
광주각화,광주중앙청과,20251202,오이,백다다기(오이),10 kg 박스,,,,38000,,,,trade
광주각화,광주중앙청과,20251202,오이,백다다기(오이),10 kg 박스,,,,22000,,,,trade
광주각화,광주중앙청과,20251202,오이,백다다기(오이),10 kg 박스,,,,29000,,,,trade
광주각화,광주중앙청과,20251202,오이,백다다기(오이),10 kg 박스,,,,41500,,,,trade
광주각화,광주중앙청과,20251202,오이,백다다기(오이),10 kg 비닐봉지,,,,13000,,,,trade
광주각화,광주중앙청과,20251202,오이,백다다기(오이),10 kg 비닐봉지,,,,16500,,,,trade
광주각화,광주중앙청과,20251202,오이,백다다기(오이),10 kg 팰릿,,,,37000,,,,trade
광주각화,광주중앙청과,20251202,오이,백다다기(오이),10 kg 팰릿,,,,22000,,,,trade
광주각화,광주중앙청과,20251202,오이,백다다기(오이),15 kg 비닐봉지,,,,18000,,,,trade
광주각화,광주중앙청과,20251202,오이,백다다기(오이),15 kg 비닐봉지,,,,19500,,,,trade
광주각화,광주중앙청과,20251202,오이,백다다기(오이),15 kg 비닐봉지,,,,17000,,,,trade
광주각화,광주중앙청과,20251202,오이,백다다기(오이),15 kg 비닐봉지,,,,16000,,,,trade
광주각화,광주중앙청과,20251202,오이,백다다기(오이),15 kg 비닐봉지,,,,16000,,,,trade
광주각화,광주중앙청과,20251202,오이,백다다기(오이),18 kg 박스,,,,25000,,,,trade
광주각화,광주중앙청과,20251202,오이,백다다기(오이),18 kg 박스,,,,78000,,,,trade
광주각화,광주중앙청과,20251202,오이,백다다기(오이),18 kg 박스,,,,62000,,,,trade
광주각화,광주중앙청과,20251202,오이,백다다기(오이),18 kg 박스,,,,79000,,,,trade
광주각화,광주중앙청과,20251202,오이,백다다기(오이),18 kg 박스,,,,25000,,,,trade
광주각화,광주중앙청과,20251202,오이,백다다기(오이),18 kg 박스,,,,45000,,,,trade
광주각화,광주중앙청과,20251202,오이,백다다기(오이),18 kg 박스,,,,81000,,,,trade
광주각화,광주중앙청과,20251202,오이,백다다기(오이),18 kg 박스,,,,26000,,,,trade
광주각화,광주중앙청과,20251202,오이,백다다기(오이),18 kg 박스,,,,23000,,,,trade
광주각화,광주중앙청과,20251202,오이,백다다기(오이),18 kg 박스,,,,28000,,,,trade
광주각화,광주중앙청과,20251202,오이,백다다기(오이),18 kg 박스,,,,76000,,,,trade
광주각화,광주중앙청과,20251202,오이,백다다기(오이),18 kg 박스,,,,28000,,,,trade
광주각화,광주중앙청과,20251202,오이,백다다기(오이),18 kg 박스,,,,37000,,,,trade
광주각화,광주중앙청과,20251202,오이,백다다기(오이),18 kg 박스,,,,42000,,,,trade
광주각화,광주중앙청과,20251202,오이,백다다기(오이),18 kg 박스,,,,27000,,,,trade
광주각화,광주중앙청과,20251202,오이,백다다기(오이),18 kg 박스,,,,27000,,,,trade
광주각화,광주중앙청과,20251202,오이,백다다기(오이),18 kg 박스,,,,28000,,,,trade
광주각화,광주중앙청과,20251202,오이,백다다기(오이),18 kg 박스,,,,40000,,,,trade
광주각화,광주중앙청과,20251202,오이,백다다기(오이),18 kg 박스,,,,60000,,,,trade
광주각화,광주중앙청과,20251202,오이,백다다기(오이),18 kg 박스,,,,77000,,,,trade
광주각화,광주중앙청과,20251202,오이,백다다기(오이),18 kg 박스,,,,58000,,,,trade
광주각화,광주중앙청과,20251202,오이,백다다기(오이),18 kg 박스,,,,78000,,,,trade
광주각화,광주중앙청과,20251202,오이,백다다기(오이),18 kg 박스,,,,60000,,,,trade
광주각화,광주중앙청과,20251202,오이,백다다기(오이),18 kg 박스,,,,78000,,,,trade
광주각화,광주중앙청과,20251202,오이,백다다기(오이),18 kg 박스,,,,77000,,,,trade
광주각화,광주중앙청과,20251202,오이,백다다기(오이),18 kg 박스,,,,48000,,,,trade
광주각화,광주중앙청과,20251202,오이,백다다기(오이),18 kg 박스,,,,63000,,,,trade
광주각화,광주중앙청과,20251202,오이,백다다기(오이),18 kg 박스,,,,59000,,,,trade
광주각화,광주중앙청과,20251202,오이,백다다기(오이),18 kg 박스,,,,78000,,,,trade
광주각화,광주중앙청과,20251202,오이,백다다기(오이),18 kg 박스,,,,82000,,,,trade
광주각화,광주중앙청과,20251202,오이,백다다기(오이),18 kg 박스,,,,60000,,,,trade
광주각화,광주중앙청과,20251202,오이,백다다기(오이),18 kg 박스,,,,76000,,,,trade
광주각화,광주중앙청과,20251202,오이,백다다기(오이),18 kg 박스,,,,58000,,,,trade
광주각화,광주중앙청과,20251202,오이,백다다기(오이),18 kg 박스,,,,80000,,,,trade
광주각화,광주중앙청과,20251202,오이,백다다기(오이),18 kg 박스,,,,58000,,,,trade
광주각화,광주중앙청과,20251202,오이,백다다기(오이),18 kg 박스,,,,80000,,,,trade
광주각화,광주중앙청과,20251202,오이,백다다기(오이),18 kg 박스,,,,57000,,,,trade
광주각화,광주중앙청과,20251202,오이,백다다기(오이),18 kg 박스,,,,78000,,,,trade
광주각화,광주중앙청과,20251202,오이,백다다기(오이),18 kg 박스,,,,46000,,,,trade
광주각화,광주중앙청과,20251202,오이,백다다기(오이),18 kg 박스,,,,32000,,,,trade
광주각화,광주중앙청과,20251202,오이,백다다기(오이),18 kg 박스,,,,64000,,,,trade
광주각화,광주중앙청과,20251202,오이,백다다기(오이),18 kg 박스,,,,40000,,,,trade
광주각화,광주중앙청과,20251202,오이,백다다기(오이),18 kg 박스,,,,65000,,,,trade
광주각화,광주중앙청과,20251202,오이,백다다기(오이),18 kg 박스,,,,35000,,,,trade
광주각화,광주중앙청과,20251202,오이,백다다기(오이),18 kg 박스,,,,70000,,,,trade
광주각화,광주중앙청과,20251202,오이,백다다기(오이),18 kg 박스,,,,50000,,,,trade
광주각화,광주중앙청과,20251202,오이,백다다기(오이),18 kg 박스,,,,23000,,,,trade
광주각화,광주중앙청과,20251202,오이,백다다기(오이),10kg,,,,,13000,41500,31728,grade_agg
광주각화,광주중앙청과,20251202,오이,백다다기(오이),15kg,,,,,16000,19500,17791,grade_agg
광주각화,광주중앙청과,20251202,오이,백다다기(오이),18kg,,,,,23000,82000,60131,grade_agg
광주각화,광주중앙청과,20251204,오이,백다다기(오이),10 kg 박스,,,,32000,,,,trade
광주각화,광주중앙청과,20251204,오이,백다다기(오이),10 kg 박스,,,,28500,,,,trade
광주각화,광주중앙청과,20251204,오이,백다다기(오이),10 kg 박스,,,,20000,,,,trade
광주각화,광주중앙청과,20251204,오이,백다다기(오이),10 kg 박스,,,,26000,,,,trade
광주각화,광주중앙청과,20251204,오이,백다다기(오이),10 kg 박스,,,,31000,,,,trade
광주각화,광주중앙청과,20251204,오이,백다다기(오이),10 kg 박스,,,,24000,,,,trade
광주각화,광주중앙청과,20251204,오이,백다다기(오이),10 kg 박스,,,,32000,,,,trade
광주각화,광주중앙청과,20251204,오이,백다다기(오이),10 kg 박스,,,,33000,,,,trade
광주각화,광주중앙청과,20251204,오이,백다다기(오이),10 kg 박스,,,,13000,,,,trade
광주각화,광주중앙청과,20251204,오이,백다다기(오이),10 kg 박스,,,,17000,,,,trade
광주각화,광주중앙청과,20251204,오이,백다다기(오이),10 kg 박스,,,,15000,,,,trade
광주각화,광주중앙청과,20251204,오이,백다다기(오이),10 kg 박스,,,,17000,,,,trade
광주각화,광주중앙청과,20251204,오이,백다다기(오이),10 kg 박스,,,,17000,,,,trade
광주각화,광주중앙청과,20251204,오이,백다다기(오이),10 kg 박스,,,,14500,,,,trade
광주각화,광주중앙청과,20251204,오이,백다다기(오이),10 kg 박스,,,,28500,,,,trade
광주각화,광주중앙청과,20251204,오이,백다다기(오이),10 kg 박스,,,,27500,,,,trade
광주각화,광주중앙청과,20251204,오이,백다다기(오이),10 kg 박스,,,,26000,,,,trade
광주각화,광주중앙청과,20251204,오이,백다다기(오이),10 kg 박스,,,,27000,,,,trade
광주각화,광주중앙청과,20251204,오이,백다다기(오이),10 kg 박스,,,,23000,,,,trade
광주각화,광주중앙청과,20251204,오이,백다다기(오이),10 kg 박스,,,,22500,,,,trade
광주각화,광주중앙청과,20251204,오이,백다다기(오이),10 kg 박스,,,,26000,,,,trade
광주각화,광주중앙청과,20251204,오이,백다다기(오이),10 kg 박스,,,,31000,,,,trade
광주각화,광주중앙청과,20251204,오이,백다다기(오이),10 kg 박스,,,,26500,,,,trade
광주각화,광주중앙청과,20251204,오이,백다다기(오이),10 kg 박스,,,,24000,,,,trade
광주각화,광주중앙청과,20251204,오이,백다다기(오이),10 kg 박스,,,,8500,,,,trade
광주각화,광주중앙청과,20251204,오이,백다다기(오이),10 kg 박스,,,,18500,,,,trade
광주각화,광주중앙청과,20251204,오이,백다다기(오이),10 kg 박스,,,,24500,,,,trade
광주각화,광주중앙청과,20251204,오이,백다다기(오이),10 kg 박스,,,,18000,,,,trade
광주각화,광주중앙청과,20251204,오이,백다다기(오이),10 kg 박스,,,,23000,,,,trade
광주각화,광주중앙청과,20251204,오이,백다다기(오이),10 kg 박스,,,,12500,,,,trade
광주각화,광주중앙청과,20251204,오이,백다다기(오이),10 kg 박스,,,,18500,,,,trade
광주각화,광주중앙청과,20251204,오이,백다다기(오이),10 kg 박스,,,,30000,,,,trade
광주각화,광주중앙청과,20251204,오이,백다다기(오이),10 kg 박스,,,,16000,,,,trade
광주각화,광주중앙청과,20251204,오이,백다다기(오이),10 kg 박스,,,,20000,,,,trade
광주각화,광주중앙청과,20251204,오이,백다다기(오이),10 kg 박스,,,,27000,,,,trade
광주각화,광주중앙청과,20251204,오이,백다다기(오이),10 kg 박스,,,,18000,,,,trade
광주각화,광주중앙청과,20251204,오이,백다다기(오이),10 kg 박스,,,,13500,,,,trade
광주각화,광주중앙청과,20251204,오이,백다다기(오이),10 kg 박스,,,,16000,,,,trade
광주각화,광주중앙청과,20251204,오이,백다다기(오이),10 kg 박스,,,,22000,,,,trade
광주각화,광주중앙청과,20251204,오이,백다다기(오이),10 kg 박스,,,,28000,,,,trade
광주각화,광주중앙청과,20251204,오이,백다다기(오이),10 kg 박스,,,,12000,,,,trade
광주각화,광주중앙청과,20251204,오이,백다다기(오이),10 kg 박스,,,,16000,,,,trade
광주각화,광주중앙청과,20251204,오이,백다다기(오이),10 kg 박스,,,,21000,,,,trade
광주각화,광주중앙청과,20251204,오이,백다다기(오이),10 kg 박스,,,,13000,,,,trade
광주각화,광주중앙청과,20251204,오이,백다다기(오이),10 kg 박스,,,,15000,,,,trade
광주각화,광주중앙청과,20251204,오이,백다다기(오이),10 kg 박스,,,,25500,,,,trade
광주각화,광주중앙청과,20251204,오이,백다다기(오이),10 kg 박스,,,,15000,,,,trade
광주각화,광주중앙청과,20251204,오이,백다다기(오이),10 kg 박스,,,,14000,,,,trade
광주각화,광주중앙청과,20251204,오이,백다다기(오이),10 kg 박스,,,,19000,,,,trade
광주각화,광주중앙청과,20251204,오이,백다다기(오이),10 kg 박스,,,,15000,,,,trade
광주각화,광주중앙청과,20251204,오이,백다다기(오이),10 kg 박스,,,,34000,,,,trade
광주각화,광주중앙청과,20251204,오이,백다다기(오이),10 kg 박스,,,,33000,,,,trade
광주각화,광주중앙청과,20251204,오이,백다다기(오이),10 kg 비닐봉지,,,,11000,,,,trade
광주각화,광주중앙청과,20251204,오이,백다다기(오이),10 kg 팰릿,,,,26000,,,,trade
광주각화,광주중앙청과,20251204,오이,백다다기(오이),10 kg 팰릿,,,,30000,,,,trade
광주각화,광주중앙청과,20251204,오이,백다다기(오이),10 kg 팰릿,,,,18000,,,,trade
광주각화,광주중앙청과,20251204,오이,백다다기(오이),15 kg 비닐봉지,,,,8000,,,,trade
광주각화,광주중앙청과,20251204,오이,백다다기(오이),15 kg 비닐봉지,,,,8000,,,,trade
광주각화,광주중앙청과,20251204,오이,백다다기(오이),15 kg 비닐봉지,,,,12000,,,,trade
광주각화,광주중앙청과,20251204,오이,백다다기(오이),15 kg 비닐봉지,,,,8000,,,,trade
광주각화,광주중앙청과,20251204,오이,백다다기(오이),15 kg 비닐봉지,,,,13000,,,,trade
광주각화,광주중앙청과,20251204,오이,백다다기(오이),15 kg 비닐봉지,,,,11000,,,,trade
광주각화,광주중앙청과,20251204,오이,백다다기(오이),15 kg 비닐봉지,,,,12000,,,,trade
광주각화,광주중앙청과,20251204,오이,백다다기(오이),18 kg 박스,,,,12000,,,,trade
광주각화,광주중앙청과,20251204,오이,백다다기(오이),18 kg 박스,,,,73000,,,,trade
광주각화,광주중앙청과,20251204,오이,백다다기(오이),18 kg 박스,,,,18000,,,,trade
광주각화,광주중앙청과,20251204,오이,백다다기(오이),18 kg 박스,,,,20000,,,,trade
광주각화,광주중앙청과,20251204,오이,백다다기(오이),18 kg 박스,,,,11000,,,,trade
광주각화,광주중앙청과,20251204,오이,백다다기(오이),18 kg 박스,,,,21000,,,,trade
광주각화,광주중앙청과,20251204,오이,백다다기(오이),18 kg 박스,,,,20000,,,,trade
광주각화,광주중앙청과,20251204,오이,백다다기(오이),18 kg 박스,,,,21000,,,,trade
광주각화,광주중앙청과,20251204,오이,백다다기(오이),18 kg 박스,,,,28000,,,,trade
광주각화,광주중앙청과,20251204,오이,백다다기(오이),18 kg 박스,,,,5000,,,,trade
광주각화,광주중앙청과,20251204,오이,백다다기(오이),18 kg 박스,,,,42000,,,,trade
광주각화,광주중앙청과,20251204,오이,백다다기(오이),18 kg 박스,,,,25000,,,,trade
광주각화,광주중앙청과,20251204,오이,백다다기(오이),18 kg 박스,,,,33000,,,,trade
광주각화,광주중앙청과,20251204,오이,백다다기(오이),18 kg 박스,,,,38000,,,,trade
광주각화,광주중앙청과,20251204,오이,백다다기(오이),18 kg 박스,,,,20000,,,,trade
광주각화,광주중앙청과,20251204,오이,백다다기(오이),18 kg 박스,,,,50000,,,,trade
광주각화,광주중앙청과,20251204,오이,백다다기(오이),18 kg 박스,,,,20000,,,,trade
광주각화,광주중앙청과,20251204,오이,백다다기(오이),18 kg 박스,,,,54000,,,,trade
광주각화,광주중앙청과,20251204,오이,백다다기(오이),18 kg 박스,,,,28000,,,,trade
광주각화,광주중앙청과,20251204,오이,백다다기(오이),18 kg 박스,,,,18000,,,,trade
광주각화,광주중앙청과,20251204,오이,백다다기(오이),18 kg 박스,,,,63000,,,,trade
광주각화,광주중앙청과,20251204,오이,백다다기(오이),18 kg 박스,,,,26000,,,,trade
광주각화,광주중앙청과,20251204,오이,백다다기(오이),18 kg 박스,,,,33000,,,,trade
광주각화,광주중앙청과,20251204,오이,백다다기(오이),18 kg 박스,,,,40000,,,,trade
광주각화,광주중앙청과,20251204,오이,백다다기(오이),18 kg 박스,,,,25000,,,,trade
광주각화,광주중앙청과,20251204,오이,백다다기(오이),18 kg 박스,,,,25000,,,,trade
광주각화,광주중앙청과,20251204,오이,백다다기(오이),18 kg 박스,,,,25000,,,,trade
광주각화,광주중앙청과,20251204,오이,백다다기(오이),18 kg 박스,,,,35000,,,,trade
광주각화,광주중앙청과,20251204,오이,백다다기(오이),18 kg 박스,,,,40000,,,,trade
광주각화,광주중앙청과,20251204,오이,백다다기(오이),18 kg 박스,,,,60000,,,,trade
광주각화,광주중앙청과,20251204,오이,백다다기(오이),18 kg 박스,,,,38000,,,,trade
광주각화,광주중앙청과,20251204,오이,백다다기(오이),18 kg 박스,,,,56000,,,,trade
광주각화,광주중앙청과,20251204,오이,백다다기(오이),18 kg 박스,,,,42000,,,,trade
광주각화,광주중앙청과,20251204,오이,백다다기(오이),18 kg 박스,,,,60000,,,,trade
광주각화,광주중앙청과,20251204,오이,백다다기(오이),18 kg 박스,,,,24000,,,,trade
광주각화,광주중앙청과,20251204,오이,백다다기(오이),18 kg 박스,,,,63000,,,,trade
광주각화,광주중앙청과,20251204,오이,백다다기(오이),18 kg 박스,,,,46000,,,,trade
광주각화,광주중앙청과,20251204,오이,백다다기(오이),18 kg 박스,,,,40000,,,,trade
광주각화,광주중앙청과,20251204,오이,백다다기(오이),18 kg 박스,,,,62000,,,,trade
광주각화,광주중앙청과,20251204,오이,백다다기(오이),18 kg 박스,,,,40000,,,,trade
광주각화,광주중앙청과,20251204,오이,백다다기(오이),18 kg 박스,,,,70000,,,,trade
광주각화,광주중앙청과,20251204,오이,백다다기(오이),18 kg 박스,,,,38000,,,,trade
광주각화,광주중앙청과,20251204,오이,백다다기(오이),18 kg 박스,,,,45000,,,,trade
광주각화,광주중앙청과,20251204,오이,백다다기(오이),18 kg 박스,,,,42000,,,,trade
광주각화,광주중앙청과,20251204,오이,백다다기(오이),18 kg 박스,,,,63000,,,,trade
광주각화,광주중앙청과,20251204,오이,백다다기(오이),18 kg 박스,,,,40000,,,,trade
광주각화,광주중앙청과,20251204,오이,백다다기(오이),18 kg 박스,,,,62000,,,,trade
광주각화,광주중앙청과,20251204,오이,백다다기(오이),18 kg 박스,,,,47000,,,,trade
광주각화,광주중앙청과,20251204,오이,백다다기(오이),18 kg 박스,,,,75000,,,,trade
광주각화,광주중앙청과,20251204,오이,백다다기(오이),18 kg 박스,,,,65000,,,,trade
광주각화,광주중앙청과,20251204,오이,백다다기(오이),18 kg 박스,,,,66000,,,,trade
광주각화,광주중앙청과,20251204,오이,백다다기(오이),18 kg 박스,,,,40000,,,,trade
광주각화,광주중앙청과,20251204,오이,백다다기(오이),18 kg 박스,,,,65000,,,,trade
광주각화,광주중앙청과,20251204,오이,백다다기(오이),18 kg 박스,,,,38000,,,,trade
광주각화,광주중앙청과,20251204,오이,백다다기(오이),18 kg 박스,,,,65000,,,,trade
광주각화,광주중앙청과,20251204,오이,백다다기(오이),18 kg 박스,,,,40000,,,,trade
광주각화,광주중앙청과,20251204,오이,백다다기(오이),18 kg 박스,,,,70000,,,,trade
광주각화,광주중앙청과,20251204,오이,백다다기(오이),18 kg 박스,,,,42000,,,,trade
광주각화,광주중앙청과,20251204,오이,백다다기(오이),18 kg 박스,,,,42000,,,,trade
광주각화,광주중앙청과,20251204,오이,백다다기(오이),18 kg 박스,,,,63000,,,,trade
광주각화,광주중앙청과,20251204,오이,백다다기(오이),18 kg 박스,,,,22000,,,,trade
광주각화,광주중앙청과,20251204,오이,백다다기(오이),18 kg 박스,,,,44000,,,,trade
광주각화,광주중앙청과,20251204,오이,백다다기(오이),18 kg 팰릿,,,,39000,,,,trade
광주각화,광주중앙청과,20251204,오이,백다다기(오이),10kg,,,,,8500,34000,24201,grade_agg
광주각화,광주중앙청과,20251204,오이,백다다기(오이),15kg,,,,,8000,13000,11978,grade_agg
광주각화,광주중앙청과,20251204,오이,백다다기(오이),18kg,,,,,5000,75000,47474,grade_agg
광주각화,광주중앙청과,20251209,오이,백다다기(오이),10 kg 박스,,,,28000,,,,trade
광주각화,광주중앙청과,20251209,오이,백다다기(오이),10 kg 박스,,,,32000,,,,trade
광주각화,광주중앙청과,20251209,오이,백다다기(오이),10 kg 박스,,,,35000,,,,trade
광주각화,광주중앙청과,20251209,오이,백다다기(오이),10 kg 박스,,,,20000,,,,trade
광주각화,광주중앙청과,20251209,오이,백다다기(오이),10 kg 박스,,,,28500,,,,trade
광주각화,광주중앙청과,20251209,오이,백다다기(오이),10 kg 박스,,,,22000,,,,trade
광주각화,광주중앙청과,20251209,오이,백다다기(오이),10 kg 박스,,,,35000,,,,trade
광주각화,광주중앙청과,20251209,오이,백다다기(오이),10 kg 박스,,,,40000,,,,trade
광주각화,광주중앙청과,20251209,오이,백다다기(오이),10 kg 박스,,,,31500,,,,trade
광주각화,광주중앙청과,20251209,오이,백다다기(오이),10 kg 박스,,,,26000,,,,trade
광주각화,광주중앙청과,20251209,오이,백다다기(오이),10 kg 박스,,,,30000,,,,trade
광주각화,광주중앙청과,20251209,오이,백다다기(오이),10 kg 박스,,,,34000,,,,trade
광주각화,광주중앙청과,20251209,오이,백다다기(오이),10 kg 박스,,,,12000,,,,trade
광주각화,광주중앙청과,20251209,오이,백다다기(오이),10 kg 박스,,,,29000,,,,trade
광주각화,광주중앙청과,20251209,오이,백다다기(오이),10 kg 박스,,,,31500,,,,trade
광주각화,광주중앙청과,20251209,오이,백다다기(오이),10 kg 박스,,,,38000,,,,trade
광주각화,광주중앙청과,20251209,오이,백다다기(오이),10 kg 박스,,,,23000,,,,trade
광주각화,광주중앙청과,20251209,오이,백다다기(오이),10 kg 박스,,,,25000,,,,trade
광주각화,광주중앙청과,20251209,오이,백다다기(오이),10 kg 박스,,,,25000,,,,trade
광주각화,광주중앙청과,20251209,오이,백다다기(오이),10 kg 박스,,,,25000,,,,trade
광주각화,광주중앙청과,20251209,오이,백다다기(오이),10 kg 박스,,,,25000,,,,trade
광주각화,광주중앙청과,20251209,오이,백다다기(오이),10 kg 박스,,,,25000,,,,trade
광주각화,광주중앙청과,20251209,오이,백다다기(오이),10 kg 박스,,,,34000,,,,trade
광주각화,광주중앙청과,20251209,오이,백다다기(오이),10 kg 박스,,,,33500,,,,trade
광주각화,광주중앙청과,20251209,오이,백다다기(오이),10 kg 박스,,,,35000,,,,trade
광주각화,광주중앙청과,20251209,오이,백다다기(오이),10 kg 박스,,,,33000,,,,trade
광주각화,광주중앙청과,20251209,오이,백다다기(오이),10 kg 박스,,,,17000,,,,trade
광주각화,광주중앙청과,20251209,오이,백다다기(오이),10 kg 박스,,,,27000,,,,trade
광주각화,광주중앙청과,20251209,오이,백다다기(오이),10 kg 박스,,,,30000,,,,trade
광주각화,광주중앙청과,20251209,오이,백다다기(오이),10 kg 박스,,,,15000,,,,trade
광주각화,광주중앙청과,20251209,오이,백다다기(오이),10 kg 박스,,,,24000,,,,trade
광주각화,광주중앙청과,20251209,오이,백다다기(오이),10 kg 박스,,,,28500,,,,trade
광주각화,광주중앙청과,20251209,오이,백다다기(오이),10 kg 박스,,,,13500,,,,trade
광주각화,광주중앙청과,20251209,오이,백다다기(오이),10 kg 박스,,,,22500,,,,trade
광주각화,광주중앙청과,20251209,오이,백다다기(오이),10 kg 박스,,,,19000,,,,trade
광주각화,광주중앙청과,20251209,오이,백다다기(오이),10 kg 박스,,,,23000,,,,trade
광주각화,광주중앙청과,20251209,오이,백다다기(오이),10 kg 박스,,,,16000,,,,trade
광주각화,광주중앙청과,20251209,오이,백다다기(오이),10 kg 박스,,,,24000,,,,trade
광주각화,광주중앙청과,20251209,오이,백다다기(오이),10 kg 박스,,,,28000,,,,trade
광주각화,광주중앙청과,20251209,오이,백다다기(오이),10 kg 박스,,,,16500,,,,trade
광주각화,광주중앙청과,20251209,오이,백다다기(오이),10 kg 박스,,,,21000,,,,trade
광주각화,광주중앙청과,20251209,오이,백다다기(오이),10 kg 박스,,,,14000,,,,trade
광주각화,광주중앙청과,20251209,오이,백다다기(오이),10 kg 박스,,,,25000,,,,trade
광주각화,광주중앙청과,20251209,오이,백다다기(오이),10 kg 박스,,,,35000,,,,trade
광주각화,광주중앙청과,20251209,오이,백다다기(오이),10 kg 비닐봉지,,,,15000,,,,trade
광주각화,광주중앙청과,20251209,오이,백다다기(오이),10 kg 비닐봉지,,,,15500,,,,trade
광주각화,광주중앙청과,20251209,오이,백다다기(오이),15 kg 비닐봉지,,,,15000,,,,trade
광주각화,광주중앙청과,20251209,오이,백다다기(오이),15 kg 비닐봉지,,,,7000,,,,trade
광주각화,광주중앙청과,20251209,오이,백다다기(오이),15 kg 비닐봉지,,,,16000,,,,trade
광주각화,광주중앙청과,20251209,오이,백다다기(오이),18 kg 박스,,,,16000,,,,trade
광주각화,광주중앙청과,20251209,오이,백다다기(오이),18 kg 박스,,,,42000,,,,trade
광주각화,광주중앙청과,20251209,오이,백다다기(오이),18 kg 박스,,,,56000,,,,trade
광주각화,광주중앙청과,20251209,오이,백다다기(오이),18 kg 박스,,,,18000,,,,trade
광주각화,광주중앙청과,20251209,오이,백다다기(오이),18 kg 박스,,,,15000,,,,trade
광주각화,광주중앙청과,20251209,오이,백다다기(오이),18 kg 박스,,,,46000,,,,trade
광주각화,광주중앙청과,20251209,오이,백다다기(오이),18 kg 박스,,,,42000,,,,trade
광주각화,광주중앙청과,20251209,오이,백다다기(오이),18 kg 박스,,,,78000,,,,trade
광주각화,광주중앙청과,20251209,오이,백다다기(오이),18 kg 박스,,,,28000,,,,trade
광주각화,광주중앙청과,20251209,오이,백다다기(오이),18 kg 박스,,,,26000,,,,trade
광주각화,광주중앙청과,20251209,오이,백다다기(오이),18 kg 박스,,,,36000,,,,trade
광주각화,광주중앙청과,20251209,오이,백다다기(오이),18 kg 박스,,,,53000,,,,trade
광주각화,광주중앙청과,20251209,오이,백다다기(오이),18 kg 박스,,,,44000,,,,trade
광주각화,광주중앙청과,20251209,오이,백다다기(오이),18 kg 박스,,,,52000,,,,trade
광주각화,광주중앙청과,20251209,오이,백다다기(오이),18 kg 박스,,,,26000,,,,trade
광주각화,광주중앙청과,20251209,오이,백다다기(오이),18 kg 박스,,,,33000,,,,trade
광주각화,광주중앙청과,20251209,오이,백다다기(오이),18 kg 박스,,,,38000,,,,trade
광주각화,광주중앙청과,20251209,오이,백다다기(오이),18 kg 박스,,,,25000,,,,trade
광주각화,광주중앙청과,20251209,오이,백다다기(오이),18 kg 박스,,,,26000,,,,trade
광주각화,광주중앙청과,20251209,오이,백다다기(오이),18 kg 박스,,,,30000,,,,trade
광주각화,광주중앙청과,20251209,오이,백다다기(오이),18 kg 박스,,,,38000,,,,trade
광주각화,광주중앙청과,20251209,오이,백다다기(오이),18 kg 박스,,,,50000,,,,trade
광주각화,광주중앙청과,20251209,오이,백다다기(오이),18 kg 박스,,,,70000,,,,trade
광주각화,광주중앙청과,20251209,오이,백다다기(오이),18 kg 박스,,,,57000,,,,trade
광주각화,광주중앙청과,20251209,오이,백다다기(오이),18 kg 박스,,,,68000,,,,trade
광주각화,광주중앙청과,20251209,오이,백다다기(오이),18 kg 박스,,,,43000,,,,trade
광주각화,광주중앙청과,20251209,오이,백다다기(오이),18 kg 박스,,,,53000,,,,trade
광주각화,광주중앙청과,20251209,오이,백다다기(오이),18 kg 박스,,,,29000,,,,trade
광주각화,광주중앙청과,20251209,오이,백다다기(오이),18 kg 박스,,,,43000,,,,trade
광주각화,광주중앙청과,20251209,오이,백다다기(오이),18 kg 박스,,,,45000,,,,trade
광주각화,광주중앙청과,20251209,오이,백다다기(오이),18 kg 박스,,,,56000,,,,trade
광주각화,광주중앙청과,20251209,오이,백다다기(오이),18 kg 박스,,,,72000,,,,trade
광주각화,광주중앙청과,20251209,오이,백다다기(오이),18 kg 박스,,,,50000,,,,trade
광주각화,광주중앙청과,20251209,오이,백다다기(오이),18 kg 박스,,,,58000,,,,trade
광주각화,광주중앙청과,20251209,오이,백다다기(오이),18 kg 박스,,,,57000,,,,trade
광주각화,광주중앙청과,20251209,오이,백다다기(오이),18 kg 박스,,,,71000,,,,trade
광주각화,광주중앙청과,20251209,오이,백다다기(오이),18 kg 박스,,,,56000,,,,trade
광주각화,광주중앙청과,20251209,오이,백다다기(오이),18 kg 박스,,,,71000,,,,trade
광주각화,광주중앙청과,20251209,오이,백다다기(오이),18 kg 박스,,,,50000,,,,trade
광주각화,광주중앙청과,20251209,오이,백다다기(오이),18 kg 박스,,,,73000,,,,trade
광주각화,광주중앙청과,20251209,오이,백다다기(오이),18 kg 박스,,,,48000,,,,trade
광주각화,광주중앙청과,20251209,오이,백다다기(오이),18 kg 박스,,,,71000,,,,trade
광주각화,광주중앙청과,20251209,오이,백다다기(오이),18 kg 박스,,,,62000,,,,trade
광주각화,광주중앙청과,20251209,오이,백다다기(오이),18 kg 박스,,,,78000,,,,trade
광주각화,광주중앙청과,20251209,오이,백다다기(오이),10kg,,,,,12000,40000,28385,grade_agg
광주각화,광주중앙청과,20251209,오이,백다다기(오이),15kg,,,,,7000,16000,15000,grade_agg
광주각화,광주중앙청과,20251209,오이,백다다기(오이),18kg,,,,,15000,80000,47603,grade_agg
광주각화,광주중앙청과,20251211,오이,백다다기(오이),10 kg 박스,,,,42000,,,,trade
광주각화,광주중앙청과,20251211,오이,백다다기(오이),10 kg 박스,,,,14500,,,,trade
광주각화,광주중앙청과,20251211,오이,백다다기(오이),10 kg 박스,,,,18000,,,,trade
광주각화,광주중앙청과,20251211,오이,백다다기(오이),10 kg 박스,,,,31500,,,,trade
광주각화,광주중앙청과,20251211,오이,백다다기(오이),10 kg 박스,,,,21500,,,,trade
광주각화,광주중앙청과,20251211,오이,백다다기(오이),10 kg 박스,,,,33500,,,,trade
광주각화,광주중앙청과,20251211,오이,백다다기(오이),10 kg 박스,,,,28000,,,,trade
광주각화,광주중앙청과,20251211,오이,백다다기(오이),10 kg 박스,,,,23000,,,,trade
광주각화,광주중앙청과,20251211,오이,백다다기(오이),10 kg 박스,,,,6000,,,,trade
광주각화,광주중앙청과,20251211,오이,백다다기(오이),10 kg 박스,,,,25000,,,,trade
광주각화,광주중앙청과,20251211,오이,백다다기(오이),10 kg 박스,,,,30500,,,,trade
광주각화,광주중앙청과,20251211,오이,백다다기(오이),10 kg 박스,,,,26000,,,,trade
광주각화,광주중앙청과,20251211,오이,백다다기(오이),10 kg 박스,,,,36000,,,,trade
광주각화,광주중앙청과,20251211,오이,백다다기(오이),10 kg 박스,,,,41500,,,,trade
광주각화,광주중앙청과,20251211,오이,백다다기(오이),10 kg 박스,,,,18000,,,,trade
광주각화,광주중앙청과,20251211,오이,백다다기(오이),10 kg 박스,,,,16500,,,,trade
광주각화,광주중앙청과,20251211,오이,백다다기(오이),10 kg 박스,,,,15500,,,,trade
광주각화,광주중앙청과,20251211,오이,백다다기(오이),10 kg 박스,,,,19000,,,,trade
광주각화,광주중앙청과,20251211,오이,백다다기(오이),10 kg 박스,,,,24000,,,,trade
광주각화,광주중앙청과,20251211,오이,백다다기(오이),10 kg 박스,,,,30000,,,,trade
광주각화,광주중앙청과,20251211,오이,백다다기(오이),10 kg 박스,,,,15000,,,,trade
광주각화,광주중앙청과,20251211,오이,백다다기(오이),10 kg 박스,,,,26000,,,,trade
광주각화,광주중앙청과,20251211,오이,백다다기(오이),10 kg 박스,,,,23000,,,,trade
광주각화,광주중앙청과,20251211,오이,백다다기(오이),10 kg 박스,,,,32500,,,,trade
광주각화,광주중앙청과,20251211,오이,백다다기(오이),10 kg 박스,,,,16000,,,,trade
광주각화,광주중앙청과,20251211,오이,백다다기(오이),10 kg 박스,,,,24000,,,,trade
광주각화,광주중앙청과,20251211,오이,백다다기(오이),10 kg 박스,,,,16000,,,,trade
광주각화,광주중앙청과,20251211,오이,백다다기(오이),10 kg 박스,,,,30000,,,,trade
광주각화,광주중앙청과,20251211,오이,백다다기(오이),10 kg 박스,,,,8500,,,,trade
광주각화,광주중앙청과,20251211,오이,백다다기(오이),10 kg 박스,,,,13000,,,,trade
광주각화,광주중앙청과,20251211,오이,백다다기(오이),10 kg 박스,,,,20000,,,,trade
광주각화,광주중앙청과,20251211,오이,백다다기(오이),10 kg 박스,,,,16000,,,,trade
광주각화,광주중앙청과,20251211,오이,백다다기(오이),10 kg 박스,,,,16000,,,,trade
광주각화,광주중앙청과,20251211,오이,백다다기(오이),10 kg 박스,,,,17000,,,,trade
광주각화,광주중앙청과,20251211,오이,백다다기(오이),10 kg 박스,,,,23000,,,,trade
광주각화,광주중앙청과,20251211,오이,백다다기(오이),10 kg 박스,,,,33000,,,,trade
광주각화,광주중앙청과,20251211,오이,백다다기(오이),10 kg 박스,,,,16000,,,,trade
광주각화,광주중앙청과,20251211,오이,백다다기(오이),10 kg 박스,,,,24000,,,,trade
광주각화,광주중앙청과,20251211,오이,백다다기(오이),10 kg 박스,,,,32000,,,,trade
광주각화,광주중앙청과,20251211,오이,백다다기(오이),10 kg 박스,,,,17000,,,,trade
광주각화,광주중앙청과,20251211,오이,백다다기(오이),10 kg 박스,,,,22500,,,,trade
광주각화,광주중앙청과,20251211,오이,백다다기(오이),10 kg 박스,,,,24000,,,,trade
광주각화,광주중앙청과,20251211,오이,백다다기(오이),10 kg 박스,,,,13000,,,,trade
광주각화,광주중앙청과,20251211,오이,백다다기(오이),10 kg 박스,,,,18500,,,,trade
광주각화,광주중앙청과,20251211,오이,백다다기(오이),10 kg 박스,,,,25000,,,,trade
광주각화,광주중앙청과,20251211,오이,백다다기(오이),10 kg 박스,,,,14000,,,,trade
광주각화,광주중앙청과,20251211,오이,백다다기(오이),10 kg 박스,,,,17000,,,,trade
광주각화,광주중앙청과,20251211,오이,백다다기(오이),10 kg 박스,,,,25000,,,,trade
광주각화,광주중앙청과,20251211,오이,백다다기(오이),10 kg 박스,,,,26000,,,,trade
광주각화,광주중앙청과,20251211,오이,백다다기(오이),10 kg 박스,,,,24000,,,,trade
광주각화,광주중앙청과,20251211,오이,백다다기(오이),10 kg 비닐봉지,,,,14500,,,,trade
광주각화,광주중앙청과,20251211,오이,백다다기(오이),10 kg 비닐봉지,,,,15000,,,,trade
광주각화,광주중앙청과,20251211,오이,백다다기(오이),10 kg 팰릿,,,,29000,,,,trade
광주각화,광주중앙청과,20251211,오이,백다다기(오이),15 kg 비닐봉지,,,,12000,,,,trade
광주각화,광주중앙청과,20251211,오이,백다다기(오이),15 kg 비닐봉지,,,,11000,,,,trade
광주각화,광주중앙청과,20251211,오이,백다다기(오이),18 kg 박스,,,,18000,,,,trade
광주각화,광주중앙청과,20251211,오이,백다다기(오이),18 kg 박스,,,,40000,,,,trade
광주각화,광주중앙청과,20251211,오이,백다다기(오이),18 kg 박스,,,,25000,,,,trade
광주각화,광주중앙청과,20251211,오이,백다다기(오이),18 kg 박스,,,,21000,,,,trade
광주각화,광주중앙청과,20251211,오이,백다다기(오이),18 kg 박스,,,,18000,,,,trade
광주각화,광주중앙청과,20251211,오이,백다다기(오이),18 kg 박스,,,,23000,,,,trade
광주각화,광주중앙청과,20251211,오이,백다다기(오이),18 kg 박스,,,,23000,,,,trade
광주각화,광주중앙청과,20251211,오이,백다다기(오이),18 kg 박스,,,,53000,,,,trade
광주각화,광주중앙청과,20251211,오이,백다다기(오이),18 kg 박스,,,,43000,,,,trade
광주각화,광주중앙청과,20251211,오이,백다다기(오이),18 kg 박스,,,,25000,,,,trade
광주각화,광주중앙청과,20251211,오이,백다다기(오이),18 kg 박스,,,,34000,,,,trade
광주각화,광주중앙청과,20251211,오이,백다다기(오이),18 kg 박스,,,,48000,,,,trade
광주각화,광주중앙청과,20251211,오이,백다다기(오이),18 kg 박스,,,,38000,,,,trade
광주각화,광주중앙청과,20251211,오이,백다다기(오이),18 kg 박스,,,,53000,,,,trade
광주각화,광주중앙청과,20251211,오이,백다다기(오이),18 kg 박스,,,,26000,,,,trade
광주각화,광주중앙청과,20251211,오이,백다다기(오이),18 kg 박스,,,,34000,,,,trade
광주각화,광주중앙청과,20251211,오이,백다다기(오이),18 kg 박스,,,,36000,,,,trade
광주각화,광주중앙청과,20251211,오이,백다다기(오이),18 kg 박스,,,,23000,,,,trade
광주각화,광주중앙청과,20251211,오이,백다다기(오이),18 kg 박스,,,,25000,,,,trade
광주각화,광주중앙청과,20251211,오이,백다다기(오이),18 kg 박스,,,,26000,,,,trade
광주각화,광주중앙청과,20251211,오이,백다다기(오이),18 kg 박스,,,,35000,,,,trade
광주각화,광주중앙청과,20251211,오이,백다다기(오이),18 kg 박스,,,,43000,,,,trade
광주각화,광주중앙청과,20251211,오이,백다다기(오이),18 kg 박스,,,,48000,,,,trade
광주각화,광주중앙청과,20251211,오이,백다다기(오이),18 kg 박스,,,,68000,,,,trade
광주각화,광주중앙청과,20251211,오이,백다다기(오이),18 kg 박스,,,,52000,,,,trade
광주각화,광주중앙청과,20251211,오이,백다다기(오이),18 kg 박스,,,,70000,,,,trade
광주각화,광주중앙청과,20251211,오이,백다다기(오이),18 kg 박스,,,,46000,,,,trade
광주각화,광주중앙청과,20251211,오이,백다다기(오이),18 kg 박스,,,,56000,,,,trade
광주각화,광주중앙청과,20251211,오이,백다다기(오이),18 kg 박스,,,,25000,,,,trade
광주각화,광주중앙청과,20251211,오이,백다다기(오이),18 kg 박스,,,,51000,,,,trade
광주각화,광주중앙청과,20251211,오이,백다다기(오이),18 kg 박스,,,,60000,,,,trade
광주각화,광주중앙청과,20251211,오이,백다다기(오이),18 kg 박스,,,,71000,,,,trade
광주각화,광주중앙청과,20251211,오이,백다다기(오이),18 kg 박스,,,,70000,,,,trade
광주각화,광주중앙청과,20251211,오이,백다다기(오이),18 kg 박스,,,,56000,,,,trade
광주각화,광주중앙청과,20251211,오이,백다다기(오이),18 kg 박스,,,,70000,,,,trade
광주각화,광주중앙청과,20251211,오이,백다다기(오이),18 kg 박스,,,,66000,,,,trade
광주각화,광주중앙청과,20251211,오이,백다다기(오이),18 kg 박스,,,,39000,,,,trade
광주각화,광주중앙청과,20251211,오이,백다다기(오이),18 kg 박스,,,,58000,,,,trade
광주각화,광주중앙청과,20251211,오이,백다다기(오이),18 kg 박스,,,,75000,,,,trade
광주각화,광주중앙청과,20251211,오이,백다다기(오이),18 kg 박스,,,,50000,,,,trade
광주각화,광주중앙청과,20251211,오이,백다다기(오이),18 kg 박스,,,,60000,,,,trade
광주각화,광주중앙청과,20251211,오이,백다다기(오이),18 kg 박스,,,,73000,,,,trade
광주각화,광주중앙청과,20251211,오이,백다다기(오이),10kg,,,,,6000,42000,23460,grade_agg
광주각화,광주중앙청과,20251211,오이,백다다기(오이),15kg,,,,,11000,12000,11500,grade_agg
광주각화,광주중앙청과,20251211,오이,백다다기(오이),18kg,,,,,18000,75000,48260,grade_agg
광주각화,광주중앙청과,20251216,오이,백다다기(오이),10 kg 박스,,,,26000,,,,trade
광주각화,광주중앙청과,20251216,오이,백다다기(오이),10 kg 박스,,,,37500,,,,trade
광주각화,광주중앙청과,20251216,오이,백다다기(오이),10 kg 박스,,,,30000,,,,trade
광주각화,광주중앙청과,20251216,오이,백다다기(오이),10 kg 박스,,,,40000,,,,trade
광주각화,광주중앙청과,20251216,오이,백다다기(오이),10 kg 박스,,,,26000,,,,trade
광주각화,광주중앙청과,20251216,오이,백다다기(오이),10 kg 박스,,,,27500,,,,trade
광주각화,광주중앙청과,20251216,오이,백다다기(오이),10 kg 박스,,,,36500,,,,trade
광주각화,광주중앙청과,20251216,오이,백다다기(오이),10 kg 박스,,,,23000,,,,trade
광주각화,광주중앙청과,20251216,오이,백다다기(오이),10 kg 박스,,,,27000,,,,trade
광주각화,광주중앙청과,20251216,오이,백다다기(오이),10 kg 박스,,,,34000,,,,trade
광주각화,광주중앙청과,20251216,오이,백다다기(오이),10 kg 박스,,,,16500,,,,trade
광주각화,광주중앙청과,20251216,오이,백다다기(오이),10 kg 박스,,,,16000,,,,trade
광주각화,광주중앙청과,20251216,오이,백다다기(오이),10 kg 박스,,,,24000,,,,trade
광주각화,광주중앙청과,20251216,오이,백다다기(오이),10 kg 박스,,,,31000,,,,trade
광주각화,광주중앙청과,20251216,오이,백다다기(오이),10 kg 박스,,,,24500,,,,trade
광주각화,광주중앙청과,20251216,오이,백다다기(오이),10 kg 박스,,,,37000,,,,trade
광주각화,광주중앙청과,20251216,오이,백다다기(오이),10 kg 박스,,,,17000,,,,trade
광주각화,광주중앙청과,20251216,오이,백다다기(오이),10 kg 박스,,,,23000,,,,trade
광주각화,광주중앙청과,20251216,오이,백다다기(오이),10 kg 박스,,,,29000,,,,trade
광주각화,광주중앙청과,20251216,오이,백다다기(오이),10 kg 박스,,,,17000,,,,trade
광주각화,광주중앙청과,20251216,오이,백다다기(오이),10 kg 박스,,,,20000,,,,trade
광주각화,광주중앙청과,20251216,오이,백다다기(오이),10 kg 박스,,,,34000,,,,trade
광주각화,광주중앙청과,20251216,오이,백다다기(오이),10 kg 박스,,,,14500,,,,trade
광주각화,광주중앙청과,20251216,오이,백다다기(오이),10 kg 박스,,,,16000,,,,trade
광주각화,광주중앙청과,20251216,오이,백다다기(오이),10 kg 박스,,,,23000,,,,trade
광주각화,광주중앙청과,20251216,오이,백다다기(오이),10 kg 박스,,,,20000,,,,trade
광주각화,광주중앙청과,20251216,오이,백다다기(오이),10 kg 박스,,,,22000,,,,trade
광주각화,광주중앙청과,20251216,오이,백다다기(오이),10 kg 박스,,,,29000,,,,trade
광주각화,광주중앙청과,20251216,오이,백다다기(오이),10 kg 박스,,,,16500,,,,trade
광주각화,광주중앙청과,20251216,오이,백다다기(오이),10 kg 박스,,,,25000,,,,trade
광주각화,광주중앙청과,20251216,오이,백다다기(오이),10 kg 박스,,,,18000,,,,trade
광주각화,광주중앙청과,20251216,오이,백다다기(오이),10 kg 박스,,,,21500,,,,trade
광주각화,광주중앙청과,20251216,오이,백다다기(오이),10 kg 박스,,,,15500,,,,trade
광주각화,광주중앙청과,20251216,오이,백다다기(오이),10 kg 박스,,,,18000,,,,trade
광주각화,광주중앙청과,20251216,오이,백다다기(오이),10 kg 박스,,,,23000,,,,trade
광주각화,광주중앙청과,20251216,오이,백다다기(오이),10 kg 박스,,,,25000,,,,trade
광주각화,광주중앙청과,20251216,오이,백다다기(오이),10 kg 박스,,,,12500,,,,trade
광주각화,광주중앙청과,20251216,오이,백다다기(오이),10 kg 박스,,,,16500,,,,trade
광주각화,광주중앙청과,20251216,오이,백다다기(오이),10 kg 박스,,,,24500,,,,trade
광주각화,광주중앙청과,20251216,오이,백다다기(오이),10 kg 박스,,,,31000,,,,trade
광주각화,광주중앙청과,20251216,오이,백다다기(오이),10 kg 박스,,,,24500,,,,trade
광주각화,광주중앙청과,20251216,오이,백다다기(오이),10 kg 박스,,,,29000,,,,trade
광주각화,광주중앙청과,20251216,오이,백다다기(오이),10 kg 박스,,,,24500,,,,trade
광주각화,광주중앙청과,20251216,오이,백다다기(오이),10 kg 박스,,,,30000,,,,trade
광주각화,광주중앙청과,20251216,오이,백다다기(오이),10 kg 박스,,,,23000,,,,trade
광주각화,광주중앙청과,20251216,오이,백다다기(오이),10 kg 박스,,,,30000,,,,trade
광주각화,광주중앙청과,20251216,오이,백다다기(오이),10 kg 박스,,,,22500,,,,trade
광주각화,광주중앙청과,20251216,오이,백다다기(오이),10 kg 박스,,,,28000,,,,trade
광주각화,광주중앙청과,20251216,오이,백다다기(오이),10 kg 비닐봉지,,,,15500,,,,trade
광주각화,광주중앙청과,20251216,오이,백다다기(오이),10 kg 팰릿,,,,23000,,,,trade
광주각화,광주중앙청과,20251216,오이,백다다기(오이),18 kg 박스,,,,20000,,,,trade
광주각화,광주중앙청과,20251216,오이,백다다기(오이),18 kg 박스,,,,25000,,,,trade
광주각화,광주중앙청과,20251216,오이,백다다기(오이),18 kg 박스,,,,43000,,,,trade
광주각화,광주중앙청과,20251216,오이,백다다기(오이),18 kg 박스,,,,28000,,,,trade
광주각화,광주중앙청과,20251216,오이,백다다기(오이),18 kg 박스,,,,48000,,,,trade
광주각화,광주중앙청과,20251216,오이,백다다기(오이),18 kg 박스,,,,72000,,,,trade
광주각화,광주중앙청과,20251216,오이,백다다기(오이),18 kg 박스,,,,26000,,,,trade
광주각화,광주중앙청과,20251216,오이,백다다기(오이),18 kg 박스,,,,37000,,,,trade
광주각화,광주중앙청과,20251216,오이,백다다기(오이),18 kg 박스,,,,23000,,,,trade
광주각화,광주중앙청과,20251216,오이,백다다기(오이),18 kg 박스,,,,22000,,,,trade
광주각화,광주중앙청과,20251216,오이,백다다기(오이),18 kg 박스,,,,25000,,,,trade
광주각화,광주중앙청과,20251216,오이,백다다기(오이),18 kg 박스,,,,26000,,,,trade
광주각화,광주중앙청과,20251216,오이,백다다기(오이),18 kg 박스,,,,28000,,,,trade
광주각화,광주중앙청과,20251216,오이,백다다기(오이),18 kg 박스,,,,38000,,,,trade
광주각화,광주중앙청과,20251216,오이,백다다기(오이),18 kg 박스,,,,26000,,,,trade
광주각화,광주중앙청과,20251216,오이,백다다기(오이),18 kg 박스,,,,32000,,,,trade
광주각화,광주중앙청과,20251216,오이,백다다기(오이),18 kg 박스,,,,40000,,,,trade
광주각화,광주중앙청과,20251216,오이,백다다기(오이),18 kg 박스,,,,31000,,,,trade
광주각화,광주중앙청과,20251216,오이,백다다기(오이),18 kg 박스,,,,34000,,,,trade
광주각화,광주중앙청과,20251216,오이,백다다기(오이),18 kg 박스,,,,55000,,,,trade
광주각화,광주중앙청과,20251216,오이,백다다기(오이),18 kg 박스,,,,24000,,,,trade
광주각화,광주중앙청과,20251216,오이,백다다기(오이),18 kg 박스,,,,30000,,,,trade
광주각화,광주중앙청과,20251216,오이,백다다기(오이),18 kg 박스,,,,35000,,,,trade
광주각화,광주중앙청과,20251216,오이,백다다기(오이),18 kg 박스,,,,38000,,,,trade
광주각화,광주중앙청과,20251216,오이,백다다기(오이),18 kg 박스,,,,46000,,,,trade
광주각화,광주중앙청과,20251216,오이,백다다기(오이),18 kg 박스,,,,68000,,,,trade
광주각화,광주중앙청과,20251216,오이,백다다기(오이),18 kg 박스,,,,38000,,,,trade
광주각화,광주중앙청과,20251216,오이,백다다기(오이),18 kg 박스,,,,67000,,,,trade
광주각화,광주중앙청과,20251216,오이,백다다기(오이),18 kg 박스,,,,78000,,,,trade
광주각화,광주중앙청과,20251216,오이,백다다기(오이),18 kg 박스,,,,45000,,,,trade
광주각화,광주중앙청과,20251216,오이,백다다기(오이),18 kg 박스,,,,52000,,,,trade
광주각화,광주중앙청과,20251216,오이,백다다기(오이),18 kg 박스,,,,45000,,,,trade
광주각화,광주중앙청과,20251216,오이,백다다기(오이),18 kg 박스,,,,45000,,,,trade
광주각화,광주중앙청과,20251216,오이,백다다기(오이),18 kg 박스,,,,66000,,,,trade
광주각화,광주중앙청과,20251216,오이,백다다기(오이),18 kg 박스,,,,53000,,,,trade
광주각화,광주중앙청과,20251216,오이,백다다기(오이),18 kg 박스,,,,45000,,,,trade
광주각화,광주중앙청과,20251216,오이,백다다기(오이),18 kg 박스,,,,58000,,,,trade
광주각화,광주중앙청과,20251216,오이,백다다기(오이),18 kg 박스,,,,68000,,,,trade
광주각화,광주중앙청과,20251216,오이,백다다기(오이),18 kg 박스,,,,50000,,,,trade
광주각화,광주중앙청과,20251216,오이,백다다기(오이),18 kg 박스,,,,68000,,,,trade
광주각화,광주중앙청과,20251216,오이,백다다기(오이),18 kg 박스,,,,33000,,,,trade
광주각화,광주중앙청과,20251216,오이,백다다기(오이),18 kg 박스,,,,48000,,,,trade
광주각화,광주중앙청과,20251216,오이,백다다기(오이),18 kg 박스,,,,70000,,,,trade
광주각화,광주중앙청과,20251216,오이,백다다기(오이),18 kg 박스,,,,46000,,,,trade
광주각화,광주중앙청과,20251216,오이,백다다기(오이),18 kg 박스,,,,47000,,,,trade
광주각화,광주중앙청과,20251216,오이,백다다기(오이),18 kg 박스,,,,72000,,,,trade
광주각화,광주중앙청과,20251216,오이,백다다기(오이),18 kg 박스,,,,46000,,,,trade
광주각화,광주중앙청과,20251216,오이,백다다기(오이),18 kg 박스,,,,67000,,,,trade
광주각화,광주중앙청과,20251216,오이,백다다기(오이),18 kg 박스,,,,58000,,,,trade
광주각화,광주중앙청과,20251216,오이,백다다기(오이),18 kg 박스,,,,68000,,,,trade
광주각화,광주중앙청과,20251216,오이,백다다기(오이),18 kg 박스,,,,43000,,,,trade
광주각화,광주중앙청과,20251216,오이,백다다기(오이),18 kg 박스,,,,71000,,,,trade
광주각화,광주중앙청과,20251216,오이,백다다기(오이),18 kg 박스,,,,32000,,,,trade
광주각화,광주중앙청과,20251216,오이,백다다기(오이),18 kg 박스,,,,55000,,,,trade
광주각화,광주중앙청과,20251216,오이,백다다기(오이),18 kg 박스,,,,78000,,,,trade
광주각화,광주중앙청과,20251216,오이,백다다기(오이),18 kg 박스,,,,59000,,,,trade
광주각화,광주중앙청과,20251216,오이,백다다기(오이),18 kg 팰릿,,,,46000,,,,trade
광주각화,광주중앙청과,20251216,오이,백다다기(오이),10kg,,,,,12500,40000,25782,grade_agg
광주각화,광주중앙청과,20251216,오이,백다다기(오이),18kg,,,,,20000,78000,49859,grade_agg
광주각화,광주중앙청과,20251218,오이,백다다기(오이),10 kg 박스,,,,18000,,,,trade
광주각화,광주중앙청과,20251218,오이,백다다기(오이),10 kg 박스,,,,31000,,,,trade
광주각화,광주중앙청과,20251218,오이,백다다기(오이),10 kg 박스,,,,22000,,,,trade
광주각화,광주중앙청과,20251218,오이,백다다기(오이),10 kg 박스,,,,28000,,,,trade
광주각화,광주중앙청과,20251218,오이,백다다기(오이),10 kg 박스,,,,42000,,,,trade
광주각화,광주중앙청과,20251218,오이,백다다기(오이),10 kg 박스,,,,20000,,,,trade
광주각화,광주중앙청과,20251218,오이,백다다기(오이),10 kg 박스,,,,33000,,,,trade
광주각화,광주중앙청과,20251218,오이,백다다기(오이),10 kg 박스,,,,26500,,,,trade
광주각화,광주중앙청과,20251218,오이,백다다기(오이),10 kg 박스,,,,30000,,,,trade
광주각화,광주중앙청과,20251218,오이,백다다기(오이),10 kg 박스,,,,24500,,,,trade
광주각화,광주중앙청과,20251218,오이,백다다기(오이),10 kg 박스,,,,28000,,,,trade
광주각화,광주중앙청과,20251218,오이,백다다기(오이),10 kg 박스,,,,16000,,,,trade
광주각화,광주중앙청과,20251218,오이,백다다기(오이),10 kg 박스,,,,21500,,,,trade
광주각화,광주중앙청과,20251218,오이,백다다기(오이),10 kg 박스,,,,27000,,,,trade
광주각화,광주중앙청과,20251218,오이,백다다기(오이),10 kg 박스,,,,17000,,,,trade
광주각화,광주중앙청과,20251218,오이,백다다기(오이),10 kg 박스,,,,20000,,,,trade
광주각화,광주중앙청과,20251218,오이,백다다기(오이),10 kg 박스,,,,26000,,,,trade
광주각화,광주중앙청과,20251218,오이,백다다기(오이),10 kg 박스,,,,15500,,,,trade
광주각화,광주중앙청과,20251218,오이,백다다기(오이),10 kg 박스,,,,22000,,,,trade
광주각화,광주중앙청과,20251218,오이,백다다기(오이),10 kg 박스,,,,15000,,,,trade
광주각화,광주중앙청과,20251218,오이,백다다기(오이),10 kg 박스,,,,26500,,,,trade
광주각화,광주중앙청과,20251218,오이,백다다기(오이),10 kg 박스,,,,37000,,,,trade
광주각화,광주중앙청과,20251218,오이,백다다기(오이),10 kg 박스,,,,26500,,,,trade
광주각화,광주중앙청과,20251218,오이,백다다기(오이),10 kg 박스,,,,35000,,,,trade
광주각화,광주중앙청과,20251218,오이,백다다기(오이),10 kg 박스,,,,21000,,,,trade
광주각화,광주중앙청과,20251218,오이,백다다기(오이),10 kg 박스,,,,32000,,,,trade
광주각화,광주중앙청과,20251218,오이,백다다기(오이),10 kg 박스,,,,21500,,,,trade
광주각화,광주중앙청과,20251218,오이,백다다기(오이),10 kg 박스,,,,26500,,,,trade
광주각화,광주중앙청과,20251218,오이,백다다기(오이),10 kg 박스,,,,15000,,,,trade
광주각화,광주중앙청과,20251218,오이,백다다기(오이),10 kg 박스,,,,22000,,,,trade
광주각화,광주중앙청과,20251218,오이,백다다기(오이),10 kg 박스,,,,26500,,,,trade
광주각화,광주중앙청과,20251218,오이,백다다기(오이),10 kg 박스,,,,12000,,,,trade
광주각화,광주중앙청과,20251218,오이,백다다기(오이),10 kg 박스,,,,24500,,,,trade
광주각화,광주중앙청과,20251218,오이,백다다기(오이),10 kg 비닐봉지,,,,17500,,,,trade
광주각화,광주중앙청과,20251218,오이,백다다기(오이),10 kg 팰릿,,,,21000,,,,trade
광주각화,광주중앙청과,20251218,오이,백다다기(오이),10 kg 팰릿,,,,37000,,,,trade
광주각화,광주중앙청과,20251218,오이,백다다기(오이),10 kg 팰릿,,,,34000,,,,trade
광주각화,광주중앙청과,20251218,오이,백다다기(오이),10 kg 팰릿,,,,19000,,,,trade
광주각화,광주중앙청과,20251218,오이,백다다기(오이),10 kg 팰릿,,,,22000,,,,trade
광주각화,광주중앙청과,20251218,오이,백다다기(오이),18 kg 박스,,,,26000,,,,trade
광주각화,광주중앙청과,20251218,오이,백다다기(오이),18 kg 박스,,,,75000,,,,trade
광주각화,광주중앙청과,20251218,오이,백다다기(오이),18 kg 박스,,,,53000,,,,trade
광주각화,광주중앙청과,20251218,오이,백다다기(오이),18 kg 박스,,,,25000,,,,trade
광주각화,광주중앙청과,20251218,오이,백다다기(오이),18 kg 박스,,,,36000,,,,trade
광주각화,광주중앙청과,20251218,오이,백다다기(오이),18 kg 박스,,,,45000,,,,trade
광주각화,광주중앙청과,20251218,오이,백다다기(오이),18 kg 박스,,,,18000,,,,trade
광주각화,광주중앙청과,20251218,오이,백다다기(오이),18 kg 박스,,,,23000,,,,trade
광주각화,광주중앙청과,20251218,오이,백다다기(오이),18 kg 박스,,,,27000,,,,trade
광주각화,광주중앙청과,20251218,오이,백다다기(오이),18 kg 박스,,,,30000,,,,trade
광주각화,광주중앙청과,20251218,오이,백다다기(오이),18 kg 박스,,,,33000,,,,trade
광주각화,광주중앙청과,20251218,오이,백다다기(오이),18 kg 박스,,,,23000,,,,trade
광주각화,광주중앙청과,20251218,오이,백다다기(오이),18 kg 박스,,,,32000,,,,trade
광주각화,광주중앙청과,20251218,오이,백다다기(오이),18 kg 박스,,,,35000,,,,trade
광주각화,광주중앙청과,20251218,오이,백다다기(오이),18 kg 박스,,,,41000,,,,trade
광주각화,광주중앙청과,20251218,오이,백다다기(오이),18 kg 박스,,,,46000,,,,trade
광주각화,광주중앙청과,20251218,오이,백다다기(오이),18 kg 박스,,,,48000,,,,trade
광주각화,광주중앙청과,20251218,오이,백다다기(오이),18 kg 박스,,,,72000,,,,trade
광주각화,광주중앙청과,20251218,오이,백다다기(오이),18 kg 박스,,,,41000,,,,trade
광주각화,광주중앙청과,20251218,오이,백다다기(오이),18 kg 박스,,,,55000,,,,trade
광주각화,광주중앙청과,20251218,오이,백다다기(오이),18 kg 박스,,,,73000,,,,trade
광주각화,광주중앙청과,20251218,오이,백다다기(오이),18 kg 박스,,,,65000,,,,trade
광주각화,광주중앙청과,20251218,오이,백다다기(오이),18 kg 박스,,,,38000,,,,trade
광주각화,광주중앙청과,20251218,오이,백다다기(오이),18 kg 박스,,,,49000,,,,trade
광주각화,광주중앙청과,20251218,오이,백다다기(오이),18 kg 박스,,,,60000,,,,trade
광주각화,광주중앙청과,20251218,오이,백다다기(오이),18 kg 박스,,,,57000,,,,trade
광주각화,광주중앙청과,20251218,오이,백다다기(오이),18 kg 박스,,,,71000,,,,trade
광주각화,광주중앙청과,20251218,오이,백다다기(오이),18 kg 박스,,,,47000,,,,trade
광주각화,광주중앙청과,20251218,오이,백다다기(오이),18 kg 박스,,,,74000,,,,trade
광주각화,광주중앙청과,20251218,오이,백다다기(오이),18 kg 박스,,,,48000,,,,trade
광주각화,광주중앙청과,20251218,오이,백다다기(오이),18 kg 박스,,,,64000,,,,trade
광주각화,광주중앙청과,20251218,오이,백다다기(오이),18 kg 박스,,,,70000,,,,trade
광주각화,광주중앙청과,20251218,오이,백다다기(오이),18 kg 박스,,,,47000,,,,trade
광주각화,광주중앙청과,20251218,오이,백다다기(오이),18 kg 박스,,,,70000,,,,trade
광주각화,광주중앙청과,20251218,오이,백다다기(오이),18 kg 박스,,,,46000,,,,trade
광주각화,광주중앙청과,20251218,오이,백다다기(오이),18 kg 박스,,,,50000,,,,trade
광주각화,광주중앙청과,20251218,오이,백다다기(오이),18 kg 박스,,,,30000,,,,trade
광주각화,광주중앙청과,20251218,오이,백다다기(오이),18 kg 박스,,,,60000,,,,trade
광주각화,광주중앙청과,20251218,오이,백다다기(오이),18 kg 박스,,,,80000,,,,trade
광주각화,광주중앙청과,20251218,오이,백다다기(오이),18 kg 박스,,,,46000,,,,trade
광주각화,광주중앙청과,20251218,오이,백다다기(오이),18 kg 박스,,,,47000,,,,trade
광주각화,광주중앙청과,20251218,오이,백다다기(오이),18 kg 박스,,,,46000,,,,trade
광주각화,광주중앙청과,20251218,오이,백다다기(오이),18 kg 박스,,,,66000,,,,trade
광주각화,광주중앙청과,20251218,오이,백다다기(오이),18 kg 박스,,,,48000,,,,trade
광주각화,광주중앙청과,20251218,오이,백다다기(오이),18 kg 박스,,,,67000,,,,trade
광주각화,광주중앙청과,20251218,오이,백다다기(오이),18 kg 박스,,,,38000,,,,trade
광주각화,광주중앙청과,20251218,오이,백다다기(오이),18 kg 박스,,,,56000,,,,trade
광주각화,광주중앙청과,20251218,오이,백다다기(오이),18 kg 박스,,,,37000,,,,trade
광주각화,광주중앙청과,20251218,오이,백다다기(오이),10kg,,,,,12000,42000,26628,grade_agg
광주각화,광주중앙청과,20251218,오이,백다다기(오이),18kg,,,,,18000,80000,52377,grade_agg
광주각화,광주중앙청과,20251223,오이,백다다기(오이),10 kg 박스,,,,27000,,,,trade
광주각화,광주중앙청과,20251223,오이,백다다기(오이),10 kg 박스,,,,45000,,,,trade
광주각화,광주중앙청과,20251223,오이,백다다기(오이),10 kg 박스,,,,23500,,,,trade
광주각화,광주중앙청과,20251223,오이,백다다기(오이),10 kg 박스,,,,34000,,,,trade
광주각화,광주중앙청과,20251223,오이,백다다기(오이),10 kg 박스,,,,22500,,,,trade
광주각화,광주중앙청과,20251223,오이,백다다기(오이),10 kg 박스,,,,30000,,,,trade
광주각화,광주중앙청과,20251223,오이,백다다기(오이),10 kg 박스,,,,5000,,,,trade
광주각화,광주중앙청과,20251223,오이,백다다기(오이),10 kg 박스,,,,19000,,,,trade
광주각화,광주중앙청과,20251223,오이,백다다기(오이),10 kg 박스,,,,34000,,,,trade
광주각화,광주중앙청과,20251223,오이,백다다기(오이),10 kg 박스,,,,16000,,,,trade
광주각화,광주중앙청과,20251223,오이,백다다기(오이),10 kg 박스,,,,25000,,,,trade
광주각화,광주중앙청과,20251223,오이,백다다기(오이),10 kg 박스,,,,16000,,,,trade
광주각화,광주중앙청과,20251223,오이,백다다기(오이),10 kg 박스,,,,27000,,,,trade
광주각화,광주중앙청과,20251223,오이,백다다기(오이),10 kg 박스,,,,14500,,,,trade
광주각화,광주중앙청과,20251223,오이,백다다기(오이),10 kg 박스,,,,17000,,,,trade
광주각화,광주중앙청과,20251223,오이,백다다기(오이),10 kg 박스,,,,18000,,,,trade
광주각화,광주중앙청과,20251223,오이,백다다기(오이),10 kg 박스,,,,16500,,,,trade
광주각화,광주중앙청과,20251223,오이,백다다기(오이),10 kg 박스,,,,23000,,,,trade
광주각화,광주중앙청과,20251223,오이,백다다기(오이),10 kg 박스,,,,17000,,,,trade
광주각화,광주중앙청과,20251223,오이,백다다기(오이),10 kg 박스,,,,25000,,,,trade
광주각화,광주중앙청과,20251223,오이,백다다기(오이),10 kg 박스,,,,17000,,,,trade
광주각화,광주중앙청과,20251223,오이,백다다기(오이),10 kg 박스,,,,24000,,,,trade
광주각화,광주중앙청과,20251223,오이,백다다기(오이),10 kg 박스,,,,38500,,,,trade
광주각화,광주중앙청과,20251223,오이,백다다기(오이),10 kg 박스,,,,15500,,,,trade
광주각화,광주중앙청과,20251223,오이,백다다기(오이),10 kg 박스,,,,28500,,,,trade
광주각화,광주중앙청과,20251223,오이,백다다기(오이),10 kg 박스,,,,35000,,,,trade
광주각화,광주중앙청과,20251223,오이,백다다기(오이),10 kg 박스,,,,17000,,,,trade
광주각화,광주중앙청과,20251223,오이,백다다기(오이),10 kg 박스,,,,24000,,,,trade
광주각화,광주중앙청과,20251223,오이,백다다기(오이),10 kg 박스,,,,11000,,,,trade
광주각화,광주중앙청과,20251223,오이,백다다기(오이),10 kg 박스,,,,20000,,,,trade
광주각화,광주중앙청과,20251223,오이,백다다기(오이),10 kg 박스,,,,33000,,,,trade
광주각화,광주중앙청과,20251223,오이,백다다기(오이),10 kg 박스,,,,24500,,,,trade
광주각화,광주중앙청과,20251223,오이,백다다기(오이),10 kg 박스,,,,30000,,,,trade
광주각화,광주중앙청과,20251223,오이,백다다기(오이),10 kg 박스,,,,19000,,,,trade
광주각화,광주중앙청과,20251223,오이,백다다기(오이),10 kg 박스,,,,36500,,,,trade
광주각화,광주중앙청과,20251223,오이,백다다기(오이),10 kg 팰릿,,,,24000,,,,trade
광주각화,광주중앙청과,20251223,오이,백다다기(오이),10 kg 팰릿,,,,34000,,,,trade
광주각화,광주중앙청과,20251223,오이,백다다기(오이),18 kg 박스,,,,52000,,,,trade
광주각화,광주중앙청과,20251223,오이,백다다기(오이),18 kg 박스,,,,63000,,,,trade
광주각화,광주중앙청과,20251223,오이,백다다기(오이),18 kg 박스,,,,72000,,,,trade
광주각화,광주중앙청과,20251223,오이,백다다기(오이),18 kg 박스,,,,22000,,,,trade
광주각화,광주중앙청과,20251223,오이,백다다기(오이),18 kg 박스,,,,35000,,,,trade
광주각화,광주중앙청과,20251223,오이,백다다기(오이),18 kg 박스,,,,44000,,,,trade
광주각화,광주중앙청과,20251223,오이,백다다기(오이),18 kg 박스,,,,53000,,,,trade
광주각화,광주중앙청과,20251223,오이,백다다기(오이),18 kg 박스,,,,25000,,,,trade
광주각화,광주중앙청과,20251223,오이,백다다기(오이),18 kg 박스,,,,33000,,,,trade
광주각화,광주중앙청과,20251223,오이,백다다기(오이),18 kg 박스,,,,39000,,,,trade
광주각화,광주중앙청과,20251223,오이,백다다기(오이),18 kg 박스,,,,41000,,,,trade
광주각화,광주중앙청과,20251223,오이,백다다기(오이),18 kg 박스,,,,43000,,,,trade
광주각화,광주중앙청과,20251223,오이,백다다기(오이),18 kg 박스,,,,70000,,,,trade
광주각화,광주중앙청과,20251223,오이,백다다기(오이),18 kg 박스,,,,24000,,,,trade
광주각화,광주중앙청과,20251223,오이,백다다기(오이),18 kg 박스,,,,40000,,,,trade
광주각화,광주중앙청과,20251223,오이,백다다기(오이),18 kg 박스,,,,45000,,,,trade
광주각화,광주중앙청과,20251223,오이,백다다기(오이),18 kg 박스,,,,55000,,,,trade
광주각화,광주중앙청과,20251223,오이,백다다기(오이),18 kg 박스,,,,55000,,,,trade
광주각화,광주중앙청과,20251223,오이,백다다기(오이),18 kg 박스,,,,79000,,,,trade
광주각화,광주중앙청과,20251223,오이,백다다기(오이),18 kg 박스,,,,61000,,,,trade
광주각화,광주중앙청과,20251223,오이,백다다기(오이),18 kg 박스,,,,86000,,,,trade
광주각화,광주중앙청과,20251223,오이,백다다기(오이),18 kg 박스,,,,45000,,,,trade
광주각화,광주중앙청과,20251223,오이,백다다기(오이),18 kg 박스,,,,52000,,,,trade
광주각화,광주중앙청과,20251223,오이,백다다기(오이),18 kg 박스,,,,75000,,,,trade
광주각화,광주중앙청과,20251223,오이,백다다기(오이),18 kg 박스,,,,55000,,,,trade
광주각화,광주중앙청과,20251223,오이,백다다기(오이),18 kg 박스,,,,78000,,,,trade
광주각화,광주중앙청과,20251223,오이,백다다기(오이),18 kg 박스,,,,34000,,,,trade
광주각화,광주중앙청과,20251223,오이,백다다기(오이),18 kg 박스,,,,54000,,,,trade
광주각화,광주중앙청과,20251223,오이,백다다기(오이),18 kg 박스,,,,54000,,,,trade
광주각화,광주중앙청과,20251223,오이,백다다기(오이),18 kg 박스,,,,91000,,,,trade
광주각화,광주중앙청과,20251223,오이,백다다기(오이),18 kg 박스,,,,40000,,,,trade
광주각화,광주중앙청과,20251223,오이,백다다기(오이),18 kg 박스,,,,56000,,,,trade
광주각화,광주중앙청과,20251223,오이,백다다기(오이),18 kg 박스,,,,39000,,,,trade
광주각화,광주중앙청과,20251223,오이,백다다기(오이),18 kg 박스,,,,60000,,,,trade
광주각화,광주중앙청과,20251223,오이,백다다기(오이),18 kg 박스,,,,85000,,,,trade
광주각화,광주중앙청과,20251223,오이,백다다기(오이),18 kg 박스,,,,38000,,,,trade
광주각화,광주중앙청과,20251223,오이,백다다기(오이),18 kg 박스,,,,58000,,,,trade
광주각화,광주중앙청과,20251223,오이,백다다기(오이),18 kg 박스,,,,35000,,,,trade
광주각화,광주중앙청과,20251223,오이,백다다기(오이),18 kg 박스,,,,92000,,,,trade
광주각화,광주중앙청과,20251223,오이,백다다기(오이),18 kg 박스,,,,35000,,,,trade
광주각화,광주중앙청과,20251223,오이,백다다기(오이),10kg,,,,,5000,45000,26858,grade_agg
광주각화,광주중앙청과,20251223,오이,백다다기(오이),18kg,,,,,22000,92000,58172,grade_agg
광주각화,광주중앙청과,20251225,오이,백다다기(오이),10 kg 박스,,,,50000,,,,trade
광주각화,광주중앙청과,20251225,오이,백다다기(오이),10 kg 박스,,,,33000,,,,trade
광주각화,광주중앙청과,20251225,오이,백다다기(오이),10 kg 박스,,,,35000,,,,trade
광주각화,광주중앙청과,20251225,오이,백다다기(오이),10 kg 박스,,,,26000,,,,trade
광주각화,광주중앙청과,20251225,오이,백다다기(오이),10 kg 박스,,,,32000,,,,trade
광주각화,광주중앙청과,20251225,오이,백다다기(오이),10 kg 박스,,,,36000,,,,trade
광주각화,광주중앙청과,20251225,오이,백다다기(오이),10 kg 박스,,,,31000,,,,trade
광주각화,광주중앙청과,20251225,오이,백다다기(오이),10 kg 박스,,,,35000,,,,trade
광주각화,광주중앙청과,20251225,오이,백다다기(오이),10 kg 박스,,,,16500,,,,trade
광주각화,광주중앙청과,20251225,오이,백다다기(오이),10 kg 박스,,,,24000,,,,trade
광주각화,광주중앙청과,20251225,오이,백다다기(오이),10 kg 박스,,,,18500,,,,trade
광주각화,광주중앙청과,20251225,오이,백다다기(오이),10 kg 박스,,,,21000,,,,trade
광주각화,광주중앙청과,20251225,오이,백다다기(오이),10 kg 박스,,,,5000,,,,trade
광주각화,광주중앙청과,20251225,오이,백다다기(오이),10 kg 박스,,,,18000,,,,trade
광주각화,광주중앙청과,20251225,오이,백다다기(오이),10 kg 박스,,,,33500,,,,trade
광주각화,광주중앙청과,20251225,오이,백다다기(오이),10 kg 박스,,,,26000,,,,trade
광주각화,광주중앙청과,20251225,오이,백다다기(오이),10 kg 박스,,,,18000,,,,trade
광주각화,광주중앙청과,20251225,오이,백다다기(오이),10 kg 박스,,,,19000,,,,trade
광주각화,광주중앙청과,20251225,오이,백다다기(오이),10 kg 박스,,,,25000,,,,trade
광주각화,광주중앙청과,20251225,오이,백다다기(오이),10 kg 박스,,,,17500,,,,trade
광주각화,광주중앙청과,20251225,오이,백다다기(오이),10 kg 박스,,,,24000,,,,trade
광주각화,광주중앙청과,20251225,오이,백다다기(오이),10 kg 박스,,,,26000,,,,trade
광주각화,광주중앙청과,20251225,오이,백다다기(오이),10 kg 박스,,,,16000,,,,trade
광주각화,광주중앙청과,20251225,오이,백다다기(오이),10 kg 박스,,,,25500,,,,trade
광주각화,광주중앙청과,20251225,오이,백다다기(오이),10 kg 박스,,,,34500,,,,trade
광주각화,광주중앙청과,20251225,오이,백다다기(오이),10 kg 박스,,,,16000,,,,trade
광주각화,광주중앙청과,20251225,오이,백다다기(오이),10 kg 박스,,,,17000,,,,trade
광주각화,광주중앙청과,20251225,오이,백다다기(오이),10 kg 박스,,,,26500,,,,trade
광주각화,광주중앙청과,20251225,오이,백다다기(오이),10 kg 박스,,,,16500,,,,trade
광주각화,광주중앙청과,20251225,오이,백다다기(오이),10 kg 박스,,,,25500,,,,trade
광주각화,광주중앙청과,20251225,오이,백다다기(오이),10 kg 박스,,,,27500,,,,trade
광주각화,광주중앙청과,20251225,오이,백다다기(오이),10 kg 박스,,,,31000,,,,trade
광주각화,광주중앙청과,20251225,오이,백다다기(오이),10 kg 박스,,,,14000,,,,trade
광주각화,광주중앙청과,20251225,오이,백다다기(오이),10 kg 박스,,,,22000,,,,trade
광주각화,광주중앙청과,20251225,오이,백다다기(오이),10 kg 박스,,,,30000,,,,trade
광주각화,광주중앙청과,20251225,오이,백다다기(오이),10 kg 박스,,,,18500,,,,trade
광주각화,광주중앙청과,20251225,오이,백다다기(오이),10 kg 박스,,,,26500,,,,trade
광주각화,광주중앙청과,20251225,오이,백다다기(오이),10 kg 박스,,,,31500,,,,trade
광주각화,광주중앙청과,20251225,오이,백다다기(오이),10 kg 박스,,,,21500,,,,trade
광주각화,광주중앙청과,20251225,오이,백다다기(오이),10 kg 박스,,,,30000,,,,trade
광주각화,광주중앙청과,20251225,오이,백다다기(오이),10 kg 박스,,,,36000,,,,trade
광주각화,광주중앙청과,20251225,오이,백다다기(오이),10 kg 박스,,,,19000,,,,trade
광주각화,광주중앙청과,20251225,오이,백다다기(오이),10 kg 박스,,,,29000,,,,trade
광주각화,광주중앙청과,20251225,오이,백다다기(오이),10 kg 박스,,,,41000,,,,trade
광주각화,광주중앙청과,20251225,오이,백다다기(오이),10 kg 비닐봉지,,,,17000,,,,trade
광주각화,광주중앙청과,20251225,오이,백다다기(오이),10 kg 팰릿,,,,44000,,,,trade
광주각화,광주중앙청과,20251225,오이,백다다기(오이),18 kg 박스,,,,33000,,,,trade
광주각화,광주중앙청과,20251225,오이,백다다기(오이),18 kg 박스,,,,33000,,,,trade
광주각화,광주중앙청과,20251225,오이,백다다기(오이),18 kg 박스,,,,34000,,,,trade
광주각화,광주중앙청과,20251225,오이,백다다기(오이),18 kg 박스,,,,36000,,,,trade
광주각화,광주중앙청과,20251225,오이,백다다기(오이),18 kg 박스,,,,39000,,,,trade
광주각화,광주중앙청과,20251225,오이,백다다기(오이),18 kg 박스,,,,31000,,,,trade
광주각화,광주중앙청과,20251225,오이,백다다기(오이),18 kg 박스,,,,40000,,,,trade
광주각화,광주중앙청과,20251225,오이,백다다기(오이),18 kg 박스,,,,50000,,,,trade
광주각화,광주중앙청과,20251225,오이,백다다기(오이),18 kg 박스,,,,27000,,,,trade
광주각화,광주중앙청과,20251225,오이,백다다기(오이),18 kg 박스,,,,41000,,,,trade
광주각화,광주중앙청과,20251225,오이,백다다기(오이),18 kg 박스,,,,58000,,,,trade
광주각화,광주중앙청과,20251225,오이,백다다기(오이),18 kg 박스,,,,72000,,,,trade
광주각화,광주중앙청과,20251225,오이,백다다기(오이),18 kg 박스,,,,26000,,,,trade
광주각화,광주중앙청과,20251225,오이,백다다기(오이),18 kg 박스,,,,39000,,,,trade
광주각화,광주중앙청과,20251225,오이,백다다기(오이),18 kg 박스,,,,41000,,,,trade
광주각화,광주중앙청과,20251225,오이,백다다기(오이),18 kg 박스,,,,48000,,,,trade
광주각화,광주중앙청과,20251225,오이,백다다기(오이),18 kg 박스,,,,35000,,,,trade
광주각화,광주중앙청과,20251225,오이,백다다기(오이),18 kg 박스,,,,40000,,,,trade
광주각화,광주중앙청과,20251225,오이,백다다기(오이),18 kg 박스,,,,42000,,,,trade
광주각화,광주중앙청과,20251225,오이,백다다기(오이),18 kg 박스,,,,50000,,,,trade
광주각화,광주중앙청과,20251225,오이,백다다기(오이),18 kg 박스,,,,61000,,,,trade
광주각화,광주중앙청과,20251225,오이,백다다기(오이),18 kg 박스,,,,78000,,,,trade
광주각화,광주중앙청과,20251225,오이,백다다기(오이),18 kg 박스,,,,58000,,,,trade
광주각화,광주중앙청과,20251225,오이,백다다기(오이),18 kg 박스,,,,76000,,,,trade
광주각화,광주중앙청과,20251225,오이,백다다기(오이),18 kg 박스,,,,36000,,,,trade
광주각화,광주중앙청과,20251225,오이,백다다기(오이),18 kg 박스,,,,55000,,,,trade
광주각화,광주중앙청과,20251225,오이,백다다기(오이),18 kg 박스,,,,40000,,,,trade
광주각화,광주중앙청과,20251225,오이,백다다기(오이),18 kg 박스,,,,41000,,,,trade
광주각화,광주중앙청과,20251225,오이,백다다기(오이),18 kg 박스,,,,58000,,,,trade
광주각화,광주중앙청과,20251225,오이,백다다기(오이),18 kg 박스,,,,75000,,,,trade
광주각화,광주중앙청과,20251225,오이,백다다기(오이),18 kg 박스,,,,56000,,,,trade
광주각화,광주중앙청과,20251225,오이,백다다기(오이),18 kg 박스,,,,82000,,,,trade
광주각화,광주중앙청과,20251225,오이,백다다기(오이),18 kg 박스,,,,54000,,,,trade
광주각화,광주중앙청과,20251225,오이,백다다기(오이),18 kg 박스,,,,87000,,,,trade
광주각화,광주중앙청과,20251225,오이,백다다기(오이),18 kg 박스,,,,40000,,,,trade
광주각화,광주중앙청과,20251225,오이,백다다기(오이),18 kg 박스,,,,60000,,,,trade
광주각화,광주중앙청과,20251225,오이,백다다기(오이),18 kg 박스,,,,75000,,,,trade
광주각화,광주중앙청과,20251225,오이,백다다기(오이),10kg,,,,,5000,50000,29700,grade_agg
광주각화,광주중앙청과,20251225,오이,백다다기(오이),18kg,,,,,26000,87000,47009,grade_agg
광주각화,광주중앙청과,20251230,오이,백다다기(오이),10 kg 박스,,,,65500,,,,trade
광주각화,광주중앙청과,20251230,오이,백다다기(오이),10 kg 박스,,,,35500,,,,trade
광주각화,광주중앙청과,20251230,오이,백다다기(오이),10 kg 박스,,,,39000,,,,trade
광주각화,광주중앙청과,20251230,오이,백다다기(오이),10 kg 박스,,,,19000,,,,trade
광주각화,광주중앙청과,20251230,오이,백다다기(오이),10 kg 박스,,,,20000,,,,trade
광주각화,광주중앙청과,20251230,오이,백다다기(오이),10 kg 박스,,,,16500,,,,trade
광주각화,광주중앙청과,20251230,오이,백다다기(오이),10 kg 박스,,,,33000,,,,trade
광주각화,광주중앙청과,20251230,오이,백다다기(오이),10 kg 박스,,,,44500,,,,trade
광주각화,광주중앙청과,20251230,오이,백다다기(오이),10 kg 박스,,,,63500,,,,trade
광주각화,광주중앙청과,20251230,오이,백다다기(오이),10 kg 박스,,,,22000,,,,trade
광주각화,광주중앙청과,20251230,오이,백다다기(오이),10 kg 박스,,,,43000,,,,trade
광주각화,광주중앙청과,20251230,오이,백다다기(오이),10 kg 박스,,,,23000,,,,trade
광주각화,광주중앙청과,20251230,오이,백다다기(오이),10 kg 박스,,,,37000,,,,trade
광주각화,광주중앙청과,20251230,오이,백다다기(오이),10 kg 박스,,,,17000,,,,trade
광주각화,광주중앙청과,20251230,오이,백다다기(오이),10 kg 박스,,,,26500,,,,trade
광주각화,광주중앙청과,20251230,오이,백다다기(오이),10 kg 박스,,,,18500,,,,trade
광주각화,광주중앙청과,20251230,오이,백다다기(오이),10 kg 박스,,,,26000,,,,trade
광주각화,광주중앙청과,20251230,오이,백다다기(오이),10 kg 박스,,,,50000,,,,trade
광주각화,광주중앙청과,20251230,오이,백다다기(오이),10 kg 박스,,,,13000,,,,trade
광주각화,광주중앙청과,20251230,오이,백다다기(오이),10 kg 박스,,,,32000,,,,trade
광주각화,광주중앙청과,20251230,오이,백다다기(오이),10 kg 박스,,,,34000,,,,trade
광주각화,광주중앙청과,20251230,오이,백다다기(오이),10 kg 박스,,,,34000,,,,trade
광주각화,광주중앙청과,20251230,오이,백다다기(오이),10 kg 박스,,,,17500,,,,trade
광주각화,광주중앙청과,20251230,오이,백다다기(오이),10 kg 박스,,,,24000,,,,trade
광주각화,광주중앙청과,20251230,오이,백다다기(오이),10 kg 박스,,,,17000,,,,trade
광주각화,광주중앙청과,20251230,오이,백다다기(오이),10 kg 박스,,,,35000,,,,trade
광주각화,광주중앙청과,20251230,오이,백다다기(오이),10 kg 박스,,,,19000,,,,trade
광주각화,광주중앙청과,20251230,오이,백다다기(오이),10 kg 박스,,,,26000,,,,trade
광주각화,광주중앙청과,20251230,오이,백다다기(오이),10 kg 박스,,,,26500,,,,trade
광주각화,광주중앙청과,20251230,오이,백다다기(오이),10 kg 박스,,,,33000,,,,trade
광주각화,광주중앙청과,20251230,오이,백다다기(오이),10 kg 박스,,,,23000,,,,trade
광주각화,광주중앙청과,20251230,오이,백다다기(오이),10 kg 박스,,,,5000,,,,trade
광주각화,광주중앙청과,20251230,오이,백다다기(오이),10 kg 박스,,,,25500,,,,trade
광주각화,광주중앙청과,20251230,오이,백다다기(오이),10 kg 박스,,,,32000,,,,trade
광주각화,광주중앙청과,20251230,오이,백다다기(오이),10 kg 박스,,,,24000,,,,trade
광주각화,광주중앙청과,20251230,오이,백다다기(오이),10 kg 박스,,,,31000,,,,trade
광주각화,광주중앙청과,20251230,오이,백다다기(오이),10 kg 박스,,,,35000,,,,trade
광주각화,광주중앙청과,20251230,오이,백다다기(오이),10 kg 박스,,,,23000,,,,trade
광주각화,광주중앙청과,20251230,오이,백다다기(오이),10 kg 박스,,,,52000,,,,trade
광주각화,광주중앙청과,20251230,오이,백다다기(오이),10 kg 박스,,,,58500,,,,trade
광주각화,광주중앙청과,20251230,오이,백다다기(오이),10 kg 박스,,,,15000,,,,trade
광주각화,광주중앙청과,20251230,오이,백다다기(오이),10 kg 박스,,,,25000,,,,trade
광주각화,광주중앙청과,20251230,오이,백다다기(오이),10 kg 비닐봉지,,,,17500,,,,trade
광주각화,광주중앙청과,20251230,오이,백다다기(오이),10 kg 팰릿,,,,28500,,,,trade
광주각화,광주중앙청과,20251230,오이,백다다기(오이),10 kg 팰릿,,,,59000,,,,trade
광주각화,광주중앙청과,20251230,오이,백다다기(오이),10 kg 팰릿,,,,33000,,,,trade
광주각화,광주중앙청과,20251230,오이,백다다기(오이),10 kg 팰릿,,,,26500,,,,trade
광주각화,광주중앙청과,20251230,오이,백다다기(오이),10 kg 팰릿,,,,28500,,,,trade
광주각화,광주중앙청과,20251230,오이,백다다기(오이),18 kg 박스,,,,42000,,,,trade
광주각화,광주중앙청과,20251230,오이,백다다기(오이),18 kg 박스,,,,55000,,,,trade
광주각화,광주중앙청과,20251230,오이,백다다기(오이),18 kg 박스,,,,63000,,,,trade
광주각화,광주중앙청과,20251230,오이,백다다기(오이),18 kg 박스,,,,25000,,,,trade
광주각화,광주중앙청과,20251230,오이,백다다기(오이),18 kg 박스,,,,35000,,,,trade
광주각화,광주중앙청과,20251230,오이,백다다기(오이),18 kg 박스,,,,44000,,,,trade
광주각화,광주중앙청과,20251230,오이,백다다기(오이),18 kg 박스,,,,57000,,,,trade
광주각화,광주중앙청과,20251230,오이,백다다기(오이),18 kg 박스,,,,60000,,,,trade
광주각화,광주중앙청과,20251230,오이,백다다기(오이),18 kg 박스,,,,32000,,,,trade
광주각화,광주중앙청과,20251230,오이,백다다기(오이),18 kg 박스,,,,43000,,,,trade
광주각화,광주중앙청과,20251230,오이,백다다기(오이),18 kg 박스,,,,120000,,,,trade
광주각화,광주중앙청과,20251230,오이,백다다기(오이),18 kg 박스,,,,58000,,,,trade
광주각화,광주중앙청과,20251230,오이,백다다기(오이),18 kg 박스,,,,65000,,,,trade
광주각화,광주중앙청과,20251230,오이,백다다기(오이),18 kg 박스,,,,115000,,,,trade
광주각화,광주중앙청과,20251230,오이,백다다기(오이),18 kg 박스,,,,68000,,,,trade
광주각화,광주중앙청과,20251230,오이,백다다기(오이),18 kg 박스,,,,123000,,,,trade
광주각화,광주중앙청과,20251230,오이,백다다기(오이),18 kg 박스,,,,20000,,,,trade
광주각화,광주중앙청과,20251230,오이,백다다기(오이),18 kg 박스,,,,74000,,,,trade
광주각화,광주중앙청과,20251230,오이,백다다기(오이),18 kg 박스,,,,68000,,,,trade
광주각화,광주중앙청과,20251230,오이,백다다기(오이),18 kg 박스,,,,110000,,,,trade
광주각화,광주중앙청과,20251230,오이,백다다기(오이),18 kg 박스,,,,15000,,,,trade
광주각화,광주중앙청과,20251230,오이,백다다기(오이),18 kg 박스,,,,42000,,,,trade
광주각화,광주중앙청과,20251230,오이,백다다기(오이),18 kg 박스,,,,72000,,,,trade
광주각화,광주중앙청과,20251230,오이,백다다기(오이),18 kg 박스,,,,123000,,,,trade
광주각화,광주중앙청과,20251230,오이,백다다기(오이),18 kg 박스,,,,42000,,,,trade
광주각화,광주중앙청과,20251230,오이,백다다기(오이),18 kg 박스,,,,78000,,,,trade
광주각화,광주중앙청과,20251230,오이,백다다기(오이),18 kg 박스,,,,72000,,,,trade
광주각화,광주중앙청과,20251230,오이,백다다기(오이),18 kg 박스,,,,46000,,,,trade
광주각화,광주중앙청과,20251230,오이,백다다기(오이),18 kg 박스,,,,38000,,,,trade
광주각화,광주중앙청과,20251230,오이,백다다기(오이),18 kg 박스,,,,23000,,,,trade
광주각화,광주중앙청과,20251230,오이,백다다기(오이),18 kg 박스,,,,45000,,,,trade
광주각화,광주중앙청과,20251230,오이,백다다기(오이),18 kg 박스,,,,33000,,,,trade
광주각화,광주중앙청과,20251230,오이,백다다기(오이),18 kg 박스,,,,45000,,,,trade
광주각화,광주중앙청과,20251230,오이,백다다기(오이),10kg,,,,,5000,65500,35027,grade_agg
광주각화,광주중앙청과,20251230,오이,백다다기(오이),18kg,,,,,15000,123000,59350,grade_agg
광주각화,광주중앙청과,20260106,오이,백다다기(오이),10 kg 박스,,,,42000,,,,trade
광주각화,광주중앙청과,20260106,오이,백다다기(오이),10 kg 박스,,,,46000,,,,trade
광주각화,광주중앙청과,20260106,오이,백다다기(오이),10 kg 박스,,,,39000,,,,trade
광주각화,광주중앙청과,20260106,오이,백다다기(오이),10 kg 박스,,,,20000,,,,trade
광주각화,광주중앙청과,20260106,오이,백다다기(오이),10 kg 박스,,,,28500,,,,trade
광주각화,광주중앙청과,20260106,오이,백다다기(오이),10 kg 박스,,,,35500,,,,trade
광주각화,광주중앙청과,20260106,오이,백다다기(오이),10 kg 박스,,,,53000,,,,trade
광주각화,광주중앙청과,20260106,오이,백다다기(오이),10 kg 박스,,,,18000,,,,trade
광주각화,광주중앙청과,20260106,오이,백다다기(오이),10 kg 박스,,,,21000,,,,trade
광주각화,광주중앙청과,20260106,오이,백다다기(오이),10 kg 박스,,,,28000,,,,trade
광주각화,광주중앙청과,20260106,오이,백다다기(오이),10 kg 박스,,,,32000,,,,trade
광주각화,광주중앙청과,20260106,오이,백다다기(오이),10 kg 박스,,,,20000,,,,trade
광주각화,광주중앙청과,20260106,오이,백다다기(오이),10 kg 박스,,,,27000,,,,trade
광주각화,광주중앙청과,20260106,오이,백다다기(오이),10 kg 박스,,,,19000,,,,trade
광주각화,광주중앙청과,20260106,오이,백다다기(오이),10 kg 박스,,,,25000,,,,trade
광주각화,광주중앙청과,20260106,오이,백다다기(오이),10 kg 박스,,,,18000,,,,trade
광주각화,광주중앙청과,20260106,오이,백다다기(오이),10 kg 박스,,,,30000,,,,trade
광주각화,광주중앙청과,20260106,오이,백다다기(오이),10 kg 박스,,,,35500,,,,trade
광주각화,광주중앙청과,20260106,오이,백다다기(오이),10 kg 박스,,,,8000,,,,trade
광주각화,광주중앙청과,20260106,오이,백다다기(오이),10 kg 박스,,,,10000,,,,trade
광주각화,광주중앙청과,20260106,오이,백다다기(오이),10 kg 박스,,,,28000,,,,trade
광주각화,광주중앙청과,20260106,오이,백다다기(오이),10 kg 박스,,,,39000,,,,trade
광주각화,광주중앙청과,20260106,오이,백다다기(오이),10 kg 박스,,,,18500,,,,trade
광주각화,광주중앙청과,20260106,오이,백다다기(오이),10 kg 박스,,,,28000,,,,trade
광주각화,광주중앙청과,20260106,오이,백다다기(오이),10 kg 박스,,,,33000,,,,trade
광주각화,광주중앙청과,20260106,오이,백다다기(오이),10 kg 박스,,,,21500,,,,trade
광주각화,광주중앙청과,20260106,오이,백다다기(오이),10 kg 박스,,,,21000,,,,trade
광주각화,광주중앙청과,20260106,오이,백다다기(오이),10 kg 박스,,,,33000,,,,trade
광주각화,광주중앙청과,20260106,오이,백다다기(오이),10 kg 박스,,,,22000,,,,trade
광주각화,광주중앙청과,20260106,오이,백다다기(오이),10 kg 박스,,,,43500,,,,trade
광주각화,광주중앙청과,20260106,오이,백다다기(오이),10 kg 박스,,,,27000,,,,trade
광주각화,광주중앙청과,20260106,오이,백다다기(오이),10 kg 박스,,,,42000,,,,trade
광주각화,광주중앙청과,20260106,오이,백다다기(오이),10 kg 박스,,,,34000,,,,trade
광주각화,광주중앙청과,20260106,오이,백다다기(오이),10 kg 비닐봉지,,,,15000,,,,trade
광주각화,광주중앙청과,20260106,오이,백다다기(오이),10 kg 비닐봉지,,,,12000,,,,trade
광주각화,광주중앙청과,20260106,오이,백다다기(오이),10 kg 팰릿,,,,28000,,,,trade
광주각화,광주중앙청과,20260106,오이,백다다기(오이),10 kg 팰릿,,,,32000,,,,trade
광주각화,광주중앙청과,20260106,오이,백다다기(오이),10 kg 팰릿,,,,44000,,,,trade
광주각화,광주중앙청과,20260106,오이,백다다기(오이),10 kg 팰릿,,,,48000,,,,trade
광주각화,광주중앙청과,20260106,오이,백다다기(오이),10 kg 팰릿,,,,32500,,,,trade
광주각화,광주중앙청과,20260106,오이,백다다기(오이),18 kg 박스,,,,51000,,,,trade
광주각화,광주중앙청과,20260106,오이,백다다기(오이),18 kg 박스,,,,68000,,,,trade
광주각화,광주중앙청과,20260106,오이,백다다기(오이),18 kg 박스,,,,70000,,,,trade
광주각화,광주중앙청과,20260106,오이,백다다기(오이),18 kg 박스,,,,31000,,,,trade
광주각화,광주중앙청과,20260106,오이,백다다기(오이),18 kg 박스,,,,39000,,,,trade
광주각화,광주중앙청과,20260106,오이,백다다기(오이),18 kg 박스,,,,45000,,,,trade
광주각화,광주중앙청과,20260106,오이,백다다기(오이),18 kg 박스,,,,56000,,,,trade
광주각화,광주중앙청과,20260106,오이,백다다기(오이),18 kg 박스,,,,63000,,,,trade
광주각화,광주중앙청과,20260106,오이,백다다기(오이),18 kg 박스,,,,105000,,,,trade
광주각화,광주중앙청과,20260106,오이,백다다기(오이),18 kg 박스,,,,43000,,,,trade
광주각화,광주중앙청과,20260106,오이,백다다기(오이),18 kg 박스,,,,46000,,,,trade
광주각화,광주중앙청과,20260106,오이,백다다기(오이),18 kg 박스,,,,54000,,,,trade
광주각화,광주중앙청과,20260106,오이,백다다기(오이),18 kg 박스,,,,56000,,,,trade
광주각화,광주중앙청과,20260106,오이,백다다기(오이),18 kg 박스,,,,62000,,,,trade
광주각화,광주중앙청과,20260106,오이,백다다기(오이),18 kg 박스,,,,40000,,,,trade
광주각화,광주중앙청과,20260106,오이,백다다기(오이),18 kg 박스,,,,26000,,,,trade
광주각화,광주중앙청과,20260106,오이,백다다기(오이),18 kg 박스,,,,58000,,,,trade
광주각화,광주중앙청과,20260106,오이,백다다기(오이),18 kg 박스,,,,47000,,,,trade
광주각화,광주중앙청과,20260106,오이,백다다기(오이),18 kg 박스,,,,39000,,,,trade
광주각화,광주중앙청과,20260106,오이,백다다기(오이),18 kg 박스,,,,35000,,,,trade
광주각화,광주중앙청과,20260106,오이,백다다기(오이),18 kg 박스,,,,70000,,,,trade
광주각화,광주중앙청과,20260106,오이,백다다기(오이),18 kg 박스,,,,68000,,,,trade
광주각화,광주중앙청과,20260106,오이,백다다기(오이),18 kg 박스,,,,84000,,,,trade
광주각화,광주중앙청과,20260106,오이,백다다기(오이),18 kg 박스,,,,46000,,,,trade
광주각화,광주중앙청과,20260106,오이,백다다기(오이),18 kg 박스,,,,75000,,,,trade
광주각화,광주중앙청과,20260106,오이,백다다기(오이),18 kg 박스,,,,93000,,,,trade
광주각화,광주중앙청과,20260106,오이,백다다기(오이),18 kg 박스,,,,73000,,,,trade
광주각화,광주중앙청과,20260106,오이,백다다기(오이),18 kg 박스,,,,90000,,,,trade
광주각화,광주중앙청과,20260106,오이,백다다기(오이),18 kg 박스,,,,46000,,,,trade
광주각화,광주중앙청과,20260106,오이,백다다기(오이),18 kg 팰릿,,,,38000,,,,trade
광주각화,광주중앙청과,20260106,오이,백다다기(오이),18 kg 팰릿,,,,41000,,,,trade
광주각화,광주중앙청과,20260106,오이,백다다기(오이),10kg,,,,,8000,53000,35018,grade_agg
광주각화,광주중앙청과,20260106,오이,백다다기(오이),18kg,,,,,26000,105000,55209,grade_agg
광주각화,광주중앙청과,20260108,오이,백다다기(오이),10 kg 박스,,,,48000,,,,trade
광주각화,광주중앙청과,20260108,오이,백다다기(오이),10 kg 박스,,,,21500,,,,trade
광주각화,광주중앙청과,20260108,오이,백다다기(오이),10 kg 박스,,,,28000,,,,trade
광주각화,광주중앙청과,20260108,오이,백다다기(오이),10 kg 박스,,,,34000,,,,trade
광주각화,광주중앙청과,20260108,오이,백다다기(오이),10 kg 박스,,,,26500,,,,trade
광주각화,광주중앙청과,20260108,오이,백다다기(오이),10 kg 박스,,,,46000,,,,trade
광주각화,광주중앙청과,20260108,오이,백다다기(오이),10 kg 박스,,,,23000,,,,trade
광주각화,광주중앙청과,20260108,오이,백다다기(오이),10 kg 박스,,,,29000,,,,trade
광주각화,광주중앙청과,20260108,오이,백다다기(오이),10 kg 박스,,,,36000,,,,trade
광주각화,광주중앙청과,20260108,오이,백다다기(오이),10 kg 박스,,,,34000,,,,trade
광주각화,광주중앙청과,20260108,오이,백다다기(오이),10 kg 박스,,,,35000,,,,trade
광주각화,광주중앙청과,20260108,오이,백다다기(오이),10 kg 박스,,,,19000,,,,trade
광주각화,광주중앙청과,20260108,오이,백다다기(오이),10 kg 박스,,,,21000,,,,trade
광주각화,광주중앙청과,20260108,오이,백다다기(오이),10 kg 박스,,,,26000,,,,trade
광주각화,광주중앙청과,20260108,오이,백다다기(오이),10 kg 박스,,,,30000,,,,trade
광주각화,광주중앙청과,20260108,오이,백다다기(오이),10 kg 박스,,,,18000,,,,trade
광주각화,광주중앙청과,20260108,오이,백다다기(오이),10 kg 박스,,,,25000,,,,trade
광주각화,광주중앙청과,20260108,오이,백다다기(오이),10 kg 박스,,,,16000,,,,trade
광주각화,광주중앙청과,20260108,오이,백다다기(오이),10 kg 박스,,,,32500,,,,trade
광주각화,광주중앙청과,20260108,오이,백다다기(오이),10 kg 박스,,,,21000,,,,trade
광주각화,광주중앙청과,20260108,오이,백다다기(오이),10 kg 박스,,,,25000,,,,trade
광주각화,광주중앙청과,20260108,오이,백다다기(오이),10 kg 박스,,,,33000,,,,trade
광주각화,광주중앙청과,20260108,오이,백다다기(오이),10 kg 박스,,,,21000,,,,trade
광주각화,광주중앙청과,20260108,오이,백다다기(오이),10 kg 박스,,,,25000,,,,trade
광주각화,광주중앙청과,20260108,오이,백다다기(오이),10 kg 박스,,,,29000,,,,trade
광주각화,광주중앙청과,20260108,오이,백다다기(오이),10 kg 박스,,,,33500,,,,trade
광주각화,광주중앙청과,20260108,오이,백다다기(오이),10 kg 박스,,,,43500,,,,trade
광주각화,광주중앙청과,20260108,오이,백다다기(오이),10 kg 박스,,,,23500,,,,trade
광주각화,광주중앙청과,20260108,오이,백다다기(오이),10 kg 박스,,,,36500,,,,trade
광주각화,광주중앙청과,20260108,오이,백다다기(오이),10 kg 박스,,,,48000,,,,trade
광주각화,광주중앙청과,20260108,오이,백다다기(오이),10 kg 박스,,,,17000,,,,trade
광주각화,광주중앙청과,20260108,오이,백다다기(오이),10 kg 박스,,,,28500,,,,trade
광주각화,광주중앙청과,20260108,오이,백다다기(오이),10 kg 박스,,,,38500,,,,trade
광주각화,광주중앙청과,20260108,오이,백다다기(오이),10 kg 박스,,,,29000,,,,trade
광주각화,광주중앙청과,20260108,오이,백다다기(오이),10 kg 박스,,,,44000,,,,trade
광주각화,광주중앙청과,20260108,오이,백다다기(오이),10 kg 박스,,,,47500,,,,trade
광주각화,광주중앙청과,20260108,오이,백다다기(오이),10 kg 박스,,,,22000,,,,trade
광주각화,광주중앙청과,20260108,오이,백다다기(오이),10 kg 박스,,,,34000,,,,trade
광주각화,광주중앙청과,20260108,오이,백다다기(오이),10 kg 박스,,,,15000,,,,trade
광주각화,광주중앙청과,20260108,오이,백다다기(오이),10 kg 박스,,,,18000,,,,trade
광주각화,광주중앙청과,20260108,오이,백다다기(오이),10 kg 박스,,,,28000,,,,trade
광주각화,광주중앙청과,20260108,오이,백다다기(오이),10 kg 박스,,,,28000,,,,trade
광주각화,광주중앙청과,20260108,오이,백다다기(오이),10 kg 박스,,,,38500,,,,trade
광주각화,광주중앙청과,20260108,오이,백다다기(오이),10 kg 박스,,,,22000,,,,trade
광주각화,광주중앙청과,20260108,오이,백다다기(오이),10 kg 박스,,,,29000,,,,trade
광주각화,광주중앙청과,20260108,오이,백다다기(오이),10 kg 비닐봉지,,,,15500,,,,trade
광주각화,광주중앙청과,20260108,오이,백다다기(오이),10 kg 팰릿,,,,42000,,,,trade
광주각화,광주중앙청과,20260108,오이,백다다기(오이),10 kg 팰릿,,,,42500,,,,trade
광주각화,광주중앙청과,20260108,오이,백다다기(오이),10 kg 팰릿,,,,26000,,,,trade
광주각화,광주중앙청과,20260108,오이,백다다기(오이),10 kg 팰릿,,,,29000,,,,trade
광주각화,광주중앙청과,20260108,오이,백다다기(오이),18 kg 박스,,,,42000,,,,trade
광주각화,광주중앙청과,20260108,오이,백다다기(오이),18 kg 박스,,,,39000,,,,trade
광주각화,광주중앙청과,20260108,오이,백다다기(오이),18 kg 박스,,,,41000,,,,trade
광주각화,광주중앙청과,20260108,오이,백다다기(오이),18 kg 박스,,,,49000,,,,trade
광주각화,광주중앙청과,20260108,오이,백다다기(오이),18 kg 박스,,,,51000,,,,trade
광주각화,광주중앙청과,20260108,오이,백다다기(오이),18 kg 박스,,,,55000,,,,trade
광주각화,광주중앙청과,20260108,오이,백다다기(오이),18 kg 박스,,,,40000,,,,trade
광주각화,광주중앙청과,20260108,오이,백다다기(오이),18 kg 박스,,,,49000,,,,trade
광주각화,광주중앙청과,20260108,오이,백다다기(오이),18 kg 박스,,,,57000,,,,trade
광주각화,광주중앙청과,20260108,오이,백다다기(오이),18 kg 박스,,,,42000,,,,trade
광주각화,광주중앙청과,20260108,오이,백다다기(오이),18 kg 박스,,,,47000,,,,trade
광주각화,광주중앙청과,20260108,오이,백다다기(오이),18 kg 박스,,,,52000,,,,trade
광주각화,광주중앙청과,20260108,오이,백다다기(오이),18 kg 박스,,,,28000,,,,trade
광주각화,광주중앙청과,20260108,오이,백다다기(오이),18 kg 박스,,,,32000,,,,trade
광주각화,광주중앙청과,20260108,오이,백다다기(오이),18 kg 박스,,,,43000,,,,trade
광주각화,광주중앙청과,20260108,오이,백다다기(오이),18 kg 박스,,,,45000,,,,trade
광주각화,광주중앙청과,20260108,오이,백다다기(오이),18 kg 박스,,,,47000,,,,trade
광주각화,광주중앙청과,20260108,오이,백다다기(오이),18 kg 박스,,,,49000,,,,trade
광주각화,광주중앙청과,20260108,오이,백다다기(오이),18 kg 박스,,,,52000,,,,trade
광주각화,광주중앙청과,20260108,오이,백다다기(오이),18 kg 박스,,,,64000,,,,trade
광주각화,광주중앙청과,20260108,오이,백다다기(오이),18 kg 박스,,,,80000,,,,trade
광주각화,광주중앙청과,20260108,오이,백다다기(오이),18 kg 박스,,,,88000,,,,trade
광주각화,광주중앙청과,20260108,오이,백다다기(오이),18 kg 박스,,,,32000,,,,trade
광주각화,광주중앙청과,20260108,오이,백다다기(오이),18 kg 박스,,,,66000,,,,trade
광주각화,광주중앙청과,20260108,오이,백다다기(오이),18 kg 박스,,,,63000,,,,trade
광주각화,광주중앙청과,20260108,오이,백다다기(오이),18 kg 박스,,,,72000,,,,trade
광주각화,광주중앙청과,20260108,오이,백다다기(오이),18 kg 박스,,,,43000,,,,trade
광주각화,광주중앙청과,20260108,오이,백다다기(오이),18 kg 박스,,,,69000,,,,trade
광주각화,광주중앙청과,20260108,오이,백다다기(오이),18 kg 박스,,,,86000,,,,trade
광주각화,광주중앙청과,20260108,오이,백다다기(오이),18 kg 박스,,,,63000,,,,trade
광주각화,광주중앙청과,20260108,오이,백다다기(오이),18 kg 박스,,,,82000,,,,trade
광주각화,광주중앙청과,20260108,오이,백다다기(오이),18 kg 박스,,,,63000,,,,trade
광주각화,광주중앙청과,20260108,오이,백다다기(오이),18 kg 박스,,,,86000,,,,trade
광주각화,광주중앙청과,20260108,오이,백다다기(오이),18 kg 박스,,,,64000,,,,trade
광주각화,광주중앙청과,20260108,오이,백다다기(오이),18 kg 박스,,,,85000,,,,trade
광주각화,광주중앙청과,20260108,오이,백다다기(오이),18 kg 박스,,,,50000,,,,trade
광주각화,광주중앙청과,20260108,오이,백다다기(오이),18 kg 박스,,,,75000,,,,trade
광주각화,광주중앙청과,20260108,오이,백다다기(오이),18 kg 박스,,,,92000,,,,trade
광주각화,광주중앙청과,20260108,오이,백다다기(오이),18 kg 박스,,,,47000,,,,trade
광주각화,광주중앙청과,20260108,오이,백다다기(오이),18 kg 박스,,,,70000,,,,trade
광주각화,광주중앙청과,20260108,오이,백다다기(오이),18 kg 박스,,,,100000,,,,trade
광주각화,광주중앙청과,20260108,오이,백다다기(오이),18 kg 팰릿,,,,46000,,,,trade
광주각화,광주중앙청과,20260108,오이,백다다기(오이),10kg,,,,,15000,48000,32546,grade_agg
광주각화,광주중앙청과,20260108,오이,백다다기(오이),18kg,,,,,28000,100000,58561,grade_agg
광주각화,광주중앙청과,20260113,오이,백다다기(오이),10 kg 박스,,,,18000,,,,trade
광주각화,광주중앙청과,20260113,오이,백다다기(오이),10 kg 박스,,,,22000,,,,trade
광주각화,광주중앙청과,20260113,오이,백다다기(오이),10 kg 박스,,,,23000,,,,trade
광주각화,광주중앙청과,20260113,오이,백다다기(오이),10 kg 박스,,,,28000,,,,trade
광주각화,광주중앙청과,20260113,오이,백다다기(오이),10 kg 박스,,,,32000,,,,trade
광주각화,광주중앙청과,20260113,오이,백다다기(오이),10 kg 박스,,,,41000,,,,trade
광주각화,광주중앙청과,20260113,오이,백다다기(오이),10 kg 박스,,,,23000,,,,trade
광주각화,광주중앙청과,20260113,오이,백다다기(오이),10 kg 박스,,,,23000,,,,trade
광주각화,광주중앙청과,20260113,오이,백다다기(오이),10 kg 박스,,,,27000,,,,trade
광주각화,광주중앙청과,20260113,오이,백다다기(오이),10 kg 박스,,,,22000,,,,trade
광주각화,광주중앙청과,20260113,오이,백다다기(오이),10 kg 박스,,,,26500,,,,trade
광주각화,광주중앙청과,20260113,오이,백다다기(오이),10 kg 박스,,,,31500,,,,trade
광주각화,광주중앙청과,20260113,오이,백다다기(오이),10 kg 박스,,,,25000,,,,trade
광주각화,광주중앙청과,20260113,오이,백다다기(오이),10 kg 박스,,,,28000,,,,trade
광주각화,광주중앙청과,20260113,오이,백다다기(오이),10 kg 박스,,,,38000,,,,trade
광주각화,광주중앙청과,20260113,오이,백다다기(오이),10 kg 박스,,,,38000,,,,trade
광주각화,광주중앙청과,20260113,오이,백다다기(오이),10 kg 박스,,,,17000,,,,trade
광주각화,광주중앙청과,20260113,오이,백다다기(오이),10 kg 박스,,,,20000,,,,trade
광주각화,광주중앙청과,20260113,오이,백다다기(오이),10 kg 박스,,,,26000,,,,trade
광주각화,광주중앙청과,20260113,오이,백다다기(오이),10 kg 박스,,,,36500,,,,trade
광주각화,광주중앙청과,20260113,오이,백다다기(오이),10 kg 박스,,,,32000,,,,trade
광주각화,광주중앙청과,20260113,오이,백다다기(오이),10 kg 박스,,,,20500,,,,trade
광주각화,광주중앙청과,20260113,오이,백다다기(오이),10 kg 박스,,,,25000,,,,trade
광주각화,광주중앙청과,20260113,오이,백다다기(오이),10 kg 박스,,,,25500,,,,trade
광주각화,광주중앙청과,20260113,오이,백다다기(오이),10 kg 박스,,,,38500,,,,trade
광주각화,광주중앙청과,20260113,오이,백다다기(오이),10 kg 박스,,,,24000,,,,trade
광주각화,광주중앙청과,20260113,오이,백다다기(오이),10 kg 박스,,,,29000,,,,trade
광주각화,광주중앙청과,20260113,오이,백다다기(오이),10 kg 박스,,,,45000,,,,trade
광주각화,광주중앙청과,20260113,오이,백다다기(오이),10 kg 박스,,,,36500,,,,trade
광주각화,광주중앙청과,20260113,오이,백다다기(오이),10 kg 박스,,,,14000,,,,trade
광주각화,광주중앙청과,20260113,오이,백다다기(오이),10 kg 박스,,,,19000,,,,trade
광주각화,광주중앙청과,20260113,오이,백다다기(오이),10 kg 박스,,,,21000,,,,trade
광주각화,광주중앙청과,20260113,오이,백다다기(오이),10 kg 박스,,,,19000,,,,trade
광주각화,광주중앙청과,20260113,오이,백다다기(오이),10 kg 박스,,,,30000,,,,trade
광주각화,광주중앙청과,20260113,오이,백다다기(오이),10 kg 박스,,,,27000,,,,trade
광주각화,광주중앙청과,20260113,오이,백다다기(오이),10 kg 박스,,,,38000,,,,trade
광주각화,광주중앙청과,20260113,오이,백다다기(오이),10 kg 박스,,,,14500,,,,trade
광주각화,광주중앙청과,20260113,오이,백다다기(오이),10 kg 박스,,,,26000,,,,trade
광주각화,광주중앙청과,20260113,오이,백다다기(오이),10 kg 박스,,,,34500,,,,trade
광주각화,광주중앙청과,20260113,오이,백다다기(오이),10 kg 박스,,,,16500,,,,trade
광주각화,광주중앙청과,20260113,오이,백다다기(오이),10 kg 박스,,,,20000,,,,trade
광주각화,광주중앙청과,20260113,오이,백다다기(오이),10 kg 박스,,,,28500,,,,trade
광주각화,광주중앙청과,20260113,오이,백다다기(오이),10 kg 비닐봉지,,,,16500,,,,trade
광주각화,광주중앙청과,20260113,오이,백다다기(오이),10 kg 팰릿,,,,26500,,,,trade
광주각화,광주중앙청과,20260113,오이,백다다기(오이),10 kg 팰릿,,,,31000,,,,trade
광주각화,광주중앙청과,20260113,오이,백다다기(오이),10 kg 팰릿,,,,42000,,,,trade
광주각화,광주중앙청과,20260113,오이,백다다기(오이),10 kg 팰릿,,,,32000,,,,trade
광주각화,광주중앙청과,20260113,오이,백다다기(오이),18 kg 박스,,,,41000,,,,trade
광주각화,광주중앙청과,20260113,오이,백다다기(오이),18 kg 박스,,,,55000,,,,trade
광주각화,광주중앙청과,20260113,오이,백다다기(오이),18 kg 박스,,,,58000,,,,trade
광주각화,광주중앙청과,20260113,오이,백다다기(오이),18 kg 박스,,,,61000,,,,trade
광주각화,광주중앙청과,20260113,오이,백다다기(오이),18 kg 박스,,,,55000,,,,trade
광주각화,광주중앙청과,20260113,오이,백다다기(오이),18 kg 박스,,,,62000,,,,trade
광주각화,광주중앙청과,20260113,오이,백다다기(오이),18 kg 박스,,,,64000,,,,trade
광주각화,광주중앙청과,20260113,오이,백다다기(오이),18 kg 박스,,,,30000,,,,trade
광주각화,광주중앙청과,20260113,오이,백다다기(오이),18 kg 박스,,,,45000,,,,trade
광주각화,광주중앙청과,20260113,오이,백다다기(오이),18 kg 박스,,,,51000,,,,trade
광주각화,광주중앙청과,20260113,오이,백다다기(오이),18 kg 박스,,,,55000,,,,trade
광주각화,광주중앙청과,20260113,오이,백다다기(오이),18 kg 박스,,,,60000,,,,trade
광주각화,광주중앙청과,20260113,오이,백다다기(오이),18 kg 박스,,,,65000,,,,trade
광주각화,광주중앙청과,20260113,오이,백다다기(오이),18 kg 박스,,,,30000,,,,trade
광주각화,광주중앙청과,20260113,오이,백다다기(오이),18 kg 박스,,,,41000,,,,trade
광주각화,광주중앙청과,20260113,오이,백다다기(오이),18 kg 박스,,,,48000,,,,trade
광주각화,광주중앙청과,20260113,오이,백다다기(오이),18 kg 박스,,,,52000,,,,trade
광주각화,광주중앙청과,20260113,오이,백다다기(오이),18 kg 박스,,,,54000,,,,trade
광주각화,광주중앙청과,20260113,오이,백다다기(오이),18 kg 박스,,,,56000,,,,trade
광주각화,광주중앙청과,20260113,오이,백다다기(오이),18 kg 박스,,,,63000,,,,trade
광주각화,광주중앙청과,20260113,오이,백다다기(오이),18 kg 박스,,,,75000,,,,trade
광주각화,광주중앙청과,20260113,오이,백다다기(오이),18 kg 박스,,,,82000,,,,trade
광주각화,광주중앙청과,20260113,오이,백다다기(오이),18 kg 박스,,,,62000,,,,trade
광주각화,광주중앙청과,20260113,오이,백다다기(오이),18 kg 박스,,,,84000,,,,trade
광주각화,광주중앙청과,20260113,오이,백다다기(오이),18 kg 박스,,,,30000,,,,trade
광주각화,광주중앙청과,20260113,오이,백다다기(오이),18 kg 박스,,,,36000,,,,trade
광주각화,광주중앙청과,20260113,오이,백다다기(오이),18 kg 박스,,,,68000,,,,trade
광주각화,광주중앙청과,20260113,오이,백다다기(오이),18 kg 박스,,,,43000,,,,trade
광주각화,광주중앙청과,20260113,오이,백다다기(오이),18 kg 박스,,,,67000,,,,trade
광주각화,광주중앙청과,20260113,오이,백다다기(오이),18 kg 박스,,,,86000,,,,trade
광주각화,광주중앙청과,20260113,오이,백다다기(오이),18 kg 박스,,,,92000,,,,trade
광주각화,광주중앙청과,20260113,오이,백다다기(오이),10kg,,,,,14000,45000,31439,grade_agg
광주각화,광주중앙청과,20260113,오이,백다다기(오이),18kg,,,,,30000,92000,62186,grade_agg
광주각화,광주중앙청과,20260115,오이,백다다기(오이),10 kg 박스,,,,23500,,,,trade
광주각화,광주중앙청과,20260115,오이,백다다기(오이),10 kg 박스,,,,17000,,,,trade
광주각화,광주중앙청과,20260115,오이,백다다기(오이),10 kg 박스,,,,21500,,,,trade
광주각화,광주중앙청과,20260115,오이,백다다기(오이),10 kg 박스,,,,46000,,,,trade
광주각화,광주중앙청과,20260115,오이,백다다기(오이),10 kg 박스,,,,14000,,,,trade
광주각화,광주중앙청과,20260115,오이,백다다기(오이),10 kg 박스,,,,23500,,,,trade
광주각화,광주중앙청과,20260115,오이,백다다기(오이),10 kg 박스,,,,28000,,,,trade
광주각화,광주중앙청과,20260115,오이,백다다기(오이),10 kg 박스,,,,29000,,,,trade
광주각화,광주중앙청과,20260115,오이,백다다기(오이),10 kg 박스,,,,26000,,,,trade
광주각화,광주중앙청과,20260115,오이,백다다기(오이),10 kg 박스,,,,28500,,,,trade
광주각화,광주중앙청과,20260115,오이,백다다기(오이),10 kg 박스,,,,31500,,,,trade
광주각화,광주중앙청과,20260115,오이,백다다기(오이),10 kg 박스,,,,30000,,,,trade
광주각화,광주중앙청과,20260115,오이,백다다기(오이),10 kg 박스,,,,18000,,,,trade
광주각화,광주중앙청과,20260115,오이,백다다기(오이),10 kg 박스,,,,25000,,,,trade
광주각화,광주중앙청과,20260115,오이,백다다기(오이),10 kg 박스,,,,31000,,,,trade
광주각화,광주중앙청과,20260115,오이,백다다기(오이),10 kg 박스,,,,15500,,,,trade
광주각화,광주중앙청과,20260115,오이,백다다기(오이),10 kg 박스,,,,20000,,,,trade
광주각화,광주중앙청과,20260115,오이,백다다기(오이),10 kg 박스,,,,25000,,,,trade
광주각화,광주중앙청과,20260115,오이,백다다기(오이),10 kg 박스,,,,28500,,,,trade
광주각화,광주중앙청과,20260115,오이,백다다기(오이),10 kg 박스,,,,35000,,,,trade
광주각화,광주중앙청과,20260115,오이,백다다기(오이),10 kg 박스,,,,25500,,,,trade
광주각화,광주중앙청과,20260115,오이,백다다기(오이),10 kg 박스,,,,30000,,,,trade
광주각화,광주중앙청과,20260115,오이,백다다기(오이),10 kg 박스,,,,21000,,,,trade
광주각화,광주중앙청과,20260115,오이,백다다기(오이),10 kg 박스,,,,25000,,,,trade
광주각화,광주중앙청과,20260115,오이,백다다기(오이),10 kg 박스,,,,23000,,,,trade
광주각화,광주중앙청과,20260115,오이,백다다기(오이),10 kg 박스,,,,30000,,,,trade
광주각화,광주중앙청과,20260115,오이,백다다기(오이),10 kg 박스,,,,43500,,,,trade
광주각화,광주중앙청과,20260115,오이,백다다기(오이),10 kg 박스,,,,14000,,,,trade
광주각화,광주중앙청과,20260115,오이,백다다기(오이),10 kg 박스,,,,14000,,,,trade
광주각화,광주중앙청과,20260115,오이,백다다기(오이),10 kg 박스,,,,22000,,,,trade
광주각화,광주중앙청과,20260115,오이,백다다기(오이),10 kg 박스,,,,14000,,,,trade
광주각화,광주중앙청과,20260115,오이,백다다기(오이),10 kg 박스,,,,19000,,,,trade
광주각화,광주중앙청과,20260115,오이,백다다기(오이),10 kg 박스,,,,26000,,,,trade
광주각화,광주중앙청과,20260115,오이,백다다기(오이),10 kg 박스,,,,22000,,,,trade
광주각화,광주중앙청과,20260115,오이,백다다기(오이),10 kg 박스,,,,30000,,,,trade
광주각화,광주중앙청과,20260115,오이,백다다기(오이),10 kg 박스,,,,23000,,,,trade
광주각화,광주중앙청과,20260115,오이,백다다기(오이),10 kg 박스,,,,31000,,,,trade
광주각화,광주중앙청과,20260115,오이,백다다기(오이),10 kg 박스,,,,20000,,,,trade
광주각화,광주중앙청과,20260115,오이,백다다기(오이),10 kg 박스,,,,28500,,,,trade
광주각화,광주중앙청과,20260115,오이,백다다기(오이),10 kg 박스,,,,15000,,,,trade
광주각화,광주중앙청과,20260115,오이,백다다기(오이),10 kg 박스,,,,26500,,,,trade
광주각화,광주중앙청과,20260115,오이,백다다기(오이),10 kg 박스,,,,32500,,,,trade
광주각화,광주중앙청과,20260115,오이,백다다기(오이),10 kg 박스,,,,27500,,,,trade
광주각화,광주중앙청과,20260115,오이,백다다기(오이),10 kg 박스,,,,36500,,,,trade
광주각화,광주중앙청과,20260115,오이,백다다기(오이),10 kg 팰릿,,,,27000,,,,trade
광주각화,광주중앙청과,20260115,오이,백다다기(오이),10 kg 팰릿,,,,29000,,,,trade
광주각화,광주중앙청과,20260115,오이,백다다기(오이),10 kg 팰릿,,,,29000,,,,trade
광주각화,광주중앙청과,20260115,오이,백다다기(오이),18 kg 박스,,,,51000,,,,trade
광주각화,광주중앙청과,20260115,오이,백다다기(오이),18 kg 박스,,,,54000,,,,trade
광주각화,광주중앙청과,20260115,오이,백다다기(오이),18 kg 박스,,,,58000,,,,trade
광주각화,광주중앙청과,20260115,오이,백다다기(오이),18 kg 박스,,,,39000,,,,trade
광주각화,광주중앙청과,20260115,오이,백다다기(오이),18 kg 박스,,,,52000,,,,trade
광주각화,광주중앙청과,20260115,오이,백다다기(오이),18 kg 박스,,,,54000,,,,trade
광주각화,광주중앙청과,20260115,오이,백다다기(오이),18 kg 박스,,,,58000,,,,trade
광주각화,광주중앙청과,20260115,오이,백다다기(오이),18 kg 박스,,,,30000,,,,trade
광주각화,광주중앙청과,20260115,오이,백다다기(오이),18 kg 박스,,,,38000,,,,trade
광주각화,광주중앙청과,20260115,오이,백다다기(오이),18 kg 박스,,,,49000,,,,trade
광주각화,광주중앙청과,20260115,오이,백다다기(오이),18 kg 박스,,,,52000,,,,trade
광주각화,광주중앙청과,20260115,오이,백다다기(오이),18 kg 박스,,,,54000,,,,trade
광주각화,광주중앙청과,20260115,오이,백다다기(오이),18 kg 박스,,,,58000,,,,trade
광주각화,광주중앙청과,20260115,오이,백다다기(오이),18 kg 박스,,,,38000,,,,trade
광주각화,광주중앙청과,20260115,오이,백다다기(오이),18 kg 박스,,,,45000,,,,trade
광주각화,광주중앙청과,20260115,오이,백다다기(오이),18 kg 박스,,,,48000,,,,trade
광주각화,광주중앙청과,20260115,오이,백다다기(오이),18 kg 박스,,,,50000,,,,trade
광주각화,광주중앙청과,20260115,오이,백다다기(오이),18 kg 박스,,,,53000,,,,trade
광주각화,광주중앙청과,20260115,오이,백다다기(오이),18 kg 박스,,,,58000,,,,trade
광주각화,광주중앙청과,20260115,오이,백다다기(오이),18 kg 박스,,,,37000,,,,trade
광주각화,광주중앙청과,20260115,오이,백다다기(오이),18 kg 박스,,,,64000,,,,trade
광주각화,광주중앙청과,20260115,오이,백다다기(오이),18 kg 박스,,,,85000,,,,trade
광주각화,광주중앙청과,20260115,오이,백다다기(오이),18 kg 박스,,,,34000,,,,trade
광주각화,광주중앙청과,20260115,오이,백다다기(오이),18 kg 박스,,,,52000,,,,trade
광주각화,광주중앙청과,20260115,오이,백다다기(오이),18 kg 박스,,,,88000,,,,trade
광주각화,광주중앙청과,20260115,오이,백다다기(오이),18 kg 박스,,,,56000,,,,trade
광주각화,광주중앙청과,20260115,오이,백다다기(오이),18 kg 박스,,,,90000,,,,trade
광주각화,광주중앙청과,20260115,오이,백다다기(오이),10kg,,,,,14000,46000,28938,grade_agg
광주각화,광주중앙청과,20260115,오이,백다다기(오이),18kg,,,,,30000,90000,54889,grade_agg
광주각화,광주중앙청과,20260120,오이,백다다기(오이),10 kg 박스,,,,50000,,,,trade
광주각화,광주중앙청과,20260120,오이,백다다기(오이),10 kg 박스,,,,28000,,,,trade
광주각화,광주중앙청과,20260120,오이,백다다기(오이),10 kg 박스,,,,33500,,,,trade
광주각화,광주중앙청과,20260120,오이,백다다기(오이),10 kg 박스,,,,35000,,,,trade
광주각화,광주중앙청과,20260120,오이,백다다기(오이),10 kg 박스,,,,28000,,,,trade
광주각화,광주중앙청과,20260120,오이,백다다기(오이),10 kg 박스,,,,34000,,,,trade
광주각화,광주중앙청과,20260120,오이,백다다기(오이),10 kg 박스,,,,27000,,,,trade
광주각화,광주중앙청과,20260120,오이,백다다기(오이),10 kg 박스,,,,29000,,,,trade
광주각화,광주중앙청과,20260120,오이,백다다기(오이),10 kg 박스,,,,44500,,,,trade
광주각화,광주중앙청과,20260120,오이,백다다기(오이),10 kg 박스,,,,46500,,,,trade
광주각화,광주중앙청과,20260120,오이,백다다기(오이),10 kg 박스,,,,33500,,,,trade
광주각화,광주중앙청과,20260120,오이,백다다기(오이),10 kg 박스,,,,38500,,,,trade
광주각화,광주중앙청과,20260120,오이,백다다기(오이),10 kg 박스,,,,18500,,,,trade
광주각화,광주중앙청과,20260120,오이,백다다기(오이),10 kg 박스,,,,23500,,,,trade
광주각화,광주중앙청과,20260120,오이,백다다기(오이),10 kg 박스,,,,28000,,,,trade
광주각화,광주중앙청과,20260120,오이,백다다기(오이),10 kg 박스,,,,29000,,,,trade
광주각화,광주중앙청과,20260120,오이,백다다기(오이),10 kg 박스,,,,34500,,,,trade
광주각화,광주중앙청과,20260120,오이,백다다기(오이),10 kg 박스,,,,30500,,,,trade
광주각화,광주중앙청과,20260120,오이,백다다기(오이),10 kg 박스,,,,25500,,,,trade
광주각화,광주중앙청과,20260120,오이,백다다기(오이),10 kg 박스,,,,33000,,,,trade
광주각화,광주중앙청과,20260120,오이,백다다기(오이),10 kg 박스,,,,21000,,,,trade
광주각화,광주중앙청과,20260120,오이,백다다기(오이),10 kg 박스,,,,25000,,,,trade
광주각화,광주중앙청과,20260120,오이,백다다기(오이),10 kg 박스,,,,39000,,,,trade
광주각화,광주중앙청과,20260120,오이,백다다기(오이),10 kg 박스,,,,22500,,,,trade
광주각화,광주중앙청과,20260120,오이,백다다기(오이),10 kg 박스,,,,27000,,,,trade
광주각화,광주중앙청과,20260120,오이,백다다기(오이),10 kg 박스,,,,47000,,,,trade
광주각화,광주중앙청과,20260120,오이,백다다기(오이),10 kg 박스,,,,14000,,,,trade
광주각화,광주중앙청과,20260120,오이,백다다기(오이),10 kg 박스,,,,21000,,,,trade
광주각화,광주중앙청과,20260120,오이,백다다기(오이),10 kg 박스,,,,28000,,,,trade
광주각화,광주중앙청과,20260120,오이,백다다기(오이),10 kg 박스,,,,22000,,,,trade
광주각화,광주중앙청과,20260120,오이,백다다기(오이),10 kg 박스,,,,33500,,,,trade
광주각화,광주중앙청과,20260120,오이,백다다기(오이),10 kg 박스,,,,46000,,,,trade
광주각화,광주중앙청과,20260120,오이,백다다기(오이),10 kg 박스,,,,24000,,,,trade
광주각화,광주중앙청과,20260120,오이,백다다기(오이),10 kg 박스,,,,34500,,,,trade
광주각화,광주중앙청과,20260120,오이,백다다기(오이),10 kg 박스,,,,31000,,,,trade
광주각화,광주중앙청과,20260120,오이,백다다기(오이),10 kg 박스,,,,43000,,,,trade
광주각화,광주중앙청과,20260120,오이,백다다기(오이),10 kg 박스,,,,51500,,,,trade
광주각화,광주중앙청과,20260120,오이,백다다기(오이),10 kg 박스,,,,27000,,,,trade
광주각화,광주중앙청과,20260120,오이,백다다기(오이),10 kg 박스,,,,48500,,,,trade
광주각화,광주중앙청과,20260120,오이,백다다기(오이),10 kg 박스,,,,22000,,,,trade
광주각화,광주중앙청과,20260120,오이,백다다기(오이),10 kg 박스,,,,27500,,,,trade
광주각화,광주중앙청과,20260120,오이,백다다기(오이),10 kg 박스,,,,17000,,,,trade
광주각화,광주중앙청과,20260120,오이,백다다기(오이),10 kg 박스,,,,30000,,,,trade
광주각화,광주중앙청과,20260120,오이,백다다기(오이),10 kg 박스,,,,40000,,,,trade
광주각화,광주중앙청과,20260120,오이,백다다기(오이),10 kg 박스,,,,20000,,,,trade
광주각화,광주중앙청과,20260120,오이,백다다기(오이),10 kg 박스,,,,28000,,,,trade
광주각화,광주중앙청과,20260120,오이,백다다기(오이),10 kg 비닐봉지,,,,17500,,,,trade
광주각화,광주중앙청과,20260120,오이,백다다기(오이),10 kg 팰릿,,,,28500,,,,trade
광주각화,광주중앙청과,20260120,오이,백다다기(오이),10 kg 팰릿,,,,31000,,,,trade
광주각화,광주중앙청과,20260120,오이,백다다기(오이),10 kg 팰릿,,,,32500,,,,trade
광주각화,광주중앙청과,20260120,오이,백다다기(오이),18 kg 박스,,,,38000,,,,trade
광주각화,광주중앙청과,20260120,오이,백다다기(오이),18 kg 박스,,,,49000,,,,trade
광주각화,광주중앙청과,20260120,오이,백다다기(오이),18 kg 박스,,,,57000,,,,trade
광주각화,광주중앙청과,20260120,오이,백다다기(오이),18 kg 박스,,,,59000,,,,trade
광주각화,광주중앙청과,20260120,오이,백다다기(오이),18 kg 박스,,,,65000,,,,trade
광주각화,광주중앙청과,20260120,오이,백다다기(오이),18 kg 박스,,,,41000,,,,trade
광주각화,광주중앙청과,20260120,오이,백다다기(오이),18 kg 박스,,,,50000,,,,trade
광주각화,광주중앙청과,20260120,오이,백다다기(오이),18 kg 박스,,,,57000,,,,trade
광주각화,광주중앙청과,20260120,오이,백다다기(오이),18 kg 박스,,,,65000,,,,trade
광주각화,광주중앙청과,20260120,오이,백다다기(오이),18 kg 박스,,,,36000,,,,trade
광주각화,광주중앙청과,20260120,오이,백다다기(오이),18 kg 박스,,,,43000,,,,trade
광주각화,광주중앙청과,20260120,오이,백다다기(오이),18 kg 박스,,,,49000,,,,trade
광주각화,광주중앙청과,20260120,오이,백다다기(오이),18 kg 박스,,,,54000,,,,trade
광주각화,광주중앙청과,20260120,오이,백다다기(오이),18 kg 박스,,,,58000,,,,trade
광주각화,광주중앙청과,20260120,오이,백다다기(오이),18 kg 박스,,,,64000,,,,trade
광주각화,광주중앙청과,20260120,오이,백다다기(오이),18 kg 박스,,,,40000,,,,trade
광주각화,광주중앙청과,20260120,오이,백다다기(오이),18 kg 박스,,,,47000,,,,trade
광주각화,광주중앙청과,20260120,오이,백다다기(오이),18 kg 박스,,,,50000,,,,trade
광주각화,광주중앙청과,20260120,오이,백다다기(오이),18 kg 박스,,,,55000,,,,trade
광주각화,광주중앙청과,20260120,오이,백다다기(오이),18 kg 박스,,,,57000,,,,trade
광주각화,광주중앙청과,20260120,오이,백다다기(오이),18 kg 박스,,,,68000,,,,trade
광주각화,광주중앙청과,20260120,오이,백다다기(오이),18 kg 박스,,,,48000,,,,trade
광주각화,광주중앙청과,20260120,오이,백다다기(오이),18 kg 박스,,,,66000,,,,trade
광주각화,광주중앙청과,20260120,오이,백다다기(오이),18 kg 박스,,,,40000,,,,trade
광주각화,광주중앙청과,20260120,오이,백다다기(오이),18 kg 박스,,,,66000,,,,trade
광주각화,광주중앙청과,20260120,오이,백다다기(오이),18 kg 박스,,,,25000,,,,trade
광주각화,광주중앙청과,20260120,오이,백다다기(오이),18 kg 박스,,,,68000,,,,trade
광주각화,광주중앙청과,20260120,오이,백다다기(오이),18 kg 박스,,,,92000,,,,trade
광주각화,광주중앙청과,20260120,오이,백다다기(오이),18 kg 박스,,,,56000,,,,trade
광주각화,광주중앙청과,20260120,오이,백다다기(오이),18 kg 박스,,,,73000,,,,trade
광주각화,광주중앙청과,20260120,오이,백다다기(오이),18 kg 박스,,,,95000,,,,trade
광주각화,광주중앙청과,20260120,오이,백다다기(오이),18 kg 박스,,,,46000,,,,trade
광주각화,광주중앙청과,20260120,오이,백다다기(오이),18 kg 박스,,,,64000,,,,trade
광주각화,광주중앙청과,20260120,오이,백다다기(오이),18 kg 박스,,,,100000,,,,trade
광주각화,광주중앙청과,20260120,오이,백다다기(오이),10kg,,,,,14000,51500,33036,grade_agg
광주각화,광주중앙청과,20260120,오이,백다다기(오이),18kg,,,,,25000,100000,62641,grade_agg
광주각화,광주중앙청과,20260122,오이,백다다기(오이),10 kg 박스,,,,28000,,,,trade
광주각화,광주중앙청과,20260122,오이,백다다기(오이),10 kg 박스,,,,38000,,,,trade
광주각화,광주중앙청과,20260122,오이,백다다기(오이),10 kg 박스,,,,39000,,,,trade
광주각화,광주중앙청과,20260122,오이,백다다기(오이),10 kg 박스,,,,26500,,,,trade
광주각화,광주중앙청과,20260122,오이,백다다기(오이),10 kg 박스,,,,38000,,,,trade
광주각화,광주중앙청과,20260122,오이,백다다기(오이),10 kg 박스,,,,18000,,,,trade
광주각화,광주중앙청과,20260122,오이,백다다기(오이),10 kg 박스,,,,18000,,,,trade
광주각화,광주중앙청과,20260122,오이,백다다기(오이),10 kg 박스,,,,22000,,,,trade
광주각화,광주중앙청과,20260122,오이,백다다기(오이),10 kg 박스,,,,26500,,,,trade
광주각화,광주중앙청과,20260122,오이,백다다기(오이),10 kg 박스,,,,38500,,,,trade
광주각화,광주중앙청과,20260122,오이,백다다기(오이),10 kg 박스,,,,22000,,,,trade
광주각화,광주중앙청과,20260122,오이,백다다기(오이),10 kg 박스,,,,31000,,,,trade
광주각화,광주중앙청과,20260122,오이,백다다기(오이),10 kg 박스,,,,36000,,,,trade
광주각화,광주중앙청과,20260122,오이,백다다기(오이),10 kg 박스,,,,19000,,,,trade
광주각화,광주중앙청과,20260122,오이,백다다기(오이),10 kg 박스,,,,28000,,,,trade
광주각화,광주중앙청과,20260122,오이,백다다기(오이),10 kg 박스,,,,24000,,,,trade
광주각화,광주중앙청과,20260122,오이,백다다기(오이),10 kg 박스,,,,25000,,,,trade
광주각화,광주중앙청과,20260122,오이,백다다기(오이),10 kg 박스,,,,18000,,,,trade
광주각화,광주중앙청과,20260122,오이,백다다기(오이),10 kg 박스,,,,27000,,,,trade
광주각화,광주중앙청과,20260122,오이,백다다기(오이),10 kg 박스,,,,16000,,,,trade
광주각화,광주중앙청과,20260122,오이,백다다기(오이),10 kg 박스,,,,26500,,,,trade
광주각화,광주중앙청과,20260122,오이,백다다기(오이),10 kg 박스,,,,15000,,,,trade
광주각화,광주중앙청과,20260122,오이,백다다기(오이),10 kg 박스,,,,20000,,,,trade
광주각화,광주중앙청과,20260122,오이,백다다기(오이),10 kg 박스,,,,25500,,,,trade
광주각화,광주중앙청과,20260122,오이,백다다기(오이),10 kg 박스,,,,16500,,,,trade
광주각화,광주중앙청과,20260122,오이,백다다기(오이),10 kg 박스,,,,21000,,,,trade
광주각화,광주중앙청과,20260122,오이,백다다기(오이),10 kg 박스,,,,21500,,,,trade
광주각화,광주중앙청과,20260122,오이,백다다기(오이),10 kg 박스,,,,17000,,,,trade
광주각화,광주중앙청과,20260122,오이,백다다기(오이),10 kg 박스,,,,22000,,,,trade
광주각화,광주중앙청과,20260122,오이,백다다기(오이),10 kg 박스,,,,36500,,,,trade
광주각화,광주중앙청과,20260122,오이,백다다기(오이),10 kg 박스,,,,14000,,,,trade
광주각화,광주중앙청과,20260122,오이,백다다기(오이),10 kg 박스,,,,22500,,,,trade
광주각화,광주중앙청과,20260122,오이,백다다기(오이),10 kg 박스,,,,16000,,,,trade
광주각화,광주중앙청과,20260122,오이,백다다기(오이),10 kg 박스,,,,28000,,,,trade
광주각화,광주중앙청과,20260122,오이,백다다기(오이),10 kg 박스,,,,20000,,,,trade
광주각화,광주중앙청과,20260122,오이,백다다기(오이),10 kg 박스,,,,26500,,,,trade
광주각화,광주중앙청과,20260122,오이,백다다기(오이),10 kg 박스,,,,16000,,,,trade
광주각화,광주중앙청과,20260122,오이,백다다기(오이),10 kg 박스,,,,28500,,,,trade
광주각화,광주중앙청과,20260122,오이,백다다기(오이),10 kg 박스,,,,12500,,,,trade
광주각화,광주중앙청과,20260122,오이,백다다기(오이),10 kg 박스,,,,15000,,,,trade
광주각화,광주중앙청과,20260122,오이,백다다기(오이),10 kg 박스,,,,20000,,,,trade
광주각화,광주중앙청과,20260122,오이,백다다기(오이),10 kg 박스,,,,16000,,,,trade
광주각화,광주중앙청과,20260122,오이,백다다기(오이),10 kg 박스,,,,16500,,,,trade
광주각화,광주중앙청과,20260122,오이,백다다기(오이),10 kg 박스,,,,16000,,,,trade
광주각화,광주중앙청과,20260122,오이,백다다기(오이),10 kg 박스,,,,22500,,,,trade
광주각화,광주중앙청과,20260122,오이,백다다기(오이),10 kg 박스,,,,28500,,,,trade
광주각화,광주중앙청과,20260122,오이,백다다기(오이),10 kg 박스,,,,26500,,,,trade
광주각화,광주중앙청과,20260122,오이,백다다기(오이),10 kg 비닐봉지,,,,17000,,,,trade
광주각화,광주중앙청과,20260122,오이,백다다기(오이),10 kg 팰릿,,,,25000,,,,trade
광주각화,광주중앙청과,20260122,오이,백다다기(오이),10 kg 팰릿,,,,23000,,,,trade
광주각화,광주중앙청과,20260122,오이,백다다기(오이),18 kg 박스,,,,25000,,,,trade
광주각화,광주중앙청과,20260122,오이,백다다기(오이),18 kg 박스,,,,28000,,,,trade
광주각화,광주중앙청과,20260122,오이,백다다기(오이),18 kg 박스,,,,35000,,,,trade
광주각화,광주중앙청과,20260122,오이,백다다기(오이),18 kg 박스,,,,38000,,,,trade
광주각화,광주중앙청과,20260122,오이,백다다기(오이),18 kg 박스,,,,42000,,,,trade
광주각화,광주중앙청과,20260122,오이,백다다기(오이),18 kg 박스,,,,49000,,,,trade
광주각화,광주중앙청과,20260122,오이,백다다기(오이),18 kg 박스,,,,38000,,,,trade
광주각화,광주중앙청과,20260122,오이,백다다기(오이),18 kg 박스,,,,45000,,,,trade
광주각화,광주중앙청과,20260122,오이,백다다기(오이),18 kg 박스,,,,48000,,,,trade
광주각화,광주중앙청과,20260122,오이,백다다기(오이),18 kg 박스,,,,51000,,,,trade
광주각화,광주중앙청과,20260122,오이,백다다기(오이),18 kg 박스,,,,25000,,,,trade
광주각화,광주중앙청과,20260122,오이,백다다기(오이),18 kg 박스,,,,39000,,,,trade
광주각화,광주중앙청과,20260122,오이,백다다기(오이),18 kg 박스,,,,42000,,,,trade
광주각화,광주중앙청과,20260122,오이,백다다기(오이),18 kg 박스,,,,48000,,,,trade
광주각화,광주중앙청과,20260122,오이,백다다기(오이),18 kg 박스,,,,50000,,,,trade
광주각화,광주중앙청과,20260122,오이,백다다기(오이),18 kg 박스,,,,38000,,,,trade
광주각화,광주중앙청과,20260122,오이,백다다기(오이),18 kg 박스,,,,41000,,,,trade
광주각화,광주중앙청과,20260122,오이,백다다기(오이),18 kg 박스,,,,44000,,,,trade
광주각화,광주중앙청과,20260122,오이,백다다기(오이),18 kg 박스,,,,48000,,,,trade
광주각화,광주중앙청과,20260122,오이,백다다기(오이),18 kg 박스,,,,55000,,,,trade
광주각화,광주중앙청과,20260122,오이,백다다기(오이),18 kg 박스,,,,55000,,,,trade
광주각화,광주중앙청과,20260122,오이,백다다기(오이),18 kg 박스,,,,27000,,,,trade
광주각화,광주중앙청과,20260122,오이,백다다기(오이),18 kg 박스,,,,27000,,,,trade
광주각화,광주중앙청과,20260122,오이,백다다기(오이),18 kg 박스,,,,25000,,,,trade
광주각화,광주중앙청과,20260122,오이,백다다기(오이),18 kg 박스,,,,61000,,,,trade
광주각화,광주중앙청과,20260122,오이,백다다기(오이),18 kg 박스,,,,35000,,,,trade
광주각화,광주중앙청과,20260122,오이,백다다기(오이),18 kg 박스,,,,61000,,,,trade
광주각화,광주중앙청과,20260122,오이,백다다기(오이),18 kg 박스,,,,86000,,,,trade
광주각화,광주중앙청과,20260122,오이,백다다기(오이),18 kg 박스,,,,36000,,,,trade
광주각화,광주중앙청과,20260122,오이,백다다기(오이),18 kg 박스,,,,58000,,,,trade
광주각화,광주중앙청과,20260122,오이,백다다기(오이),18 kg 박스,,,,95000,,,,trade
광주각화,광주중앙청과,20260122,오이,백다다기(오이),10kg,,,,,12500,39000,25338,grade_agg
광주각화,광주중앙청과,20260122,오이,백다다기(오이),18kg,,,,,25000,95000,49354,grade_agg
광주각화,광주중앙청과,20260127,오이,백다다기(오이),10 kg 박스,,,,44000,,,,trade
광주각화,광주중앙청과,20260127,오이,백다다기(오이),10 kg 박스,,,,32500,,,,trade
광주각화,광주중앙청과,20260127,오이,백다다기(오이),10 kg 박스,,,,35000,,,,trade
광주각화,광주중앙청과,20260127,오이,백다다기(오이),10 kg 박스,,,,42500,,,,trade
광주각화,광주중앙청과,20260127,오이,백다다기(오이),10 kg 박스,,,,45500,,,,trade
광주각화,광주중앙청과,20260127,오이,백다다기(오이),10 kg 박스,,,,36500,,,,trade
광주각화,광주중앙청과,20260127,오이,백다다기(오이),10 kg 박스,,,,25500,,,,trade
광주각화,광주중앙청과,20260127,오이,백다다기(오이),10 kg 박스,,,,22000,,,,trade
광주각화,광주중앙청과,20260127,오이,백다다기(오이),10 kg 박스,,,,26500,,,,trade
광주각화,광주중앙청과,20260127,오이,백다다기(오이),10 kg 박스,,,,18000,,,,trade
광주각화,광주중앙청과,20260127,오이,백다다기(오이),10 kg 박스,,,,14000,,,,trade
광주각화,광주중앙청과,20260127,오이,백다다기(오이),10 kg 박스,,,,15500,,,,trade
광주각화,광주중앙청과,20260127,오이,백다다기(오이),10 kg 박스,,,,18000,,,,trade
광주각화,광주중앙청과,20260127,오이,백다다기(오이),10 kg 박스,,,,23500,,,,trade
광주각화,광주중앙청과,20260127,오이,백다다기(오이),10 kg 박스,,,,23000,,,,trade
광주각화,광주중앙청과,20260127,오이,백다다기(오이),10 kg 박스,,,,17000,,,,trade
광주각화,광주중앙청과,20260127,오이,백다다기(오이),10 kg 박스,,,,22000,,,,trade
광주각화,광주중앙청과,20260127,오이,백다다기(오이),10 kg 박스,,,,16500,,,,trade
광주각화,광주중앙청과,20260127,오이,백다다기(오이),10 kg 박스,,,,20000,,,,trade
광주각화,광주중앙청과,20260127,오이,백다다기(오이),10 kg 박스,,,,23000,,,,trade
광주각화,광주중앙청과,20260127,오이,백다다기(오이),10 kg 박스,,,,15000,,,,trade
광주각화,광주중앙청과,20260127,오이,백다다기(오이),10 kg 박스,,,,20000,,,,trade
광주각화,광주중앙청과,20260127,오이,백다다기(오이),10 kg 박스,,,,24500,,,,trade
광주각화,광주중앙청과,20260127,오이,백다다기(오이),10 kg 박스,,,,38000,,,,trade
광주각화,광주중앙청과,20260127,오이,백다다기(오이),10 kg 박스,,,,13000,,,,trade
광주각화,광주중앙청과,20260127,오이,백다다기(오이),10 kg 박스,,,,16000,,,,trade
광주각화,광주중앙청과,20260127,오이,백다다기(오이),10 kg 박스,,,,17000,,,,trade
광주각화,광주중앙청과,20260127,오이,백다다기(오이),10 kg 박스,,,,25000,,,,trade
광주각화,광주중앙청과,20260127,오이,백다다기(오이),10 kg 박스,,,,38000,,,,trade
광주각화,광주중앙청과,20260127,오이,백다다기(오이),10 kg 박스,,,,40000,,,,trade
광주각화,광주중앙청과,20260127,오이,백다다기(오이),10 kg 박스,,,,18000,,,,trade
광주각화,광주중앙청과,20260127,오이,백다다기(오이),10 kg 박스,,,,37500,,,,trade
광주각화,광주중앙청과,20260127,오이,백다다기(오이),10 kg 박스,,,,33000,,,,trade
광주각화,광주중앙청과,20260127,오이,백다다기(오이),10 kg 박스,,,,12000,,,,trade
광주각화,광주중앙청과,20260127,오이,백다다기(오이),10 kg 박스,,,,32000,,,,trade
광주각화,광주중앙청과,20260127,오이,백다다기(오이),10 kg 박스,,,,20000,,,,trade
광주각화,광주중앙청과,20260127,오이,백다다기(오이),10 kg 박스,,,,29000,,,,trade
광주각화,광주중앙청과,20260127,오이,백다다기(오이),10 kg 박스,,,,14000,,,,trade
광주각화,광주중앙청과,20260127,오이,백다다기(오이),10 kg 박스,,,,22000,,,,trade
광주각화,광주중앙청과,20260127,오이,백다다기(오이),10 kg 박스,,,,28000,,,,trade
광주각화,광주중앙청과,20260127,오이,백다다기(오이),10 kg 팰릿,,,,26000,,,,trade
광주각화,광주중앙청과,20260127,오이,백다다기(오이),10 kg 팰릿,,,,25000,,,,trade
광주각화,광주중앙청과,20260127,오이,백다다기(오이),10 kg 팰릿,,,,28000,,,,trade
광주각화,광주중앙청과,20260127,오이,백다다기(오이),10 kg 팰릿,,,,27000,,,,trade
광주각화,광주중앙청과,20260127,오이,백다다기(오이),18 kg 박스,,,,42000,,,,trade
광주각화,광주중앙청과,20260127,오이,백다다기(오이),18 kg 박스,,,,86000,,,,trade
광주각화,광주중앙청과,20260127,오이,백다다기(오이),18 kg 박스,,,,53000,,,,trade
광주각화,광주중앙청과,20260127,오이,백다다기(오이),18 kg 박스,,,,57000,,,,trade
광주각화,광주중앙청과,20260127,오이,백다다기(오이),18 kg 박스,,,,31000,,,,trade
광주각화,광주중앙청과,20260127,오이,백다다기(오이),18 kg 박스,,,,42000,,,,trade
광주각화,광주중앙청과,20260127,오이,백다다기(오이),18 kg 박스,,,,48000,,,,trade
광주각화,광주중앙청과,20260127,오이,백다다기(오이),18 kg 박스,,,,53000,,,,trade
광주각화,광주중앙청과,20260127,오이,백다다기(오이),18 kg 박스,,,,56000,,,,trade
광주각화,광주중앙청과,20260127,오이,백다다기(오이),18 kg 박스,,,,31000,,,,trade
광주각화,광주중앙청과,20260127,오이,백다다기(오이),18 kg 박스,,,,40000,,,,trade
광주각화,광주중앙청과,20260127,오이,백다다기(오이),18 kg 박스,,,,43000,,,,trade
광주각화,광주중앙청과,20260127,오이,백다다기(오이),18 kg 박스,,,,45000,,,,trade
광주각화,광주중앙청과,20260127,오이,백다다기(오이),18 kg 박스,,,,56000,,,,trade
광주각화,광주중앙청과,20260127,오이,백다다기(오이),18 kg 박스,,,,38000,,,,trade
광주각화,광주중앙청과,20260127,오이,백다다기(오이),18 kg 박스,,,,42000,,,,trade
광주각화,광주중앙청과,20260127,오이,백다다기(오이),18 kg 박스,,,,45000,,,,trade
광주각화,광주중앙청과,20260127,오이,백다다기(오이),18 kg 박스,,,,49000,,,,trade
광주각화,광주중앙청과,20260127,오이,백다다기(오이),18 kg 박스,,,,55000,,,,trade
광주각화,광주중앙청과,20260127,오이,백다다기(오이),18 kg 박스,,,,28000,,,,trade
광주각화,광주중앙청과,20260127,오이,백다다기(오이),18 kg 박스,,,,42000,,,,trade
광주각화,광주중앙청과,20260127,오이,백다다기(오이),18 kg 박스,,,,46000,,,,trade
광주각화,광주중앙청과,20260127,오이,백다다기(오이),18 kg 박스,,,,87000,,,,trade
광주각화,광주중앙청과,20260127,오이,백다다기(오이),18 kg 박스,,,,26000,,,,trade
광주각화,광주중앙청과,20260127,오이,백다다기(오이),18 kg 박스,,,,25000,,,,trade
광주각화,광주중앙청과,20260127,오이,백다다기(오이),18 kg 박스,,,,47000,,,,trade
광주각화,광주중앙청과,20260127,오이,백다다기(오이),18 kg 박스,,,,50000,,,,trade
광주각화,광주중앙청과,20260127,오이,백다다기(오이),18 kg 박스,,,,90000,,,,trade
광주각화,광주중앙청과,20260127,오이,백다다기(오이),18 kg 박스,,,,33000,,,,trade
광주각화,광주중앙청과,20260127,오이,백다다기(오이),18 kg 박스,,,,55000,,,,trade
광주각화,광주중앙청과,20260127,오이,백다다기(오이),18 kg 박스,,,,46000,,,,trade
광주각화,광주중앙청과,20260127,오이,백다다기(오이),10kg,,,,,12000,45500,28747,grade_agg
광주각화,광주중앙청과,20260127,오이,백다다기(오이),18kg,,,,,25000,90000,52910,grade_agg
광주각화,광주중앙청과,20260129,오이,백다다기(오이),10 kg 박스,,,,30000,,,,trade
광주각화,광주중앙청과,20260129,오이,백다다기(오이),10 kg 박스,,,,33000,,,,trade
광주각화,광주중앙청과,20260129,오이,백다다기(오이),10 kg 박스,,,,31000,,,,trade
광주각화,광주중앙청과,20260129,오이,백다다기(오이),10 kg 박스,,,,35000,,,,trade
광주각화,광주중앙청과,20260129,오이,백다다기(오이),10 kg 박스,,,,48000,,,,trade
광주각화,광주중앙청과,20260129,오이,백다다기(오이),10 kg 박스,,,,15500,,,,trade
광주각화,광주중앙청과,20260129,오이,백다다기(오이),10 kg 박스,,,,19000,,,,trade
광주각화,광주중앙청과,20260129,오이,백다다기(오이),10 kg 박스,,,,21500,,,,trade
광주각화,광주중앙청과,20260129,오이,백다다기(오이),10 kg 박스,,,,23500,,,,trade
광주각화,광주중앙청과,20260129,오이,백다다기(오이),10 kg 박스,,,,25500,,,,trade
광주각화,광주중앙청과,20260129,오이,백다다기(오이),10 kg 박스,,,,19000,,,,trade
광주각화,광주중앙청과,20260129,오이,백다다기(오이),10 kg 박스,,,,45500,,,,trade
광주각화,광주중앙청과,20260129,오이,백다다기(오이),10 kg 박스,,,,18000,,,,trade
광주각화,광주중앙청과,20260129,오이,백다다기(오이),10 kg 박스,,,,39000,,,,trade
광주각화,광주중앙청과,20260129,오이,백다다기(오이),10 kg 박스,,,,40000,,,,trade
광주각화,광주중앙청과,20260129,오이,백다다기(오이),10 kg 박스,,,,24500,,,,trade
광주각화,광주중앙청과,20260129,오이,백다다기(오이),10 kg 박스,,,,21000,,,,trade
광주각화,광주중앙청과,20260129,오이,백다다기(오이),10 kg 박스,,,,24000,,,,trade
광주각화,광주중앙청과,20260129,오이,백다다기(오이),10 kg 박스,,,,28000,,,,trade
광주각화,광주중앙청과,20260129,오이,백다다기(오이),10 kg 박스,,,,28000,,,,trade
광주각화,광주중앙청과,20260129,오이,백다다기(오이),10 kg 박스,,,,21000,,,,trade
광주각화,광주중앙청과,20260129,오이,백다다기(오이),10 kg 박스,,,,22000,,,,trade
광주각화,광주중앙청과,20260129,오이,백다다기(오이),10 kg 박스,,,,21000,,,,trade
광주각화,광주중앙청과,20260129,오이,백다다기(오이),10 kg 박스,,,,23000,,,,trade
광주각화,광주중앙청과,20260129,오이,백다다기(오이),10 kg 박스,,,,25000,,,,trade
광주각화,광주중앙청과,20260129,오이,백다다기(오이),10 kg 박스,,,,38500,,,,trade
광주각화,광주중앙청과,20260129,오이,백다다기(오이),10 kg 박스,,,,27500,,,,trade
광주각화,광주중앙청과,20260129,오이,백다다기(오이),10 kg 박스,,,,38000,,,,trade
광주각화,광주중앙청과,20260129,오이,백다다기(오이),10 kg 박스,,,,19000,,,,trade
광주각화,광주중앙청과,20260129,오이,백다다기(오이),10 kg 박스,,,,26000,,,,trade
광주각화,광주중앙청과,20260129,오이,백다다기(오이),10 kg 박스,,,,37000,,,,trade
광주각화,광주중앙청과,20260129,오이,백다다기(오이),10 kg 박스,,,,22000,,,,trade
광주각화,광주중앙청과,20260129,오이,백다다기(오이),10 kg 박스,,,,35000,,,,trade
광주각화,광주중앙청과,20260129,오이,백다다기(오이),10 kg 박스,,,,18500,,,,trade
광주각화,광주중앙청과,20260129,오이,백다다기(오이),10 kg 박스,,,,16500,,,,trade
광주각화,광주중앙청과,20260129,오이,백다다기(오이),10 kg 박스,,,,13500,,,,trade
광주각화,광주중앙청과,20260129,오이,백다다기(오이),10 kg 박스,,,,25000,,,,trade
광주각화,광주중앙청과,20260129,오이,백다다기(오이),10 kg 박스,,,,36000,,,,trade
광주각화,광주중앙청과,20260129,오이,백다다기(오이),10 kg 팰릿,,,,30000,,,,trade
광주각화,광주중앙청과,20260129,오이,백다다기(오이),10 kg 팰릿,,,,26000,,,,trade
광주각화,광주중앙청과,20260129,오이,백다다기(오이),10 kg 팰릿,,,,28000,,,,trade
광주각화,광주중앙청과,20260129,오이,백다다기(오이),10 kg 팰릿,,,,25000,,,,trade
광주각화,광주중앙청과,20260129,오이,백다다기(오이),10 kg 팰릿,,,,29000,,,,trade
광주각화,광주중앙청과,20260129,오이,백다다기(오이),18 kg 박스,,,,47000,,,,trade
광주각화,광주중앙청과,20260129,오이,백다다기(오이),18 kg 박스,,,,51000,,,,trade
광주각화,광주중앙청과,20260129,오이,백다다기(오이),18 kg 박스,,,,60000,,,,trade
광주각화,광주중앙청과,20260129,오이,백다다기(오이),18 kg 박스,,,,43000,,,,trade
광주각화,광주중앙청과,20260129,오이,백다다기(오이),18 kg 박스,,,,50000,,,,trade
광주각화,광주중앙청과,20260129,오이,백다다기(오이),18 kg 박스,,,,53000,,,,trade
광주각화,광주중앙청과,20260129,오이,백다다기(오이),18 kg 박스,,,,60000,,,,trade
광주각화,광주중앙청과,20260129,오이,백다다기(오이),18 kg 박스,,,,31000,,,,trade
광주각화,광주중앙청과,20260129,오이,백다다기(오이),18 kg 박스,,,,42000,,,,trade
광주각화,광주중앙청과,20260129,오이,백다다기(오이),18 kg 박스,,,,44000,,,,trade
광주각화,광주중앙청과,20260129,오이,백다다기(오이),18 kg 박스,,,,47000,,,,trade
광주각화,광주중앙청과,20260129,오이,백다다기(오이),18 kg 박스,,,,52000,,,,trade
광주각화,광주중앙청과,20260129,오이,백다다기(오이),18 kg 박스,,,,32000,,,,trade
광주각화,광주중앙청과,20260129,오이,백다다기(오이),18 kg 박스,,,,42000,,,,trade
광주각화,광주중앙청과,20260129,오이,백다다기(오이),18 kg 박스,,,,45000,,,,trade
광주각화,광주중앙청과,20260129,오이,백다다기(오이),18 kg 박스,,,,48000,,,,trade
광주각화,광주중앙청과,20260129,오이,백다다기(오이),18 kg 박스,,,,50000,,,,trade
광주각화,광주중앙청과,20260129,오이,백다다기(오이),18 kg 박스,,,,60000,,,,trade
광주각화,광주중앙청과,20260129,오이,백다다기(오이),18 kg 박스,,,,56000,,,,trade
광주각화,광주중앙청과,20260129,오이,백다다기(오이),18 kg 박스,,,,80000,,,,trade
광주각화,광주중앙청과,20260129,오이,백다다기(오이),18 kg 박스,,,,56000,,,,trade
광주각화,광주중앙청과,20260129,오이,백다다기(오이),18 kg 박스,,,,85000,,,,trade
광주각화,광주중앙청과,20260129,오이,백다다기(오이),18 kg 박스,,,,46000,,,,trade
광주각화,광주중앙청과,20260129,오이,백다다기(오이),18 kg 박스,,,,80000,,,,trade
광주각화,광주중앙청과,20260129,오이,백다다기(오이),18 kg 박스,,,,38000,,,,trade
광주각화,광주중앙청과,20260129,오이,백다다기(오이),18 kg 박스,,,,60000,,,,trade
광주각화,광주중앙청과,20260129,오이,백다다기(오이),18 kg 박스,,,,83000,,,,trade
광주각화,광주중앙청과,20260129,오이,백다다기(오이),10kg,,,,,13500,48000,30031,grade_agg
광주각화,광주중앙청과,20260129,오이,백다다기(오이),18kg,,,,,31000,90000,55966,grade_agg
광주각화,광주중앙청과,20260203,오이,백다다기(오이),10 kg 박스,,,,32000,,,,trade
광주각화,광주중앙청과,20260203,오이,백다다기(오이),10 kg 박스,,,,32000,,,,trade
광주각화,광주중앙청과,20260203,오이,백다다기(오이),10 kg 박스,,,,27000,,,,trade
광주각화,광주중앙청과,20260203,오이,백다다기(오이),10 kg 박스,,,,34500,,,,trade
광주각화,광주중앙청과,20260203,오이,백다다기(오이),10 kg 박스,,,,25000,,,,trade
광주각화,광주중앙청과,20260203,오이,백다다기(오이),10 kg 박스,,,,28000,,,,trade
광주각화,광주중앙청과,20260203,오이,백다다기(오이),10 kg 박스,,,,32000,,,,trade
광주각화,광주중앙청과,20260203,오이,백다다기(오이),10 kg 박스,,,,39000,,,,trade
광주각화,광주중앙청과,20260203,오이,백다다기(오이),10 kg 박스,,,,43500,,,,trade
광주각화,광주중앙청과,20260203,오이,백다다기(오이),10 kg 박스,,,,22000,,,,trade
광주각화,광주중앙청과,20260203,오이,백다다기(오이),10 kg 박스,,,,41500,,,,trade
광주각화,광주중앙청과,20260203,오이,백다다기(오이),10 kg 박스,,,,39000,,,,trade
광주각화,광주중앙청과,20260203,오이,백다다기(오이),10 kg 박스,,,,21000,,,,trade
광주각화,광주중앙청과,20260203,오이,백다다기(오이),10 kg 박스,,,,20000,,,,trade
광주각화,광주중앙청과,20260203,오이,백다다기(오이),10 kg 박스,,,,21000,,,,trade
광주각화,광주중앙청과,20260203,오이,백다다기(오이),10 kg 박스,,,,22000,,,,trade
광주각화,광주중앙청과,20260203,오이,백다다기(오이),10 kg 박스,,,,23000,,,,trade
광주각화,광주중앙청과,20260203,오이,백다다기(오이),10 kg 박스,,,,25500,,,,trade
광주각화,광주중앙청과,20260203,오이,백다다기(오이),10 kg 박스,,,,22500,,,,trade
광주각화,광주중앙청과,20260203,오이,백다다기(오이),10 kg 박스,,,,23000,,,,trade
광주각화,광주중앙청과,20260203,오이,백다다기(오이),10 kg 박스,,,,27000,,,,trade
광주각화,광주중앙청과,20260203,오이,백다다기(오이),10 kg 박스,,,,24500,,,,trade
광주각화,광주중앙청과,20260203,오이,백다다기(오이),10 kg 박스,,,,28000,,,,trade
광주각화,광주중앙청과,20260203,오이,백다다기(오이),10 kg 박스,,,,26500,,,,trade
광주각화,광주중앙청과,20260203,오이,백다다기(오이),10 kg 박스,,,,22000,,,,trade
광주각화,광주중앙청과,20260203,오이,백다다기(오이),10 kg 박스,,,,23500,,,,trade
광주각화,광주중앙청과,20260203,오이,백다다기(오이),10 kg 박스,,,,26500,,,,trade
광주각화,광주중앙청과,20260203,오이,백다다기(오이),10 kg 박스,,,,31000,,,,trade
광주각화,광주중앙청과,20260203,오이,백다다기(오이),10 kg 박스,,,,38500,,,,trade
광주각화,광주중앙청과,20260203,오이,백다다기(오이),10 kg 박스,,,,34500,,,,trade
광주각화,광주중앙청과,20260203,오이,백다다기(오이),10 kg 박스,,,,23000,,,,trade
광주각화,광주중앙청과,20260203,오이,백다다기(오이),10 kg 박스,,,,36500,,,,trade
광주각화,광주중앙청과,20260203,오이,백다다기(오이),10 kg 박스,,,,26500,,,,trade
광주각화,광주중앙청과,20260203,오이,백다다기(오이),10 kg 박스,,,,35000,,,,trade
광주각화,광주중앙청과,20260203,오이,백다다기(오이),10 kg 박스,,,,27000,,,,trade
광주각화,광주중앙청과,20260203,오이,백다다기(오이),10 kg 박스,,,,35000,,,,trade
광주각화,광주중앙청과,20260203,오이,백다다기(오이),10 kg 박스,,,,22500,,,,trade
광주각화,광주중앙청과,20260203,오이,백다다기(오이),10 kg 박스,,,,28000,,,,trade
광주각화,광주중앙청과,20260203,오이,백다다기(오이),10 kg 박스,,,,25500,,,,trade
광주각화,광주중앙청과,20260203,오이,백다다기(오이),10 kg 팰릿,,,,30500,,,,trade
광주각화,광주중앙청과,20260203,오이,백다다기(오이),10 kg 팰릿,,,,28500,,,,trade
광주각화,광주중앙청과,20260203,오이,백다다기(오이),10 kg 팰릿,,,,29000,,,,trade
광주각화,광주중앙청과,20260203,오이,백다다기(오이),10 kg 팰릿,,,,31000,,,,trade
광주각화,광주중앙청과,20260203,오이,백다다기(오이),18 kg 박스,,,,52000,,,,trade
광주각화,광주중앙청과,20260203,오이,백다다기(오이),18 kg 박스,,,,55000,,,,trade
광주각화,광주중앙청과,20260203,오이,백다다기(오이),18 kg 박스,,,,58000,,,,trade
광주각화,광주중앙청과,20260203,오이,백다다기(오이),18 kg 박스,,,,35000,,,,trade
광주각화,광주중앙청과,20260203,오이,백다다기(오이),18 kg 박스,,,,45000,,,,trade
광주각화,광주중앙청과,20260203,오이,백다다기(오이),18 kg 박스,,,,52000,,,,trade
광주각화,광주중앙청과,20260203,오이,백다다기(오이),18 kg 박스,,,,55000,,,,trade
광주각화,광주중앙청과,20260203,오이,백다다기(오이),18 kg 박스,,,,58000,,,,trade
광주각화,광주중앙청과,20260203,오이,백다다기(오이),18 kg 박스,,,,32000,,,,trade
광주각화,광주중앙청과,20260203,오이,백다다기(오이),18 kg 박스,,,,40000,,,,trade
광주각화,광주중앙청과,20260203,오이,백다다기(오이),18 kg 박스,,,,45000,,,,trade
광주각화,광주중앙청과,20260203,오이,백다다기(오이),18 kg 박스,,,,49000,,,,trade
광주각화,광주중앙청과,20260203,오이,백다다기(오이),18 kg 박스,,,,51000,,,,trade
광주각화,광주중앙청과,20260203,오이,백다다기(오이),18 kg 박스,,,,53000,,,,trade
광주각화,광주중앙청과,20260203,오이,백다다기(오이),18 kg 박스,,,,46000,,,,trade
광주각화,광주중앙청과,20260203,오이,백다다기(오이),18 kg 박스,,,,50000,,,,trade
광주각화,광주중앙청과,20260203,오이,백다다기(오이),18 kg 박스,,,,53000,,,,trade
광주각화,광주중앙청과,20260203,오이,백다다기(오이),18 kg 박스,,,,57000,,,,trade
광주각화,광주중앙청과,20260203,오이,백다다기(오이),18 kg 박스,,,,35000,,,,trade
광주각화,광주중앙청과,20260203,오이,백다다기(오이),18 kg 박스,,,,58000,,,,trade
광주각화,광주중앙청과,20260203,오이,백다다기(오이),18 kg 박스,,,,36000,,,,trade
광주각화,광주중앙청과,20260203,오이,백다다기(오이),18 kg 박스,,,,56000,,,,trade
광주각화,광주중앙청과,20260203,오이,백다다기(오이),18 kg 박스,,,,60000,,,,trade
광주각화,광주중앙청과,20260203,오이,백다다기(오이),18 kg 박스,,,,80000,,,,trade
광주각화,광주중앙청과,20260203,오이,백다다기(오이),18 kg 박스,,,,45000,,,,trade
광주각화,광주중앙청과,20260203,오이,백다다기(오이),18 kg 박스,,,,58000,,,,trade
광주각화,광주중앙청과,20260203,오이,백다다기(오이),18 kg 박스,,,,72000,,,,trade
광주각화,광주중앙청과,20260203,오이,백다다기(오이),18 kg 박스,,,,56000,,,,trade
광주각화,광주중앙청과,20260203,오이,백다다기(오이),18 kg 박스,,,,65000,,,,trade
광주각화,광주중앙청과,20260203,오이,백다다기(오이),18 kg 박스,,,,48000,,,,trade
광주각화,광주중앙청과,20260203,오이,백다다기(오이),18 kg 박스,,,,57000,,,,trade
광주각화,광주중앙청과,20260203,오이,백다다기(오이),18 kg 박스,,,,80000,,,,trade
광주각화,광주중앙청과,20260203,오이,백다다기(오이),10kg,,,,,20000,43500,31093,grade_agg
광주각화,광주중앙청과,20260203,오이,백다다기(오이),18kg,,,,,32000,80000,54891,grade_agg
광주각화,광주중앙청과,20260205,오이,백다다기(오이),10 kg 박스,,,,28000,,,,trade
광주각화,광주중앙청과,20260205,오이,백다다기(오이),10 kg 박스,,,,27000,,,,trade
광주각화,광주중앙청과,20260205,오이,백다다기(오이),10 kg 박스,,,,38500,,,,trade
광주각화,광주중앙청과,20260205,오이,백다다기(오이),10 kg 박스,,,,20000,,,,trade
광주각화,광주중앙청과,20260205,오이,백다다기(오이),10 kg 박스,,,,32500,,,,trade
광주각화,광주중앙청과,20260205,오이,백다다기(오이),10 kg 박스,,,,26500,,,,trade
광주각화,광주중앙청과,20260205,오이,백다다기(오이),10 kg 박스,,,,18000,,,,trade
광주각화,광주중앙청과,20260205,오이,백다다기(오이),10 kg 박스,,,,33000,,,,trade
광주각화,광주중앙청과,20260205,오이,백다다기(오이),10 kg 박스,,,,26000,,,,trade
광주각화,광주중앙청과,20260205,오이,백다다기(오이),10 kg 박스,,,,26000,,,,trade
광주각화,광주중앙청과,20260205,오이,백다다기(오이),10 kg 박스,,,,28000,,,,trade
광주각화,광주중앙청과,20260205,오이,백다다기(오이),10 kg 박스,,,,34000,,,,trade
광주각화,광주중앙청과,20260205,오이,백다다기(오이),10 kg 박스,,,,27500,,,,trade
광주각화,광주중앙청과,20260205,오이,백다다기(오이),10 kg 박스,,,,34500,,,,trade
광주각화,광주중앙청과,20260205,오이,백다다기(오이),10 kg 박스,,,,24000,,,,trade
광주각화,광주중앙청과,20260205,오이,백다다기(오이),10 kg 박스,,,,30000,,,,trade
광주각화,광주중앙청과,20260205,오이,백다다기(오이),10 kg 박스,,,,27000,,,,trade
광주각화,광주중앙청과,20260205,오이,백다다기(오이),10 kg 박스,,,,19000,,,,trade
광주각화,광주중앙청과,20260205,오이,백다다기(오이),10 kg 박스,,,,15000,,,,trade
광주각화,광주중앙청과,20260205,오이,백다다기(오이),10 kg 박스,,,,17000,,,,trade
광주각화,광주중앙청과,20260205,오이,백다다기(오이),10 kg 박스,,,,21000,,,,trade
광주각화,광주중앙청과,20260205,오이,백다다기(오이),10 kg 박스,,,,23000,,,,trade
광주각화,광주중앙청과,20260205,오이,백다다기(오이),10 kg 박스,,,,26500,,,,trade
광주각화,광주중앙청과,20260205,오이,백다다기(오이),10 kg 박스,,,,20500,,,,trade
광주각화,광주중앙청과,20260205,오이,백다다기(오이),10 kg 박스,,,,20000,,,,trade
광주각화,광주중앙청과,20260205,오이,백다다기(오이),10 kg 박스,,,,22000,,,,trade
광주각화,광주중앙청과,20260205,오이,백다다기(오이),10 kg 박스,,,,26000,,,,trade
광주각화,광주중앙청과,20260205,오이,백다다기(오이),10 kg 박스,,,,24000,,,,trade
광주각화,광주중앙청과,20260205,오이,백다다기(오이),10 kg 박스,,,,35000,,,,trade
광주각화,광주중앙청과,20260205,오이,백다다기(오이),10 kg 박스,,,,14000,,,,trade
광주각화,광주중앙청과,20260205,오이,백다다기(오이),10 kg 박스,,,,21000,,,,trade
광주각화,광주중앙청과,20260205,오이,백다다기(오이),10 kg 박스,,,,27000,,,,trade
광주각화,광주중앙청과,20260205,오이,백다다기(오이),10 kg 박스,,,,33000,,,,trade
광주각화,광주중앙청과,20260205,오이,백다다기(오이),10 kg 박스,,,,24000,,,,trade
광주각화,광주중앙청과,20260205,오이,백다다기(오이),10 kg 박스,,,,23000,,,,trade
광주각화,광주중앙청과,20260205,오이,백다다기(오이),10 kg 박스,,,,32000,,,,trade
광주각화,광주중앙청과,20260205,오이,백다다기(오이),10 kg 박스,,,,23500,,,,trade
광주각화,광주중앙청과,20260205,오이,백다다기(오이),10 kg 박스,,,,20000,,,,trade
광주각화,광주중앙청과,20260205,오이,백다다기(오이),10 kg 박스,,,,26000,,,,trade
광주각화,광주중앙청과,20260205,오이,백다다기(오이),10 kg 비닐봉지,,,,14000,,,,trade
광주각화,광주중앙청과,20260205,오이,백다다기(오이),10 kg 팰릿,,,,30000,,,,trade
광주각화,광주중앙청과,20260205,오이,백다다기(오이),10 kg 팰릿,,,,27500,,,,trade
광주각화,광주중앙청과,20260205,오이,백다다기(오이),10 kg 팰릿,,,,29000,,,,trade
광주각화,광주중앙청과,20260205,오이,백다다기(오이),10 kg 팰릿,,,,33000,,,,trade
광주각화,광주중앙청과,20260205,오이,백다다기(오이),10 kg 팰릿,,,,29000,,,,trade
광주각화,광주중앙청과,20260205,오이,백다다기(오이),18 kg 박스,,,,33000,,,,trade
광주각화,광주중앙청과,20260205,오이,백다다기(오이),18 kg 박스,,,,45000,,,,trade
광주각화,광주중앙청과,20260205,오이,백다다기(오이),18 kg 박스,,,,51000,,,,trade
광주각화,광주중앙청과,20260205,오이,백다다기(오이),18 kg 박스,,,,53000,,,,trade
광주각화,광주중앙청과,20260205,오이,백다다기(오이),18 kg 박스,,,,58000,,,,trade
광주각화,광주중앙청과,20260205,오이,백다다기(오이),18 kg 박스,,,,32000,,,,trade
광주각화,광주중앙청과,20260205,오이,백다다기(오이),18 kg 박스,,,,43000,,,,trade
광주각화,광주중앙청과,20260205,오이,백다다기(오이),18 kg 박스,,,,49000,,,,trade
광주각화,광주중앙청과,20260205,오이,백다다기(오이),18 kg 박스,,,,52000,,,,trade
광주각화,광주중앙청과,20260205,오이,백다다기(오이),18 kg 박스,,,,58000,,,,trade
광주각화,광주중앙청과,20260205,오이,백다다기(오이),18 kg 박스,,,,30000,,,,trade
광주각화,광주중앙청과,20260205,오이,백다다기(오이),18 kg 박스,,,,43000,,,,trade
광주각화,광주중앙청과,20260205,오이,백다다기(오이),18 kg 박스,,,,48000,,,,trade
광주각화,광주중앙청과,20260205,오이,백다다기(오이),18 kg 박스,,,,50000,,,,trade
광주각화,광주중앙청과,20260205,오이,백다다기(오이),18 kg 박스,,,,53000,,,,trade
광주각화,광주중앙청과,20260205,오이,백다다기(오이),18 kg 박스,,,,38000,,,,trade
광주각화,광주중앙청과,20260205,오이,백다다기(오이),18 kg 박스,,,,45000,,,,trade
광주각화,광주중앙청과,20260205,오이,백다다기(오이),18 kg 박스,,,,46000,,,,trade
광주각화,광주중앙청과,20260205,오이,백다다기(오이),18 kg 박스,,,,49000,,,,trade
광주각화,광주중앙청과,20260205,오이,백다다기(오이),18 kg 박스,,,,51000,,,,trade
광주각화,광주중앙청과,20260205,오이,백다다기(오이),18 kg 박스,,,,55000,,,,trade
광주각화,광주중앙청과,20260205,오이,백다다기(오이),18 kg 박스,,,,52000,,,,trade
광주각화,광주중앙청과,20260205,오이,백다다기(오이),18 kg 박스,,,,65000,,,,trade
광주각화,광주중앙청과,20260205,오이,백다다기(오이),18 kg 박스,,,,50000,,,,trade
광주각화,광주중앙청과,20260205,오이,백다다기(오이),18 kg 박스,,,,70000,,,,trade
광주각화,광주중앙청과,20260205,오이,백다다기(오이),18 kg 박스,,,,50000,,,,trade
광주각화,광주중앙청과,20260205,오이,백다다기(오이),18 kg 박스,,,,67000,,,,trade
광주각화,광주중앙청과,20260205,오이,백다다기(오이),18 kg 박스,,,,42000,,,,trade
광주각화,광주중앙청과,20260205,오이,백다다기(오이),18 kg 박스,,,,50000,,,,trade
광주각화,광주중앙청과,20260205,오이,백다다기(오이),18 kg 박스,,,,50000,,,,trade
광주각화,광주중앙청과,20260205,오이,백다다기(오이),18 kg 박스,,,,70000,,,,trade
광주각화,광주중앙청과,20260205,오이,백다다기(오이),18 kg 박스,,,,72000,,,,trade
광주각화,광주중앙청과,20260205,오이,백다다기(오이),10kg,,,,,14000,38500,29542,grade_agg
광주각화,광주중앙청과,20260205,오이,백다다기(오이),18kg,,,,,30000,72000,53662,grade_agg
광주각화,광주중앙청과,20260210,오이,백다다기(오이),10 kg 박스,,,,43000,,,,trade
광주각화,광주중앙청과,20260210,오이,백다다기(오이),10 kg 박스,,,,36500,,,,trade
광주각화,광주중앙청과,20260210,오이,백다다기(오이),10 kg 박스,,,,35000,,,,trade
광주각화,광주중앙청과,20260210,오이,백다다기(오이),10 kg 박스,,,,23000,,,,trade
광주각화,광주중앙청과,20260210,오이,백다다기(오이),10 kg 박스,,,,26000,,,,trade
광주각화,광주중앙청과,20260210,오이,백다다기(오이),10 kg 박스,,,,29500,,,,trade
광주각화,광주중앙청과,20260210,오이,백다다기(오이),10 kg 박스,,,,33000,,,,trade
광주각화,광주중앙청과,20260210,오이,백다다기(오이),10 kg 박스,,,,28000,,,,trade
광주각화,광주중앙청과,20260210,오이,백다다기(오이),10 kg 박스,,,,37000,,,,trade
광주각화,광주중앙청과,20260210,오이,백다다기(오이),10 kg 박스,,,,27500,,,,trade
광주각화,광주중앙청과,20260210,오이,백다다기(오이),10 kg 박스,,,,36500,,,,trade
광주각화,광주중앙청과,20260210,오이,백다다기(오이),10 kg 박스,,,,28000,,,,trade
광주각화,광주중앙청과,20260210,오이,백다다기(오이),10 kg 박스,,,,25500,,,,trade
광주각화,광주중앙청과,20260210,오이,백다다기(오이),10 kg 박스,,,,40000,,,,trade
광주각화,광주중앙청과,20260210,오이,백다다기(오이),10 kg 박스,,,,34000,,,,trade
광주각화,광주중앙청과,20260210,오이,백다다기(오이),10 kg 박스,,,,30000,,,,trade
광주각화,광주중앙청과,20260210,오이,백다다기(오이),10 kg 박스,,,,24000,,,,trade
광주각화,광주중앙청과,20260210,오이,백다다기(오이),10 kg 박스,,,,31000,,,,trade
광주각화,광주중앙청과,20260210,오이,백다다기(오이),10 kg 박스,,,,20000,,,,trade
광주각화,광주중앙청과,20260210,오이,백다다기(오이),10 kg 박스,,,,21000,,,,trade
광주각화,광주중앙청과,20260210,오이,백다다기(오이),10 kg 박스,,,,24500,,,,trade
광주각화,광주중앙청과,20260210,오이,백다다기(오이),10 kg 박스,,,,27000,,,,trade
광주각화,광주중앙청과,20260210,오이,백다다기(오이),10 kg 박스,,,,20000,,,,trade
광주각화,광주중앙청과,20260210,오이,백다다기(오이),10 kg 박스,,,,23500,,,,trade
광주각화,광주중앙청과,20260210,오이,백다다기(오이),10 kg 박스,,,,27000,,,,trade
광주각화,광주중앙청과,20260210,오이,백다다기(오이),10 kg 박스,,,,23500,,,,trade
광주각화,광주중앙청과,20260210,오이,백다다기(오이),10 kg 박스,,,,23000,,,,trade
광주각화,광주중앙청과,20260210,오이,백다다기(오이),10 kg 박스,,,,26000,,,,trade
광주각화,광주중앙청과,20260210,오이,백다다기(오이),10 kg 박스,,,,29000,,,,trade
광주각화,광주중앙청과,20260210,오이,백다다기(오이),10 kg 박스,,,,35000,,,,trade
광주각화,광주중앙청과,20260210,오이,백다다기(오이),10 kg 박스,,,,27000,,,,trade
광주각화,광주중앙청과,20260210,오이,백다다기(오이),10 kg 박스,,,,34000,,,,trade
광주각화,광주중앙청과,20260210,오이,백다다기(오이),10 kg 박스,,,,27500,,,,trade
광주각화,광주중앙청과,20260210,오이,백다다기(오이),10 kg 박스,,,,35000,,,,trade
광주각화,광주중앙청과,20260210,오이,백다다기(오이),10 kg 박스,,,,22000,,,,trade
광주각화,광주중앙청과,20260210,오이,백다다기(오이),10 kg 박스,,,,29500,,,,trade
광주각화,광주중앙청과,20260210,오이,백다다기(오이),10 kg 박스,,,,22000,,,,trade
광주각화,광주중앙청과,20260210,오이,백다다기(오이),10 kg 박스,,,,31500,,,,trade
광주각화,광주중앙청과,20260210,오이,백다다기(오이),10 kg 박스,,,,41500,,,,trade
광주각화,광주중앙청과,20260210,오이,백다다기(오이),10 kg 박스,,,,20000,,,,trade
광주각화,광주중앙청과,20260210,오이,백다다기(오이),10 kg 박스,,,,23000,,,,trade
광주각화,광주중앙청과,20260210,오이,백다다기(오이),10 kg 박스,,,,28000,,,,trade
광주각화,광주중앙청과,20260210,오이,백다다기(오이),10 kg 박스,,,,24000,,,,trade
광주각화,광주중앙청과,20260210,오이,백다다기(오이),10 kg 팰릿,,,,31000,,,,trade
광주각화,광주중앙청과,20260210,오이,백다다기(오이),10 kg 팰릿,,,,31500,,,,trade
광주각화,광주중앙청과,20260210,오이,백다다기(오이),10 kg 팰릿,,,,31500,,,,trade
광주각화,광주중앙청과,20260210,오이,백다다기(오이),10 kg 팰릿,,,,26000,,,,trade
광주각화,광주중앙청과,20260210,오이,백다다기(오이),18 kg 박스,,,,37000,,,,trade
광주각화,광주중앙청과,20260210,오이,백다다기(오이),18 kg 박스,,,,49000,,,,trade
광주각화,광주중앙청과,20260210,오이,백다다기(오이),18 kg 박스,,,,53000,,,,trade
광주각화,광주중앙청과,20260210,오이,백다다기(오이),18 kg 박스,,,,55000,,,,trade
광주각화,광주중앙청과,20260210,오이,백다다기(오이),18 kg 박스,,,,59000,,,,trade
광주각화,광주중앙청과,20260210,오이,백다다기(오이),18 kg 박스,,,,30000,,,,trade
광주각화,광주중앙청과,20260210,오이,백다다기(오이),18 kg 박스,,,,50000,,,,trade
광주각화,광주중앙청과,20260210,오이,백다다기(오이),18 kg 박스,,,,53000,,,,trade
광주각화,광주중앙청과,20260210,오이,백다다기(오이),18 kg 박스,,,,56000,,,,trade
광주각화,광주중앙청과,20260210,오이,백다다기(오이),18 kg 박스,,,,59000,,,,trade
광주각화,광주중앙청과,20260210,오이,백다다기(오이),18 kg 박스,,,,30000,,,,trade
광주각화,광주중앙청과,20260210,오이,백다다기(오이),18 kg 박스,,,,45000,,,,trade
광주각화,광주중앙청과,20260210,오이,백다다기(오이),18 kg 박스,,,,49000,,,,trade
광주각화,광주중앙청과,20260210,오이,백다다기(오이),18 kg 박스,,,,50000,,,,trade
광주각화,광주중앙청과,20260210,오이,백다다기(오이),18 kg 박스,,,,53000,,,,trade
광주각화,광주중앙청과,20260210,오이,백다다기(오이),18 kg 박스,,,,55000,,,,trade
광주각화,광주중앙청과,20260210,오이,백다다기(오이),18 kg 박스,,,,48000,,,,trade
광주각화,광주중앙청과,20260210,오이,백다다기(오이),18 kg 박스,,,,49000,,,,trade
광주각화,광주중앙청과,20260210,오이,백다다기(오이),18 kg 박스,,,,51000,,,,trade
광주각화,광주중앙청과,20260210,오이,백다다기(오이),18 kg 박스,,,,53000,,,,trade
광주각화,광주중앙청과,20260210,오이,백다다기(오이),18 kg 박스,,,,58000,,,,trade
광주각화,광주중앙청과,20260210,오이,백다다기(오이),18 kg 박스,,,,38000,,,,trade
광주각화,광주중앙청과,20260210,오이,백다다기(오이),18 kg 박스,,,,50000,,,,trade
광주각화,광주중앙청과,20260210,오이,백다다기(오이),18 kg 박스,,,,32000,,,,trade
광주각화,광주중앙청과,20260210,오이,백다다기(오이),18 kg 박스,,,,58000,,,,trade
광주각화,광주중앙청과,20260210,오이,백다다기(오이),18 kg 박스,,,,73000,,,,trade
광주각화,광주중앙청과,20260210,오이,백다다기(오이),18 kg 박스,,,,60000,,,,trade
광주각화,광주중앙청과,20260210,오이,백다다기(오이),18 kg 박스,,,,50000,,,,trade
광주각화,광주중앙청과,20260210,오이,백다다기(오이),18 kg 박스,,,,73000,,,,trade
광주각화,광주중앙청과,20260210,오이,백다다기(오이),10kg,,,,,20000,43000,31290,grade_agg
광주각화,광주중앙청과,20260210,오이,백다다기(오이),18kg,,,,,30000,73000,53035,grade_agg
광주각화,광주중앙청과,20260212,오이,백다다기(오이),10 kg 박스,,,,60000,,,,trade
광주각화,광주중앙청과,20260212,오이,백다다기(오이),10 kg 박스,,,,35500,,,,trade
광주각화,광주중앙청과,20260212,오이,백다다기(오이),10 kg 박스,,,,37000,,,,trade
광주각화,광주중앙청과,20260212,오이,백다다기(오이),10 kg 박스,,,,44000,,,,trade
광주각화,광주중앙청과,20260212,오이,백다다기(오이),10 kg 박스,,,,38000,,,,trade
광주각화,광주중앙청과,20260212,오이,백다다기(오이),10 kg 박스,,,,44000,,,,trade
광주각화,광주중앙청과,20260212,오이,백다다기(오이),10 kg 박스,,,,36000,,,,trade
광주각화,광주중앙청과,20260212,오이,백다다기(오이),10 kg 박스,,,,37000,,,,trade
광주각화,광주중앙청과,20260212,오이,백다다기(오이),10 kg 박스,,,,48500,,,,trade
광주각화,광주중앙청과,20260212,오이,백다다기(오이),10 kg 박스,,,,32500,,,,trade
광주각화,광주중앙청과,20260212,오이,백다다기(오이),10 kg 박스,,,,46000,,,,trade
광주각화,광주중앙청과,20260212,오이,백다다기(오이),10 kg 박스,,,,36000,,,,trade
광주각화,광주중앙청과,20260212,오이,백다다기(오이),10 kg 박스,,,,31500,,,,trade
광주각화,광주중앙청과,20260212,오이,백다다기(오이),10 kg 박스,,,,24000,,,,trade
광주각화,광주중앙청과,20260212,오이,백다다기(오이),10 kg 박스,,,,22000,,,,trade
광주각화,광주중앙청과,20260212,오이,백다다기(오이),10 kg 박스,,,,25000,,,,trade
광주각화,광주중앙청과,20260212,오이,백다다기(오이),10 kg 박스,,,,30000,,,,trade
광주각화,광주중앙청과,20260212,오이,백다다기(오이),10 kg 박스,,,,34000,,,,trade
광주각화,광주중앙청과,20260212,오이,백다다기(오이),10 kg 박스,,,,29000,,,,trade
광주각화,광주중앙청과,20260212,오이,백다다기(오이),10 kg 박스,,,,29000,,,,trade
광주각화,광주중앙청과,20260212,오이,백다다기(오이),10 kg 박스,,,,33000,,,,trade
광주각화,광주중앙청과,20260212,오이,백다다기(오이),10 kg 박스,,,,30000,,,,trade
광주각화,광주중앙청과,20260212,오이,백다다기(오이),10 kg 박스,,,,31000,,,,trade
광주각화,광주중앙청과,20260212,오이,백다다기(오이),10 kg 박스,,,,34000,,,,trade
광주각화,광주중앙청과,20260212,오이,백다다기(오이),10 kg 박스,,,,23000,,,,trade
광주각화,광주중앙청과,20260212,오이,백다다기(오이),10 kg 박스,,,,35500,,,,trade
광주각화,광주중앙청과,20260212,오이,백다다기(오이),10 kg 박스,,,,55000,,,,trade
광주각화,광주중앙청과,20260212,오이,백다다기(오이),10 kg 박스,,,,33000,,,,trade
광주각화,광주중앙청과,20260212,오이,백다다기(오이),10 kg 박스,,,,48500,,,,trade
광주각화,광주중앙청과,20260212,오이,백다다기(오이),10 kg 박스,,,,28000,,,,trade
광주각화,광주중앙청과,20260212,오이,백다다기(오이),10 kg 박스,,,,45500,,,,trade
광주각화,광주중앙청과,20260212,오이,백다다기(오이),10 kg 박스,,,,33000,,,,trade
광주각화,광주중앙청과,20260212,오이,백다다기(오이),10 kg 박스,,,,43000,,,,trade
광주각화,광주중앙청과,20260212,오이,백다다기(오이),10 kg 박스,,,,22000,,,,trade
광주각화,광주중앙청과,20260212,오이,백다다기(오이),10 kg 박스,,,,35000,,,,trade
광주각화,광주중앙청과,20260212,오이,백다다기(오이),10 kg 박스,,,,54000,,,,trade
광주각화,광주중앙청과,20260212,오이,백다다기(오이),10 kg 박스,,,,36500,,,,trade
광주각화,광주중앙청과,20260212,오이,백다다기(오이),10 kg 박스,,,,15000,,,,trade
광주각화,광주중앙청과,20260212,오이,백다다기(오이),10 kg 박스,,,,24000,,,,trade
광주각화,광주중앙청과,20260212,오이,백다다기(오이),10 kg 박스,,,,31000,,,,trade
광주각화,광주중앙청과,20260212,오이,백다다기(오이),10 kg 박스,,,,31000,,,,trade
광주각화,광주중앙청과,20260212,오이,백다다기(오이),10 kg 박스,,,,43000,,,,trade
광주각화,광주중앙청과,20260212,오이,백다다기(오이),10 kg 박스,,,,49000,,,,trade
광주각화,광주중앙청과,20260212,오이,백다다기(오이),10 kg 박스,,,,45000,,,,trade
광주각화,광주중앙청과,20260212,오이,백다다기(오이),10 kg 팰릿,,,,40000,,,,trade
광주각화,광주중앙청과,20260212,오이,백다다기(오이),10 kg 팰릿,,,,40500,,,,trade
광주각화,광주중앙청과,20260212,오이,백다다기(오이),10 kg 팰릿,,,,39000,,,,trade
광주각화,광주중앙청과,20260212,오이,백다다기(오이),10 kg 팰릿,,,,38000,,,,trade
광주각화,광주중앙청과,20260212,오이,백다다기(오이),18 kg 박스,,,,78000,,,,trade
광주각화,광주중앙청과,20260212,오이,백다다기(오이),18 kg 박스,,,,41000,,,,trade
광주각화,광주중앙청과,20260212,오이,백다다기(오이),18 kg 박스,,,,68000,,,,trade
광주각화,광주중앙청과,20260212,오이,백다다기(오이),18 kg 박스,,,,73000,,,,trade
광주각화,광주중앙청과,20260212,오이,백다다기(오이),18 kg 박스,,,,75000,,,,trade
광주각화,광주중앙청과,20260212,오이,백다다기(오이),18 kg 박스,,,,47000,,,,trade
광주각화,광주중앙청과,20260212,오이,백다다기(오이),18 kg 박스,,,,55000,,,,trade
광주각화,광주중앙청과,20260212,오이,백다다기(오이),18 kg 박스,,,,65000,,,,trade
광주각화,광주중앙청과,20260212,오이,백다다기(오이),18 kg 박스,,,,70000,,,,trade
광주각화,광주중앙청과,20260212,오이,백다다기(오이),18 kg 박스,,,,77000,,,,trade
광주각화,광주중앙청과,20260212,오이,백다다기(오이),18 kg 박스,,,,44000,,,,trade
광주각화,광주중앙청과,20260212,오이,백다다기(오이),18 kg 박스,,,,60000,,,,trade
광주각화,광주중앙청과,20260212,오이,백다다기(오이),18 kg 박스,,,,65000,,,,trade
광주각화,광주중앙청과,20260212,오이,백다다기(오이),18 kg 박스,,,,68000,,,,trade
광주각화,광주중앙청과,20260212,오이,백다다기(오이),18 kg 박스,,,,72000,,,,trade
광주각화,광주중앙청과,20260212,오이,백다다기(오이),18 kg 박스,,,,80000,,,,trade
광주각화,광주중앙청과,20260212,오이,백다다기(오이),18 kg 박스,,,,45000,,,,trade
광주각화,광주중앙청과,20260212,오이,백다다기(오이),18 kg 박스,,,,67000,,,,trade
광주각화,광주중앙청과,20260212,오이,백다다기(오이),18 kg 박스,,,,43000,,,,trade
광주각화,광주중앙청과,20260212,오이,백다다기(오이),18 kg 박스,,,,61000,,,,trade
광주각화,광주중앙청과,20260212,오이,백다다기(오이),18 kg 박스,,,,88000,,,,trade
광주각화,광주중앙청과,20260212,오이,백다다기(오이),18 kg 박스,,,,58000,,,,trade
광주각화,광주중앙청과,20260212,오이,백다다기(오이),18 kg 박스,,,,85000,,,,trade
광주각화,광주중앙청과,20260212,오이,백다다기(오이),18 kg 박스,,,,75000,,,,trade
광주각화,광주중앙청과,20260212,오이,백다다기(오이),18 kg 박스,,,,72000,,,,trade
광주각화,광주중앙청과,20260212,오이,백다다기(오이),18 kg 박스,,,,91000,,,,trade
광주각화,광주중앙청과,20260212,오이,백다다기(오이),18 kg 박스,,,,48000,,,,trade
광주각화,광주중앙청과,20260212,오이,백다다기(오이),18 kg 박스,,,,56000,,,,trade
광주각화,광주중앙청과,20260212,오이,백다다기(오이),10kg,,,,,15000,60000,40614,grade_agg
광주각화,광주중앙청과,20260212,오이,백다다기(오이),18kg,,,,,41000,91000,71419,grade_agg
광주각화,광주중앙청과,20260224,오이,백다다기(오이),10 kg 박스,,,,21500,,,,trade
광주각화,광주중앙청과,20260224,오이,백다다기(오이),10 kg 박스,,,,21500,,,,trade
광주각화,광주중앙청과,20260224,오이,백다다기(오이),10 kg 박스,,,,23500,,,,trade
광주각화,광주중앙청과,20260224,오이,백다다기(오이),10 kg 박스,,,,14500,,,,trade
광주각화,광주중앙청과,20260224,오이,백다다기(오이),10 kg 박스,,,,21500,,,,trade
광주각화,광주중앙청과,20260224,오이,백다다기(오이),10 kg 박스,,,,19000,,,,trade
광주각화,광주중앙청과,20260224,오이,백다다기(오이),10 kg 박스,,,,19000,,,,trade
광주각화,광주중앙청과,20260224,오이,백다다기(오이),10 kg 박스,,,,20500,,,,trade
광주각화,광주중앙청과,20260224,오이,백다다기(오이),10 kg 박스,,,,19000,,,,trade
광주각화,광주중앙청과,20260224,오이,백다다기(오이),10 kg 박스,,,,20000,,,,trade
광주각화,광주중앙청과,20260224,오이,백다다기(오이),10 kg 박스,,,,16500,,,,trade
광주각화,광주중앙청과,20260224,오이,백다다기(오이),10 kg 박스,,,,18000,,,,trade
광주각화,광주중앙청과,20260224,오이,백다다기(오이),10 kg 박스,,,,21000,,,,trade
광주각화,광주중앙청과,20260224,오이,백다다기(오이),10 kg 박스,,,,25000,,,,trade
광주각화,광주중앙청과,20260224,오이,백다다기(오이),10 kg 박스,,,,21500,,,,trade
광주각화,광주중앙청과,20260224,오이,백다다기(오이),10 kg 박스,,,,29500,,,,trade
광주각화,광주중앙청과,20260224,오이,백다다기(오이),10 kg 박스,,,,11000,,,,trade
광주각화,광주중앙청과,20260224,오이,백다다기(오이),10 kg 박스,,,,18500,,,,trade
광주각화,광주중앙청과,20260224,오이,백다다기(오이),10 kg 박스,,,,21000,,,,trade
광주각화,광주중앙청과,20260224,오이,백다다기(오이),10 kg 박스,,,,28500,,,,trade
광주각화,광주중앙청과,20260224,오이,백다다기(오이),10 kg 박스,,,,26000,,,,trade
광주각화,광주중앙청과,20260224,오이,백다다기(오이),10 kg 박스,,,,27000,,,,trade
광주각화,광주중앙청과,20260224,오이,백다다기(오이),10 kg 박스,,,,29000,,,,trade
광주각화,광주중앙청과,20260224,오이,백다다기(오이),10 kg 박스,,,,18500,,,,trade
광주각화,광주중앙청과,20260224,오이,백다다기(오이),10 kg 박스,,,,30000,,,,trade
광주각화,광주중앙청과,20260224,오이,백다다기(오이),10 kg 박스,,,,13000,,,,trade
광주각화,광주중앙청과,20260224,오이,백다다기(오이),10 kg 박스,,,,18000,,,,trade
광주각화,광주중앙청과,20260224,오이,백다다기(오이),10 kg 박스,,,,28500,,,,trade
광주각화,광주중앙청과,20260224,오이,백다다기(오이),10 kg 박스,,,,20000,,,,trade
광주각화,광주중앙청과,20260224,오이,백다다기(오이),10 kg 박스,,,,25000,,,,trade
광주각화,광주중앙청과,20260224,오이,백다다기(오이),10 kg 박스,,,,12500,,,,trade
광주각화,광주중앙청과,20260224,오이,백다다기(오이),10 kg 박스,,,,15500,,,,trade
광주각화,광주중앙청과,20260224,오이,백다다기(오이),10 kg 박스,,,,19500,,,,trade
광주각화,광주중앙청과,20260224,오이,백다다기(오이),10 kg 박스,,,,14500,,,,trade
광주각화,광주중앙청과,20260224,오이,백다다기(오이),10 kg 박스,,,,25000,,,,trade
광주각화,광주중앙청과,20260224,오이,백다다기(오이),10 kg 박스,,,,15500,,,,trade
광주각화,광주중앙청과,20260224,오이,백다다기(오이),10 kg 박스,,,,20500,,,,trade
광주각화,광주중앙청과,20260224,오이,백다다기(오이),10 kg 박스,,,,28000,,,,trade
광주각화,광주중앙청과,20260224,오이,백다다기(오이),10 kg 박스,,,,25000,,,,trade
광주각화,광주중앙청과,20260224,오이,백다다기(오이),10 kg 박스,,,,26000,,,,trade
광주각화,광주중앙청과,20260224,오이,백다다기(오이),10 kg 박스,,,,14500,,,,trade
광주각화,광주중앙청과,20260224,오이,백다다기(오이),10 kg 박스,,,,18500,,,,trade
광주각화,광주중앙청과,20260224,오이,백다다기(오이),10 kg 박스,,,,25500,,,,trade
광주각화,광주중앙청과,20260224,오이,백다다기(오이),10 kg 박스,,,,19000,,,,trade
광주각화,광주중앙청과,20260224,오이,백다다기(오이),10 kg 박스,,,,24000,,,,trade
광주각화,광주중앙청과,20260224,오이,백다다기(오이),10 kg 박스,,,,19000,,,,trade
광주각화,광주중앙청과,20260224,오이,백다다기(오이),10 kg 박스,,,,28000,,,,trade
광주각화,광주중앙청과,20260224,오이,백다다기(오이),10 kg 박스,,,,14500,,,,trade
광주각화,광주중앙청과,20260224,오이,백다다기(오이),10 kg 박스,,,,26500,,,,trade
광주각화,광주중앙청과,20260224,오이,백다다기(오이),10 kg 팰릿,,,,29000,,,,trade
광주각화,광주중앙청과,20260224,오이,백다다기(오이),10 kg 팰릿,,,,22500,,,,trade
광주각화,광주중앙청과,20260224,오이,백다다기(오이),10 kg 팰릿,,,,20500,,,,trade
광주각화,광주중앙청과,20260224,오이,백다다기(오이),10 kg 팰릿,,,,21500,,,,trade
광주각화,광주중앙청과,20260224,오이,백다다기(오이),10 kg 팰릿,,,,23000,,,,trade
광주각화,광주중앙청과,20260224,오이,백다다기(오이),18 kg 박스,,,,26000,,,,trade
광주각화,광주중앙청과,20260224,오이,백다다기(오이),18 kg 박스,,,,50000,,,,trade
광주각화,광주중앙청과,20260224,오이,백다다기(오이),18 kg 박스,,,,42000,,,,trade
광주각화,광주중앙청과,20260224,오이,백다다기(오이),18 kg 박스,,,,44000,,,,trade
광주각화,광주중앙청과,20260224,오이,백다다기(오이),18 kg 박스,,,,46000,,,,trade
광주각화,광주중앙청과,20260224,오이,백다다기(오이),18 kg 박스,,,,25000,,,,trade
광주각화,광주중앙청과,20260224,오이,백다다기(오이),18 kg 박스,,,,33000,,,,trade
광주각화,광주중앙청과,20260224,오이,백다다기(오이),18 kg 박스,,,,39000,,,,trade
광주각화,광주중앙청과,20260224,오이,백다다기(오이),18 kg 박스,,,,41000,,,,trade
광주각화,광주중앙청과,20260224,오이,백다다기(오이),18 kg 박스,,,,43000,,,,trade
광주각화,광주중앙청과,20260224,오이,백다다기(오이),18 kg 박스,,,,26000,,,,trade
광주각화,광주중앙청과,20260224,오이,백다다기(오이),18 kg 박스,,,,39000,,,,trade
광주각화,광주중앙청과,20260224,오이,백다다기(오이),18 kg 박스,,,,42000,,,,trade
광주각화,광주중앙청과,20260224,오이,백다다기(오이),18 kg 박스,,,,44000,,,,trade
광주각화,광주중앙청과,20260224,오이,백다다기(오이),18 kg 박스,,,,47000,,,,trade
광주각화,광주중앙청과,20260224,오이,백다다기(오이),18 kg 박스,,,,25000,,,,trade
광주각화,광주중앙청과,20260224,오이,백다다기(오이),18 kg 박스,,,,35000,,,,trade
광주각화,광주중앙청과,20260224,오이,백다다기(오이),18 kg 박스,,,,38000,,,,trade
광주각화,광주중앙청과,20260224,오이,백다다기(오이),18 kg 박스,,,,40000,,,,trade
광주각화,광주중앙청과,20260224,오이,백다다기(오이),18 kg 박스,,,,41000,,,,trade
광주각화,광주중앙청과,20260224,오이,백다다기(오이),18 kg 박스,,,,43000,,,,trade
광주각화,광주중앙청과,20260224,오이,백다다기(오이),18 kg 박스,,,,46000,,,,trade
광주각화,광주중앙청과,20260224,오이,백다다기(오이),18 kg 박스,,,,27000,,,,trade
광주각화,광주중앙청과,20260224,오이,백다다기(오이),18 kg 박스,,,,46000,,,,trade
광주각화,광주중앙청과,20260224,오이,백다다기(오이),18 kg 박스,,,,23000,,,,trade
광주각화,광주중앙청과,20260224,오이,백다다기(오이),18 kg 박스,,,,36000,,,,trade
광주각화,광주중앙청과,20260224,오이,백다다기(오이),18 kg 박스,,,,50000,,,,trade
광주각화,광주중앙청과,20260224,오이,백다다기(오이),18 kg 박스,,,,24000,,,,trade
광주각화,광주중앙청과,20260224,오이,백다다기(오이),18 kg 박스,,,,36000,,,,trade
광주각화,광주중앙청과,20260224,오이,백다다기(오이),18 kg 박스,,,,35000,,,,trade
광주각화,광주중앙청과,20260224,오이,백다다기(오이),18 kg 박스,,,,35000,,,,trade
광주각화,광주중앙청과,20260224,오이,백다다기(오이),18 kg 박스,,,,35000,,,,trade
광주각화,광주중앙청과,20260224,오이,백다다기(오이),18 kg 박스,,,,46000,,,,trade
광주각화,광주중앙청과,20260224,오이,백다다기(오이),18 kg 박스,,,,25000,,,,trade
광주각화,광주중앙청과,20260224,오이,백다다기(오이),18 kg 박스,,,,34000,,,,trade
광주각화,광주중앙청과,20260224,오이,백다다기(오이),18 kg 박스,,,,32000,,,,trade
광주각화,광주중앙청과,20260224,오이,백다다기(오이),18 kg 박스,,,,43000,,,,trade
광주각화,광주중앙청과,20260224,오이,백다다기(오이),18 kg 박스,,,,24000,,,,trade
광주각화,광주중앙청과,20260224,오이,백다다기(오이),18 kg 박스,,,,34000,,,,trade
광주각화,광주중앙청과,20260224,오이,백다다기(오이),18 kg 박스,,,,35000,,,,trade
광주각화,광주중앙청과,20260224,오이,백다다기(오이),10kg,,,,,11000,30000,23486,grade_agg
광주각화,광주중앙청과,20260224,오이,백다다기(오이),18kg,,,,,23000,50000,40089,grade_agg
광주각화,광주중앙청과,20260226,오이,백다다기(오이),10 kg 박스,,,,18000,,,,trade
광주각화,광주중앙청과,20260226,오이,백다다기(오이),10 kg 박스,,,,22500,,,,trade
광주각화,광주중앙청과,20260226,오이,백다다기(오이),10 kg 박스,,,,28500,,,,trade
광주각화,광주중앙청과,20260226,오이,백다다기(오이),10 kg 박스,,,,20000,,,,trade
광주각화,광주중앙청과,20260226,오이,백다다기(오이),10 kg 박스,,,,29500,,,,trade
광주각화,광주중앙청과,20260226,오이,백다다기(오이),10 kg 박스,,,,21000,,,,trade
광주각화,광주중앙청과,20260226,오이,백다다기(오이),10 kg 박스,,,,27500,,,,trade
광주각화,광주중앙청과,20260226,오이,백다다기(오이),10 kg 박스,,,,21000,,,,trade
광주각화,광주중앙청과,20260226,오이,백다다기(오이),10 kg 박스,,,,32000,,,,trade
광주각화,광주중앙청과,20260226,오이,백다다기(오이),10 kg 박스,,,,30000,,,,trade
광주각화,광주중앙청과,20260226,오이,백다다기(오이),10 kg 박스,,,,25000,,,,trade
광주각화,광주중앙청과,20260226,오이,백다다기(오이),10 kg 박스,,,,26000,,,,trade
광주각화,광주중앙청과,20260226,오이,백다다기(오이),10 kg 박스,,,,28000,,,,trade
광주각화,광주중앙청과,20260226,오이,백다다기(오이),10 kg 박스,,,,5000,,,,trade
광주각화,광주중앙청과,20260226,오이,백다다기(오이),10 kg 박스,,,,20000,,,,trade
광주각화,광주중앙청과,20260226,오이,백다다기(오이),10 kg 박스,,,,23500,,,,trade
광주각화,광주중앙청과,20260226,오이,백다다기(오이),10 kg 박스,,,,26000,,,,trade
광주각화,광주중앙청과,20260226,오이,백다다기(오이),10 kg 박스,,,,22000,,,,trade
광주각화,광주중앙청과,20260226,오이,백다다기(오이),10 kg 박스,,,,30000,,,,trade
광주각화,광주중앙청과,20260226,오이,백다다기(오이),10 kg 박스,,,,11000,,,,trade
광주각화,광주중앙청과,20260226,오이,백다다기(오이),10 kg 박스,,,,23500,,,,trade
광주각화,광주중앙청과,20260226,오이,백다다기(오이),10 kg 박스,,,,27500,,,,trade
광주각화,광주중앙청과,20260226,오이,백다다기(오이),10 kg 박스,,,,29500,,,,trade
광주각화,광주중앙청과,20260226,오이,백다다기(오이),10 kg 박스,,,,23500,,,,trade
광주각화,광주중앙청과,20260226,오이,백다다기(오이),10 kg 박스,,,,14000,,,,trade
광주각화,광주중앙청과,20260226,오이,백다다기(오이),10 kg 박스,,,,14000,,,,trade
광주각화,광주중앙청과,20260226,오이,백다다기(오이),10 kg 박스,,,,15500,,,,trade
광주각화,광주중앙청과,20260226,오이,백다다기(오이),10 kg 박스,,,,21000,,,,trade
광주각화,광주중앙청과,20260226,오이,백다다기(오이),10 kg 박스,,,,15500,,,,trade
광주각화,광주중앙청과,20260226,오이,백다다기(오이),10 kg 박스,,,,22000,,,,trade
광주각화,광주중앙청과,20260226,오이,백다다기(오이),10 kg 박스,,,,24000,,,,trade
광주각화,광주중앙청과,20260226,오이,백다다기(오이),10 kg 박스,,,,29000,,,,trade
광주각화,광주중앙청과,20260226,오이,백다다기(오이),10 kg 박스,,,,20000,,,,trade
광주각화,광주중앙청과,20260226,오이,백다다기(오이),10 kg 박스,,,,20000,,,,trade
광주각화,광주중앙청과,20260226,오이,백다다기(오이),10 kg 박스,,,,23500,,,,trade
광주각화,광주중앙청과,20260226,오이,백다다기(오이),10 kg 박스,,,,23000,,,,trade
광주각화,광주중앙청과,20260226,오이,백다다기(오이),10 kg 박스,,,,25000,,,,trade
광주각화,광주중앙청과,20260226,오이,백다다기(오이),10 kg 박스,,,,20000,,,,trade
광주각화,광주중앙청과,20260226,오이,백다다기(오이),10 kg 박스,,,,22000,,,,trade
광주각화,광주중앙청과,20260226,오이,백다다기(오이),10 kg 박스,,,,25000,,,,trade
광주각화,광주중앙청과,20260226,오이,백다다기(오이),10 kg 박스,,,,27000,,,,trade
광주각화,광주중앙청과,20260226,오이,백다다기(오이),10 kg 박스,,,,15500,,,,trade
광주각화,광주중앙청과,20260226,오이,백다다기(오이),10 kg 박스,,,,19500,,,,trade
광주각화,광주중앙청과,20260226,오이,백다다기(오이),10 kg 박스,,,,22000,,,,trade
광주각화,광주중앙청과,20260226,오이,백다다기(오이),10 kg 박스,,,,26000,,,,trade
광주각화,광주중앙청과,20260226,오이,백다다기(오이),10 kg 박스,,,,32500,,,,trade
광주각화,광주중앙청과,20260226,오이,백다다기(오이),10 kg 박스,,,,22000,,,,trade
광주각화,광주중앙청과,20260226,오이,백다다기(오이),10 kg 박스,,,,32000,,,,trade
광주각화,광주중앙청과,20260226,오이,백다다기(오이),10 kg 박스,,,,33000,,,,trade
광주각화,광주중앙청과,20260226,오이,백다다기(오이),10 kg 박스,,,,27000,,,,trade
광주각화,광주중앙청과,20260226,오이,백다다기(오이),10 kg 박스,,,,29000,,,,trade
광주각화,광주중앙청과,20260226,오이,백다다기(오이),10 kg 박스,,,,21000,,,,trade
광주각화,광주중앙청과,20260226,오이,백다다기(오이),10 kg 박스,,,,32500,,,,trade
광주각화,광주중앙청과,20260226,오이,백다다기(오이),10 kg 박스,,,,15000,,,,trade
광주각화,광주중앙청과,20260226,오이,백다다기(오이),10 kg 박스,,,,21000,,,,trade
광주각화,광주중앙청과,20260226,오이,백다다기(오이),10 kg 박스,,,,33000,,,,trade
광주각화,광주중앙청과,20260226,오이,백다다기(오이),10 kg 박스,,,,16000,,,,trade
광주각화,광주중앙청과,20260226,오이,백다다기(오이),10 kg 박스,,,,23500,,,,trade
광주각화,광주중앙청과,20260226,오이,백다다기(오이),10 kg 박스,,,,14500,,,,trade
광주각화,광주중앙청과,20260226,오이,백다다기(오이),10 kg 박스,,,,24500,,,,trade
광주각화,광주중앙청과,20260226,오이,백다다기(오이),10 kg 박스,,,,31500,,,,trade
광주각화,광주중앙청과,20260226,오이,백다다기(오이),10 kg 박스,,,,15500,,,,trade
광주각화,광주중앙청과,20260226,오이,백다다기(오이),10 kg 박스,,,,26000,,,,trade
광주각화,광주중앙청과,20260226,오이,백다다기(오이),10 kg 박스,,,,22000,,,,trade
광주각화,광주중앙청과,20260226,오이,백다다기(오이),10 kg 박스,,,,28000,,,,trade
광주각화,광주중앙청과,20260226,오이,백다다기(오이),10 kg 박스,,,,20500,,,,trade
광주각화,광주중앙청과,20260226,오이,백다다기(오이),10 kg 박스,,,,27500,,,,trade
광주각화,광주중앙청과,20260226,오이,백다다기(오이),10 kg 박스,,,,30000,,,,trade
광주각화,광주중앙청과,20260226,오이,백다다기(오이),10 kg 박스,,,,14000,,,,trade
광주각화,광주중앙청과,20260226,오이,백다다기(오이),10 kg 팰릿,,,,28500,,,,trade
광주각화,광주중앙청과,20260226,오이,백다다기(오이),10 kg 팰릿,,,,29000,,,,trade
광주각화,광주중앙청과,20260226,오이,백다다기(오이),10 kg 팰릿,,,,27500,,,,trade
광주각화,광주중앙청과,20260226,오이,백다다기(오이),10 kg 팰릿,,,,27500,,,,trade
광주각화,광주중앙청과,20260226,오이,백다다기(오이),18 kg 박스,,,,49000,,,,trade
광주각화,광주중앙청과,20260226,오이,백다다기(오이),18 kg 박스,,,,53000,,,,trade
광주각화,광주중앙청과,20260226,오이,백다다기(오이),18 kg 박스,,,,31000,,,,trade
광주각화,광주중앙청과,20260226,오이,백다다기(오이),18 kg 박스,,,,42000,,,,trade
광주각화,광주중앙청과,20260226,오이,백다다기(오이),18 kg 박스,,,,50000,,,,trade
광주각화,광주중앙청과,20260226,오이,백다다기(오이),18 kg 박스,,,,53000,,,,trade
광주각화,광주중앙청과,20260226,오이,백다다기(오이),18 kg 박스,,,,54000,,,,trade
광주각화,광주중앙청과,20260226,오이,백다다기(오이),18 kg 박스,,,,31000,,,,trade
광주각화,광주중앙청과,20260226,오이,백다다기(오이),18 kg 박스,,,,43000,,,,trade
광주각화,광주중앙청과,20260226,오이,백다다기(오이),18 kg 박스,,,,47000,,,,trade
광주각화,광주중앙청과,20260226,오이,백다다기(오이),18 kg 박스,,,,49000,,,,trade
광주각화,광주중앙청과,20260226,오이,백다다기(오이),18 kg 박스,,,,53000,,,,trade
광주각화,광주중앙청과,20260226,오이,백다다기(오이),18 kg 박스,,,,45000,,,,trade
광주각화,광주중앙청과,20260226,오이,백다다기(오이),18 kg 박스,,,,51000,,,,trade
광주각화,광주중앙청과,20260226,오이,백다다기(오이),18 kg 박스,,,,54000,,,,trade
광주각화,광주중앙청과,20260226,오이,백다다기(오이),18 kg 박스,,,,56000,,,,trade
광주각화,광주중앙청과,20260226,오이,백다다기(오이),18 kg 박스,,,,58000,,,,trade
광주각화,광주중앙청과,20260226,오이,백다다기(오이),18 kg 박스,,,,60000,,,,trade
광주각화,광주중앙청과,20260226,오이,백다다기(오이),18 kg 박스,,,,52000,,,,trade
광주각화,광주중앙청과,20260226,오이,백다다기(오이),18 kg 박스,,,,56000,,,,trade
광주각화,광주중앙청과,20260226,오이,백다다기(오이),18 kg 박스,,,,57000,,,,trade
광주각화,광주중앙청과,20260226,오이,백다다기(오이),18 kg 박스,,,,58000,,,,trade
광주각화,광주중앙청과,20260226,오이,백다다기(오이),18 kg 박스,,,,35000,,,,trade
광주각화,광주중앙청과,20260226,오이,백다다기(오이),18 kg 박스,,,,45000,,,,trade
광주각화,광주중앙청과,20260226,오이,백다다기(오이),18 kg 박스,,,,56000,,,,trade
광주각화,광주중앙청과,20260226,오이,백다다기(오이),18 kg 박스,,,,28000,,,,trade
광주각화,광주중앙청과,20260226,오이,백다다기(오이),18 kg 박스,,,,41000,,,,trade
광주각화,광주중앙청과,20260226,오이,백다다기(오이),18 kg 박스,,,,54000,,,,trade
광주각화,광주중앙청과,20260226,오이,백다다기(오이),18 kg 박스,,,,33000,,,,trade
광주각화,광주중앙청과,20260226,오이,백다다기(오이),18 kg 박스,,,,42000,,,,trade
광주각화,광주중앙청과,20260226,오이,백다다기(오이),18 kg 박스,,,,54000,,,,trade
광주각화,광주중앙청과,20260226,오이,백다다기(오이),18 kg 박스,,,,28000,,,,trade
광주각화,광주중앙청과,20260226,오이,백다다기(오이),18 kg 박스,,,,40000,,,,trade
광주각화,광주중앙청과,20260226,오이,백다다기(오이),18 kg 박스,,,,55000,,,,trade
광주각화,광주중앙청과,20260226,오이,백다다기(오이),18 kg 박스,,,,50000,,,,trade
광주각화,광주중앙청과,20260226,오이,백다다기(오이),18 kg 박스,,,,36000,,,,trade
광주각화,광주중앙청과,20260226,오이,백다다기(오이),18 kg 박스,,,,40000,,,,trade
광주각화,광주중앙청과,20260226,오이,백다다기(오이),18 kg 박스,,,,38000,,,,trade
광주각화,광주중앙청과,20260226,오이,백다다기(오이),18 kg 박스,,,,53000,,,,trade
광주각화,광주중앙청과,20260226,오이,백다다기(오이),10kg,,,,,5000,33000,27123,grade_agg
광주각화,광주중앙청과,20260226,오이,백다다기(오이),18kg,,,,,28000,60000,49931,grade_agg
광주각화,광주중앙청과,20260702,오이,백다다기(오이),8 kg 비닐봉지,,,,3500,,,,trade
광주각화,광주중앙청과,20260702,오이,백다다기(오이),8 kg 비닐봉지,,,,4500,,,,trade
광주각화,광주중앙청과,20260702,오이,백다다기(오이),8 kg 비닐봉지,,,,7000,,,,trade
광주각화,광주중앙청과,20260702,오이,백다다기(오이),8 kg 팰릿,,,,4000,,,,trade
광주각화,광주중앙청과,20260702,오이,백다다기(오이),8 kg 팰릿,,,,4000,,,,trade
광주각화,광주중앙청과,20260702,오이,백다다기(오이),8 kg 팰릿,,,,4000,,,,trade
광주각화,광주중앙청과,20260702,오이,백다다기(오이),8 kg 팰릿,,,,4000,,,,trade
광주각화,광주중앙청과,20260702,오이,백다다기(오이),8 kg 팰릿,,,,5500,,,,trade
광주각화,광주중앙청과,20260702,오이,백다다기(오이),8 kg 팰릿,,,,3500,,,,trade
광주각화,광주중앙청과,20260702,오이,백다다기(오이),8 kg 팰릿,,,,3500,,,,trade
광주각화,광주중앙청과,20260702,오이,백다다기(오이),8 kg 팰릿,,,,4000,,,,trade
광주각화,광주중앙청과,20260702,오이,백다다기(오이),8 kg 팰릿,,,,3500,,,,trade
광주각화,광주중앙청과,20260702,오이,백다다기(오이),10 kg 박스,,,,3000,,,,trade
광주각화,광주중앙청과,20260702,오이,백다다기(오이),10 kg 박스,,,,4000,,,,trade
광주각화,광주중앙청과,20260702,오이,백다다기(오이),10 kg 박스,,,,3000,,,,trade
광주각화,광주중앙청과,20260702,오이,백다다기(오이),10 kg 박스,,,,2000,,,,trade
광주각화,광주중앙청과,20260702,오이,백다다기(오이),10 kg 박스,,,,2000,,,,trade
광주각화,광주중앙청과,20260702,오이,백다다기(오이),10 kg 박스,,,,8000,,,,trade
광주각화,광주중앙청과,20260702,오이,백다다기(오이),10 kg 박스,,,,6500,,,,trade
광주각화,광주중앙청과,20260702,오이,백다다기(오이),10 kg 박스,,,,5000,,,,trade
광주각화,광주중앙청과,20260702,오이,백다다기(오이),10 kg 박스,,,,5000,,,,trade
광주각화,광주중앙청과,20260702,오이,백다다기(오이),10 kg 박스,,,,6000,,,,trade
광주각화,광주중앙청과,20260702,오이,백다다기(오이),10 kg 박스,,,,4000,,,,trade
광주각화,광주중앙청과,20260702,오이,백다다기(오이),10 kg 박스,,,,8000,,,,trade
광주각화,광주중앙청과,20260702,오이,백다다기(오이),10 kg 박스,,,,9000,,,,trade
광주각화,광주중앙청과,20260702,오이,백다다기(오이),10 kg 박스,,,,4000,,,,trade
광주각화,광주중앙청과,20260702,오이,백다다기(오이),10 kg 박스,,,,10000,,,,trade
광주각화,광주중앙청과,20260702,오이,백다다기(오이),10 kg 박스,,,,5000,,,,trade
광주각화,광주중앙청과,20260702,오이,백다다기(오이),10 kg 박스,,,,4000,,,,trade
광주각화,광주중앙청과,20260702,오이,백다다기(오이),10 kg 박스,,,,6500,,,,trade
광주각화,광주중앙청과,20260702,오이,백다다기(오이),10 kg 박스,,,,2000,,,,trade
광주각화,광주중앙청과,20260702,오이,백다다기(오이),10 kg 박스,,,,2500,,,,trade
광주각화,광주중앙청과,20260702,오이,백다다기(오이),10 kg 박스,,,,4500,,,,trade
광주각화,광주중앙청과,20260702,오이,백다다기(오이),10 kg 박스,,,,2500,,,,trade
광주각화,광주중앙청과,20260702,오이,백다다기(오이),10 kg 박스,,,,2000,,,,trade
광주각화,광주중앙청과,20260702,오이,백다다기(오이),10 kg 박스,,,,5000,,,,trade
광주각화,광주중앙청과,20260702,오이,백다다기(오이),10 kg 박스,,,,1500,,,,trade
광주각화,광주중앙청과,20260702,오이,백다다기(오이),10 kg 박스,,,,6000,,,,trade
광주각화,광주중앙청과,20260702,오이,백다다기(오이),10 kg 박스,,,,5000,,,,trade
광주각화,광주중앙청과,20260702,오이,백다다기(오이),10 kg 박스,,,,8000,,,,trade
광주각화,광주중앙청과,20260702,오이,백다다기(오이),10 kg 박스,,,,6000,,,,trade
광주각화,광주중앙청과,20260702,오이,백다다기(오이),10 kg 박스,,,,10000,,,,trade
광주각화,광주중앙청과,20260702,오이,백다다기(오이),10 kg 박스,,,,5000,,,,trade
광주각화,광주중앙청과,20260702,오이,백다다기(오이),10 kg 박스,,,,5000,,,,trade
광주각화,광주중앙청과,20260702,오이,백다다기(오이),10 kg 박스,,,,9000,,,,trade
광주각화,광주중앙청과,20260702,오이,백다다기(오이),10 kg 박스,,,,1000,,,,trade
광주각화,광주중앙청과,20260702,오이,백다다기(오이),10 kg 박스,,,,2000,,,,trade
광주각화,광주중앙청과,20260702,오이,백다다기(오이),10 kg 박스,,,,2000,,,,trade
광주각화,광주중앙청과,20260702,오이,백다다기(오이),10 kg 박스,,,,5000,,,,trade
광주각화,광주중앙청과,20260702,오이,백다다기(오이),10 kg 박스,,,,2000,,,,trade
광주각화,광주중앙청과,20260702,오이,백다다기(오이),10 kg 박스,,,,8500,,,,trade
광주각화,광주중앙청과,20260702,오이,백다다기(오이),10 kg 박스,,,,3000,,,,trade
광주각화,광주중앙청과,20260702,오이,백다다기(오이),10 kg 박스,,,,3000,,,,trade
광주각화,광주중앙청과,20260702,오이,백다다기(오이),10 kg 박스,,,,3000,,,,trade
광주각화,광주중앙청과,20260702,오이,백다다기(오이),10 kg 박스,,,,2500,,,,trade
광주각화,광주중앙청과,20260702,오이,백다다기(오이),10 kg 박스,,,,2000,,,,trade
광주각화,광주중앙청과,20260702,오이,백다다기(오이),10 kg 박스,,,,10000,,,,trade
광주각화,광주중앙청과,20260702,오이,백다다기(오이),10 kg 박스,,,,9000,,,,trade
광주각화,광주중앙청과,20260702,오이,백다다기(오이),10 kg 박스,,,,9000,,,,trade
광주각화,광주중앙청과,20260702,오이,백다다기(오이),10 kg 박스,,,,9500,,,,trade
광주각화,광주중앙청과,20260702,오이,백다다기(오이),10 kg 박스,,,,10000,,,,trade
광주각화,광주중앙청과,20260702,오이,백다다기(오이),10 kg 박스,,,,4000,,,,trade
광주각화,광주중앙청과,20260702,오이,백다다기(오이),10 kg 박스,,,,6000,,,,trade
광주각화,광주중앙청과,20260702,오이,백다다기(오이),10 kg 박스,,,,6000,,,,trade
광주각화,광주중앙청과,20260702,오이,백다다기(오이),10 kg 박스,,,,8000,,,,trade
광주각화,광주중앙청과,20260702,오이,백다다기(오이),10 kg 박스,,,,5000,,,,trade
광주각화,광주중앙청과,20260702,오이,백다다기(오이),10 kg 박스,,,,8500,,,,trade
광주각화,광주중앙청과,20260702,오이,백다다기(오이),10 kg 박스,,,,10000,,,,trade
광주각화,광주중앙청과,20260702,오이,백다다기(오이),10 kg 박스,,,,7000,,,,trade
광주각화,광주중앙청과,20260702,오이,백다다기(오이),10 kg 박스,,,,6000,,,,trade
광주각화,광주중앙청과,20260702,오이,백다다기(오이),10 kg 박스,,,,2000,,,,trade
광주각화,광주중앙청과,20260702,오이,백다다기(오이),10 kg 박스,,,,11000,,,,trade
광주각화,광주중앙청과,20260702,오이,백다다기(오이),10 kg 박스,,,,7500,,,,trade
광주각화,광주중앙청과,20260702,오이,백다다기(오이),10 kg 박스,,,,4500,,,,trade
광주각화,광주중앙청과,20260702,오이,백다다기(오이),10 kg 박스,,,,12000,,,,trade
광주각화,광주중앙청과,20260702,오이,백다다기(오이),10 kg 박스,,,,7000,,,,trade
광주각화,광주중앙청과,20260702,오이,백다다기(오이),10 kg 박스,,,,8500,,,,trade
광주각화,광주중앙청과,20260702,오이,백다다기(오이),10 kg 박스,,,,2000,,,,trade
광주각화,광주중앙청과,20260702,오이,백다다기(오이),10 kg 박스,,,,8000,,,,trade
광주각화,광주중앙청과,20260702,오이,백다다기(오이),10 kg 박스,,,,9000,,,,trade
광주각화,광주중앙청과,20260702,오이,백다다기(오이),10 kg 박스,,,,8500,,,,trade
광주각화,광주중앙청과,20260702,오이,백다다기(오이),10 kg 박스,,,,2000,,,,trade
광주각화,광주중앙청과,20260702,오이,백다다기(오이),10 kg 박스,,,,9000,,,,trade
광주각화,광주중앙청과,20260702,오이,백다다기(오이),10 kg 박스,,,,7000,,,,trade
광주각화,광주중앙청과,20260702,오이,백다다기(오이),10 kg 박스,,,,5000,,,,trade
광주각화,광주중앙청과,20260702,오이,백다다기(오이),10 kg 박스,,,,8000,,,,trade
광주각화,광주중앙청과,20260702,오이,백다다기(오이),10 kg 박스,,,,7000,,,,trade
광주각화,광주중앙청과,20260702,오이,백다다기(오이),10 kg 박스,,,,1500,,,,trade
광주각화,광주중앙청과,20260702,오이,백다다기(오이),10 kg 박스,,,,7000,,,,trade
광주각화,광주중앙청과,20260702,오이,백다다기(오이),10 kg 박스,,,,1500,,,,trade
광주각화,광주중앙청과,20260702,오이,백다다기(오이),10 kg 박스,,,,6000,,,,trade
광주각화,광주중앙청과,20260702,오이,백다다기(오이),10 kg 박스,,,,7000,,,,trade
광주각화,광주중앙청과,20260702,오이,백다다기(오이),10 kg 박스,,,,1500,,,,trade
광주각화,광주중앙청과,20260702,오이,백다다기(오이),10 kg 박스,,,,8000,,,,trade
광주각화,광주중앙청과,20260702,오이,백다다기(오이),10 kg 박스,,,,8000,,,,trade
광주각화,광주중앙청과,20260702,오이,백다다기(오이),10 kg 박스,,,,8500,,,,trade
광주각화,광주중앙청과,20260702,오이,백다다기(오이),10 kg 박스,,,,8500,,,,trade
광주각화,광주중앙청과,20260702,오이,백다다기(오이),10 kg 팰릿,,,,13000,,,,trade
광주각화,광주중앙청과,20260702,오이,백다다기(오이),10 kg 팰릿,,,,10500,,,,trade
광주각화,광주중앙청과,20260702,오이,백다다기(오이),10 kg 팰릿,,,,14000,,,,trade
광주각화,광주중앙청과,20260702,오이,백다다기(오이),10 kg 팰릿,,,,10500,,,,trade
광주각화,광주중앙청과,20260702,오이,백다다기(오이),10 kg 팰릿,,,,10000,,,,trade
광주각화,광주중앙청과,20260702,오이,백다다기(오이),10 kg 팰릿,,,,11000,,,,trade
광주각화,광주중앙청과,20260702,오이,백다다기(오이),10 kg 팰릿,,,,10500,,,,trade
광주각화,광주중앙청과,20260702,오이,백다다기(오이),10 kg 팰릿,,,,10500,,,,trade
광주각화,광주중앙청과,20260702,오이,백다다기(오이),10 kg 팰릿,,,,11000,,,,trade
광주각화,광주중앙청과,20260702,오이,백다다기(오이),10 kg 팰릿,,,,11000,,,,trade
광주각화,광주중앙청과,20260702,오이,백다다기(오이),10 kg 팰릿,,,,11000,,,,trade
광주각화,광주중앙청과,20260702,오이,백다다기(오이),10 kg 팰릿,,,,10000,,,,trade
광주각화,광주중앙청과,20260702,오이,백다다기(오이),10 kg 팰릿,,,,11000,,,,trade
광주각화,광주중앙청과,20260702,오이,백다다기(오이),10 kg 팰릿,,,,9000,,,,trade
광주각화,광주중앙청과,20260702,오이,백다다기(오이),10 kg 팰릿,,,,11000,,,,trade
광주각화,광주중앙청과,20260702,오이,백다다기(오이),10 kg 팰릿,,,,11500,,,,trade
광주각화,광주중앙청과,20260702,오이,백다다기(오이),10 kg 팰릿,,,,13000,,,,trade
광주각화,광주중앙청과,20260702,오이,백다다기(오이),10 kg 팰릿,,,,11500,,,,trade
광주각화,광주중앙청과,20260702,오이,백다다기(오이),10 kg 팰릿,,,,12500,,,,trade
광주각화,광주중앙청과,20260702,오이,백다다기(오이),10 kg 팰릿,,,,13000,,,,trade
광주각화,광주중앙청과,20260702,오이,백다다기(오이),10 kg 팰릿,,,,8000,,,,trade
광주각화,광주중앙청과,20260702,오이,백다다기(오이),10 kg 팰릿,,,,10000,,,,trade
광주각화,광주중앙청과,20260702,오이,백다다기(오이),10 kg 팰릿,,,,10000,,,,trade
광주각화,광주중앙청과,20260702,오이,백다다기(오이),10 kg 팰릿,,,,7000,,,,trade
광주각화,광주중앙청과,20260702,오이,백다다기(오이),10 kg 팰릿,,,,8000,,,,trade
광주각화,광주중앙청과,20260702,오이,백다다기(오이),10 kg 팰릿,,,,7000,,,,trade
광주각화,광주중앙청과,20260702,오이,백다다기(오이),10 kg 팰릿,,,,8000,,,,trade
광주각화,광주중앙청과,20260702,오이,백다다기(오이),10 kg 팰릿,,,,9000,,,,trade
광주각화,광주중앙청과,20260702,오이,백다다기(오이),10 kg 팰릿,,,,9000,,,,trade
광주각화,광주중앙청과,20260702,오이,백다다기(오이),10 kg 팰릿,,,,8500,,,,trade
광주각화,광주중앙청과,20260702,오이,백다다기(오이),10 kg 팰릿,,,,10000,,,,trade
광주각화,광주중앙청과,20260702,오이,백다다기(오이),10 kg 팰릿,,,,10500,,,,trade
광주각화,광주중앙청과,20260702,오이,백다다기(오이),10 kg 팰릿,,,,10500,,,,trade
광주각화,광주중앙청과,20260702,오이,백다다기(오이),10 kg 팰릿,,,,11000,,,,trade
광주각화,광주중앙청과,20260702,오이,백다다기(오이),10 kg 팰릿,,,,8500,,,,trade
광주각화,광주중앙청과,20260702,오이,백다다기(오이),18 kg 박스,,,,4000,,,,trade
광주각화,광주중앙청과,20260702,오이,백다다기(오이),18 kg 박스,,,,4000,,,,trade
광주각화,광주중앙청과,20260702,오이,백다다기(오이),18 kg 박스,,,,5000,,,,trade
광주각화,광주중앙청과,20260702,오이,백다다기(오이),18 kg 박스,,,,5000,,,,trade
광주각화,광주중앙청과,20260702,오이,백다다기(오이),18 kg 박스,,,,4000,,,,trade
광주각화,광주중앙청과,20260702,오이,백다다기(오이),18 kg 박스,,,,6000,,,,trade
광주각화,광주중앙청과,20260702,오이,백다다기(오이),18 kg 박스,,,,4000,,,,trade
광주각화,광주중앙청과,20260702,오이,백다다기(오이),18 kg 박스,,,,6000,,,,trade
광주각화,광주중앙청과,20260702,오이,백다다기(오이),18 kg 박스,,,,4000,,,,trade
광주각화,광주중앙청과,20260702,오이,백다다기(오이),18 kg 박스,,,,6000,,,,trade
광주각화,광주중앙청과,20260702,오이,백다다기(오이),18 kg 박스,,,,4000,,,,trade
광주각화,광주중앙청과,20260702,오이,백다다기(오이),18 kg 박스,,,,5000,,,,trade
광주각화,광주중앙청과,20260702,오이,백다다기(오이),18 kg 박스,,,,7000,,,,trade
광주각화,광주중앙청과,20260702,오이,백다다기(오이),18 kg 박스,,,,10000,,,,trade
광주각화,광주중앙청과,20260702,오이,백다다기(오이),18 kg 박스,,,,4000,,,,trade
광주각화,광주중앙청과,20260702,오이,백다다기(오이),18 kg 박스,,,,5000,,,,trade
광주각화,광주중앙청과,20260702,오이,백다다기(오이),18 kg 박스,,,,5000,,,,trade
광주각화,광주중앙청과,20260702,오이,백다다기(오이),18 kg 박스,,,,7000,,,,trade
광주각화,광주중앙청과,20260702,오이,백다다기(오이),18 kg 박스,,,,7000,,,,trade
광주각화,광주중앙청과,20260702,오이,백다다기(오이),18 kg 박스,,,,14000,,,,trade
광주각화,광주중앙청과,20260702,오이,백다다기(오이),18 kg 박스,,,,13000,,,,trade
광주각화,광주중앙청과,20260702,오이,백다다기(오이),18 kg 박스,,,,3000,,,,trade
광주각화,광주중앙청과,20260702,오이,백다다기(오이),18 kg 박스,,,,4000,,,,trade
광주각화,광주중앙청과,20260702,오이,백다다기(오이),18 kg 박스,,,,3000,,,,trade
광주각화,광주중앙청과,20260702,오이,백다다기(오이),18 kg 박스,,,,4000,,,,trade
광주각화,광주중앙청과,20260702,오이,백다다기(오이),18 kg 박스,,,,4000,,,,trade
광주각화,광주중앙청과,20260702,오이,백다다기(오이),18 kg 박스,,,,3000,,,,trade
광주각화,광주중앙청과,20260702,오이,백다다기(오이),18 kg 박스,,,,3000,,,,trade
광주각화,광주중앙청과,20260702,오이,백다다기(오이),18 kg 박스,,,,5000,,,,trade
광주각화,광주중앙청과,20260702,오이,백다다기(오이),18 kg 박스,,,,4000,,,,trade
광주각화,광주중앙청과,20260702,오이,백다다기(오이),18 kg 박스,,,,6000,,,,trade
광주각화,광주중앙청과,20260702,오이,백다다기(오이),18 kg 팰릿,,,,18000,,,,trade
광주각화,광주중앙청과,20260702,오이,백다다기(오이),21 kg 박스,,,,2000,,,,trade
광주각화,광주중앙청과,20260702,오이,백다다기(오이),21 kg 박스,,,,18000,,,,trade
광주각화,광주중앙청과,20260702,오이,백다다기(오이),21 kg 박스,,,,2000,,,,trade
광주각화,광주중앙청과,20260702,오이,백다다기(오이),21 kg 박스,,,,19000,,,,trade
광주각화,광주중앙청과,20260702,오이,백다다기(오이),21 kg 박스,,,,2000,,,,trade
광주각화,광주중앙청과,20260702,오이,백다다기(오이),21 kg 박스,,,,17000,,,,trade
광주각화,광주중앙청과,20260702,오이,백다다기(오이),21 kg 박스,,,,4000,,,,trade
광주각화,광주중앙청과,20260702,오이,백다다기(오이),21 kg 박스,,,,8000,,,,trade
광주각화,광주중앙청과,20260702,오이,백다다기(오이),21 kg 박스,,,,2000,,,,trade
광주각화,광주중앙청과,20260702,오이,백다다기(오이),21 kg 박스,,,,16000,,,,trade
광주각화,광주중앙청과,20260702,오이,백다다기(오이),21 kg 박스,,,,2000,,,,trade
광주각화,광주중앙청과,20260702,오이,백다다기(오이),21 kg 박스,,,,18000,,,,trade
광주각화,광주중앙청과,20260702,오이,백다다기(오이),21 kg 박스,,,,6000,,,,trade
광주각화,광주중앙청과,20260702,오이,백다다기(오이),21 kg 박스,,,,5000,,,,trade
광주각화,광주중앙청과,20260702,오이,백다다기(오이),21 kg 박스,,,,8000,,,,trade
광주각화,광주중앙청과,20260702,오이,백다다기(오이),21 kg 박스,,,,3000,,,,trade
광주각화,광주중앙청과,20260702,오이,백다다기(오이),21 kg 박스,,,,16000,,,,trade
광주각화,광주중앙청과,20260702,오이,백다다기(오이),21 kg 박스,,,,16000,,,,trade
광주각화,광주중앙청과,20260702,오이,백다다기(오이),21 kg 박스,,,,2000,,,,trade
광주각화,광주중앙청과,20260702,오이,백다다기(오이),21 kg 박스,,,,13000,,,,trade
광주각화,광주중앙청과,20260702,오이,백다다기(오이),21 kg 박스,,,,13000,,,,trade
광주각화,광주중앙청과,20260702,오이,백다다기(오이),21 kg 박스,,,,18000,,,,trade
광주각화,광주중앙청과,20260702,오이,백다다기(오이),21 kg 박스,,,,8000,,,,trade
광주각화,광주중앙청과,20260702,오이,백다다기(오이),21 kg 박스,,,,14000,,,,trade
광주각화,광주중앙청과,20260702,오이,백다다기(오이),21 kg 박스,,,,14000,,,,trade
광주각화,광주중앙청과,20260702,오이,백다다기(오이),21 kg 박스,,,,3000,,,,trade
광주각화,광주중앙청과,20260702,오이,백다다기(오이),21 kg 박스,,,,11000,,,,trade
광주각화,광주중앙청과,20260702,오이,백다다기(오이),21 kg 박스,,,,14000,,,,trade
광주각화,광주중앙청과,20260702,오이,백다다기(오이),21 kg 박스,,,,5000,,,,trade
광주각화,광주중앙청과,20260702,오이,백다다기(오이),21 kg 박스,,,,18000,,,,trade
광주각화,광주중앙청과,20260702,오이,백다다기(오이),21 kg 박스,,,,14000,,,,trade
광주각화,광주중앙청과,20260702,오이,백다다기(오이),21 kg 박스,,,,1000,,,,trade
광주각화,광주중앙청과,20260702,오이,백다다기(오이),21 kg 박스,,,,12000,,,,trade
광주각화,광주중앙청과,20260702,오이,백다다기(오이),21 kg 박스,,,,5000,,,,trade
광주각화,광주중앙청과,20260702,오이,백다다기(오이),21 kg 팰릿,,,,18000,,,,trade
광주각화,광주중앙청과,20260702,오이,백다다기(오이),21 kg 팰릿,,,,19000,,,,trade
광주각화,광주중앙청과,20260702,오이,백다다기(오이),8kg,,,,,3500,7000,3956,grade_agg
광주각화,광주중앙청과,20260702,오이,백다다기(오이),10kg,,,,,1000,14000,8981,grade_agg
광주각화,광주중앙청과,20260702,오이,백다다기(오이),18kg,,,,,3000,18000,8290,grade_agg
광주각화,광주중앙청과,20260702,오이,백다다기(오이),21kg,,,,,1000,19000,14789,grade_agg
광주각화,광주중앙청과,20260707,오이,백다다기(오이),8 kg 비닐봉지,,,,8000,,,,trade
광주각화,광주중앙청과,20260707,오이,백다다기(오이),8 kg 비닐봉지,,,,5500,,,,trade
광주각화,광주중앙청과,20260707,오이,백다다기(오이),8 kg 비닐봉지,,,,7500,,,,trade
광주각화,광주중앙청과,20260707,오이,백다다기(오이),8 kg 팰릿,,,,7000,,,,trade
광주각화,광주중앙청과,20260707,오이,백다다기(오이),8 kg 팰릿,,,,8000,,,,trade
광주각화,광주중앙청과,20260707,오이,백다다기(오이),8 kg 팰릿,,,,7000,,,,trade
광주각화,광주중앙청과,20260707,오이,백다다기(오이),8 kg 팰릿,,,,6000,,,,trade
광주각화,광주중앙청과,20260707,오이,백다다기(오이),8 kg 팰릿,,,,7000,,,,trade
광주각화,광주중앙청과,20260707,오이,백다다기(오이),8 kg 팰릿,,,,7000,,,,trade
광주각화,광주중앙청과,20260707,오이,백다다기(오이),10 kg 박스,,,,16000,,,,trade
광주각화,광주중앙청과,20260707,오이,백다다기(오이),10 kg 박스,,,,9000,,,,trade
광주각화,광주중앙청과,20260707,오이,백다다기(오이),10 kg 박스,,,,2000,,,,trade
광주각화,광주중앙청과,20260707,오이,백다다기(오이),10 kg 박스,,,,2000,,,,trade
광주각화,광주중앙청과,20260707,오이,백다다기(오이),10 kg 박스,,,,9000,,,,trade
광주각화,광주중앙청과,20260707,오이,백다다기(오이),10 kg 박스,,,,6000,,,,trade
광주각화,광주중앙청과,20260707,오이,백다다기(오이),10 kg 박스,,,,13000,,,,trade
광주각화,광주중앙청과,20260707,오이,백다다기(오이),10 kg 박스,,,,8000,,,,trade
광주각화,광주중앙청과,20260707,오이,백다다기(오이),10 kg 박스,,,,15000,,,,trade
광주각화,광주중앙청과,20260707,오이,백다다기(오이),10 kg 박스,,,,5000,,,,trade
광주각화,광주중앙청과,20260707,오이,백다다기(오이),10 kg 박스,,,,11000,,,,trade
광주각화,광주중앙청과,20260707,오이,백다다기(오이),10 kg 박스,,,,15000,,,,trade
광주각화,광주중앙청과,20260707,오이,백다다기(오이),10 kg 박스,,,,3000,,,,trade
광주각화,광주중앙청과,20260707,오이,백다다기(오이),10 kg 박스,,,,2500,,,,trade
광주각화,광주중앙청과,20260707,오이,백다다기(오이),10 kg 박스,,,,8000,,,,trade
광주각화,광주중앙청과,20260707,오이,백다다기(오이),10 kg 박스,,,,3000,,,,trade
광주각화,광주중앙청과,20260707,오이,백다다기(오이),10 kg 박스,,,,8500,,,,trade
광주각화,광주중앙청과,20260707,오이,백다다기(오이),10 kg 박스,,,,3000,,,,trade
광주각화,광주중앙청과,20260707,오이,백다다기(오이),10 kg 박스,,,,6000,,,,trade
광주각화,광주중앙청과,20260707,오이,백다다기(오이),10 kg 박스,,,,1500,,,,trade
광주각화,광주중앙청과,20260707,오이,백다다기(오이),10 kg 박스,,,,9000,,,,trade
광주각화,광주중앙청과,20260707,오이,백다다기(오이),10 kg 박스,,,,2500,,,,trade
광주각화,광주중앙청과,20260707,오이,백다다기(오이),10 kg 박스,,,,2000,,,,trade
광주각화,광주중앙청과,20260707,오이,백다다기(오이),10 kg 박스,,,,9000,,,,trade
광주각화,광주중앙청과,20260707,오이,백다다기(오이),10 kg 박스,,,,9000,,,,trade
광주각화,광주중앙청과,20260707,오이,백다다기(오이),10 kg 박스,,,,2000,,,,trade
광주각화,광주중앙청과,20260707,오이,백다다기(오이),10 kg 박스,,,,3000,,,,trade
광주각화,광주중앙청과,20260707,오이,백다다기(오이),10 kg 박스,,,,3000,,,,trade
광주각화,광주중앙청과,20260707,오이,백다다기(오이),10 kg 박스,,,,9000,,,,trade
광주각화,광주중앙청과,20260707,오이,백다다기(오이),10 kg 박스,,,,8000,,,,trade
광주각화,광주중앙청과,20260707,오이,백다다기(오이),10 kg 박스,,,,8000,,,,trade
광주각화,광주중앙청과,20260707,오이,백다다기(오이),10 kg 박스,,,,6000,,,,trade
광주각화,광주중앙청과,20260707,오이,백다다기(오이),10 kg 박스,,,,8000,,,,trade
광주각화,광주중앙청과,20260707,오이,백다다기(오이),10 kg 박스,,,,6000,,,,trade
광주각화,광주중앙청과,20260707,오이,백다다기(오이),10 kg 박스,,,,9000,,,,trade
광주각화,광주중앙청과,20260707,오이,백다다기(오이),10 kg 박스,,,,5000,,,,trade
광주각화,광주중앙청과,20260707,오이,백다다기(오이),10 kg 박스,,,,7000,,,,trade
광주각화,광주중앙청과,20260707,오이,백다다기(오이),10 kg 박스,,,,7000,,,,trade
광주각화,광주중앙청과,20260707,오이,백다다기(오이),10 kg 박스,,,,10000,,,,trade
광주각화,광주중앙청과,20260707,오이,백다다기(오이),10 kg 박스,,,,8000,,,,trade
광주각화,광주중앙청과,20260707,오이,백다다기(오이),10 kg 박스,,,,10000,,,,trade
광주각화,광주중앙청과,20260707,오이,백다다기(오이),10 kg 박스,,,,9000,,,,trade
광주각화,광주중앙청과,20260707,오이,백다다기(오이),10 kg 박스,,,,11500,,,,trade
광주각화,광주중앙청과,20260707,오이,백다다기(오이),10 kg 박스,,,,11000,,,,trade
광주각화,광주중앙청과,20260707,오이,백다다기(오이),10 kg 박스,,,,2000,,,,trade
광주각화,광주중앙청과,20260707,오이,백다다기(오이),10 kg 박스,,,,2000,,,,trade
광주각화,광주중앙청과,20260707,오이,백다다기(오이),10 kg 박스,,,,6000,,,,trade
광주각화,광주중앙청과,20260707,오이,백다다기(오이),10 kg 박스,,,,9000,,,,trade
광주각화,광주중앙청과,20260707,오이,백다다기(오이),10 kg 박스,,,,8000,,,,trade
광주각화,광주중앙청과,20260707,오이,백다다기(오이),10 kg 박스,,,,4000,,,,trade
광주각화,광주중앙청과,20260707,오이,백다다기(오이),10 kg 박스,,,,5000,,,,trade
광주각화,광주중앙청과,20260707,오이,백다다기(오이),10 kg 박스,,,,7000,,,,trade
광주각화,광주중앙청과,20260707,오이,백다다기(오이),10 kg 박스,,,,3000,,,,trade
광주각화,광주중앙청과,20260707,오이,백다다기(오이),10 kg 박스,,,,10000,,,,trade
광주각화,광주중앙청과,20260707,오이,백다다기(오이),10 kg 박스,,,,8000,,,,trade
광주각화,광주중앙청과,20260707,오이,백다다기(오이),10 kg 박스,,,,9000,,,,trade
광주각화,광주중앙청과,20260707,오이,백다다기(오이),10 kg 박스,,,,8000,,,,trade
광주각화,광주중앙청과,20260707,오이,백다다기(오이),10 kg 박스,,,,9000,,,,trade
광주각화,광주중앙청과,20260707,오이,백다다기(오이),10 kg 팰릿,,,,8000,,,,trade
광주각화,광주중앙청과,20260707,오이,백다다기(오이),10 kg 팰릿,,,,9000,,,,trade
광주각화,광주중앙청과,20260707,오이,백다다기(오이),10 kg 팰릿,,,,8000,,,,trade
광주각화,광주중앙청과,20260707,오이,백다다기(오이),10 kg 팰릿,,,,10000,,,,trade
광주각화,광주중앙청과,20260707,오이,백다다기(오이),10 kg 팰릿,,,,8500,,,,trade
광주각화,광주중앙청과,20260707,오이,백다다기(오이),10 kg 팰릿,,,,8500,,,,trade
광주각화,광주중앙청과,20260707,오이,백다다기(오이),10 kg 팰릿,,,,11000,,,,trade
광주각화,광주중앙청과,20260707,오이,백다다기(오이),10 kg 팰릿,,,,12000,,,,trade
광주각화,광주중앙청과,20260707,오이,백다다기(오이),10 kg 팰릿,,,,12000,,,,trade
광주각화,광주중앙청과,20260707,오이,백다다기(오이),10 kg 팰릿,,,,12000,,,,trade
광주각화,광주중앙청과,20260707,오이,백다다기(오이),10 kg 팰릿,,,,10000,,,,trade
광주각화,광주중앙청과,20260707,오이,백다다기(오이),10 kg 팰릿,,,,12000,,,,trade
광주각화,광주중앙청과,20260707,오이,백다다기(오이),10 kg 팰릿,,,,11000,,,,trade
광주각화,광주중앙청과,20260707,오이,백다다기(오이),10 kg 팰릿,,,,13000,,,,trade
광주각화,광주중앙청과,20260707,오이,백다다기(오이),10 kg 팰릿,,,,15000,,,,trade
광주각화,광주중앙청과,20260707,오이,백다다기(오이),10 kg 팰릿,,,,12500,,,,trade
광주각화,광주중앙청과,20260707,오이,백다다기(오이),10 kg 팰릿,,,,14000,,,,trade
광주각화,광주중앙청과,20260707,오이,백다다기(오이),10 kg 팰릿,,,,8000,,,,trade
광주각화,광주중앙청과,20260707,오이,백다다기(오이),10 kg 팰릿,,,,11000,,,,trade
광주각화,광주중앙청과,20260707,오이,백다다기(오이),10 kg 팰릿,,,,16000,,,,trade
광주각화,광주중앙청과,20260707,오이,백다다기(오이),10 kg 팰릿,,,,16500,,,,trade
광주각화,광주중앙청과,20260707,오이,백다다기(오이),10 kg 팰릿,,,,7500,,,,trade
광주각화,광주중앙청과,20260707,오이,백다다기(오이),10 kg 팰릿,,,,9000,,,,trade
광주각화,광주중앙청과,20260707,오이,백다다기(오이),10 kg 팰릿,,,,10000,,,,trade
광주각화,광주중앙청과,20260707,오이,백다다기(오이),10 kg 팰릿,,,,9000,,,,trade
광주각화,광주중앙청과,20260707,오이,백다다기(오이),10 kg 팰릿,,,,8000,,,,trade
광주각화,광주중앙청과,20260707,오이,백다다기(오이),10 kg 팰릿,,,,10000,,,,trade
광주각화,광주중앙청과,20260707,오이,백다다기(오이),10 kg 팰릿,,,,11000,,,,trade
광주각화,광주중앙청과,20260707,오이,백다다기(오이),10 kg 팰릿,,,,13500,,,,trade
광주각화,광주중앙청과,20260707,오이,백다다기(오이),10 kg 팰릿,,,,11000,,,,trade
광주각화,광주중앙청과,20260707,오이,백다다기(오이),10 kg 팰릿,,,,9000,,,,trade
광주각화,광주중앙청과,20260707,오이,백다다기(오이),10 kg 팰릿,,,,11000,,,,trade
광주각화,광주중앙청과,20260707,오이,백다다기(오이),10 kg 팰릿,,,,9000,,,,trade
광주각화,광주중앙청과,20260707,오이,백다다기(오이),18 kg 박스,,,,8000,,,,trade
광주각화,광주중앙청과,20260707,오이,백다다기(오이),18 kg 박스,,,,6000,,,,trade
광주각화,광주중앙청과,20260707,오이,백다다기(오이),18 kg 박스,,,,3000,,,,trade
광주각화,광주중앙청과,20260707,오이,백다다기(오이),18 kg 박스,,,,5000,,,,trade
광주각화,광주중앙청과,20260707,오이,백다다기(오이),18 kg 박스,,,,6000,,,,trade
광주각화,광주중앙청과,20260707,오이,백다다기(오이),18 kg 박스,,,,7000,,,,trade
광주각화,광주중앙청과,20260707,오이,백다다기(오이),18 kg 박스,,,,6000,,,,trade
광주각화,광주중앙청과,20260707,오이,백다다기(오이),18 kg 박스,,,,5000,,,,trade
광주각화,광주중앙청과,20260707,오이,백다다기(오이),18 kg 박스,,,,4000,,,,trade
광주각화,광주중앙청과,20260707,오이,백다다기(오이),18 kg 박스,,,,7000,,,,trade
광주각화,광주중앙청과,20260707,오이,백다다기(오이),18 kg 박스,,,,5000,,,,trade
광주각화,광주중앙청과,20260707,오이,백다다기(오이),18 kg 박스,,,,8000,,,,trade
광주각화,광주중앙청과,20260707,오이,백다다기(오이),18 kg 박스,,,,8000,,,,trade
광주각화,광주중앙청과,20260707,오이,백다다기(오이),18 kg 박스,,,,8000,,,,trade
광주각화,광주중앙청과,20260707,오이,백다다기(오이),18 kg 박스,,,,10000,,,,trade
광주각화,광주중앙청과,20260707,오이,백다다기(오이),18 kg 박스,,,,8000,,,,trade
광주각화,광주중앙청과,20260707,오이,백다다기(오이),18 kg 박스,,,,9000,,,,trade
광주각화,광주중앙청과,20260707,오이,백다다기(오이),18 kg 박스,,,,10000,,,,trade
광주각화,광주중앙청과,20260707,오이,백다다기(오이),18 kg 박스,,,,10000,,,,trade
광주각화,광주중앙청과,20260707,오이,백다다기(오이),18 kg 박스,,,,12000,,,,trade
광주각화,광주중앙청과,20260707,오이,백다다기(오이),18 kg 박스,,,,11000,,,,trade
광주각화,광주중앙청과,20260707,오이,백다다기(오이),18 kg 박스,,,,12000,,,,trade
광주각화,광주중앙청과,20260707,오이,백다다기(오이),18 kg 박스,,,,4000,,,,trade
광주각화,광주중앙청과,20260707,오이,백다다기(오이),18 kg 박스,,,,20000,,,,trade
광주각화,광주중앙청과,20260707,오이,백다다기(오이),18 kg 박스,,,,6000,,,,trade
광주각화,광주중앙청과,20260707,오이,백다다기(오이),18 kg 박스,,,,6000,,,,trade
광주각화,광주중앙청과,20260707,오이,백다다기(오이),18 kg 박스,,,,6000,,,,trade
광주각화,광주중앙청과,20260707,오이,백다다기(오이),18 kg 박스,,,,7000,,,,trade
광주각화,광주중앙청과,20260707,오이,백다다기(오이),21 kg 박스,,,,12000,,,,trade
광주각화,광주중앙청과,20260707,오이,백다다기(오이),21 kg 박스,,,,3000,,,,trade
광주각화,광주중앙청과,20260707,오이,백다다기(오이),21 kg 박스,,,,17000,,,,trade
광주각화,광주중앙청과,20260707,오이,백다다기(오이),21 kg 박스,,,,8000,,,,trade
광주각화,광주중앙청과,20260707,오이,백다다기(오이),21 kg 박스,,,,20000,,,,trade
광주각화,광주중앙청과,20260707,오이,백다다기(오이),21 kg 박스,,,,8000,,,,trade
광주각화,광주중앙청과,20260707,오이,백다다기(오이),21 kg 박스,,,,4000,,,,trade
광주각화,광주중앙청과,20260707,오이,백다다기(오이),21 kg 박스,,,,17000,,,,trade
광주각화,광주중앙청과,20260707,오이,백다다기(오이),21 kg 박스,,,,19000,,,,trade
광주각화,광주중앙청과,20260707,오이,백다다기(오이),21 kg 박스,,,,18000,,,,trade
광주각화,광주중앙청과,20260707,오이,백다다기(오이),21 kg 박스,,,,17000,,,,trade
광주각화,광주중앙청과,20260707,오이,백다다기(오이),21 kg 박스,,,,4000,,,,trade
광주각화,광주중앙청과,20260707,오이,백다다기(오이),21 kg 박스,,,,17000,,,,trade
광주각화,광주중앙청과,20260707,오이,백다다기(오이),21 kg 박스,,,,4000,,,,trade
광주각화,광주중앙청과,20260707,오이,백다다기(오이),21 kg 박스,,,,19000,,,,trade
광주각화,광주중앙청과,20260707,오이,백다다기(오이),21 kg 박스,,,,4000,,,,trade
광주각화,광주중앙청과,20260707,오이,백다다기(오이),21 kg 박스,,,,6000,,,,trade
광주각화,광주중앙청과,20260707,오이,백다다기(오이),21 kg 박스,,,,9000,,,,trade
광주각화,광주중앙청과,20260707,오이,백다다기(오이),21 kg 박스,,,,4000,,,,trade
광주각화,광주중앙청과,20260707,오이,백다다기(오이),21 kg 박스,,,,18000,,,,trade
광주각화,광주중앙청과,20260707,오이,백다다기(오이),21 kg 박스,,,,16000,,,,trade
광주각화,광주중앙청과,20260707,오이,백다다기(오이),21 kg 박스,,,,3000,,,,trade
광주각화,광주중앙청과,20260707,오이,백다다기(오이),21 kg 팰릿,,,,8000,,,,trade
광주각화,광주중앙청과,20260707,오이,백다다기(오이),21 kg 팰릿,,,,20000,,,,trade
광주각화,광주중앙청과,20260707,오이,백다다기(오이),21 kg 팰릿,,,,22000,,,,trade
광주각화,광주중앙청과,20260707,오이,백다다기(오이),8kg,,,,,5500,8000,6926,grade_agg
광주각화,광주중앙청과,20260707,오이,백다다기(오이),10kg,,,,,1500,16500,10301,grade_agg
광주각화,광주중앙청과,20260707,오이,백다다기(오이),18kg,,,,,3000,20000,8882,grade_agg
광주각화,광주중앙청과,20260707,오이,백다다기(오이),21kg,,,,,3000,22000,14124,grade_agg
광주각화,광주중앙청과,20260709,오이,백다다기(오이),8 kg 비닐봉지,,,,5500,,,,trade
광주각화,광주중앙청과,20260709,오이,백다다기(오이),8 kg 비닐봉지,,,,7500,,,,trade
광주각화,광주중앙청과,20260709,오이,백다다기(오이),8 kg 비닐봉지,,,,6000,,,,trade
광주각화,광주중앙청과,20260709,오이,백다다기(오이),8 kg 팰릿,,,,6500,,,,trade
광주각화,광주중앙청과,20260709,오이,백다다기(오이),8 kg 팰릿,,,,7000,,,,trade
광주각화,광주중앙청과,20260709,오이,백다다기(오이),8 kg 팰릿,,,,7500,,,,trade
광주각화,광주중앙청과,20260709,오이,백다다기(오이),8 kg 팰릿,,,,8000,,,,trade
광주각화,광주중앙청과,20260709,오이,백다다기(오이),8 kg 팰릿,,,,6500,,,,trade
광주각화,광주중앙청과,20260709,오이,백다다기(오이),8 kg 팰릿,,,,6500,,,,trade
광주각화,광주중앙청과,20260709,오이,백다다기(오이),8 kg 팰릿,,,,7000,,,,trade
광주각화,광주중앙청과,20260709,오이,백다다기(오이),8 kg 팰릿,,,,6500,,,,trade
광주각화,광주중앙청과,20260709,오이,백다다기(오이),10 kg 박스,,,,6000,,,,trade
광주각화,광주중앙청과,20260709,오이,백다다기(오이),10 kg 박스,,,,8000,,,,trade
광주각화,광주중앙청과,20260709,오이,백다다기(오이),10 kg 박스,,,,3500,,,,trade
광주각화,광주중앙청과,20260709,오이,백다다기(오이),10 kg 박스,,,,2000,,,,trade
광주각화,광주중앙청과,20260709,오이,백다다기(오이),10 kg 박스,,,,3000,,,,trade
광주각화,광주중앙청과,20260709,오이,백다다기(오이),10 kg 박스,,,,3000,,,,trade
광주각화,광주중앙청과,20260709,오이,백다다기(오이),10 kg 박스,,,,9000,,,,trade
광주각화,광주중앙청과,20260709,오이,백다다기(오이),10 kg 박스,,,,4000,,,,trade
광주각화,광주중앙청과,20260709,오이,백다다기(오이),10 kg 박스,,,,2500,,,,trade
광주각화,광주중앙청과,20260709,오이,백다다기(오이),10 kg 박스,,,,4000,,,,trade
광주각화,광주중앙청과,20260709,오이,백다다기(오이),10 kg 박스,,,,8000,,,,trade
광주각화,광주중앙청과,20260709,오이,백다다기(오이),10 kg 박스,,,,8000,,,,trade
광주각화,광주중앙청과,20260709,오이,백다다기(오이),10 kg 박스,,,,8500,,,,trade
광주각화,광주중앙청과,20260709,오이,백다다기(오이),10 kg 박스,,,,13000,,,,trade
광주각화,광주중앙청과,20260709,오이,백다다기(오이),10 kg 박스,,,,8000,,,,trade
광주각화,광주중앙청과,20260709,오이,백다다기(오이),10 kg 박스,,,,8000,,,,trade
광주각화,광주중앙청과,20260709,오이,백다다기(오이),10 kg 박스,,,,7500,,,,trade
광주각화,광주중앙청과,20260709,오이,백다다기(오이),10 kg 박스,,,,3500,,,,trade
광주각화,광주중앙청과,20260709,오이,백다다기(오이),10 kg 박스,,,,4000,,,,trade
광주각화,광주중앙청과,20260709,오이,백다다기(오이),10 kg 박스,,,,11000,,,,trade
광주각화,광주중앙청과,20260709,오이,백다다기(오이),10 kg 박스,,,,13000,,,,trade
광주각화,광주중앙청과,20260709,오이,백다다기(오이),10 kg 박스,,,,2500,,,,trade
광주각화,광주중앙청과,20260709,오이,백다다기(오이),10 kg 박스,,,,7500,,,,trade
광주각화,광주중앙청과,20260709,오이,백다다기(오이),10 kg 박스,,,,2500,,,,trade
광주각화,광주중앙청과,20260709,오이,백다다기(오이),10 kg 박스,,,,3000,,,,trade
광주각화,광주중앙청과,20260709,오이,백다다기(오이),10 kg 박스,,,,3000,,,,trade
광주각화,광주중앙청과,20260709,오이,백다다기(오이),10 kg 박스,,,,2000,,,,trade
광주각화,광주중앙청과,20260709,오이,백다다기(오이),10 kg 박스,,,,8000,,,,trade
광주각화,광주중앙청과,20260709,오이,백다다기(오이),10 kg 박스,,,,2500,,,,trade
광주각화,광주중앙청과,20260709,오이,백다다기(오이),10 kg 박스,,,,7500,,,,trade
광주각화,광주중앙청과,20260709,오이,백다다기(오이),10 kg 박스,,,,11000,,,,trade
광주각화,광주중앙청과,20260709,오이,백다다기(오이),10 kg 박스,,,,9500,,,,trade
광주각화,광주중앙청과,20260709,오이,백다다기(오이),10 kg 박스,,,,10500,,,,trade
광주각화,광주중앙청과,20260709,오이,백다다기(오이),10 kg 박스,,,,9000,,,,trade
광주각화,광주중앙청과,20260709,오이,백다다기(오이),10 kg 박스,,,,6000,,,,trade
광주각화,광주중앙청과,20260709,오이,백다다기(오이),10 kg 박스,,,,5000,,,,trade
광주각화,광주중앙청과,20260709,오이,백다다기(오이),10 kg 박스,,,,8000,,,,trade
광주각화,광주중앙청과,20260709,오이,백다다기(오이),10 kg 박스,,,,5500,,,,trade
광주각화,광주중앙청과,20260709,오이,백다다기(오이),10 kg 박스,,,,7000,,,,trade
광주각화,광주중앙청과,20260709,오이,백다다기(오이),10 kg 박스,,,,7000,,,,trade
광주각화,광주중앙청과,20260709,오이,백다다기(오이),10 kg 박스,,,,5000,,,,trade
광주각화,광주중앙청과,20260709,오이,백다다기(오이),10 kg 박스,,,,8000,,,,trade
광주각화,광주중앙청과,20260709,오이,백다다기(오이),10 kg 박스,,,,10000,,,,trade
광주각화,광주중앙청과,20260709,오이,백다다기(오이),10 kg 박스,,,,7500,,,,trade
광주각화,광주중앙청과,20260709,오이,백다다기(오이),10 kg 박스,,,,6000,,,,trade
광주각화,광주중앙청과,20260709,오이,백다다기(오이),10 kg 박스,,,,5000,,,,trade
광주각화,광주중앙청과,20260709,오이,백다다기(오이),10 kg 박스,,,,4000,,,,trade
광주각화,광주중앙청과,20260709,오이,백다다기(오이),10 kg 박스,,,,9000,,,,trade
광주각화,광주중앙청과,20260709,오이,백다다기(오이),10 kg 박스,,,,11000,,,,trade
광주각화,광주중앙청과,20260709,오이,백다다기(오이),10 kg 박스,,,,11000,,,,trade
광주각화,광주중앙청과,20260709,오이,백다다기(오이),10 kg 박스,,,,5000,,,,trade
광주각화,광주중앙청과,20260709,오이,백다다기(오이),10 kg 박스,,,,4000,,,,trade
광주각화,광주중앙청과,20260709,오이,백다다기(오이),10 kg 박스,,,,9000,,,,trade
광주각화,광주중앙청과,20260709,오이,백다다기(오이),10 kg 박스,,,,4000,,,,trade
광주각화,광주중앙청과,20260709,오이,백다다기(오이),10 kg 박스,,,,10000,,,,trade
광주각화,광주중앙청과,20260709,오이,백다다기(오이),10 kg 박스,,,,7500,,,,trade
광주각화,광주중앙청과,20260709,오이,백다다기(오이),10 kg 박스,,,,9000,,,,trade
광주각화,광주중앙청과,20260709,오이,백다다기(오이),10 kg 박스,,,,10000,,,,trade
광주각화,광주중앙청과,20260709,오이,백다다기(오이),10 kg 박스,,,,4000,,,,trade
광주각화,광주중앙청과,20260709,오이,백다다기(오이),10 kg 팰릿,,,,16000,,,,trade
광주각화,광주중앙청과,20260709,오이,백다다기(오이),10 kg 팰릿,,,,9000,,,,trade
광주각화,광주중앙청과,20260709,오이,백다다기(오이),10 kg 팰릿,,,,13500,,,,trade
광주각화,광주중앙청과,20260709,오이,백다다기(오이),10 kg 팰릿,,,,8500,,,,trade
광주각화,광주중앙청과,20260709,오이,백다다기(오이),10 kg 팰릿,,,,9000,,,,trade
광주각화,광주중앙청과,20260709,오이,백다다기(오이),10 kg 팰릿,,,,9000,,,,trade
광주각화,광주중앙청과,20260709,오이,백다다기(오이),10 kg 팰릿,,,,13500,,,,trade
광주각화,광주중앙청과,20260709,오이,백다다기(오이),10 kg 팰릿,,,,11000,,,,trade
광주각화,광주중앙청과,20260709,오이,백다다기(오이),10 kg 팰릿,,,,11000,,,,trade
광주각화,광주중앙청과,20260709,오이,백다다기(오이),10 kg 팰릿,,,,8500,,,,trade
광주각화,광주중앙청과,20260709,오이,백다다기(오이),10 kg 팰릿,,,,13500,,,,trade
광주각화,광주중앙청과,20260709,오이,백다다기(오이),10 kg 팰릿,,,,12000,,,,trade
광주각화,광주중앙청과,20260709,오이,백다다기(오이),10 kg 팰릿,,,,14000,,,,trade
광주각화,광주중앙청과,20260709,오이,백다다기(오이),10 kg 팰릿,,,,11000,,,,trade
광주각화,광주중앙청과,20260709,오이,백다다기(오이),10 kg 팰릿,,,,14000,,,,trade
광주각화,광주중앙청과,20260709,오이,백다다기(오이),10 kg 팰릿,,,,11000,,,,trade
광주각화,광주중앙청과,20260709,오이,백다다기(오이),10 kg 팰릿,,,,12000,,,,trade
광주각화,광주중앙청과,20260709,오이,백다다기(오이),10 kg 팰릿,,,,11500,,,,trade
광주각화,광주중앙청과,20260709,오이,백다다기(오이),10 kg 팰릿,,,,14000,,,,trade
광주각화,광주중앙청과,20260709,오이,백다다기(오이),10 kg 팰릿,,,,15000,,,,trade
광주각화,광주중앙청과,20260709,오이,백다다기(오이),10 kg 팰릿,,,,9000,,,,trade
광주각화,광주중앙청과,20260709,오이,백다다기(오이),10 kg 팰릿,,,,15000,,,,trade
광주각화,광주중앙청과,20260709,오이,백다다기(오이),10 kg 팰릿,,,,11000,,,,trade
광주각화,광주중앙청과,20260709,오이,백다다기(오이),10 kg 팰릿,,,,11500,,,,trade
광주각화,광주중앙청과,20260709,오이,백다다기(오이),10 kg 팰릿,,,,12000,,,,trade
광주각화,광주중앙청과,20260709,오이,백다다기(오이),10 kg 팰릿,,,,11000,,,,trade
광주각화,광주중앙청과,20260709,오이,백다다기(오이),10 kg 팰릿,,,,7000,,,,trade
광주각화,광주중앙청과,20260709,오이,백다다기(오이),10 kg 팰릿,,,,7000,,,,trade
광주각화,광주중앙청과,20260709,오이,백다다기(오이),10 kg 팰릿,,,,11000,,,,trade
광주각화,광주중앙청과,20260709,오이,백다다기(오이),10 kg 팰릿,,,,9000,,,,trade
광주각화,광주중앙청과,20260709,오이,백다다기(오이),10 kg 팰릿,,,,11000,,,,trade
광주각화,광주중앙청과,20260709,오이,백다다기(오이),10 kg 팰릿,,,,9000,,,,trade
광주각화,광주중앙청과,20260709,오이,백다다기(오이),10 kg 팰릿,,,,10000,,,,trade
광주각화,광주중앙청과,20260709,오이,백다다기(오이),10 kg 팰릿,,,,9500,,,,trade
광주각화,광주중앙청과,20260709,오이,백다다기(오이),10 kg 팰릿,,,,11500,,,,trade
광주각화,광주중앙청과,20260709,오이,백다다기(오이),10 kg 팰릿,,,,10500,,,,trade
광주각화,광주중앙청과,20260709,오이,백다다기(오이),10 kg 팰릿,,,,12000,,,,trade
광주각화,광주중앙청과,20260709,오이,백다다기(오이),10 kg 팰릿,,,,11000,,,,trade
광주각화,광주중앙청과,20260709,오이,백다다기(오이),10 kg 팰릿,,,,10000,,,,trade
광주각화,광주중앙청과,20260709,오이,백다다기(오이),18 kg 박스,,,,4000,,,,trade
광주각화,광주중앙청과,20260709,오이,백다다기(오이),18 kg 박스,,,,7000,,,,trade
광주각화,광주중앙청과,20260709,오이,백다다기(오이),18 kg 박스,,,,4000,,,,trade
광주각화,광주중앙청과,20260709,오이,백다다기(오이),18 kg 박스,,,,4000,,,,trade
광주각화,광주중앙청과,20260709,오이,백다다기(오이),18 kg 박스,,,,4000,,,,trade
광주각화,광주중앙청과,20260709,오이,백다다기(오이),18 kg 박스,,,,4000,,,,trade
광주각화,광주중앙청과,20260709,오이,백다다기(오이),18 kg 박스,,,,3000,,,,trade
광주각화,광주중앙청과,20260709,오이,백다다기(오이),18 kg 박스,,,,2000,,,,trade
광주각화,광주중앙청과,20260709,오이,백다다기(오이),18 kg 박스,,,,4000,,,,trade
광주각화,광주중앙청과,20260709,오이,백다다기(오이),18 kg 박스,,,,7000,,,,trade
광주각화,광주중앙청과,20260709,오이,백다다기(오이),18 kg 박스,,,,7000,,,,trade
광주각화,광주중앙청과,20260709,오이,백다다기(오이),18 kg 박스,,,,10000,,,,trade
광주각화,광주중앙청과,20260709,오이,백다다기(오이),18 kg 박스,,,,8000,,,,trade
광주각화,광주중앙청과,20260709,오이,백다다기(오이),18 kg 박스,,,,4000,,,,trade
광주각화,광주중앙청과,20260709,오이,백다다기(오이),18 kg 박스,,,,4000,,,,trade
광주각화,광주중앙청과,20260709,오이,백다다기(오이),18 kg 박스,,,,7000,,,,trade
광주각화,광주중앙청과,20260709,오이,백다다기(오이),18 kg 박스,,,,6000,,,,trade
광주각화,광주중앙청과,20260709,오이,백다다기(오이),18 kg 박스,,,,6000,,,,trade
광주각화,광주중앙청과,20260709,오이,백다다기(오이),18 kg 박스,,,,7000,,,,trade
광주각화,광주중앙청과,20260709,오이,백다다기(오이),18 kg 박스,,,,5000,,,,trade
광주각화,광주중앙청과,20260709,오이,백다다기(오이),18 kg 박스,,,,7000,,,,trade
광주각화,광주중앙청과,20260709,오이,백다다기(오이),18 kg 박스,,,,5000,,,,trade
광주각화,광주중앙청과,20260709,오이,백다다기(오이),18 kg 박스,,,,8000,,,,trade
광주각화,광주중앙청과,20260709,오이,백다다기(오이),18 kg 박스,,,,5000,,,,trade
광주각화,광주중앙청과,20260709,오이,백다다기(오이),18 kg 박스,,,,8000,,,,trade
광주각화,광주중앙청과,20260709,오이,백다다기(오이),18 kg 박스,,,,5000,,,,trade
광주각화,광주중앙청과,20260709,오이,백다다기(오이),18 kg 박스,,,,7000,,,,trade
광주각화,광주중앙청과,20260709,오이,백다다기(오이),18 kg 박스,,,,4000,,,,trade
광주각화,광주중앙청과,20260709,오이,백다다기(오이),18 kg 박스,,,,4000,,,,trade
광주각화,광주중앙청과,20260709,오이,백다다기(오이),18 kg 박스,,,,4000,,,,trade
광주각화,광주중앙청과,20260709,오이,백다다기(오이),21 kg 박스,,,,15000,,,,trade
광주각화,광주중앙청과,20260709,오이,백다다기(오이),21 kg 박스,,,,5000,,,,trade
광주각화,광주중앙청과,20260709,오이,백다다기(오이),21 kg 박스,,,,20000,,,,trade
광주각화,광주중앙청과,20260709,오이,백다다기(오이),21 kg 박스,,,,7000,,,,trade
광주각화,광주중앙청과,20260709,오이,백다다기(오이),21 kg 박스,,,,9000,,,,trade
광주각화,광주중앙청과,20260709,오이,백다다기(오이),21 kg 박스,,,,19000,,,,trade
광주각화,광주중앙청과,20260709,오이,백다다기(오이),21 kg 박스,,,,20000,,,,trade
광주각화,광주중앙청과,20260709,오이,백다다기(오이),21 kg 박스,,,,17000,,,,trade
광주각화,광주중앙청과,20260709,오이,백다다기(오이),21 kg 박스,,,,20000,,,,trade
광주각화,광주중앙청과,20260709,오이,백다다기(오이),21 kg 박스,,,,20000,,,,trade
광주각화,광주중앙청과,20260709,오이,백다다기(오이),21 kg 박스,,,,16000,,,,trade
광주각화,광주중앙청과,20260709,오이,백다다기(오이),21 kg 박스,,,,18000,,,,trade
광주각화,광주중앙청과,20260709,오이,백다다기(오이),21 kg 박스,,,,16000,,,,trade
광주각화,광주중앙청과,20260709,오이,백다다기(오이),21 kg 박스,,,,5000,,,,trade
광주각화,광주중앙청과,20260709,오이,백다다기(오이),21 kg 박스,,,,5000,,,,trade
광주각화,광주중앙청과,20260709,오이,백다다기(오이),21 kg 박스,,,,7000,,,,trade
광주각화,광주중앙청과,20260709,오이,백다다기(오이),21 kg 박스,,,,2000,,,,trade
광주각화,광주중앙청과,20260709,오이,백다다기(오이),21 kg 박스,,,,2000,,,,trade
광주각화,광주중앙청과,20260709,오이,백다다기(오이),21 kg 박스,,,,2000,,,,trade
광주각화,광주중앙청과,20260709,오이,백다다기(오이),21 kg 박스,,,,2000,,,,trade
광주각화,광주중앙청과,20260709,오이,백다다기(오이),21 kg 박스,,,,5000,,,,trade
광주각화,광주중앙청과,20260709,오이,백다다기(오이),21 kg 팰릿,,,,23000,,,,trade
광주각화,광주중앙청과,20260709,오이,백다다기(오이),21 kg 팰릿,,,,17000,,,,trade
광주각화,광주중앙청과,20260709,오이,백다다기(오이),21 kg 팰릿,,,,9000,,,,trade
광주각화,광주중앙청과,20260709,오이,백다다기(오이),21 kg 팰릿,,,,7000,,,,trade
광주각화,광주중앙청과,20260709,오이,백다다기(오이),21 kg 팰릿,,,,12000,,,,trade
광주각화,광주중앙청과,20260709,오이,백다다기(오이),21 kg 팰릿,,,,19000,,,,trade
광주각화,광주중앙청과,20260709,오이,백다다기(오이),21 kg 팰릿,,,,18000,,,,trade
광주각화,광주중앙청과,20260709,오이,백다다기(오이),8kg,,,,,5500,8000,6762,grade_agg
광주각화,광주중앙청과,20260709,오이,백다다기(오이),10kg,,,,,2000,16000,10322,grade_agg
광주각화,광주중앙청과,20260709,오이,백다다기(오이),18kg,,,,,2000,10000,6321,grade_agg
광주각화,광주중앙청과,20260709,오이,백다다기(오이),21kg,,,,,2000,23000,14304,grade_agg
광주각화,광주중앙청과,20260714,오이,백다다기(오이),8 kg 박스,,,,7000,,,,trade
광주각화,광주중앙청과,20260714,오이,백다다기(오이),8 kg 비닐봉지,,,,11000,,,,trade
광주각화,광주중앙청과,20260714,오이,백다다기(오이),8 kg 비닐봉지,,,,15000,,,,trade
광주각화,광주중앙청과,20260714,오이,백다다기(오이),8 kg 비닐봉지,,,,2000,,,,trade
광주각화,광주중앙청과,20260714,오이,백다다기(오이),8 kg 팰릿,,,,16000,,,,trade
광주각화,광주중앙청과,20260714,오이,백다다기(오이),10 kg 박스,,,,13000,,,,trade
광주각화,광주중앙청과,20260714,오이,백다다기(오이),10 kg 박스,,,,15000,,,,trade
광주각화,광주중앙청과,20260714,오이,백다다기(오이),10 kg 박스,,,,13000,,,,trade
광주각화,광주중앙청과,20260714,오이,백다다기(오이),10 kg 박스,,,,14000,,,,trade
광주각화,광주중앙청과,20260714,오이,백다다기(오이),10 kg 박스,,,,32000,,,,trade
광주각화,광주중앙청과,20260714,오이,백다다기(오이),10 kg 박스,,,,26000,,,,trade
광주각화,광주중앙청과,20260714,오이,백다다기(오이),10 kg 박스,,,,33000,,,,trade
광주각화,광주중앙청과,20260714,오이,백다다기(오이),10 kg 박스,,,,23000,,,,trade
광주각화,광주중앙청과,20260714,오이,백다다기(오이),10 kg 박스,,,,28000,,,,trade
광주각화,광주중앙청과,20260714,오이,백다다기(오이),10 kg 박스,,,,25000,,,,trade
광주각화,광주중앙청과,20260714,오이,백다다기(오이),10 kg 박스,,,,32500,,,,trade
광주각화,광주중앙청과,20260714,오이,백다다기(오이),10 kg 박스,,,,25000,,,,trade
광주각화,광주중앙청과,20260714,오이,백다다기(오이),10 kg 박스,,,,36000,,,,trade
광주각화,광주중앙청과,20260714,오이,백다다기(오이),10 kg 박스,,,,7000,,,,trade
광주각화,광주중앙청과,20260714,오이,백다다기(오이),10 kg 박스,,,,24000,,,,trade
광주각화,광주중앙청과,20260714,오이,백다다기(오이),10 kg 박스,,,,11500,,,,trade
광주각화,광주중앙청과,20260714,오이,백다다기(오이),10 kg 박스,,,,23000,,,,trade
광주각화,광주중앙청과,20260714,오이,백다다기(오이),10 kg 박스,,,,29000,,,,trade
광주각화,광주중앙청과,20260714,오이,백다다기(오이),10 kg 박스,,,,8000,,,,trade
광주각화,광주중앙청과,20260714,오이,백다다기(오이),10 kg 박스,,,,16000,,,,trade
광주각화,광주중앙청과,20260714,오이,백다다기(오이),10 kg 박스,,,,33000,,,,trade
광주각화,광주중앙청과,20260714,오이,백다다기(오이),10 kg 박스,,,,12000,,,,trade
광주각화,광주중앙청과,20260714,오이,백다다기(오이),10 kg 박스,,,,12000,,,,trade
광주각화,광주중앙청과,20260714,오이,백다다기(오이),10 kg 박스,,,,32000,,,,trade
광주각화,광주중앙청과,20260714,오이,백다다기(오이),10 kg 박스,,,,30000,,,,trade
광주각화,광주중앙청과,20260714,오이,백다다기(오이),10 kg 박스,,,,32000,,,,trade
광주각화,광주중앙청과,20260714,오이,백다다기(오이),10 kg 박스,,,,24000,,,,trade
광주각화,광주중앙청과,20260714,오이,백다다기(오이),10 kg 박스,,,,23000,,,,trade
광주각화,광주중앙청과,20260714,오이,백다다기(오이),10 kg 박스,,,,22500,,,,trade
광주각화,광주중앙청과,20260714,오이,백다다기(오이),10 kg 박스,,,,26000,,,,trade
광주각화,광주중앙청과,20260714,오이,백다다기(오이),10 kg 박스,,,,30000,,,,trade
광주각화,광주중앙청과,20260714,오이,백다다기(오이),10 kg 박스,,,,23000,,,,trade
광주각화,광주중앙청과,20260714,오이,백다다기(오이),10 kg 박스,,,,28000,,,,trade
광주각화,광주중앙청과,20260714,오이,백다다기(오이),10 kg 박스,,,,35500,,,,trade
광주각화,광주중앙청과,20260714,오이,백다다기(오이),10 kg 박스,,,,35000,,,,trade
광주각화,광주중앙청과,20260714,오이,백다다기(오이),10 kg 박스,,,,32000,,,,trade
광주각화,광주중앙청과,20260714,오이,백다다기(오이),10 kg 박스,,,,29000,,,,trade
광주각화,광주중앙청과,20260714,오이,백다다기(오이),10 kg 박스,,,,30000,,,,trade
광주각화,광주중앙청과,20260714,오이,백다다기(오이),10 kg 박스,,,,27000,,,,trade
광주각화,광주중앙청과,20260714,오이,백다다기(오이),10 kg 박스,,,,29000,,,,trade
광주각화,광주중앙청과,20260714,오이,백다다기(오이),10 kg 박스,,,,20000,,,,trade
광주각화,광주중앙청과,20260714,오이,백다다기(오이),10 kg 박스,,,,20000,,,,trade
광주각화,광주중앙청과,20260714,오이,백다다기(오이),10 kg 박스,,,,34000,,,,trade
광주각화,광주중앙청과,20260714,오이,백다다기(오이),10 kg 박스,,,,23000,,,,trade
광주각화,광주중앙청과,20260714,오이,백다다기(오이),10 kg 박스,,,,18000,,,,trade
광주각화,광주중앙청과,20260714,오이,백다다기(오이),10 kg 팰릿,,,,36000,,,,trade
광주각화,광주중앙청과,20260714,오이,백다다기(오이),10 kg 팰릿,,,,23000,,,,trade
광주각화,광주중앙청과,20260714,오이,백다다기(오이),10 kg 팰릿,,,,35000,,,,trade
광주각화,광주중앙청과,20260714,오이,백다다기(오이),10 kg 팰릿,,,,34000,,,,trade
광주각화,광주중앙청과,20260714,오이,백다다기(오이),10 kg 팰릿,,,,28000,,,,trade
광주각화,광주중앙청과,20260714,오이,백다다기(오이),10 kg 팰릿,,,,29000,,,,trade
광주각화,광주중앙청과,20260714,오이,백다다기(오이),10 kg 팰릿,,,,32000,,,,trade
광주각화,광주중앙청과,20260714,오이,백다다기(오이),10 kg 팰릿,,,,37000,,,,trade
광주각화,광주중앙청과,20260714,오이,백다다기(오이),10 kg 팰릿,,,,31000,,,,trade
광주각화,광주중앙청과,20260714,오이,백다다기(오이),10 kg 팰릿,,,,37000,,,,trade
광주각화,광주중앙청과,20260714,오이,백다다기(오이),10 kg 팰릿,,,,31000,,,,trade
광주각화,광주중앙청과,20260714,오이,백다다기(오이),10 kg 팰릿,,,,38000,,,,trade
광주각화,광주중앙청과,20260714,오이,백다다기(오이),10 kg 팰릿,,,,34000,,,,trade
광주각화,광주중앙청과,20260714,오이,백다다기(오이),10 kg 팰릿,,,,25000,,,,trade
광주각화,광주중앙청과,20260714,오이,백다다기(오이),10 kg 팰릿,,,,33000,,,,trade
광주각화,광주중앙청과,20260714,오이,백다다기(오이),10 kg 팰릿,,,,35000,,,,trade
광주각화,광주중앙청과,20260714,오이,백다다기(오이),18 kg 박스,,,,22000,,,,trade
광주각화,광주중앙청과,20260714,오이,백다다기(오이),18 kg 박스,,,,22000,,,,trade
광주각화,광주중앙청과,20260714,오이,백다다기(오이),18 kg 박스,,,,24000,,,,trade
광주각화,광주중앙청과,20260714,오이,백다다기(오이),18 kg 박스,,,,23000,,,,trade
광주각화,광주중앙청과,20260714,오이,백다다기(오이),18 kg 박스,,,,35000,,,,trade
광주각화,광주중앙청과,20260714,오이,백다다기(오이),18 kg 박스,,,,34000,,,,trade
광주각화,광주중앙청과,20260714,오이,백다다기(오이),18 kg 박스,,,,20000,,,,trade
광주각화,광주중앙청과,20260714,오이,백다다기(오이),18 kg 박스,,,,20000,,,,trade
광주각화,광주중앙청과,20260714,오이,백다다기(오이),18 kg 박스,,,,16000,,,,trade
광주각화,광주중앙청과,20260714,오이,백다다기(오이),18 kg 박스,,,,25000,,,,trade
광주각화,광주중앙청과,20260714,오이,백다다기(오이),18 kg 박스,,,,22000,,,,trade
광주각화,광주중앙청과,20260714,오이,백다다기(오이),18 kg 박스,,,,25000,,,,trade
광주각화,광주중앙청과,20260714,오이,백다다기(오이),18 kg 박스,,,,24000,,,,trade
광주각화,광주중앙청과,20260714,오이,백다다기(오이),18 kg 박스,,,,26000,,,,trade
광주각화,광주중앙청과,20260714,오이,백다다기(오이),18 kg 박스,,,,28000,,,,trade
광주각화,광주중앙청과,20260714,오이,백다다기(오이),18 kg 팰릿,,,,35000,,,,trade
광주각화,광주중앙청과,20260714,오이,백다다기(오이),18 kg 팰릿,,,,22000,,,,trade
광주각화,광주중앙청과,20260714,오이,백다다기(오이),18 kg 팰릿,,,,24000,,,,trade
광주각화,광주중앙청과,20260714,오이,백다다기(오이),18 kg 팰릿,,,,38000,,,,trade
광주각화,광주중앙청과,20260714,오이,백다다기(오이),21 kg 박스,,,,30000,,,,trade
광주각화,광주중앙청과,20260714,오이,백다다기(오이),21 kg 박스,,,,67000,,,,trade
광주각화,광주중앙청과,20260714,오이,백다다기(오이),21 kg 박스,,,,36000,,,,trade
광주각화,광주중앙청과,20260714,오이,백다다기(오이),21 kg 박스,,,,45000,,,,trade
광주각화,광주중앙청과,20260714,오이,백다다기(오이),21 kg 박스,,,,23000,,,,trade
광주각화,광주중앙청과,20260714,오이,백다다기(오이),21 kg 박스,,,,53000,,,,trade
광주각화,광주중앙청과,20260714,오이,백다다기(오이),21 kg 박스,,,,33000,,,,trade
광주각화,광주중앙청과,20260714,오이,백다다기(오이),21 kg 박스,,,,38000,,,,trade
광주각화,광주중앙청과,20260714,오이,백다다기(오이),21 kg 박스,,,,52000,,,,trade
광주각화,광주중앙청과,20260714,오이,백다다기(오이),21 kg 박스,,,,12000,,,,trade
광주각화,광주중앙청과,20260714,오이,백다다기(오이),21 kg 박스,,,,18000,,,,trade
광주각화,광주중앙청과,20260714,오이,백다다기(오이),21 kg 박스,,,,12000,,,,trade
광주각화,광주중앙청과,20260714,오이,백다다기(오이),21 kg 박스,,,,58000,,,,trade
광주각화,광주중앙청과,20260714,오이,백다다기(오이),21 kg 박스,,,,24000,,,,trade
광주각화,광주중앙청과,20260714,오이,백다다기(오이),21 kg 박스,,,,6000,,,,trade
광주각화,광주중앙청과,20260714,오이,백다다기(오이),21 kg 박스,,,,56000,,,,trade
광주각화,광주중앙청과,20260714,오이,백다다기(오이),21 kg 박스,,,,53000,,,,trade
광주각화,광주중앙청과,20260714,오이,백다다기(오이),21 kg 박스,,,,13000,,,,trade
광주각화,광주중앙청과,20260714,오이,백다다기(오이),21 kg 박스,,,,20000,,,,trade
광주각화,광주중앙청과,20260714,오이,백다다기(오이),21 kg 박스,,,,16000,,,,trade
광주각화,광주중앙청과,20260714,오이,백다다기(오이),21 kg 박스,,,,58000,,,,trade
광주각화,광주중앙청과,20260714,오이,백다다기(오이),21 kg 박스,,,,15000,,,,trade
광주각화,광주중앙청과,20260714,오이,백다다기(오이),21 kg 박스,,,,70000,,,,trade
광주각화,광주중앙청과,20260714,오이,백다다기(오이),21 kg 팰릿,,,,43000,,,,trade
광주각화,광주중앙청과,20260714,오이,백다다기(오이),21 kg 팰릿,,,,95000,,,,trade
광주각화,광주중앙청과,20260714,오이,백다다기(오이),8kg,,,,,2000,16000,12443,grade_agg
광주각화,광주중앙청과,20260714,오이,백다다기(오이),10kg,,,,,7000,38000,30031,grade_agg
광주각화,광주중앙청과,20260714,오이,백다다기(오이),18kg,,,,,16000,38000,28098,grade_agg
광주각화,광주중앙청과,20260714,오이,백다다기(오이),21kg,,,,,6000,95000,45586,grade_agg
광주각화,광주중앙청과,20260716,오이,백다다기(오이),8 kg 비닐봉지,,,,19000,,,,trade
광주각화,광주중앙청과,20260716,오이,백다다기(오이),8 kg 비닐봉지,,,,18500,,,,trade
광주각화,광주중앙청과,20260716,오이,백다다기(오이),10 kg 박스,,,,12500,,,,trade
광주각화,광주중앙청과,20260716,오이,백다다기(오이),10 kg 박스,,,,29000,,,,trade
광주각화,광주중앙청과,20260716,오이,백다다기(오이),10 kg 박스,,,,31000,,,,trade
광주각화,광주중앙청과,20260716,오이,백다다기(오이),10 kg 박스,,,,23000,,,,trade
광주각화,광주중앙청과,20260716,오이,백다다기(오이),10 kg 박스,,,,12000,,,,trade
광주각화,광주중앙청과,20260716,오이,백다다기(오이),10 kg 박스,,,,12000,,,,trade
광주각화,광주중앙청과,20260716,오이,백다다기(오이),10 kg 박스,,,,13000,,,,trade
광주각화,광주중앙청과,20260716,오이,백다다기(오이),10 kg 박스,,,,32500,,,,trade
광주각화,광주중앙청과,20260716,오이,백다다기(오이),10 kg 박스,,,,34000,,,,trade
광주각화,광주중앙청과,20260716,오이,백다다기(오이),10 kg 박스,,,,28500,,,,trade
광주각화,광주중앙청과,20260716,오이,백다다기(오이),10 kg 박스,,,,25000,,,,trade
광주각화,광주중앙청과,20260716,오이,백다다기(오이),10 kg 박스,,,,32000,,,,trade
광주각화,광주중앙청과,20260716,오이,백다다기(오이),10 kg 박스,,,,28000,,,,trade
광주각화,광주중앙청과,20260716,오이,백다다기(오이),10 kg 박스,,,,25000,,,,trade
광주각화,광주중앙청과,20260716,오이,백다다기(오이),10 kg 박스,,,,30000,,,,trade
광주각화,광주중앙청과,20260716,오이,백다다기(오이),10 kg 박스,,,,8000,,,,trade
광주각화,광주중앙청과,20260716,오이,백다다기(오이),10 kg 박스,,,,25500,,,,trade
광주각화,광주중앙청과,20260716,오이,백다다기(오이),10 kg 박스,,,,10000,,,,trade
광주각화,광주중앙청과,20260716,오이,백다다기(오이),10 kg 박스,,,,12000,,,,trade
광주각화,광주중앙청과,20260716,오이,백다다기(오이),10 kg 박스,,,,18000,,,,trade
광주각화,광주중앙청과,20260716,오이,백다다기(오이),10 kg 박스,,,,13000,,,,trade
광주각화,광주중앙청과,20260716,오이,백다다기(오이),10 kg 박스,,,,22000,,,,trade
광주각화,광주중앙청과,20260716,오이,백다다기(오이),10 kg 박스,,,,9000,,,,trade
광주각화,광주중앙청과,20260716,오이,백다다기(오이),10 kg 박스,,,,12000,,,,trade
광주각화,광주중앙청과,20260716,오이,백다다기(오이),10 kg 박스,,,,25000,,,,trade
광주각화,광주중앙청과,20260716,오이,백다다기(오이),10 kg 박스,,,,16000,,,,trade
광주각화,광주중앙청과,20260716,오이,백다다기(오이),10 kg 박스,,,,21000,,,,trade
광주각화,광주중앙청과,20260716,오이,백다다기(오이),10 kg 박스,,,,16000,,,,trade
광주각화,광주중앙청과,20260716,오이,백다다기(오이),10 kg 박스,,,,28000,,,,trade
광주각화,광주중앙청과,20260716,오이,백다다기(오이),10 kg 박스,,,,14500,,,,trade
광주각화,광주중앙청과,20260716,오이,백다다기(오이),10 kg 박스,,,,18000,,,,trade
광주각화,광주중앙청과,20260716,오이,백다다기(오이),10 kg 박스,,,,21000,,,,trade
광주각화,광주중앙청과,20260716,오이,백다다기(오이),10 kg 박스,,,,14000,,,,trade
광주각화,광주중앙청과,20260716,오이,백다다기(오이),10 kg 박스,,,,15000,,,,trade
광주각화,광주중앙청과,20260716,오이,백다다기(오이),10 kg 박스,,,,16000,,,,trade
광주각화,광주중앙청과,20260716,오이,백다다기(오이),10 kg 박스,,,,16000,,,,trade
광주각화,광주중앙청과,20260716,오이,백다다기(오이),10 kg 박스,,,,16000,,,,trade
광주각화,광주중앙청과,20260716,오이,백다다기(오이),10 kg 박스,,,,30000,,,,trade
광주각화,광주중앙청과,20260716,오이,백다다기(오이),10 kg 박스,,,,30000,,,,trade
광주각화,광주중앙청과,20260716,오이,백다다기(오이),10 kg 박스,,,,31000,,,,trade
광주각화,광주중앙청과,20260716,오이,백다다기(오이),10 kg 박스,,,,30000,,,,trade
광주각화,광주중앙청과,20260716,오이,백다다기(오이),10 kg 박스,,,,18000,,,,trade
광주각화,광주중앙청과,20260716,오이,백다다기(오이),10 kg 박스,,,,25000,,,,trade
광주각화,광주중앙청과,20260716,오이,백다다기(오이),10 kg 박스,,,,23000,,,,trade
광주각화,광주중앙청과,20260716,오이,백다다기(오이),10 kg 박스,,,,20000,,,,trade
광주각화,광주중앙청과,20260716,오이,백다다기(오이),10 kg 박스,,,,12000,,,,trade
광주각화,광주중앙청과,20260716,오이,백다다기(오이),10 kg 박스,,,,28500,,,,trade
광주각화,광주중앙청과,20260716,오이,백다다기(오이),10 kg 박스,,,,18000,,,,trade
광주각화,광주중앙청과,20260716,오이,백다다기(오이),10 kg 박스,,,,28500,,,,trade
광주각화,광주중앙청과,20260716,오이,백다다기(오이),10 kg 박스,,,,27000,,,,trade
광주각화,광주중앙청과,20260716,오이,백다다기(오이),10 kg 박스,,,,27500,,,,trade
광주각화,광주중앙청과,20260716,오이,백다다기(오이),10 kg 박스,,,,25000,,,,trade
광주각화,광주중앙청과,20260716,오이,백다다기(오이),10 kg 박스,,,,24000,,,,trade
광주각화,광주중앙청과,20260716,오이,백다다기(오이),10 kg 박스,,,,28000,,,,trade
광주각화,광주중앙청과,20260716,오이,백다다기(오이),10 kg 박스,,,,26500,,,,trade
광주각화,광주중앙청과,20260716,오이,백다다기(오이),10 kg 박스,,,,18000,,,,trade
광주각화,광주중앙청과,20260716,오이,백다다기(오이),10 kg 박스,,,,13000,,,,trade
광주각화,광주중앙청과,20260716,오이,백다다기(오이),10 kg 박스,,,,23000,,,,trade
광주각화,광주중앙청과,20260716,오이,백다다기(오이),10 kg 박스,,,,14000,,,,trade
광주각화,광주중앙청과,20260716,오이,백다다기(오이),10 kg 박스,,,,26000,,,,trade
광주각화,광주중앙청과,20260716,오이,백다다기(오이),10 kg 박스,,,,18500,,,,trade
광주각화,광주중앙청과,20260716,오이,백다다기(오이),10 kg 박스,,,,18000,,,,trade
광주각화,광주중앙청과,20260716,오이,백다다기(오이),10 kg 박스,,,,14000,,,,trade
광주각화,광주중앙청과,20260716,오이,백다다기(오이),10 kg 박스,,,,30000,,,,trade
광주각화,광주중앙청과,20260716,오이,백다다기(오이),10 kg 박스,,,,14000,,,,trade
광주각화,광주중앙청과,20260716,오이,백다다기(오이),10 kg 박스,,,,33500,,,,trade
광주각화,광주중앙청과,20260716,오이,백다다기(오이),10 kg 팰릿,,,,29000,,,,trade
광주각화,광주중앙청과,20260716,오이,백다다기(오이),10 kg 팰릿,,,,28000,,,,trade
광주각화,광주중앙청과,20260716,오이,백다다기(오이),10 kg 팰릿,,,,32000,,,,trade
광주각화,광주중앙청과,20260716,오이,백다다기(오이),10 kg 팰릿,,,,34000,,,,trade
광주각화,광주중앙청과,20260716,오이,백다다기(오이),10 kg 팰릿,,,,29500,,,,trade
광주각화,광주중앙청과,20260716,오이,백다다기(오이),10 kg 팰릿,,,,32000,,,,trade
광주각화,광주중앙청과,20260716,오이,백다다기(오이),10 kg 팰릿,,,,33000,,,,trade
광주각화,광주중앙청과,20260716,오이,백다다기(오이),10 kg 팰릿,,,,29000,,,,trade
광주각화,광주중앙청과,20260716,오이,백다다기(오이),10 kg 팰릿,,,,36000,,,,trade
광주각화,광주중앙청과,20260716,오이,백다다기(오이),10 kg 팰릿,,,,32000,,,,trade
광주각화,광주중앙청과,20260716,오이,백다다기(오이),10 kg 팰릿,,,,34000,,,,trade
광주각화,광주중앙청과,20260716,오이,백다다기(오이),10 kg 팰릿,,,,32000,,,,trade
광주각화,광주중앙청과,20260716,오이,백다다기(오이),10 kg 팰릿,,,,33000,,,,trade
광주각화,광주중앙청과,20260716,오이,백다다기(오이),10 kg 팰릿,,,,32000,,,,trade
광주각화,광주중앙청과,20260716,오이,백다다기(오이),10 kg 팰릿,,,,37000,,,,trade
광주각화,광주중앙청과,20260716,오이,백다다기(오이),10 kg 팰릿,,,,34000,,,,trade
광주각화,광주중앙청과,20260716,오이,백다다기(오이),10 kg 팰릿,,,,23000,,,,trade
광주각화,광주중앙청과,20260716,오이,백다다기(오이),10 kg 팰릿,,,,19000,,,,trade
광주각화,광주중앙청과,20260716,오이,백다다기(오이),10 kg 팰릿,,,,26000,,,,trade
광주각화,광주중앙청과,20260716,오이,백다다기(오이),10 kg 팰릿,,,,30000,,,,trade
광주각화,광주중앙청과,20260716,오이,백다다기(오이),10 kg 팰릿,,,,31500,,,,trade
광주각화,광주중앙청과,20260716,오이,백다다기(오이),10 kg 팰릿,,,,29000,,,,trade
광주각화,광주중앙청과,20260716,오이,백다다기(오이),18 kg 박스,,,,18000,,,,trade
광주각화,광주중앙청과,20260716,오이,백다다기(오이),18 kg 박스,,,,26000,,,,trade
광주각화,광주중앙청과,20260716,오이,백다다기(오이),18 kg 박스,,,,28000,,,,trade
광주각화,광주중앙청과,20260716,오이,백다다기(오이),18 kg 박스,,,,28000,,,,trade
광주각화,광주중앙청과,20260716,오이,백다다기(오이),18 kg 박스,,,,16000,,,,trade
광주각화,광주중앙청과,20260716,오이,백다다기(오이),18 kg 박스,,,,11000,,,,trade
광주각화,광주중앙청과,20260716,오이,백다다기(오이),18 kg 박스,,,,27000,,,,trade
광주각화,광주중앙청과,20260716,오이,백다다기(오이),18 kg 박스,,,,20000,,,,trade
광주각화,광주중앙청과,20260716,오이,백다다기(오이),18 kg 박스,,,,23000,,,,trade
광주각화,광주중앙청과,20260716,오이,백다다기(오이),18 kg 박스,,,,23000,,,,trade
광주각화,광주중앙청과,20260716,오이,백다다기(오이),18 kg 박스,,,,24000,,,,trade
광주각화,광주중앙청과,20260716,오이,백다다기(오이),18 kg 박스,,,,25000,,,,trade
광주각화,광주중앙청과,20260716,오이,백다다기(오이),18 kg 박스,,,,25000,,,,trade
광주각화,광주중앙청과,20260716,오이,백다다기(오이),18 kg 박스,,,,25000,,,,trade
광주각화,광주중앙청과,20260716,오이,백다다기(오이),18 kg 박스,,,,18000,,,,trade
광주각화,광주중앙청과,20260716,오이,백다다기(오이),18 kg 박스,,,,25000,,,,trade
광주각화,광주중앙청과,20260716,오이,백다다기(오이),18 kg 박스,,,,27000,,,,trade
광주각화,광주중앙청과,20260716,오이,백다다기(오이),18 kg 박스,,,,25000,,,,trade
광주각화,광주중앙청과,20260716,오이,백다다기(오이),18 kg 박스,,,,29000,,,,trade
광주각화,광주중앙청과,20260716,오이,백다다기(오이),18 kg 박스,,,,18000,,,,trade
광주각화,광주중앙청과,20260716,오이,백다다기(오이),18 kg 박스,,,,25000,,,,trade
광주각화,광주중앙청과,20260716,오이,백다다기(오이),18 kg 박스,,,,26000,,,,trade
광주각화,광주중앙청과,20260716,오이,백다다기(오이),18 kg 박스,,,,26000,,,,trade
광주각화,광주중앙청과,20260716,오이,백다다기(오이),18 kg 박스,,,,36000,,,,trade
광주각화,광주중앙청과,20260716,오이,백다다기(오이),18 kg 박스,,,,26000,,,,trade
광주각화,광주중앙청과,20260716,오이,백다다기(오이),18 kg 박스,,,,31000,,,,trade
광주각화,광주중앙청과,20260716,오이,백다다기(오이),21 kg 박스,,,,23000,,,,trade
광주각화,광주중앙청과,20260716,오이,백다다기(오이),21 kg 박스,,,,50000,,,,trade
광주각화,광주중앙청과,20260716,오이,백다다기(오이),21 kg 박스,,,,48000,,,,trade
광주각화,광주중앙청과,20260716,오이,백다다기(오이),21 kg 박스,,,,46000,,,,trade
광주각화,광주중앙청과,20260716,오이,백다다기(오이),21 kg 박스,,,,60000,,,,trade
광주각화,광주중앙청과,20260716,오이,백다다기(오이),21 kg 박스,,,,62000,,,,trade
광주각화,광주중앙청과,20260716,오이,백다다기(오이),21 kg 박스,,,,31000,,,,trade
광주각화,광주중앙청과,20260716,오이,백다다기(오이),21 kg 박스,,,,63000,,,,trade
광주각화,광주중앙청과,20260716,오이,백다다기(오이),21 kg 박스,,,,84000,,,,trade
광주각화,광주중앙청과,20260716,오이,백다다기(오이),21 kg 박스,,,,35000,,,,trade
광주각화,광주중앙청과,20260716,오이,백다다기(오이),21 kg 박스,,,,67000,,,,trade
광주각화,광주중앙청과,20260716,오이,백다다기(오이),21 kg 박스,,,,33000,,,,trade
광주각화,광주중앙청과,20260716,오이,백다다기(오이),21 kg 박스,,,,30000,,,,trade
광주각화,광주중앙청과,20260716,오이,백다다기(오이),21 kg 박스,,,,53000,,,,trade
광주각화,광주중앙청과,20260716,오이,백다다기(오이),21 kg 박스,,,,13000,,,,trade
광주각화,광주중앙청과,20260716,오이,백다다기(오이),21 kg 박스,,,,44000,,,,trade
광주각화,광주중앙청과,20260716,오이,백다다기(오이),21 kg 박스,,,,15000,,,,trade
광주각화,광주중앙청과,20260716,오이,백다다기(오이),21 kg 박스,,,,38000,,,,trade
광주각화,광주중앙청과,20260716,오이,백다다기(오이),21 kg 박스,,,,73000,,,,trade
광주각화,광주중앙청과,20260716,오이,백다다기(오이),21 kg 박스,,,,40000,,,,trade
광주각화,광주중앙청과,20260716,오이,백다다기(오이),21 kg 박스,,,,14000,,,,trade
광주각화,광주중앙청과,20260716,오이,백다다기(오이),21 kg 박스,,,,30000,,,,trade
광주각화,광주중앙청과,20260716,오이,백다다기(오이),21 kg 박스,,,,13000,,,,trade
광주각화,광주중앙청과,20260716,오이,백다다기(오이),21 kg 박스,,,,50000,,,,trade
광주각화,광주중앙청과,20260716,오이,백다다기(오이),21 kg 박스,,,,54000,,,,trade
광주각화,광주중앙청과,20260716,오이,백다다기(오이),8kg,,,,,18500,19000,18596,grade_agg
광주각화,광주중앙청과,20260716,오이,백다다기(오이),10kg,,,,,8000,37000,28512,grade_agg
광주각화,광주중앙청과,20260716,오이,백다다기(오이),18kg,,,,,11000,36000,23282,grade_agg
광주각화,광주중앙청과,20260716,오이,백다다기(오이),21kg,,,,,13000,84000,60786,grade_agg
광주각화,광주중앙청과,20260721,오이,백다다기(오이),8 kg 비닐봉지,,,,14000,,,,trade
광주각화,광주중앙청과,20260721,오이,백다다기(오이),10 kg 박스,,,,6000,,,,trade
광주각화,광주중앙청과,20260721,오이,백다다기(오이),10 kg 박스,,,,15500,,,,trade
광주각화,광주중앙청과,20260721,오이,백다다기(오이),10 kg 박스,,,,7000,,,,trade
광주각화,광주중앙청과,20260721,오이,백다다기(오이),10 kg 박스,,,,21500,,,,trade
광주각화,광주중앙청과,20260721,오이,백다다기(오이),10 kg 박스,,,,27000,,,,trade
광주각화,광주중앙청과,20260721,오이,백다다기(오이),10 kg 박스,,,,19000,,,,trade
광주각화,광주중앙청과,20260721,오이,백다다기(오이),10 kg 박스,,,,21000,,,,trade
광주각화,광주중앙청과,20260721,오이,백다다기(오이),10 kg 박스,,,,25000,,,,trade
광주각화,광주중앙청과,20260721,오이,백다다기(오이),10 kg 박스,,,,6000,,,,trade
광주각화,광주중앙청과,20260721,오이,백다다기(오이),10 kg 박스,,,,2500,,,,trade
광주각화,광주중앙청과,20260721,오이,백다다기(오이),10 kg 박스,,,,5000,,,,trade
광주각화,광주중앙청과,20260721,오이,백다다기(오이),10 kg 박스,,,,6500,,,,trade
광주각화,광주중앙청과,20260721,오이,백다다기(오이),10 kg 박스,,,,17000,,,,trade
광주각화,광주중앙청과,20260721,오이,백다다기(오이),10 kg 박스,,,,17000,,,,trade
광주각화,광주중앙청과,20260721,오이,백다다기(오이),10 kg 박스,,,,17000,,,,trade
광주각화,광주중앙청과,20260721,오이,백다다기(오이),10 kg 박스,,,,11000,,,,trade
광주각화,광주중앙청과,20260721,오이,백다다기(오이),10 kg 박스,,,,17000,,,,trade
광주각화,광주중앙청과,20260721,오이,백다다기(오이),10 kg 박스,,,,5500,,,,trade
광주각화,광주중앙청과,20260721,오이,백다다기(오이),10 kg 박스,,,,19000,,,,trade
광주각화,광주중앙청과,20260721,오이,백다다기(오이),10 kg 박스,,,,18000,,,,trade
광주각화,광주중앙청과,20260721,오이,백다다기(오이),10 kg 박스,,,,20000,,,,trade
광주각화,광주중앙청과,20260721,오이,백다다기(오이),10 kg 박스,,,,8000,,,,trade
광주각화,광주중앙청과,20260721,오이,백다다기(오이),10 kg 박스,,,,8000,,,,trade
광주각화,광주중앙청과,20260721,오이,백다다기(오이),10 kg 박스,,,,7000,,,,trade
광주각화,광주중앙청과,20260721,오이,백다다기(오이),10 kg 박스,,,,6000,,,,trade
광주각화,광주중앙청과,20260721,오이,백다다기(오이),10 kg 박스,,,,15500,,,,trade
광주각화,광주중앙청과,20260721,오이,백다다기(오이),10 kg 박스,,,,14000,,,,trade
광주각화,광주중앙청과,20260721,오이,백다다기(오이),10 kg 박스,,,,6000,,,,trade
광주각화,광주중앙청과,20260721,오이,백다다기(오이),10 kg 박스,,,,18000,,,,trade
광주각화,광주중앙청과,20260721,오이,백다다기(오이),10 kg 박스,,,,20000,,,,trade
광주각화,광주중앙청과,20260721,오이,백다다기(오이),10 kg 박스,,,,19000,,,,trade
광주각화,광주중앙청과,20260721,오이,백다다기(오이),10 kg 박스,,,,19000,,,,trade
광주각화,광주중앙청과,20260721,오이,백다다기(오이),10 kg 박스,,,,19000,,,,trade
광주각화,광주중앙청과,20260721,오이,백다다기(오이),10 kg 박스,,,,5500,,,,trade
광주각화,광주중앙청과,20260721,오이,백다다기(오이),10 kg 박스,,,,6000,,,,trade
광주각화,광주중앙청과,20260721,오이,백다다기(오이),10 kg 박스,,,,5500,,,,trade
광주각화,광주중앙청과,20260721,오이,백다다기(오이),10 kg 박스,,,,13500,,,,trade
광주각화,광주중앙청과,20260721,오이,백다다기(오이),10 kg 박스,,,,12000,,,,trade
광주각화,광주중앙청과,20260721,오이,백다다기(오이),10 kg 박스,,,,10000,,,,trade
광주각화,광주중앙청과,20260721,오이,백다다기(오이),10 kg 박스,,,,4000,,,,trade
광주각화,광주중앙청과,20260721,오이,백다다기(오이),10 kg 팰릿,,,,19000,,,,trade
광주각화,광주중앙청과,20260721,오이,백다다기(오이),10 kg 팰릿,,,,13000,,,,trade
광주각화,광주중앙청과,20260721,오이,백다다기(오이),10 kg 팰릿,,,,18000,,,,trade
광주각화,광주중앙청과,20260721,오이,백다다기(오이),10 kg 팰릿,,,,25000,,,,trade
광주각화,광주중앙청과,20260721,오이,백다다기(오이),10 kg 팰릿,,,,18500,,,,trade
광주각화,광주중앙청과,20260721,오이,백다다기(오이),10 kg 팰릿,,,,22000,,,,trade
광주각화,광주중앙청과,20260721,오이,백다다기(오이),10 kg 팰릿,,,,22000,,,,trade
광주각화,광주중앙청과,20260721,오이,백다다기(오이),10 kg 팰릿,,,,24000,,,,trade
광주각화,광주중앙청과,20260721,오이,백다다기(오이),10 kg 팰릿,,,,22000,,,,trade
광주각화,광주중앙청과,20260721,오이,백다다기(오이),10 kg 팰릿,,,,19000,,,,trade
광주각화,광주중앙청과,20260721,오이,백다다기(오이),10 kg 팰릿,,,,20000,,,,trade
광주각화,광주중앙청과,20260721,오이,백다다기(오이),10 kg 팰릿,,,,21000,,,,trade
광주각화,광주중앙청과,20260721,오이,백다다기(오이),10 kg 팰릿,,,,20500,,,,trade
광주각화,광주중앙청과,20260721,오이,백다다기(오이),10 kg 팰릿,,,,18500,,,,trade
광주각화,광주중앙청과,20260721,오이,백다다기(오이),10 kg 팰릿,,,,22000,,,,trade
광주각화,광주중앙청과,20260721,오이,백다다기(오이),10 kg 팰릿,,,,20000,,,,trade
광주각화,광주중앙청과,20260721,오이,백다다기(오이),10 kg 팰릿,,,,21000,,,,trade
광주각화,광주중앙청과,20260721,오이,백다다기(오이),10 kg 팰릿,,,,21000,,,,trade
광주각화,광주중앙청과,20260721,오이,백다다기(오이),10 kg 팰릿,,,,19000,,,,trade
광주각화,광주중앙청과,20260721,오이,백다다기(오이),10 kg 팰릿,,,,24500,,,,trade
광주각화,광주중앙청과,20260721,오이,백다다기(오이),18 kg 박스,,,,18000,,,,trade
광주각화,광주중앙청과,20260721,오이,백다다기(오이),18 kg 박스,,,,18000,,,,trade
광주각화,광주중앙청과,20260721,오이,백다다기(오이),18 kg 박스,,,,4000,,,,trade
광주각화,광주중앙청과,20260721,오이,백다다기(오이),18 kg 박스,,,,6000,,,,trade
광주각화,광주중앙청과,20260721,오이,백다다기(오이),18 kg 박스,,,,9000,,,,trade
광주각화,광주중앙청과,20260721,오이,백다다기(오이),18 kg 박스,,,,20000,,,,trade
광주각화,광주중앙청과,20260721,오이,백다다기(오이),18 kg 박스,,,,6000,,,,trade
광주각화,광주중앙청과,20260721,오이,백다다기(오이),18 kg 박스,,,,17000,,,,trade
광주각화,광주중앙청과,20260721,오이,백다다기(오이),18 kg 박스,,,,10000,,,,trade
광주각화,광주중앙청과,20260721,오이,백다다기(오이),18 kg 박스,,,,8000,,,,trade
광주각화,광주중앙청과,20260721,오이,백다다기(오이),18 kg 박스,,,,8000,,,,trade
광주각화,광주중앙청과,20260721,오이,백다다기(오이),18 kg 박스,,,,11000,,,,trade
광주각화,광주중앙청과,20260721,오이,백다다기(오이),18 kg 박스,,,,11000,,,,trade
광주각화,광주중앙청과,20260721,오이,백다다기(오이),18 kg 박스,,,,16000,,,,trade
광주각화,광주중앙청과,20260721,오이,백다다기(오이),18 kg 박스,,,,13000,,,,trade
광주각화,광주중앙청과,20260721,오이,백다다기(오이),18 kg 박스,,,,13000,,,,trade
광주각화,광주중앙청과,20260721,오이,백다다기(오이),18 kg 박스,,,,12000,,,,trade
광주각화,광주중앙청과,20260721,오이,백다다기(오이),18 kg 박스,,,,17000,,,,trade
광주각화,광주중앙청과,20260721,오이,백다다기(오이),18 kg 박스,,,,22000,,,,trade
광주각화,광주중앙청과,20260721,오이,백다다기(오이),18 kg 박스,,,,7000,,,,trade
광주각화,광주중앙청과,20260721,오이,백다다기(오이),18 kg 박스,,,,8000,,,,trade
광주각화,광주중앙청과,20260721,오이,백다다기(오이),18 kg 박스,,,,11000,,,,trade
광주각화,광주중앙청과,20260721,오이,백다다기(오이),18 kg 박스,,,,9000,,,,trade
광주각화,광주중앙청과,20260721,오이,백다다기(오이),18 kg 팰릿,,,,22000,,,,trade
광주각화,광주중앙청과,20260721,오이,백다다기(오이),18 kg 팰릿,,,,24000,,,,trade
광주각화,광주중앙청과,20260721,오이,백다다기(오이),18 kg 팰릿,,,,13000,,,,trade
광주각화,광주중앙청과,20260721,오이,백다다기(오이),21 kg 박스,,,,18000,,,,trade
광주각화,광주중앙청과,20260721,오이,백다다기(오이),21 kg 박스,,,,6000,,,,trade
광주각화,광주중앙청과,20260721,오이,백다다기(오이),21 kg 박스,,,,12000,,,,trade
광주각화,광주중앙청과,20260721,오이,백다다기(오이),21 kg 박스,,,,4000,,,,trade
광주각화,광주중앙청과,20260721,오이,백다다기(오이),21 kg 박스,,,,36000,,,,trade
광주각화,광주중앙청과,20260721,오이,백다다기(오이),21 kg 박스,,,,1000,,,,trade
광주각화,광주중앙청과,20260721,오이,백다다기(오이),21 kg 박스,,,,28000,,,,trade
광주각화,광주중앙청과,20260721,오이,백다다기(오이),21 kg 박스,,,,21000,,,,trade
광주각화,광주중앙청과,20260721,오이,백다다기(오이),21 kg 박스,,,,47000,,,,trade
광주각화,광주중앙청과,20260721,오이,백다다기(오이),21 kg 박스,,,,21000,,,,trade
광주각화,광주중앙청과,20260721,오이,백다다기(오이),21 kg 박스,,,,40000,,,,trade
광주각화,광주중앙청과,20260721,오이,백다다기(오이),21 kg 박스,,,,45000,,,,trade
광주각화,광주중앙청과,20260721,오이,백다다기(오이),21 kg 박스,,,,12000,,,,trade
광주각화,광주중앙청과,20260721,오이,백다다기(오이),21 kg 박스,,,,40000,,,,trade
광주각화,광주중앙청과,20260721,오이,백다다기(오이),21 kg 박스,,,,46000,,,,trade
광주각화,광주중앙청과,20260721,오이,백다다기(오이),21 kg 박스,,,,6000,,,,trade
광주각화,광주중앙청과,20260721,오이,백다다기(오이),21 kg 박스,,,,25000,,,,trade
광주각화,광주중앙청과,20260721,오이,백다다기(오이),21 kg 박스,,,,45000,,,,trade
광주각화,광주중앙청과,20260721,오이,백다다기(오이),21 kg 박스,,,,40000,,,,trade
광주각화,광주중앙청과,20260721,오이,백다다기(오이),21 kg 박스,,,,22000,,,,trade
광주각화,광주중앙청과,20260721,오이,백다다기(오이),21 kg 박스,,,,40000,,,,trade
광주각화,광주중앙청과,20260721,오이,백다다기(오이),21 kg 박스,,,,13000,,,,trade
광주각화,광주중앙청과,20260721,오이,백다다기(오이),21 kg 박스,,,,33000,,,,trade
광주각화,광주중앙청과,20260721,오이,백다다기(오이),21 kg 박스,,,,20000,,,,trade
광주각화,광주중앙청과,20260721,오이,백다다기(오이),21 kg 박스,,,,52000,,,,trade
광주각화,광주중앙청과,20260721,오이,백다다기(오이),21 kg 박스,,,,15000,,,,trade
광주각화,광주중앙청과,20260721,오이,백다다기(오이),21 kg 박스,,,,45000,,,,trade
광주각화,광주중앙청과,20260721,오이,백다다기(오이),21 kg 박스,,,,8000,,,,trade
광주각화,광주중앙청과,20260721,오이,백다다기(오이),21 kg 박스,,,,48000,,,,trade
광주각화,광주중앙청과,20260721,오이,백다다기(오이),21 kg 박스,,,,5000,,,,trade
광주각화,광주중앙청과,20260721,오이,백다다기(오이),21 kg 박스,,,,16000,,,,trade
광주각화,광주중앙청과,20260721,오이,백다다기(오이),21 kg 박스,,,,50000,,,,trade
광주각화,광주중앙청과,20260721,오이,백다다기(오이),21 kg 박스,,,,15000,,,,trade
광주각화,광주중앙청과,20260721,오이,백다다기(오이),21 kg 박스,,,,40000,,,,trade
광주각화,광주중앙청과,20260721,오이,백다다기(오이),21 kg 박스,,,,33000,,,,trade
광주각화,광주중앙청과,20260721,오이,백다다기(오이),21 kg 박스,,,,12000,,,,trade
광주각화,광주중앙청과,20260721,오이,백다다기(오이),21 kg 박스,,,,47000,,,,trade
광주각화,광주중앙청과,20260721,오이,백다다기(오이),21 kg 박스,,,,3000,,,,trade
광주각화,광주중앙청과,20260721,오이,백다다기(오이),21 kg 박스,,,,13000,,,,trade
광주각화,광주중앙청과,20260721,오이,백다다기(오이),21 kg 박스,,,,47000,,,,trade
광주각화,광주중앙청과,20260721,오이,백다다기(오이),21 kg 박스,,,,39000,,,,trade
광주각화,광주중앙청과,20260721,오이,백다다기(오이),21 kg 박스,,,,12000,,,,trade
광주각화,광주중앙청과,20260721,오이,백다다기(오이),21 kg 팰릿,,,,48000,,,,trade
광주각화,광주중앙청과,20260721,오이,백다다기(오이),8kg,,,,,14000,14000,14000,grade_agg
광주각화,광주중앙청과,20260721,오이,백다다기(오이),10kg,,,,,2500,27000,18994,grade_agg
광주각화,광주중앙청과,20260721,오이,백다다기(오이),18kg,,,,,4000,24000,15523,grade_agg
광주각화,광주중앙청과,20260721,오이,백다다기(오이),21kg,,,,,1000,52000,37029,grade_agg
광주각화,광주중앙청과,20260723,오이,백다다기(오이),8 kg 비닐봉지,,,,14000,,,,trade
광주각화,광주중앙청과,20260723,오이,백다다기(오이),8 kg 비닐봉지,,,,8500,,,,trade
광주각화,광주중앙청과,20260723,오이,백다다기(오이),10 kg 박스,,,,16000,,,,trade
광주각화,광주중앙청과,20260723,오이,백다다기(오이),10 kg 박스,,,,24000,,,,trade
광주각화,광주중앙청과,20260723,오이,백다다기(오이),10 kg 박스,,,,500,,,,trade
광주각화,광주중앙청과,20260723,오이,백다다기(오이),10 kg 박스,,,,3000,,,,trade
광주각화,광주중앙청과,20260723,오이,백다다기(오이),10 kg 박스,,,,10000,,,,trade
광주각화,광주중앙청과,20260723,오이,백다다기(오이),10 kg 박스,,,,10000,,,,trade
광주각화,광주중앙청과,20260723,오이,백다다기(오이),10 kg 박스,,,,16000,,,,trade
광주각화,광주중앙청과,20260723,오이,백다다기(오이),10 kg 박스,,,,6000,,,,trade
광주각화,광주중앙청과,20260723,오이,백다다기(오이),10 kg 박스,,,,23000,,,,trade
광주각화,광주중앙청과,20260723,오이,백다다기(오이),10 kg 박스,,,,20500,,,,trade
광주각화,광주중앙청과,20260723,오이,백다다기(오이),10 kg 박스,,,,29000,,,,trade
광주각화,광주중앙청과,20260723,오이,백다다기(오이),10 kg 박스,,,,23000,,,,trade
광주각화,광주중앙청과,20260723,오이,백다다기(오이),10 kg 박스,,,,29500,,,,trade
광주각화,광주중앙청과,20260723,오이,백다다기(오이),10 kg 박스,,,,7000,,,,trade
광주각화,광주중앙청과,20260723,오이,백다다기(오이),10 kg 박스,,,,18000,,,,trade
광주각화,광주중앙청과,20260723,오이,백다다기(오이),10 kg 박스,,,,18500,,,,trade
광주각화,광주중앙청과,20260723,오이,백다다기(오이),10 kg 박스,,,,3000,,,,trade
광주각화,광주중앙청과,20260723,오이,백다다기(오이),10 kg 박스,,,,4000,,,,trade
광주각화,광주중앙청과,20260723,오이,백다다기(오이),10 kg 박스,,,,5500,,,,trade
광주각화,광주중앙청과,20260723,오이,백다다기(오이),10 kg 박스,,,,13000,,,,trade
광주각화,광주중앙청과,20260723,오이,백다다기(오이),10 kg 박스,,,,5000,,,,trade
광주각화,광주중앙청과,20260723,오이,백다다기(오이),10 kg 박스,,,,15000,,,,trade
광주각화,광주중앙청과,20260723,오이,백다다기(오이),10 kg 박스,,,,15000,,,,trade
광주각화,광주중앙청과,20260723,오이,백다다기(오이),10 kg 박스,,,,9000,,,,trade
광주각화,광주중앙청과,20260723,오이,백다다기(오이),10 kg 박스,,,,4500,,,,trade
광주각화,광주중앙청과,20260723,오이,백다다기(오이),10 kg 박스,,,,6500,,,,trade
광주각화,광주중앙청과,20260723,오이,백다다기(오이),10 kg 박스,,,,13000,,,,trade
광주각화,광주중앙청과,20260723,오이,백다다기(오이),10 kg 박스,,,,22500,,,,trade
광주각화,광주중앙청과,20260723,오이,백다다기(오이),10 kg 박스,,,,12000,,,,trade
광주각화,광주중앙청과,20260723,오이,백다다기(오이),10 kg 박스,,,,21000,,,,trade
광주각화,광주중앙청과,20260723,오이,백다다기(오이),10 kg 박스,,,,18500,,,,trade
광주각화,광주중앙청과,20260723,오이,백다다기(오이),10 kg 박스,,,,7000,,,,trade
광주각화,광주중앙청과,20260723,오이,백다다기(오이),10 kg 박스,,,,8000,,,,trade
광주각화,광주중앙청과,20260723,오이,백다다기(오이),10 kg 박스,,,,8000,,,,trade
광주각화,광주중앙청과,20260723,오이,백다다기(오이),10 kg 박스,,,,20000,,,,trade
광주각화,광주중앙청과,20260723,오이,백다다기(오이),10 kg 박스,,,,19500,,,,trade
광주각화,광주중앙청과,20260723,오이,백다다기(오이),10 kg 박스,,,,18500,,,,trade
광주각화,광주중앙청과,20260723,오이,백다다기(오이),10 kg 박스,,,,9000,,,,trade
광주각화,광주중앙청과,20260723,오이,백다다기(오이),10 kg 박스,,,,18000,,,,trade
광주각화,광주중앙청과,20260723,오이,백다다기(오이),10 kg 박스,,,,7000,,,,trade
광주각화,광주중앙청과,20260723,오이,백다다기(오이),10 kg 박스,,,,14000,,,,trade
광주각화,광주중앙청과,20260723,오이,백다다기(오이),10 kg 박스,,,,16500,,,,trade
광주각화,광주중앙청과,20260723,오이,백다다기(오이),10 kg 박스,,,,6000,,,,trade
광주각화,광주중앙청과,20260723,오이,백다다기(오이),10 kg 박스,,,,5500,,,,trade
광주각화,광주중앙청과,20260723,오이,백다다기(오이),10 kg 박스,,,,18000,,,,trade
광주각화,광주중앙청과,20260723,오이,백다다기(오이),10 kg 박스,,,,15000,,,,trade
광주각화,광주중앙청과,20260723,오이,백다다기(오이),10 kg 박스,,,,4000,,,,trade
광주각화,광주중앙청과,20260723,오이,백다다기(오이),10 kg 박스,,,,17000,,,,trade
광주각화,광주중앙청과,20260723,오이,백다다기(오이),10 kg 팰릿,,,,21500,,,,trade
광주각화,광주중앙청과,20260723,오이,백다다기(오이),10 kg 팰릿,,,,16000,,,,trade
광주각화,광주중앙청과,20260723,오이,백다다기(오이),10 kg 팰릿,,,,22000,,,,trade
광주각화,광주중앙청과,20260723,오이,백다다기(오이),10 kg 팰릿,,,,13000,,,,trade
광주각화,광주중앙청과,20260723,오이,백다다기(오이),10 kg 팰릿,,,,26000,,,,trade
광주각화,광주중앙청과,20260723,오이,백다다기(오이),10 kg 팰릿,,,,23500,,,,trade
광주각화,광주중앙청과,20260723,오이,백다다기(오이),10 kg 팰릿,,,,27000,,,,trade
광주각화,광주중앙청과,20260723,오이,백다다기(오이),10 kg 팰릿,,,,23000,,,,trade
광주각화,광주중앙청과,20260723,오이,백다다기(오이),10 kg 팰릿,,,,22500,,,,trade
광주각화,광주중앙청과,20260723,오이,백다다기(오이),10 kg 팰릿,,,,19000,,,,trade
광주각화,광주중앙청과,20260723,오이,백다다기(오이),10 kg 팰릿,,,,20000,,,,trade
광주각화,광주중앙청과,20260723,오이,백다다기(오이),10 kg 팰릿,,,,22500,,,,trade
광주각화,광주중앙청과,20260723,오이,백다다기(오이),10 kg 팰릿,,,,27500,,,,trade
광주각화,광주중앙청과,20260723,오이,백다다기(오이),10 kg 팰릿,,,,27000,,,,trade
광주각화,광주중앙청과,20260723,오이,백다다기(오이),10 kg 팰릿,,,,21000,,,,trade
광주각화,광주중앙청과,20260723,오이,백다다기(오이),10 kg 팰릿,,,,19000,,,,trade
광주각화,광주중앙청과,20260723,오이,백다다기(오이),10 kg 팰릿,,,,22000,,,,trade
광주각화,광주중앙청과,20260723,오이,백다다기(오이),10 kg 팰릿,,,,24500,,,,trade
광주각화,광주중앙청과,20260723,오이,백다다기(오이),10 kg 팰릿,,,,8000,,,,trade
광주각화,광주중앙청과,20260723,오이,백다다기(오이),10 kg 팰릿,,,,16000,,,,trade
광주각화,광주중앙청과,20260723,오이,백다다기(오이),10 kg 팰릿,,,,22000,,,,trade
광주각화,광주중앙청과,20260723,오이,백다다기(오이),10 kg 팰릿,,,,21000,,,,trade
광주각화,광주중앙청과,20260723,오이,백다다기(오이),10 kg 팰릿,,,,17000,,,,trade
광주각화,광주중앙청과,20260723,오이,백다다기(오이),10 kg 팰릿,,,,19000,,,,trade
광주각화,광주중앙청과,20260723,오이,백다다기(오이),18 kg 박스,,,,8000,,,,trade
광주각화,광주중앙청과,20260723,오이,백다다기(오이),18 kg 박스,,,,17000,,,,trade
광주각화,광주중앙청과,20260723,오이,백다다기(오이),18 kg 박스,,,,17000,,,,trade
광주각화,광주중앙청과,20260723,오이,백다다기(오이),18 kg 박스,,,,6500,,,,trade
광주각화,광주중앙청과,20260723,오이,백다다기(오이),18 kg 박스,,,,7000,,,,trade
광주각화,광주중앙청과,20260723,오이,백다다기(오이),18 kg 박스,,,,12000,,,,trade
광주각화,광주중앙청과,20260723,오이,백다다기(오이),18 kg 박스,,,,16000,,,,trade
광주각화,광주중앙청과,20260723,오이,백다다기(오이),18 kg 박스,,,,12000,,,,trade
광주각화,광주중앙청과,20260723,오이,백다다기(오이),18 kg 박스,,,,22000,,,,trade
광주각화,광주중앙청과,20260723,오이,백다다기(오이),18 kg 박스,,,,11000,,,,trade
광주각화,광주중앙청과,20260723,오이,백다다기(오이),18 kg 박스,,,,16000,,,,trade
광주각화,광주중앙청과,20260723,오이,백다다기(오이),18 kg 박스,,,,12000,,,,trade
광주각화,광주중앙청과,20260723,오이,백다다기(오이),18 kg 박스,,,,17000,,,,trade
광주각화,광주중앙청과,20260723,오이,백다다기(오이),18 kg 박스,,,,17000,,,,trade
광주각화,광주중앙청과,20260723,오이,백다다기(오이),18 kg 박스,,,,23000,,,,trade
광주각화,광주중앙청과,20260723,오이,백다다기(오이),18 kg 박스,,,,20000,,,,trade
광주각화,광주중앙청과,20260723,오이,백다다기(오이),18 kg 박스,,,,2000,,,,trade
광주각화,광주중앙청과,20260723,오이,백다다기(오이),18 kg 박스,,,,3000,,,,trade
광주각화,광주중앙청과,20260723,오이,백다다기(오이),18 kg 박스,,,,5000,,,,trade
광주각화,광주중앙청과,20260723,오이,백다다기(오이),18 kg 박스,,,,12000,,,,trade
광주각화,광주중앙청과,20260723,오이,백다다기(오이),18 kg 박스,,,,4000,,,,trade
광주각화,광주중앙청과,20260723,오이,백다다기(오이),18 kg 박스,,,,3000,,,,trade
광주각화,광주중앙청과,20260723,오이,백다다기(오이),18 kg 팰릿,,,,21000,,,,trade
광주각화,광주중앙청과,20260723,오이,백다다기(오이),18 kg 팰릿,,,,15000,,,,trade
광주각화,광주중앙청과,20260723,오이,백다다기(오이),21 kg 박스,,,,27000,,,,trade
광주각화,광주중앙청과,20260723,오이,백다다기(오이),21 kg 박스,,,,15000,,,,trade
광주각화,광주중앙청과,20260723,오이,백다다기(오이),21 kg 박스,,,,54000,,,,trade
광주각화,광주중앙청과,20260723,오이,백다다기(오이),21 kg 박스,,,,24000,,,,trade
광주각화,광주중앙청과,20260723,오이,백다다기(오이),21 kg 박스,,,,55000,,,,trade
광주각화,광주중앙청과,20260723,오이,백다다기(오이),21 kg 박스,,,,22000,,,,trade
광주각화,광주중앙청과,20260723,오이,백다다기(오이),21 kg 박스,,,,58000,,,,trade
광주각화,광주중앙청과,20260723,오이,백다다기(오이),21 kg 박스,,,,26000,,,,trade
광주각화,광주중앙청과,20260723,오이,백다다기(오이),21 kg 박스,,,,57000,,,,trade
광주각화,광주중앙청과,20260723,오이,백다다기(오이),21 kg 박스,,,,54000,,,,trade
광주각화,광주중앙청과,20260723,오이,백다다기(오이),21 kg 박스,,,,54000,,,,trade
광주각화,광주중앙청과,20260723,오이,백다다기(오이),21 kg 박스,,,,18000,,,,trade
광주각화,광주중앙청과,20260723,오이,백다다기(오이),21 kg 박스,,,,45000,,,,trade
광주각화,광주중앙청과,20260723,오이,백다다기(오이),21 kg 박스,,,,45000,,,,trade
광주각화,광주중앙청과,20260723,오이,백다다기(오이),21 kg 박스,,,,53000,,,,trade
광주각화,광주중앙청과,20260723,오이,백다다기(오이),21 kg 박스,,,,26000,,,,trade
광주각화,광주중앙청과,20260723,오이,백다다기(오이),21 kg 박스,,,,43000,,,,trade
광주각화,광주중앙청과,20260723,오이,백다다기(오이),21 kg 박스,,,,15000,,,,trade
광주각화,광주중앙청과,20260723,오이,백다다기(오이),21 kg 박스,,,,33000,,,,trade
광주각화,광주중앙청과,20260723,오이,백다다기(오이),21 kg 박스,,,,18000,,,,trade
광주각화,광주중앙청과,20260723,오이,백다다기(오이),21 kg 박스,,,,33000,,,,trade
광주각화,광주중앙청과,20260723,오이,백다다기(오이),21 kg 박스,,,,24000,,,,trade
광주각화,광주중앙청과,20260723,오이,백다다기(오이),21 kg 박스,,,,52000,,,,trade
광주각화,광주중앙청과,20260723,오이,백다다기(오이),21 kg 박스,,,,21000,,,,trade
광주각화,광주중앙청과,20260723,오이,백다다기(오이),21 kg 박스,,,,59000,,,,trade
광주각화,광주중앙청과,20260723,오이,백다다기(오이),21 kg 박스,,,,26000,,,,trade
광주각화,광주중앙청과,20260723,오이,백다다기(오이),21 kg 박스,,,,43000,,,,trade
광주각화,광주중앙청과,20260723,오이,백다다기(오이),21 kg 박스,,,,18000,,,,trade
광주각화,광주중앙청과,20260723,오이,백다다기(오이),21 kg 박스,,,,48000,,,,trade
광주각화,광주중앙청과,20260723,오이,백다다기(오이),21 kg 박스,,,,32000,,,,trade
광주각화,광주중앙청과,20260723,오이,백다다기(오이),21 kg 박스,,,,23000,,,,trade
광주각화,광주중앙청과,20260723,오이,백다다기(오이),21 kg 박스,,,,50000,,,,trade
광주각화,광주중앙청과,20260723,오이,백다다기(오이),21 kg 박스,,,,3000,,,,trade
광주각화,광주중앙청과,20260723,오이,백다다기(오이),21 kg 박스,,,,46000,,,,trade
광주각화,광주중앙청과,20260723,오이,백다다기(오이),21 kg 박스,,,,20000,,,,trade
광주각화,광주중앙청과,20260723,오이,백다다기(오이),8kg,,,,,8500,14000,9547,grade_agg
광주각화,광주중앙청과,20260723,오이,백다다기(오이),10kg,,,,,500,29500,19263,grade_agg
광주각화,광주중앙청과,20260723,오이,백다다기(오이),18kg,,,,,2000,23000,15247,grade_agg
광주각화,광주중앙청과,20260723,오이,백다다기(오이),21kg,,,,,3000,59000,44937,grade_agg
광주각화,광주중앙청과,20260728,오이,백다다기(오이),8 kg 비닐봉지,,,,6500,,,,trade
광주각화,광주중앙청과,20260728,오이,백다다기(오이),10 kg 박스,,,,12500,,,,trade
광주각화,광주중앙청과,20260728,오이,백다다기(오이),10 kg 박스,,,,11500,,,,trade
광주각화,광주중앙청과,20260728,오이,백다다기(오이),10 kg 박스,,,,5000,,,,trade
광주각화,광주중앙청과,20260728,오이,백다다기(오이),10 kg 박스,,,,13000,,,,trade
광주각화,광주중앙청과,20260728,오이,백다다기(오이),10 kg 박스,,,,28000,,,,trade
광주각화,광주중앙청과,20260728,오이,백다다기(오이),10 kg 박스,,,,13000,,,,trade
광주각화,광주중앙청과,20260728,오이,백다다기(오이),10 kg 박스,,,,26000,,,,trade
광주각화,광주중앙청과,20260728,오이,백다다기(오이),10 kg 박스,,,,23000,,,,trade
광주각화,광주중앙청과,20260728,오이,백다다기(오이),10 kg 박스,,,,6000,,,,trade
광주각화,광주중앙청과,20260728,오이,백다다기(오이),10 kg 박스,,,,20000,,,,trade
광주각화,광주중앙청과,20260728,오이,백다다기(오이),10 kg 박스,,,,5500,,,,trade
광주각화,광주중앙청과,20260728,오이,백다다기(오이),10 kg 박스,,,,21000,,,,trade
광주각화,광주중앙청과,20260728,오이,백다다기(오이),10 kg 박스,,,,15000,,,,trade
광주각화,광주중앙청과,20260728,오이,백다다기(오이),10 kg 박스,,,,6000,,,,trade
광주각화,광주중앙청과,20260728,오이,백다다기(오이),10 kg 박스,,,,18000,,,,trade
광주각화,광주중앙청과,20260728,오이,백다다기(오이),10 kg 박스,,,,15000,,,,trade
광주각화,광주중앙청과,20260728,오이,백다다기(오이),10 kg 박스,,,,16000,,,,trade
광주각화,광주중앙청과,20260728,오이,백다다기(오이),10 kg 박스,,,,31500,,,,trade
광주각화,광주중앙청과,20260728,오이,백다다기(오이),10 kg 박스,,,,23000,,,,trade
광주각화,광주중앙청과,20260728,오이,백다다기(오이),10 kg 박스,,,,15500,,,,trade
광주각화,광주중앙청과,20260728,오이,백다다기(오이),10 kg 박스,,,,17000,,,,trade
광주각화,광주중앙청과,20260728,오이,백다다기(오이),10 kg 박스,,,,9500,,,,trade
광주각화,광주중앙청과,20260728,오이,백다다기(오이),10 kg 박스,,,,12000,,,,trade
광주각화,광주중앙청과,20260728,오이,백다다기(오이),10 kg 박스,,,,18000,,,,trade
광주각화,광주중앙청과,20260728,오이,백다다기(오이),10 kg 박스,,,,6500,,,,trade
광주각화,광주중앙청과,20260728,오이,백다다기(오이),10 kg 박스,,,,13500,,,,trade
광주각화,광주중앙청과,20260728,오이,백다다기(오이),10 kg 박스,,,,14000,,,,trade
광주각화,광주중앙청과,20260728,오이,백다다기(오이),10 kg 박스,,,,19000,,,,trade
광주각화,광주중앙청과,20260728,오이,백다다기(오이),10 kg 박스,,,,17000,,,,trade
광주각화,광주중앙청과,20260728,오이,백다다기(오이),10 kg 박스,,,,10000,,,,trade
광주각화,광주중앙청과,20260728,오이,백다다기(오이),10 kg 박스,,,,14000,,,,trade
광주각화,광주중앙청과,20260728,오이,백다다기(오이),10 kg 박스,,,,1000,,,,trade
광주각화,광주중앙청과,20260728,오이,백다다기(오이),10 kg 박스,,,,10000,,,,trade
광주각화,광주중앙청과,20260728,오이,백다다기(오이),10 kg 박스,,,,17000,,,,trade
광주각화,광주중앙청과,20260728,오이,백다다기(오이),10 kg 박스,,,,7000,,,,trade
광주각화,광주중앙청과,20260728,오이,백다다기(오이),10 kg 박스,,,,6000,,,,trade
광주각화,광주중앙청과,20260728,오이,백다다기(오이),10 kg 박스,,,,20000,,,,trade
광주각화,광주중앙청과,20260728,오이,백다다기(오이),10 kg 박스,,,,18000,,,,trade
광주각화,광주중앙청과,20260728,오이,백다다기(오이),10 kg 박스,,,,11000,,,,trade
광주각화,광주중앙청과,20260728,오이,백다다기(오이),10 kg 박스,,,,16500,,,,trade
광주각화,광주중앙청과,20260728,오이,백다다기(오이),10 kg 팰릿,,,,25500,,,,trade
광주각화,광주중앙청과,20260728,오이,백다다기(오이),10 kg 팰릿,,,,23000,,,,trade
광주각화,광주중앙청과,20260728,오이,백다다기(오이),10 kg 팰릿,,,,23000,,,,trade
광주각화,광주중앙청과,20260728,오이,백다다기(오이),10 kg 팰릿,,,,18500,,,,trade
광주각화,광주중앙청과,20260728,오이,백다다기(오이),10 kg 팰릿,,,,20000,,,,trade
광주각화,광주중앙청과,20260728,오이,백다다기(오이),10 kg 팰릿,,,,16500,,,,trade
광주각화,광주중앙청과,20260728,오이,백다다기(오이),10 kg 팰릿,,,,19000,,,,trade
광주각화,광주중앙청과,20260728,오이,백다다기(오이),10 kg 팰릿,,,,20000,,,,trade
광주각화,광주중앙청과,20260728,오이,백다다기(오이),10 kg 팰릿,,,,21000,,,,trade
광주각화,광주중앙청과,20260728,오이,백다다기(오이),10 kg 팰릿,,,,16000,,,,trade
광주각화,광주중앙청과,20260728,오이,백다다기(오이),10 kg 팰릿,,,,19000,,,,trade
광주각화,광주중앙청과,20260728,오이,백다다기(오이),10 kg 팰릿,,,,17000,,,,trade
광주각화,광주중앙청과,20260728,오이,백다다기(오이),10 kg 팰릿,,,,27000,,,,trade
광주각화,광주중앙청과,20260728,오이,백다다기(오이),10 kg 팰릿,,,,16500,,,,trade
광주각화,광주중앙청과,20260728,오이,백다다기(오이),18 kg 박스,,,,17000,,,,trade
광주각화,광주중앙청과,20260728,오이,백다다기(오이),18 kg 박스,,,,6000,,,,trade
광주각화,광주중앙청과,20260728,오이,백다다기(오이),18 kg 박스,,,,6000,,,,trade
광주각화,광주중앙청과,20260728,오이,백다다기(오이),18 kg 박스,,,,15000,,,,trade
광주각화,광주중앙청과,20260728,오이,백다다기(오이),18 kg 박스,,,,3000,,,,trade
광주각화,광주중앙청과,20260728,오이,백다다기(오이),18 kg 박스,,,,6000,,,,trade
광주각화,광주중앙청과,20260728,오이,백다다기(오이),18 kg 박스,,,,5000,,,,trade
광주각화,광주중앙청과,20260728,오이,백다다기(오이),18 kg 박스,,,,4000,,,,trade
광주각화,광주중앙청과,20260728,오이,백다다기(오이),18 kg 박스,,,,8000,,,,trade
광주각화,광주중앙청과,20260728,오이,백다다기(오이),18 kg 박스,,,,7000,,,,trade
광주각화,광주중앙청과,20260728,오이,백다다기(오이),18 kg 박스,,,,14000,,,,trade
광주각화,광주중앙청과,20260728,오이,백다다기(오이),18 kg 박스,,,,16000,,,,trade
광주각화,광주중앙청과,20260728,오이,백다다기(오이),18 kg 박스,,,,17000,,,,trade
광주각화,광주중앙청과,20260728,오이,백다다기(오이),18 kg 박스,,,,4000,,,,trade
광주각화,광주중앙청과,20260728,오이,백다다기(오이),18 kg 박스,,,,5000,,,,trade
광주각화,광주중앙청과,20260728,오이,백다다기(오이),18 kg 박스,,,,3000,,,,trade
광주각화,광주중앙청과,20260728,오이,백다다기(오이),18 kg 박스,,,,7000,,,,trade
광주각화,광주중앙청과,20260728,오이,백다다기(오이),18 kg 박스,,,,15000,,,,trade
광주각화,광주중앙청과,20260728,오이,백다다기(오이),18 kg 팰릿,,,,22000,,,,trade
광주각화,광주중앙청과,20260728,오이,백다다기(오이),18 kg 팰릿,,,,13000,,,,trade
광주각화,광주중앙청과,20260728,오이,백다다기(오이),18 kg 팰릿,,,,12000,,,,trade
광주각화,광주중앙청과,20260728,오이,백다다기(오이),18 kg 팰릿,,,,23000,,,,trade
광주각화,광주중앙청과,20260728,오이,백다다기(오이),18 kg 팰릿,,,,10000,,,,trade
광주각화,광주중앙청과,20260728,오이,백다다기(오이),21 kg 박스,,,,4000,,,,trade
광주각화,광주중앙청과,20260728,오이,백다다기(오이),21 kg 박스,,,,44000,,,,trade
광주각화,광주중앙청과,20260728,오이,백다다기(오이),21 kg 박스,,,,2000,,,,trade
광주각화,광주중앙청과,20260728,오이,백다다기(오이),21 kg 박스,,,,15000,,,,trade
광주각화,광주중앙청과,20260728,오이,백다다기(오이),21 kg 박스,,,,24000,,,,trade
광주각화,광주중앙청과,20260728,오이,백다다기(오이),21 kg 박스,,,,6000,,,,trade
광주각화,광주중앙청과,20260728,오이,백다다기(오이),21 kg 박스,,,,6000,,,,trade
광주각화,광주중앙청과,20260728,오이,백다다기(오이),21 kg 박스,,,,8000,,,,trade
광주각화,광주중앙청과,20260728,오이,백다다기(오이),21 kg 박스,,,,12000,,,,trade
광주각화,광주중앙청과,20260728,오이,백다다기(오이),21 kg 박스,,,,6000,,,,trade
광주각화,광주중앙청과,20260728,오이,백다다기(오이),21 kg 박스,,,,26000,,,,trade
광주각화,광주중앙청과,20260728,오이,백다다기(오이),21 kg 박스,,,,18000,,,,trade
광주각화,광주중앙청과,20260728,오이,백다다기(오이),21 kg 박스,,,,15000,,,,trade
광주각화,광주중앙청과,20260728,오이,백다다기(오이),21 kg 박스,,,,21000,,,,trade
광주각화,광주중앙청과,20260728,오이,백다다기(오이),21 kg 박스,,,,24000,,,,trade
광주각화,광주중앙청과,20260728,오이,백다다기(오이),21 kg 박스,,,,20000,,,,trade
광주각화,광주중앙청과,20260728,오이,백다다기(오이),21 kg 박스,,,,6000,,,,trade
광주각화,광주중앙청과,20260728,오이,백다다기(오이),21 kg 박스,,,,18000,,,,trade
광주각화,광주중앙청과,20260728,오이,백다다기(오이),21 kg 박스,,,,26000,,,,trade
광주각화,광주중앙청과,20260728,오이,백다다기(오이),21 kg 박스,,,,21000,,,,trade
광주각화,광주중앙청과,20260728,오이,백다다기(오이),21 kg 박스,,,,6000,,,,trade
광주각화,광주중앙청과,20260728,오이,백다다기(오이),21 kg 박스,,,,29000,,,,trade
광주각화,광주중앙청과,20260728,오이,백다다기(오이),21 kg 박스,,,,20000,,,,trade
광주각화,광주중앙청과,20260728,오이,백다다기(오이),21 kg 박스,,,,25000,,,,trade
광주각화,광주중앙청과,20260728,오이,백다다기(오이),21 kg 박스,,,,23000,,,,trade
광주각화,광주중앙청과,20260728,오이,백다다기(오이),21 kg 박스,,,,18000,,,,trade
광주각화,광주중앙청과,20260728,오이,백다다기(오이),21 kg 박스,,,,48000,,,,trade
광주각화,광주중앙청과,20260728,오이,백다다기(오이),21 kg 박스,,,,46000,,,,trade
광주각화,광주중앙청과,20260728,오이,백다다기(오이),21 kg 박스,,,,35000,,,,trade
광주각화,광주중앙청과,20260728,오이,백다다기(오이),21 kg 박스,,,,16000,,,,trade
광주각화,광주중앙청과,20260728,오이,백다다기(오이),21 kg 박스,,,,41000,,,,trade
광주각화,광주중앙청과,20260728,오이,백다다기(오이),21 kg 박스,,,,26000,,,,trade
광주각화,광주중앙청과,20260728,오이,백다다기(오이),21 kg 박스,,,,42000,,,,trade
광주각화,광주중앙청과,20260728,오이,백다다기(오이),21 kg 박스,,,,19000,,,,trade
광주각화,광주중앙청과,20260728,오이,백다다기(오이),21 kg 박스,,,,8000,,,,trade
광주각화,광주중앙청과,20260728,오이,백다다기(오이),21 kg 박스,,,,33000,,,,trade
광주각화,광주중앙청과,20260728,오이,백다다기(오이),21 kg 박스,,,,36000,,,,trade
광주각화,광주중앙청과,20260728,오이,백다다기(오이),21 kg 박스,,,,52000,,,,trade
광주각화,광주중앙청과,20260728,오이,백다다기(오이),21 kg 박스,,,,36000,,,,trade
광주각화,광주중앙청과,20260728,오이,백다다기(오이),21 kg 박스,,,,53000,,,,trade
광주각화,광주중앙청과,20260728,오이,백다다기(오이),21 kg 박스,,,,43000,,,,trade
광주각화,광주중앙청과,20260728,오이,백다다기(오이),21 kg 박스,,,,40000,,,,trade
광주각화,광주중앙청과,20260728,오이,백다다기(오이),21 kg 박스,,,,46000,,,,trade
광주각화,광주중앙청과,20260728,오이,백다다기(오이),21 kg 박스,,,,60000,,,,trade
광주각화,광주중앙청과,20260728,오이,백다다기(오이),21 kg 박스,,,,33000,,,,trade
광주각화,광주중앙청과,20260728,오이,백다다기(오이),21 kg 박스,,,,40000,,,,trade
광주각화,광주중앙청과,20260728,오이,백다다기(오이),21 kg 박스,,,,36000,,,,trade
광주각화,광주중앙청과,20260728,오이,백다다기(오이),21 kg 박스,,,,43000,,,,trade
광주각화,광주중앙청과,20260728,오이,백다다기(오이),21 kg 박스,,,,60000,,,,trade
광주각화,광주중앙청과,20260728,오이,백다다기(오이),21 kg 박스,,,,44000,,,,trade
광주각화,광주중앙청과,20260728,오이,백다다기(오이),21 kg 박스,,,,40000,,,,trade
광주각화,광주중앙청과,20260728,오이,백다다기(오이),21 kg 박스,,,,48000,,,,trade
광주각화,광주중앙청과,20260728,오이,백다다기(오이),21 kg 박스,,,,20000,,,,trade
광주각화,광주중앙청과,20260728,오이,백다다기(오이),21 kg 박스,,,,58000,,,,trade
광주각화,광주중앙청과,20260728,오이,백다다기(오이),21 kg 팰릿,,,,43000,,,,trade
광주각화,광주중앙청과,20260728,오이,백다다기(오이),21 kg 팰릿,,,,42000,,,,trade
광주각화,광주중앙청과,20260728,오이,백다다기(오이),21 kg 팰릿,,,,46000,,,,trade
광주각화,광주중앙청과,20260728,오이,백다다기(오이),21 kg 팰릿,,,,52000,,,,trade
광주각화,광주중앙청과,20260728,오이,백다다기(오이),21 kg 팰릿,,,,45000,,,,trade
광주각화,광주중앙청과,20260728,오이,백다다기(오이),21 kg 팰릿,,,,46000,,,,trade
광주각화,광주중앙청과,20260728,오이,백다다기(오이),8kg,,,,,6500,6500,6500,grade_agg
광주각화,광주중앙청과,20260728,오이,백다다기(오이),10kg,,,,,1000,31500,17867,grade_agg
광주각화,광주중앙청과,20260728,오이,백다다기(오이),18kg,,,,,3000,23000,12948,grade_agg
광주각화,광주중앙청과,20260728,오이,백다다기(오이),21kg,,,,,2000,60000,41724,grade_agg
광주각화,광주중앙청과,20260730,오이,백다다기(오이),8 kg 팰릿,,,,12000,,,,trade
광주각화,광주중앙청과,20260730,오이,백다다기(오이),10 kg 박스,,,,33000,,,,trade
광주각화,광주중앙청과,20260730,오이,백다다기(오이),10 kg 박스,,,,12000,,,,trade
광주각화,광주중앙청과,20260730,오이,백다다기(오이),10 kg 박스,,,,36500,,,,trade
광주각화,광주중앙청과,20260730,오이,백다다기(오이),10 kg 박스,,,,26500,,,,trade
광주각화,광주중앙청과,20260730,오이,백다다기(오이),10 kg 박스,,,,29000,,,,trade
광주각화,광주중앙청과,20260730,오이,백다다기(오이),10 kg 박스,,,,30000,,,,trade
광주각화,광주중앙청과,20260730,오이,백다다기(오이),10 kg 박스,,,,30000,,,,trade
광주각화,광주중앙청과,20260730,오이,백다다기(오이),10 kg 박스,,,,12000,,,,trade
광주각화,광주중앙청과,20260730,오이,백다다기(오이),10 kg 박스,,,,36500,,,,trade
광주각화,광주중앙청과,20260730,오이,백다다기(오이),10 kg 박스,,,,12000,,,,trade
광주각화,광주중앙청과,20260730,오이,백다다기(오이),10 kg 박스,,,,40000,,,,trade
광주각화,광주중앙청과,20260730,오이,백다다기(오이),10 kg 박스,,,,37000,,,,trade
광주각화,광주중앙청과,20260730,오이,백다다기(오이),10 kg 박스,,,,38000,,,,trade
광주각화,광주중앙청과,20260730,오이,백다다기(오이),10 kg 박스,,,,37000,,,,trade
광주각화,광주중앙청과,20260730,오이,백다다기(오이),10 kg 박스,,,,23500,,,,trade
광주각화,광주중앙청과,20260730,오이,백다다기(오이),10 kg 박스,,,,37500,,,,trade
광주각화,광주중앙청과,20260730,오이,백다다기(오이),10 kg 박스,,,,35000,,,,trade
광주각화,광주중앙청과,20260730,오이,백다다기(오이),10 kg 박스,,,,26500,,,,trade
광주각화,광주중앙청과,20260730,오이,백다다기(오이),10 kg 박스,,,,55000,,,,trade
광주각화,광주중앙청과,20260730,오이,백다다기(오이),10 kg 박스,,,,41000,,,,trade
광주각화,광주중앙청과,20260730,오이,백다다기(오이),10 kg 박스,,,,26500,,,,trade
광주각화,광주중앙청과,20260730,오이,백다다기(오이),10 kg 박스,,,,22000,,,,trade
광주각화,광주중앙청과,20260730,오이,백다다기(오이),10 kg 박스,,,,11000,,,,trade
광주각화,광주중앙청과,20260730,오이,백다다기(오이),10 kg 박스,,,,20000,,,,trade
광주각화,광주중앙청과,20260730,오이,백다다기(오이),10 kg 박스,,,,20000,,,,trade
광주각화,광주중앙청과,20260730,오이,백다다기(오이),10 kg 박스,,,,20000,,,,trade
광주각화,광주중앙청과,20260730,오이,백다다기(오이),10 kg 박스,,,,41500,,,,trade
광주각화,광주중앙청과,20260730,오이,백다다기(오이),10 kg 박스,,,,30000,,,,trade
광주각화,광주중앙청과,20260730,오이,백다다기(오이),10 kg 박스,,,,40000,,,,trade
광주각화,광주중앙청과,20260730,오이,백다다기(오이),10 kg 박스,,,,29500,,,,trade
광주각화,광주중앙청과,20260730,오이,백다다기(오이),10 kg 박스,,,,36000,,,,trade
광주각화,광주중앙청과,20260730,오이,백다다기(오이),10 kg 박스,,,,26000,,,,trade
광주각화,광주중앙청과,20260730,오이,백다다기(오이),10 kg 박스,,,,29500,,,,trade
광주각화,광주중앙청과,20260730,오이,백다다기(오이),10 kg 박스,,,,42000,,,,trade
광주각화,광주중앙청과,20260730,오이,백다다기(오이),10 kg 박스,,,,28000,,,,trade
광주각화,광주중앙청과,20260730,오이,백다다기(오이),10 kg 박스,,,,33500,,,,trade
광주각화,광주중앙청과,20260730,오이,백다다기(오이),10 kg 박스,,,,25000,,,,trade
광주각화,광주중앙청과,20260730,오이,백다다기(오이),10 kg 팰릿,,,,34000,,,,trade
광주각화,광주중앙청과,20260730,오이,백다다기(오이),10 kg 팰릿,,,,30000,,,,trade
광주각화,광주중앙청과,20260730,오이,백다다기(오이),10 kg 팰릿,,,,31500,,,,trade
광주각화,광주중앙청과,20260730,오이,백다다기(오이),10 kg 팰릿,,,,46000,,,,trade
광주각화,광주중앙청과,20260730,오이,백다다기(오이),10 kg 팰릿,,,,33000,,,,trade
광주각화,광주중앙청과,20260730,오이,백다다기(오이),10 kg 팰릿,,,,48000,,,,trade
광주각화,광주중앙청과,20260730,오이,백다다기(오이),10 kg 팰릿,,,,28000,,,,trade
광주각화,광주중앙청과,20260730,오이,백다다기(오이),10 kg 팰릿,,,,37500,,,,trade
광주각화,광주중앙청과,20260730,오이,백다다기(오이),10 kg 팰릿,,,,37000,,,,trade
광주각화,광주중앙청과,20260730,오이,백다다기(오이),10 kg 팰릿,,,,36000,,,,trade
광주각화,광주중앙청과,20260730,오이,백다다기(오이),10 kg 팰릿,,,,35000,,,,trade
광주각화,광주중앙청과,20260730,오이,백다다기(오이),10 kg 팰릿,,,,36500,,,,trade
광주각화,광주중앙청과,20260730,오이,백다다기(오이),10 kg 팰릿,,,,35000,,,,trade
광주각화,광주중앙청과,20260730,오이,백다다기(오이),10 kg 팰릿,,,,33000,,,,trade
광주각화,광주중앙청과,20260730,오이,백다다기(오이),10 kg 팰릿,,,,29000,,,,trade
광주각화,광주중앙청과,20260730,오이,백다다기(오이),18 kg 박스,,,,27000,,,,trade
광주각화,광주중앙청과,20260730,오이,백다다기(오이),18 kg 박스,,,,25000,,,,trade
광주각화,광주중앙청과,20260730,오이,백다다기(오이),18 kg 박스,,,,25000,,,,trade
광주각화,광주중앙청과,20260730,오이,백다다기(오이),18 kg 박스,,,,22000,,,,trade
광주각화,광주중앙청과,20260730,오이,백다다기(오이),18 kg 박스,,,,45000,,,,trade
광주각화,광주중앙청과,20260730,오이,백다다기(오이),18 kg 박스,,,,22000,,,,trade
광주각화,광주중앙청과,20260730,오이,백다다기(오이),18 kg 박스,,,,44000,,,,trade
광주각화,광주중앙청과,20260730,오이,백다다기(오이),18 kg 박스,,,,42000,,,,trade
광주각화,광주중앙청과,20260730,오이,백다다기(오이),18 kg 박스,,,,23000,,,,trade
광주각화,광주중앙청과,20260730,오이,백다다기(오이),18 kg 박스,,,,27000,,,,trade
광주각화,광주중앙청과,20260730,오이,백다다기(오이),18 kg 박스,,,,24000,,,,trade
광주각화,광주중앙청과,20260730,오이,백다다기(오이),18 kg 박스,,,,23000,,,,trade
광주각화,광주중앙청과,20260730,오이,백다다기(오이),18 kg 박스,,,,21000,,,,trade
광주각화,광주중앙청과,20260730,오이,백다다기(오이),18 kg 박스,,,,33000,,,,trade
광주각화,광주중앙청과,20260730,오이,백다다기(오이),18 kg 박스,,,,36000,,,,trade
광주각화,광주중앙청과,20260730,오이,백다다기(오이),18 kg 팰릿,,,,24000,,,,trade
광주각화,광주중앙청과,20260730,오이,백다다기(오이),18 kg 팰릿,,,,40000,,,,trade
광주각화,광주중앙청과,20260730,오이,백다다기(오이),18 kg 팰릿,,,,41000,,,,trade
광주각화,광주중앙청과,20260730,오이,백다다기(오이),21 kg 박스,,,,68000,,,,trade
광주각화,광주중앙청과,20260730,오이,백다다기(오이),21 kg 박스,,,,74000,,,,trade
광주각화,광주중앙청과,20260730,오이,백다다기(오이),21 kg 박스,,,,88000,,,,trade
광주각화,광주중앙청과,20260730,오이,백다다기(오이),21 kg 박스,,,,88000,,,,trade
광주각화,광주중앙청과,20260730,오이,백다다기(오이),21 kg 박스,,,,105000,,,,trade
광주각화,광주중앙청과,20260730,오이,백다다기(오이),21 kg 박스,,,,38000,,,,trade
광주각화,광주중앙청과,20260730,오이,백다다기(오이),21 kg 박스,,,,15000,,,,trade
광주각화,광주중앙청과,20260730,오이,백다다기(오이),21 kg 박스,,,,41000,,,,trade
광주각화,광주중앙청과,20260730,오이,백다다기(오이),21 kg 박스,,,,33000,,,,trade
광주각화,광주중앙청과,20260730,오이,백다다기(오이),21 kg 박스,,,,25000,,,,trade
광주각화,광주중앙청과,20260730,오이,백다다기(오이),21 kg 박스,,,,74000,,,,trade
광주각화,광주중앙청과,20260730,오이,백다다기(오이),21 kg 박스,,,,65000,,,,trade
광주각화,광주중앙청과,20260730,오이,백다다기(오이),21 kg 박스,,,,53000,,,,trade
광주각화,광주중앙청과,20260730,오이,백다다기(오이),21 kg 박스,,,,38000,,,,trade
광주각화,광주중앙청과,20260730,오이,백다다기(오이),21 kg 박스,,,,33000,,,,trade
광주각화,광주중앙청과,20260730,오이,백다다기(오이),21 kg 박스,,,,48000,,,,trade
광주각화,광주중앙청과,20260730,오이,백다다기(오이),21 kg 박스,,,,43000,,,,trade
광주각화,광주중앙청과,20260730,오이,백다다기(오이),21 kg 박스,,,,42000,,,,trade
광주각화,광주중앙청과,20260730,오이,백다다기(오이),21 kg 박스,,,,23000,,,,trade
광주각화,광주중앙청과,20260730,오이,백다다기(오이),21 kg 박스,,,,47000,,,,trade
광주각화,광주중앙청과,20260730,오이,백다다기(오이),21 kg 박스,,,,56000,,,,trade
광주각화,광주중앙청과,20260730,오이,백다다기(오이),21 kg 박스,,,,32000,,,,trade
광주각화,광주중앙청과,20260730,오이,백다다기(오이),21 kg 박스,,,,45000,,,,trade
광주각화,광주중앙청과,20260730,오이,백다다기(오이),21 kg 박스,,,,48000,,,,trade
광주각화,광주중앙청과,20260730,오이,백다다기(오이),21 kg 박스,,,,52000,,,,trade
광주각화,광주중앙청과,20260730,오이,백다다기(오이),21 kg 박스,,,,48000,,,,trade
광주각화,광주중앙청과,20260730,오이,백다다기(오이),21 kg 박스,,,,50000,,,,trade
광주각화,광주중앙청과,20260730,오이,백다다기(오이),21 kg 박스,,,,42000,,,,trade
광주각화,광주중앙청과,20260730,오이,백다다기(오이),21 kg 박스,,,,23000,,,,trade
광주각화,광주중앙청과,20260730,오이,백다다기(오이),21 kg 박스,,,,52000,,,,trade
광주각화,광주중앙청과,20260730,오이,백다다기(오이),21 kg 박스,,,,48000,,,,trade
광주각화,광주중앙청과,20260730,오이,백다다기(오이),21 kg 박스,,,,42000,,,,trade
광주각화,광주중앙청과,20260730,오이,백다다기(오이),21 kg 박스,,,,53000,,,,trade
광주각화,광주중앙청과,20260730,오이,백다다기(오이),21 kg 박스,,,,50000,,,,trade
광주각화,광주중앙청과,20260730,오이,백다다기(오이),21 kg 박스,,,,50000,,,,trade
광주각화,광주중앙청과,20260730,오이,백다다기(오이),21 kg 박스,,,,46000,,,,trade
광주각화,광주중앙청과,20260730,오이,백다다기(오이),21 kg 박스,,,,38000,,,,trade
광주각화,광주중앙청과,20260730,오이,백다다기(오이),21 kg 박스,,,,48000,,,,trade
광주각화,광주중앙청과,20260730,오이,백다다기(오이),21 kg 박스,,,,48000,,,,trade
광주각화,광주중앙청과,20260730,오이,백다다기(오이),21 kg 박스,,,,36000,,,,trade
광주각화,광주중앙청과,20260730,오이,백다다기(오이),21 kg 박스,,,,38000,,,,trade
광주각화,광주중앙청과,20260730,오이,백다다기(오이),21 kg 박스,,,,40000,,,,trade
광주각화,광주중앙청과,20260730,오이,백다다기(오이),21 kg 박스,,,,53000,,,,trade
광주각화,광주중앙청과,20260730,오이,백다다기(오이),21 kg 박스,,,,31000,,,,trade
광주각화,광주중앙청과,20260730,오이,백다다기(오이),21 kg 박스,,,,48000,,,,trade
광주각화,광주중앙청과,20260730,오이,백다다기(오이),21 kg 박스,,,,72000,,,,trade
광주각화,광주중앙청과,20260730,오이,백다다기(오이),21 kg 박스,,,,63000,,,,trade
광주각화,광주중앙청과,20260730,오이,백다다기(오이),21 kg 박스,,,,77000,,,,trade
광주각화,광주중앙청과,20260730,오이,백다다기(오이),21 kg 박스,,,,82000,,,,trade
광주각화,광주중앙청과,20260730,오이,백다다기(오이),21 kg 박스,,,,75000,,,,trade
광주각화,광주중앙청과,20260730,오이,백다다기(오이),21 kg 박스,,,,75000,,,,trade
광주각화,광주중앙청과,20260730,오이,백다다기(오이),21 kg 박스,,,,81000,,,,trade
광주각화,광주중앙청과,20260730,오이,백다다기(오이),21 kg 박스,,,,88000,,,,trade
광주각화,광주중앙청과,20260730,오이,백다다기(오이),21 kg 박스,,,,69000,,,,trade
광주각화,광주중앙청과,20260730,오이,백다다기(오이),21 kg 박스,,,,88000,,,,trade
광주각화,광주중앙청과,20260730,오이,백다다기(오이),21 kg 박스,,,,110000,,,,trade
광주각화,광주중앙청과,20260730,오이,백다다기(오이),21 kg 박스,,,,78000,,,,trade
광주각화,광주중앙청과,20260730,오이,백다다기(오이),21 kg 박스,,,,83000,,,,trade
광주각화,광주중앙청과,20260730,오이,백다다기(오이),21 kg 박스,,,,90000,,,,trade
광주각화,광주중앙청과,20260730,오이,백다다기(오이),21 kg 박스,,,,90000,,,,trade
광주각화,광주중앙청과,20260730,오이,백다다기(오이),21 kg 박스,,,,73000,,,,trade
광주각화,광주중앙청과,20260730,오이,백다다기(오이),21 kg 박스,,,,65000,,,,trade
광주각화,광주중앙청과,20260730,오이,백다다기(오이),21 kg 박스,,,,65000,,,,trade
광주각화,광주중앙청과,20260730,오이,백다다기(오이),21 kg 팰릿,,,,76000,,,,trade
광주각화,광주중앙청과,20260730,오이,백다다기(오이),21 kg 팰릿,,,,109000,,,,trade
광주각화,광주중앙청과,20260730,오이,백다다기(오이),21 kg 팰릿,,,,78000,,,,trade
광주각화,광주중앙청과,20260730,오이,백다다기(오이),21 kg 팰릿,,,,76000,,,,trade
광주각화,광주중앙청과,20260730,오이,백다다기(오이),21 kg 팰릿,,,,108000,,,,trade
광주각화,광주중앙청과,20260730,오이,백다다기(오이),21 kg 팰릿,,,,72000,,,,trade
광주각화,광주중앙청과,20260730,오이,백다다기(오이),21 kg 팰릿,,,,75000,,,,trade
광주각화,광주중앙청과,20260730,오이,백다다기(오이),21 kg 팰릿,,,,113000,,,,trade
광주각화,광주중앙청과,20260730,오이,백다다기(오이),8kg,,,,,12000,12000,12000,grade_agg
광주각화,광주중앙청과,20260730,오이,백다다기(오이),10kg,,,,,11000,55000,34992,grade_agg
광주각화,광주중앙청과,20260730,오이,백다다기(오이),18kg,,,,,21000,45000,34051,grade_agg
광주각화,광주중앙청과,20260730,오이,백다다기(오이),21kg,,,,,15000,113000,77298,grade_agg
광주각화,광주중앙청과,20260804,오이,백다다기(오이),8 kg 비닐봉지,,,,6000,,,,trade
광주각화,광주중앙청과,20260804,오이,백다다기(오이),10 kg 박스,,,,11000,,,,trade
광주각화,광주중앙청과,20260804,오이,백다다기(오이),10 kg 박스,,,,14000,,,,trade
광주각화,광주중앙청과,20260804,오이,백다다기(오이),10 kg 박스,,,,3000,,,,trade
광주각화,광주중앙청과,20260804,오이,백다다기(오이),10 kg 박스,,,,12500,,,,trade
광주각화,광주중앙청과,20260804,오이,백다다기(오이),10 kg 박스,,,,14000,,,,trade
광주각화,광주중앙청과,20260804,오이,백다다기(오이),10 kg 박스,,,,3000,,,,trade
광주각화,광주중앙청과,20260804,오이,백다다기(오이),10 kg 박스,,,,11000,,,,trade
광주각화,광주중앙청과,20260804,오이,백다다기(오이),10 kg 박스,,,,3000,,,,trade
광주각화,광주중앙청과,20260804,오이,백다다기(오이),10 kg 박스,,,,7000,,,,trade
광주각화,광주중앙청과,20260804,오이,백다다기(오이),10 kg 박스,,,,6000,,,,trade
광주각화,광주중앙청과,20260804,오이,백다다기(오이),10 kg 박스,,,,13000,,,,trade
광주각화,광주중앙청과,20260804,오이,백다다기(오이),10 kg 박스,,,,10000,,,,trade
광주각화,광주중앙청과,20260804,오이,백다다기(오이),10 kg 박스,,,,2000,,,,trade
광주각화,광주중앙청과,20260804,오이,백다다기(오이),10 kg 박스,,,,2000,,,,trade
광주각화,광주중앙청과,20260804,오이,백다다기(오이),10 kg 박스,,,,5000,,,,trade
광주각화,광주중앙청과,20260804,오이,백다다기(오이),10 kg 박스,,,,12000,,,,trade
광주각화,광주중앙청과,20260804,오이,백다다기(오이),10 kg 박스,,,,16000,,,,trade
광주각화,광주중앙청과,20260804,오이,백다다기(오이),10 kg 박스,,,,17000,,,,trade
광주각화,광주중앙청과,20260804,오이,백다다기(오이),10 kg 박스,,,,8500,,,,trade
광주각화,광주중앙청과,20260804,오이,백다다기(오이),10 kg 박스,,,,8000,,,,trade
광주각화,광주중앙청과,20260804,오이,백다다기(오이),10 kg 박스,,,,17500,,,,trade
광주각화,광주중앙청과,20260804,오이,백다다기(오이),10 kg 박스,,,,18500,,,,trade
광주각화,광주중앙청과,20260804,오이,백다다기(오이),10 kg 박스,,,,5000,,,,trade
광주각화,광주중앙청과,20260804,오이,백다다기(오이),10 kg 박스,,,,8500,,,,trade
광주각화,광주중앙청과,20260804,오이,백다다기(오이),10 kg 박스,,,,7000,,,,trade
광주각화,광주중앙청과,20260804,오이,백다다기(오이),10 kg 박스,,,,17500,,,,trade
광주각화,광주중앙청과,20260804,오이,백다다기(오이),10 kg 박스,,,,15000,,,,trade
광주각화,광주중앙청과,20260804,오이,백다다기(오이),10 kg 박스,,,,12000,,,,trade
광주각화,광주중앙청과,20260804,오이,백다다기(오이),10 kg 박스,,,,6000,,,,trade
광주각화,광주중앙청과,20260804,오이,백다다기(오이),10 kg 박스,,,,7000,,,,trade
광주각화,광주중앙청과,20260804,오이,백다다기(오이),10 kg 박스,,,,1000,,,,trade
광주각화,광주중앙청과,20260804,오이,백다다기(오이),10 kg 박스,,,,9000,,,,trade
광주각화,광주중앙청과,20260804,오이,백다다기(오이),10 kg 팰릿,,,,6000,,,,trade
광주각화,광주중앙청과,20260804,오이,백다다기(오이),10 kg 팰릿,,,,9000,,,,trade
광주각화,광주중앙청과,20260804,오이,백다다기(오이),10 kg 팰릿,,,,12000,,,,trade
광주각화,광주중앙청과,20260804,오이,백다다기(오이),10 kg 팰릿,,,,13500,,,,trade
광주각화,광주중앙청과,20260804,오이,백다다기(오이),10 kg 팰릿,,,,8000,,,,trade
광주각화,광주중앙청과,20260804,오이,백다다기(오이),10 kg 팰릿,,,,11000,,,,trade
광주각화,광주중앙청과,20260804,오이,백다다기(오이),10 kg 팰릿,,,,8000,,,,trade
광주각화,광주중앙청과,20260804,오이,백다다기(오이),10 kg 팰릿,,,,11000,,,,trade
광주각화,광주중앙청과,20260804,오이,백다다기(오이),10 kg 팰릿,,,,13500,,,,trade
광주각화,광주중앙청과,20260804,오이,백다다기(오이),10 kg 팰릿,,,,12000,,,,trade
광주각화,광주중앙청과,20260804,오이,백다다기(오이),10 kg 팰릿,,,,12000,,,,trade
광주각화,광주중앙청과,20260804,오이,백다다기(오이),10 kg 팰릿,,,,13500,,,,trade
광주각화,광주중앙청과,20260804,오이,백다다기(오이),10 kg 팰릿,,,,14000,,,,trade
광주각화,광주중앙청과,20260804,오이,백다다기(오이),10 kg 팰릿,,,,16000,,,,trade
광주각화,광주중앙청과,20260804,오이,백다다기(오이),10 kg 팰릿,,,,11000,,,,trade
광주각화,광주중앙청과,20260804,오이,백다다기(오이),10 kg 팰릿,,,,12000,,,,trade
광주각화,광주중앙청과,20260804,오이,백다다기(오이),10 kg 팰릿,,,,16500,,,,trade
광주각화,광주중앙청과,20260804,오이,백다다기(오이),10 kg 팰릿,,,,13000,,,,trade
광주각화,광주중앙청과,20260804,오이,백다다기(오이),10 kg 팰릿,,,,23000,,,,trade
광주각화,광주중앙청과,20260804,오이,백다다기(오이),10 kg 팰릿,,,,27000,,,,trade
광주각화,광주중앙청과,20260804,오이,백다다기(오이),10 kg 팰릿,,,,12000,,,,trade
광주각화,광주중앙청과,20260804,오이,백다다기(오이),18 kg 박스,,,,3000,,,,trade
광주각화,광주중앙청과,20260804,오이,백다다기(오이),18 kg 박스,,,,15000,,,,trade
광주각화,광주중앙청과,20260804,오이,백다다기(오이),18 kg 박스,,,,4000,,,,trade
광주각화,광주중앙청과,20260804,오이,백다다기(오이),18 kg 박스,,,,3000,,,,trade
광주각화,광주중앙청과,20260804,오이,백다다기(오이),18 kg 박스,,,,5000,,,,trade
광주각화,광주중앙청과,20260804,오이,백다다기(오이),18 kg 박스,,,,6000,,,,trade
광주각화,광주중앙청과,20260804,오이,백다다기(오이),18 kg 박스,,,,8000,,,,trade
광주각화,광주중앙청과,20260804,오이,백다다기(오이),18 kg 박스,,,,8000,,,,trade
광주각화,광주중앙청과,20260804,오이,백다다기(오이),18 kg 박스,,,,3000,,,,trade
광주각화,광주중앙청과,20260804,오이,백다다기(오이),18 kg 박스,,,,4000,,,,trade
광주각화,광주중앙청과,20260804,오이,백다다기(오이),18 kg 박스,,,,4000,,,,trade
광주각화,광주중앙청과,20260804,오이,백다다기(오이),18 kg 박스,,,,4000,,,,trade
광주각화,광주중앙청과,20260804,오이,백다다기(오이),18 kg 박스,,,,3000,,,,trade
광주각화,광주중앙청과,20260804,오이,백다다기(오이),18 kg 박스,,,,3000,,,,trade
광주각화,광주중앙청과,20260804,오이,백다다기(오이),18 kg 박스,,,,3000,,,,trade
광주각화,광주중앙청과,20260804,오이,백다다기(오이),18 kg 팰릿,,,,5000,,,,trade
광주각화,광주중앙청과,20260804,오이,백다다기(오이),18 kg 팰릿,,,,14000,,,,trade
광주각화,광주중앙청과,20260804,오이,백다다기(오이),18 kg 팰릿,,,,6000,,,,trade
광주각화,광주중앙청과,20260804,오이,백다다기(오이),21 kg 박스,,,,35000,,,,trade
광주각화,광주중앙청과,20260804,오이,백다다기(오이),21 kg 박스,,,,33000,,,,trade
광주각화,광주중앙청과,20260804,오이,백다다기(오이),21 kg 박스,,,,40000,,,,trade
광주각화,광주중앙청과,20260804,오이,백다다기(오이),21 kg 박스,,,,36000,,,,trade
광주각화,광주중앙청과,20260804,오이,백다다기(오이),21 kg 박스,,,,36000,,,,trade
광주각화,광주중앙청과,20260804,오이,백다다기(오이),21 kg 박스,,,,48000,,,,trade
광주각화,광주중앙청과,20260804,오이,백다다기(오이),21 kg 박스,,,,38000,,,,trade
광주각화,광주중앙청과,20260804,오이,백다다기(오이),21 kg 박스,,,,52000,,,,trade
광주각화,광주중앙청과,20260804,오이,백다다기(오이),21 kg 박스,,,,40000,,,,trade
광주각화,광주중앙청과,20260804,오이,백다다기(오이),21 kg 박스,,,,35000,,,,trade
광주각화,광주중앙청과,20260804,오이,백다다기(오이),21 kg 박스,,,,34000,,,,trade
광주각화,광주중앙청과,20260804,오이,백다다기(오이),21 kg 박스,,,,38000,,,,trade
광주각화,광주중앙청과,20260804,오이,백다다기(오이),21 kg 박스,,,,52000,,,,trade
광주각화,광주중앙청과,20260804,오이,백다다기(오이),21 kg 박스,,,,55000,,,,trade
광주각화,광주중앙청과,20260804,오이,백다다기(오이),21 kg 박스,,,,15000,,,,trade
광주각화,광주중앙청과,20260804,오이,백다다기(오이),21 kg 박스,,,,6000,,,,trade
광주각화,광주중앙청과,20260804,오이,백다다기(오이),21 kg 박스,,,,25000,,,,trade
광주각화,광주중앙청과,20260804,오이,백다다기(오이),21 kg 박스,,,,8000,,,,trade
광주각화,광주중앙청과,20260804,오이,백다다기(오이),21 kg 박스,,,,5000,,,,trade
광주각화,광주중앙청과,20260804,오이,백다다기(오이),21 kg 박스,,,,7000,,,,trade
광주각화,광주중앙청과,20260804,오이,백다다기(오이),21 kg 박스,,,,6000,,,,trade
광주각화,광주중앙청과,20260804,오이,백다다기(오이),21 kg 박스,,,,10000,,,,trade
광주각화,광주중앙청과,20260804,오이,백다다기(오이),21 kg 박스,,,,12000,,,,trade
광주각화,광주중앙청과,20260804,오이,백다다기(오이),21 kg 박스,,,,13000,,,,trade
광주각화,광주중앙청과,20260804,오이,백다다기(오이),21 kg 박스,,,,28000,,,,trade
광주각화,광주중앙청과,20260804,오이,백다다기(오이),21 kg 박스,,,,5000,,,,trade
광주각화,광주중앙청과,20260804,오이,백다다기(오이),21 kg 박스,,,,24000,,,,trade
광주각화,광주중앙청과,20260804,오이,백다다기(오이),21 kg 박스,,,,23000,,,,trade
광주각화,광주중앙청과,20260804,오이,백다다기(오이),21 kg 박스,,,,5000,,,,trade
광주각화,광주중앙청과,20260804,오이,백다다기(오이),21 kg 박스,,,,4000,,,,trade
광주각화,광주중앙청과,20260804,오이,백다다기(오이),21 kg 박스,,,,13000,,,,trade
광주각화,광주중앙청과,20260804,오이,백다다기(오이),21 kg 박스,,,,3000,,,,trade
광주각화,광주중앙청과,20260804,오이,백다다기(오이),21 kg 박스,,,,14000,,,,trade
광주각화,광주중앙청과,20260804,오이,백다다기(오이),21 kg 박스,,,,18000,,,,trade
광주각화,광주중앙청과,20260804,오이,백다다기(오이),21 kg 박스,,,,15000,,,,trade
광주각화,광주중앙청과,20260804,오이,백다다기(오이),21 kg 박스,,,,14000,,,,trade
광주각화,광주중앙청과,20260804,오이,백다다기(오이),21 kg 박스,,,,18000,,,,trade
광주각화,광주중앙청과,20260804,오이,백다다기(오이),21 kg 박스,,,,10000,,,,trade
광주각화,광주중앙청과,20260804,오이,백다다기(오이),21 kg 박스,,,,20000,,,,trade
광주각화,광주중앙청과,20260804,오이,백다다기(오이),21 kg 박스,,,,7000,,,,trade
광주각화,광주중앙청과,20260804,오이,백다다기(오이),21 kg 박스,,,,17000,,,,trade
광주각화,광주중앙청과,20260804,오이,백다다기(오이),21 kg 박스,,,,28000,,,,trade
광주각화,광주중앙청과,20260804,오이,백다다기(오이),21 kg 박스,,,,10000,,,,trade
광주각화,광주중앙청과,20260804,오이,백다다기(오이),21 kg 박스,,,,5000,,,,trade
광주각화,광주중앙청과,20260804,오이,백다다기(오이),21 kg 박스,,,,18000,,,,trade
광주각화,광주중앙청과,20260804,오이,백다다기(오이),21 kg 박스,,,,23000,,,,trade
광주각화,광주중앙청과,20260804,오이,백다다기(오이),21 kg 박스,,,,4000,,,,trade
광주각화,광주중앙청과,20260804,오이,백다다기(오이),21 kg 박스,,,,25000,,,,trade
광주각화,광주중앙청과,20260804,오이,백다다기(오이),21 kg 박스,,,,5000,,,,trade
광주각화,광주중앙청과,20260804,오이,백다다기(오이),21 kg 박스,,,,10000,,,,trade
광주각화,광주중앙청과,20260804,오이,백다다기(오이),21 kg 박스,,,,4000,,,,trade
광주각화,광주중앙청과,20260804,오이,백다다기(오이),21 kg 박스,,,,14000,,,,trade
광주각화,광주중앙청과,20260804,오이,백다다기(오이),21 kg 박스,,,,24000,,,,trade
광주각화,광주중앙청과,20260804,오이,백다다기(오이),21 kg 박스,,,,5000,,,,trade
광주각화,광주중앙청과,20260804,오이,백다다기(오이),21 kg 박스,,,,23000,,,,trade
광주각화,광주중앙청과,20260804,오이,백다다기(오이),21 kg 박스,,,,4000,,,,trade
광주각화,광주중앙청과,20260804,오이,백다다기(오이),21 kg 박스,,,,6000,,,,trade
광주각화,광주중앙청과,20260804,오이,백다다기(오이),21 kg 박스,,,,9000,,,,trade
광주각화,광주중앙청과,20260804,오이,백다다기(오이),21 kg 박스,,,,20000,,,,trade
광주각화,광주중앙청과,20260804,오이,백다다기(오이),21 kg 박스,,,,5000,,,,trade
광주각화,광주중앙청과,20260804,오이,백다다기(오이),21 kg 박스,,,,28000,,,,trade
광주각화,광주중앙청과,20260804,오이,백다다기(오이),21 kg 박스,,,,6000,,,,trade
광주각화,광주중앙청과,20260804,오이,백다다기(오이),21 kg 박스,,,,23000,,,,trade
광주각화,광주중앙청과,20260804,오이,백다다기(오이),21 kg 박스,,,,27000,,,,trade
광주각화,광주중앙청과,20260804,오이,백다다기(오이),21 kg 박스,,,,36000,,,,trade
광주각화,광주중앙청과,20260804,오이,백다다기(오이),21 kg 박스,,,,37000,,,,trade
광주각화,광주중앙청과,20260804,오이,백다다기(오이),21 kg 박스,,,,40000,,,,trade
광주각화,광주중앙청과,20260804,오이,백다다기(오이),21 kg 박스,,,,38000,,,,trade
광주각화,광주중앙청과,20260804,오이,백다다기(오이),21 kg 박스,,,,35000,,,,trade
광주각화,광주중앙청과,20260804,오이,백다다기(오이),21 kg 박스,,,,34000,,,,trade
광주각화,광주중앙청과,20260804,오이,백다다기(오이),21 kg 박스,,,,33000,,,,trade
광주각화,광주중앙청과,20260804,오이,백다다기(오이),21 kg 박스,,,,37000,,,,trade
광주각화,광주중앙청과,20260804,오이,백다다기(오이),21 kg 박스,,,,45000,,,,trade
광주각화,광주중앙청과,20260804,오이,백다다기(오이),21 kg 박스,,,,33000,,,,trade
광주각화,광주중앙청과,20260804,오이,백다다기(오이),21 kg 박스,,,,34000,,,,trade
광주각화,광주중앙청과,20260804,오이,백다다기(오이),21 kg 박스,,,,28000,,,,trade
광주각화,광주중앙청과,20260804,오이,백다다기(오이),21 kg 박스,,,,35000,,,,trade
광주각화,광주중앙청과,20260804,오이,백다다기(오이),21 kg 박스,,,,28000,,,,trade
광주각화,광주중앙청과,20260804,오이,백다다기(오이),21 kg 박스,,,,34000,,,,trade
광주각화,광주중앙청과,20260804,오이,백다다기(오이),21 kg 팰릿,,,,39000,,,,trade
광주각화,광주중앙청과,20260804,오이,백다다기(오이),21 kg 팰릿,,,,38000,,,,trade
광주각화,광주중앙청과,20260804,오이,백다다기(오이),21 kg 팰릿,,,,38000,,,,trade
광주각화,광주중앙청과,20260804,오이,백다다기(오이),21 kg 팰릿,,,,36000,,,,trade
광주각화,광주중앙청과,20260804,오이,백다다기(오이),21 kg 팰릿,,,,36000,,,,trade
광주각화,광주중앙청과,20260804,오이,백다다기(오이),21 kg 팰릿,,,,10000,,,,trade
광주각화,광주중앙청과,20260804,오이,백다다기(오이),21 kg 팰릿,,,,28000,,,,trade
광주각화,광주중앙청과,20260804,오이,백다다기(오이),21 kg 팰릿,,,,18000,,,,trade
광주각화,광주중앙청과,20260804,오이,백다다기(오이),21 kg 팰릿,,,,51000,,,,trade
광주각화,광주중앙청과,20260804,오이,백다다기(오이),8kg,,,,,6000,6000,6000,grade_agg
광주각화,광주중앙청과,20260804,오이,백다다기(오이),10kg,,,,,1000,27000,12711,grade_agg
광주각화,광주중앙청과,20260804,오이,백다다기(오이),18kg,,,,,3000,15000,6970,grade_agg
광주각화,광주중앙청과,20260804,오이,백다다기(오이),21kg,,,,,3000,55000,32604,grade_agg
광주각화,광주중앙청과,20260806,오이,백다다기(오이),8 kg 비닐봉지,,,,8000,,,,trade
광주각화,광주중앙청과,20260806,오이,백다다기(오이),8 kg 비닐봉지,,,,6000,,,,trade
광주각화,광주중앙청과,20260806,오이,백다다기(오이),10 kg 박스,,,,4000,,,,trade
광주각화,광주중앙청과,20260806,오이,백다다기(오이),10 kg 박스,,,,4000,,,,trade
광주각화,광주중앙청과,20260806,오이,백다다기(오이),10 kg 박스,,,,12500,,,,trade
광주각화,광주중앙청과,20260806,오이,백다다기(오이),10 kg 박스,,,,6000,,,,trade
광주각화,광주중앙청과,20260806,오이,백다다기(오이),10 kg 박스,,,,3000,,,,trade
광주각화,광주중앙청과,20260806,오이,백다다기(오이),10 kg 박스,,,,9000,,,,trade
광주각화,광주중앙청과,20260806,오이,백다다기(오이),10 kg 박스,,,,5000,,,,trade
광주각화,광주중앙청과,20260806,오이,백다다기(오이),10 kg 박스,,,,6000,,,,trade
광주각화,광주중앙청과,20260806,오이,백다다기(오이),10 kg 박스,,,,3000,,,,trade
광주각화,광주중앙청과,20260806,오이,백다다기(오이),10 kg 박스,,,,6000,,,,trade
광주각화,광주중앙청과,20260806,오이,백다다기(오이),10 kg 박스,,,,2000,,,,trade
광주각화,광주중앙청과,20260806,오이,백다다기(오이),10 kg 박스,,,,9000,,,,trade
광주각화,광주중앙청과,20260806,오이,백다다기(오이),10 kg 박스,,,,12500,,,,trade
광주각화,광주중앙청과,20260806,오이,백다다기(오이),10 kg 박스,,,,8000,,,,trade
광주각화,광주중앙청과,20260806,오이,백다다기(오이),10 kg 박스,,,,2000,,,,trade
광주각화,광주중앙청과,20260806,오이,백다다기(오이),10 kg 박스,,,,11000,,,,trade
광주각화,광주중앙청과,20260806,오이,백다다기(오이),10 kg 박스,,,,2000,,,,trade
광주각화,광주중앙청과,20260806,오이,백다다기(오이),10 kg 박스,,,,14000,,,,trade
광주각화,광주중앙청과,20260806,오이,백다다기(오이),10 kg 박스,,,,14000,,,,trade
광주각화,광주중앙청과,20260806,오이,백다다기(오이),10 kg 박스,,,,13000,,,,trade
광주각화,광주중앙청과,20260806,오이,백다다기(오이),10 kg 박스,,,,3000,,,,trade
광주각화,광주중앙청과,20260806,오이,백다다기(오이),10 kg 박스,,,,15000,,,,trade
광주각화,광주중앙청과,20260806,오이,백다다기(오이),10 kg 박스,,,,6000,,,,trade
광주각화,광주중앙청과,20260806,오이,백다다기(오이),10 kg 박스,,,,14500,,,,trade
광주각화,광주중앙청과,20260806,오이,백다다기(오이),10 kg 박스,,,,15500,,,,trade
광주각화,광주중앙청과,20260806,오이,백다다기(오이),10 kg 박스,,,,14000,,,,trade
광주각화,광주중앙청과,20260806,오이,백다다기(오이),10 kg 박스,,,,17000,,,,trade
광주각화,광주중앙청과,20260806,오이,백다다기(오이),10 kg 박스,,,,5500,,,,trade
광주각화,광주중앙청과,20260806,오이,백다다기(오이),10 kg 박스,,,,15000,,,,trade
광주각화,광주중앙청과,20260806,오이,백다다기(오이),10 kg 박스,,,,11000,,,,trade
광주각화,광주중앙청과,20260806,오이,백다다기(오이),10 kg 박스,,,,10000,,,,trade
광주각화,광주중앙청과,20260806,오이,백다다기(오이),10 kg 박스,,,,15000,,,,trade
광주각화,광주중앙청과,20260806,오이,백다다기(오이),10 kg 박스,,,,14000,,,,trade
광주각화,광주중앙청과,20260806,오이,백다다기(오이),10 kg 팰릿,,,,8500,,,,trade
광주각화,광주중앙청과,20260806,오이,백다다기(오이),10 kg 팰릿,,,,27500,,,,trade
광주각화,광주중앙청과,20260806,오이,백다다기(오이),10 kg 팰릿,,,,13500,,,,trade
광주각화,광주중앙청과,20260806,오이,백다다기(오이),10 kg 팰릿,,,,13000,,,,trade
광주각화,광주중앙청과,20260806,오이,백다다기(오이),10 kg 팰릿,,,,12000,,,,trade
광주각화,광주중앙청과,20260806,오이,백다다기(오이),10 kg 팰릿,,,,24000,,,,trade
광주각화,광주중앙청과,20260806,오이,백다다기(오이),10 kg 팰릿,,,,8500,,,,trade
광주각화,광주중앙청과,20260806,오이,백다다기(오이),10 kg 팰릿,,,,19500,,,,trade
광주각화,광주중앙청과,20260806,오이,백다다기(오이),10 kg 팰릿,,,,13500,,,,trade
광주각화,광주중앙청과,20260806,오이,백다다기(오이),10 kg 팰릿,,,,18000,,,,trade
광주각화,광주중앙청과,20260806,오이,백다다기(오이),10 kg 팰릿,,,,18500,,,,trade
광주각화,광주중앙청과,20260806,오이,백다다기(오이),10 kg 팰릿,,,,13000,,,,trade
광주각화,광주중앙청과,20260806,오이,백다다기(오이),10 kg 팰릿,,,,16000,,,,trade
광주각화,광주중앙청과,20260806,오이,백다다기(오이),10 kg 팰릿,,,,16500,,,,trade
광주각화,광주중앙청과,20260806,오이,백다다기(오이),10 kg 팰릿,,,,14000,,,,trade
광주각화,광주중앙청과,20260806,오이,백다다기(오이),10 kg 팰릿,,,,14000,,,,trade
광주각화,광주중앙청과,20260806,오이,백다다기(오이),18 kg 박스,,,,3000,,,,trade
광주각화,광주중앙청과,20260806,오이,백다다기(오이),18 kg 박스,,,,12000,,,,trade
광주각화,광주중앙청과,20260806,오이,백다다기(오이),18 kg 박스,,,,4000,,,,trade
광주각화,광주중앙청과,20260806,오이,백다다기(오이),18 kg 박스,,,,4000,,,,trade
광주각화,광주중앙청과,20260806,오이,백다다기(오이),18 kg 박스,,,,13500,,,,trade
광주각화,광주중앙청과,20260806,오이,백다다기(오이),18 kg 박스,,,,11000,,,,trade
광주각화,광주중앙청과,20260806,오이,백다다기(오이),18 kg 박스,,,,6000,,,,trade
광주각화,광주중앙청과,20260806,오이,백다다기(오이),18 kg 박스,,,,22000,,,,trade
광주각화,광주중앙청과,20260806,오이,백다다기(오이),18 kg 박스,,,,5000,,,,trade
광주각화,광주중앙청과,20260806,오이,백다다기(오이),18 kg 박스,,,,5000,,,,trade
광주각화,광주중앙청과,20260806,오이,백다다기(오이),18 kg 박스,,,,5000,,,,trade
광주각화,광주중앙청과,20260806,오이,백다다기(오이),18 kg 박스,,,,5000,,,,trade
광주각화,광주중앙청과,20260806,오이,백다다기(오이),18 kg 박스,,,,3000,,,,trade
광주각화,광주중앙청과,20260806,오이,백다다기(오이),18 kg 박스,,,,13000,,,,trade
광주각화,광주중앙청과,20260806,오이,백다다기(오이),18 kg 팰릿,,,,12000,,,,trade
광주각화,광주중앙청과,20260806,오이,백다다기(오이),18 kg 팰릿,,,,10000,,,,trade
광주각화,광주중앙청과,20260806,오이,백다다기(오이),18 kg 팰릿,,,,7000,,,,trade
광주각화,광주중앙청과,20260806,오이,백다다기(오이),21 kg 박스,,,,10000,,,,trade
광주각화,광주중앙청과,20260806,오이,백다다기(오이),21 kg 박스,,,,8000,,,,trade
광주각화,광주중앙청과,20260806,오이,백다다기(오이),21 kg 박스,,,,5000,,,,trade
광주각화,광주중앙청과,20260806,오이,백다다기(오이),21 kg 박스,,,,17000,,,,trade
광주각화,광주중앙청과,20260806,오이,백다다기(오이),21 kg 박스,,,,6000,,,,trade
광주각화,광주중앙청과,20260806,오이,백다다기(오이),21 kg 박스,,,,16000,,,,trade
광주각화,광주중앙청과,20260806,오이,백다다기(오이),21 kg 박스,,,,7000,,,,trade
광주각화,광주중앙청과,20260806,오이,백다다기(오이),21 kg 박스,,,,5000,,,,trade
광주각화,광주중앙청과,20260806,오이,백다다기(오이),21 kg 박스,,,,5000,,,,trade
광주각화,광주중앙청과,20260806,오이,백다다기(오이),21 kg 박스,,,,5000,,,,trade
광주각화,광주중앙청과,20260806,오이,백다다기(오이),21 kg 박스,,,,5000,,,,trade
광주각화,광주중앙청과,20260806,오이,백다다기(오이),21 kg 박스,,,,5000,,,,trade
광주각화,광주중앙청과,20260806,오이,백다다기(오이),21 kg 박스,,,,14000,,,,trade
광주각화,광주중앙청과,20260806,오이,백다다기(오이),21 kg 박스,,,,11000,,,,trade
광주각화,광주중앙청과,20260806,오이,백다다기(오이),21 kg 박스,,,,5000,,,,trade
광주각화,광주중앙청과,20260806,오이,백다다기(오이),21 kg 박스,,,,14000,,,,trade
광주각화,광주중앙청과,20260806,오이,백다다기(오이),21 kg 박스,,,,5000,,,,trade
광주각화,광주중앙청과,20260806,오이,백다다기(오이),21 kg 박스,,,,5000,,,,trade
광주각화,광주중앙청과,20260806,오이,백다다기(오이),21 kg 박스,,,,10000,,,,trade
광주각화,광주중앙청과,20260806,오이,백다다기(오이),21 kg 박스,,,,5000,,,,trade
광주각화,광주중앙청과,20260806,오이,백다다기(오이),21 kg 박스,,,,5000,,,,trade
광주각화,광주중앙청과,20260806,오이,백다다기(오이),21 kg 박스,,,,17000,,,,trade
광주각화,광주중앙청과,20260806,오이,백다다기(오이),21 kg 박스,,,,16000,,,,trade
광주각화,광주중앙청과,20260806,오이,백다다기(오이),21 kg 박스,,,,13000,,,,trade
광주각화,광주중앙청과,20260806,오이,백다다기(오이),21 kg 박스,,,,6000,,,,trade
광주각화,광주중앙청과,20260806,오이,백다다기(오이),21 kg 박스,,,,16000,,,,trade
광주각화,광주중앙청과,20260806,오이,백다다기(오이),21 kg 박스,,,,6000,,,,trade
광주각화,광주중앙청과,20260806,오이,백다다기(오이),21 kg 박스,,,,18000,,,,trade
광주각화,광주중앙청과,20260806,오이,백다다기(오이),21 kg 박스,,,,18000,,,,trade
광주각화,광주중앙청과,20260806,오이,백다다기(오이),21 kg 박스,,,,4000,,,,trade
광주각화,광주중앙청과,20260806,오이,백다다기(오이),21 kg 박스,,,,16000,,,,trade
광주각화,광주중앙청과,20260806,오이,백다다기(오이),21 kg 박스,,,,12000,,,,trade
광주각화,광주중앙청과,20260806,오이,백다다기(오이),21 kg 박스,,,,15000,,,,trade
광주각화,광주중앙청과,20260806,오이,백다다기(오이),21 kg 박스,,,,10000,,,,trade
광주각화,광주중앙청과,20260806,오이,백다다기(오이),21 kg 박스,,,,20000,,,,trade
광주각화,광주중앙청과,20260806,오이,백다다기(오이),21 kg 박스,,,,14000,,,,trade
광주각화,광주중앙청과,20260806,오이,백다다기(오이),21 kg 박스,,,,6000,,,,trade
광주각화,광주중앙청과,20260806,오이,백다다기(오이),21 kg 박스,,,,18000,,,,trade
광주각화,광주중앙청과,20260806,오이,백다다기(오이),21 kg 박스,,,,16000,,,,trade
광주각화,광주중앙청과,20260806,오이,백다다기(오이),21 kg 박스,,,,18000,,,,trade
광주각화,광주중앙청과,20260806,오이,백다다기(오이),21 kg 박스,,,,20000,,,,trade
광주각화,광주중앙청과,20260806,오이,백다다기(오이),21 kg 박스,,,,28000,,,,trade
광주각화,광주중앙청과,20260806,오이,백다다기(오이),21 kg 박스,,,,20000,,,,trade
광주각화,광주중앙청과,20260806,오이,백다다기(오이),21 kg 박스,,,,42000,,,,trade
광주각화,광주중앙청과,20260806,오이,백다다기(오이),21 kg 박스,,,,40000,,,,trade
광주각화,광주중앙청과,20260806,오이,백다다기(오이),21 kg 박스,,,,25000,,,,trade
광주각화,광주중앙청과,20260806,오이,백다다기(오이),21 kg 박스,,,,36000,,,,trade
광주각화,광주중앙청과,20260806,오이,백다다기(오이),21 kg 박스,,,,12000,,,,trade
광주각화,광주중앙청과,20260806,오이,백다다기(오이),21 kg 박스,,,,12000,,,,trade
광주각화,광주중앙청과,20260806,오이,백다다기(오이),21 kg 박스,,,,34000,,,,trade
광주각화,광주중앙청과,20260806,오이,백다다기(오이),21 kg 박스,,,,48000,,,,trade
광주각화,광주중앙청과,20260806,오이,백다다기(오이),21 kg 박스,,,,33000,,,,trade
광주각화,광주중앙청과,20260806,오이,백다다기(오이),21 kg 박스,,,,33000,,,,trade
광주각화,광주중앙청과,20260806,오이,백다다기(오이),21 kg 박스,,,,34000,,,,trade
광주각화,광주중앙청과,20260806,오이,백다다기(오이),21 kg 박스,,,,32000,,,,trade
광주각화,광주중앙청과,20260806,오이,백다다기(오이),21 kg 박스,,,,29000,,,,trade
광주각화,광주중앙청과,20260806,오이,백다다기(오이),21 kg 박스,,,,48000,,,,trade
광주각화,광주중앙청과,20260806,오이,백다다기(오이),21 kg 박스,,,,37000,,,,trade
광주각화,광주중앙청과,20260806,오이,백다다기(오이),21 kg 박스,,,,46000,,,,trade
광주각화,광주중앙청과,20260806,오이,백다다기(오이),21 kg 박스,,,,37000,,,,trade
광주각화,광주중앙청과,20260806,오이,백다다기(오이),21 kg 박스,,,,45000,,,,trade
광주각화,광주중앙청과,20260806,오이,백다다기(오이),21 kg 박스,,,,42000,,,,trade
광주각화,광주중앙청과,20260806,오이,백다다기(오이),21 kg 박스,,,,34000,,,,trade
광주각화,광주중앙청과,20260806,오이,백다다기(오이),21 kg 박스,,,,38000,,,,trade
광주각화,광주중앙청과,20260806,오이,백다다기(오이),21 kg 박스,,,,50000,,,,trade
광주각화,광주중앙청과,20260806,오이,백다다기(오이),21 kg 박스,,,,49000,,,,trade
광주각화,광주중앙청과,20260806,오이,백다다기(오이),21 kg 박스,,,,34000,,,,trade
광주각화,광주중앙청과,20260806,오이,백다다기(오이),21 kg 박스,,,,38000,,,,trade
광주각화,광주중앙청과,20260806,오이,백다다기(오이),21 kg 박스,,,,36000,,,,trade
광주각화,광주중앙청과,20260806,오이,백다다기(오이),21 kg 박스,,,,41000,,,,trade
광주각화,광주중앙청과,20260806,오이,백다다기(오이),21 kg 박스,,,,50000,,,,trade
광주각화,광주중앙청과,20260806,오이,백다다기(오이),21 kg 팰릿,,,,25000,,,,trade
광주각화,광주중앙청과,20260806,오이,백다다기(오이),21 kg 팰릿,,,,12000,,,,trade
광주각화,광주중앙청과,20260806,오이,백다다기(오이),21 kg 팰릿,,,,39000,,,,trade
광주각화,광주중앙청과,20260806,오이,백다다기(오이),21 kg 팰릿,,,,37000,,,,trade
광주각화,광주중앙청과,20260806,오이,백다다기(오이),21 kg 팰릿,,,,45000,,,,trade
광주각화,광주중앙청과,20260806,오이,백다다기(오이),21 kg 팰릿,,,,45000,,,,trade
광주각화,광주중앙청과,20260806,오이,백다다기(오이),21 kg 팰릿,,,,42000,,,,trade
광주각화,광주중앙청과,20260806,오이,백다다기(오이),21 kg 팰릿,,,,44000,,,,trade
광주각화,광주중앙청과,20260806,오이,백다다기(오이),21 kg 팰릿,,,,36000,,,,trade
광주각화,광주중앙청과,20260806,오이,백다다기(오이),8kg,,,,,6000,8000,6214,grade_agg
광주각화,광주중앙청과,20260806,오이,백다다기(오이),10kg,,,,,2000,27500,14234,grade_agg
광주각화,광주중앙청과,20260806,오이,백다다기(오이),18kg,,,,,3000,22000,8779,grade_agg
광주각화,광주중앙청과,20260806,오이,백다다기(오이),21kg,,,,,4000,50000,32631,grade_agg
광주각화,광주중앙청과,20260811,오이,백다다기(오이),10 kg 박스,,,,23000,,,,trade
광주각화,광주중앙청과,20260811,오이,백다다기(오이),10 kg 박스,,,,18000,,,,trade
광주각화,광주중앙청과,20260811,오이,백다다기(오이),10 kg 박스,,,,12000,,,,trade
광주각화,광주중앙청과,20260811,오이,백다다기(오이),10 kg 박스,,,,12000,,,,trade
광주각화,광주중앙청과,20260811,오이,백다다기(오이),10 kg 박스,,,,5500,,,,trade
광주각화,광주중앙청과,20260811,오이,백다다기(오이),10 kg 박스,,,,35000,,,,trade
광주각화,광주중앙청과,20260811,오이,백다다기(오이),10 kg 박스,,,,15000,,,,trade
광주각화,광주중앙청과,20260811,오이,백다다기(오이),10 kg 박스,,,,28000,,,,trade
광주각화,광주중앙청과,20260811,오이,백다다기(오이),10 kg 박스,,,,15000,,,,trade
광주각화,광주중앙청과,20260811,오이,백다다기(오이),10 kg 박스,,,,20000,,,,trade
광주각화,광주중앙청과,20260811,오이,백다다기(오이),10 kg 박스,,,,9000,,,,trade
광주각화,광주중앙청과,20260811,오이,백다다기(오이),10 kg 박스,,,,5000,,,,trade
광주각화,광주중앙청과,20260811,오이,백다다기(오이),10 kg 박스,,,,3500,,,,trade
광주각화,광주중앙청과,20260811,오이,백다다기(오이),10 kg 박스,,,,22000,,,,trade
광주각화,광주중앙청과,20260811,오이,백다다기(오이),10 kg 박스,,,,5000,,,,trade
광주각화,광주중앙청과,20260811,오이,백다다기(오이),10 kg 박스,,,,15000,,,,trade
광주각화,광주중앙청과,20260811,오이,백다다기(오이),10 kg 박스,,,,7500,,,,trade
광주각화,광주중앙청과,20260811,오이,백다다기(오이),10 kg 박스,,,,16500,,,,trade
광주각화,광주중앙청과,20260811,오이,백다다기(오이),10 kg 박스,,,,14500,,,,trade
광주각화,광주중앙청과,20260811,오이,백다다기(오이),10 kg 박스,,,,21000,,,,trade
광주각화,광주중앙청과,20260811,오이,백다다기(오이),10 kg 박스,,,,18000,,,,trade
광주각화,광주중앙청과,20260811,오이,백다다기(오이),10 kg 박스,,,,21000,,,,trade
광주각화,광주중앙청과,20260811,오이,백다다기(오이),10 kg 박스,,,,7500,,,,trade
광주각화,광주중앙청과,20260811,오이,백다다기(오이),10 kg 박스,,,,15000,,,,trade
광주각화,광주중앙청과,20260811,오이,백다다기(오이),10 kg 박스,,,,20000,,,,trade
광주각화,광주중앙청과,20260811,오이,백다다기(오이),10 kg 박스,,,,6000,,,,trade
광주각화,광주중앙청과,20260811,오이,백다다기(오이),10 kg 박스,,,,17000,,,,trade
광주각화,광주중앙청과,20260811,오이,백다다기(오이),10 kg 박스,,,,12000,,,,trade
광주각화,광주중앙청과,20260811,오이,백다다기(오이),10 kg 박스,,,,7500,,,,trade
광주각화,광주중앙청과,20260811,오이,백다다기(오이),10 kg 박스,,,,7000,,,,trade
광주각화,광주중앙청과,20260811,오이,백다다기(오이),10 kg 박스,,,,14500,,,,trade
광주각화,광주중앙청과,20260811,오이,백다다기(오이),10 kg 박스,,,,24000,,,,trade
광주각화,광주중앙청과,20260811,오이,백다다기(오이),10 kg 박스,,,,12000,,,,trade
광주각화,광주중앙청과,20260811,오이,백다다기(오이),10 kg 박스,,,,14000,,,,trade
광주각화,광주중앙청과,20260811,오이,백다다기(오이),10 kg 박스,,,,19000,,,,trade
광주각화,광주중앙청과,20260811,오이,백다다기(오이),10 kg 박스,,,,24000,,,,trade
광주각화,광주중앙청과,20260811,오이,백다다기(오이),10 kg 박스,,,,9000,,,,trade
광주각화,광주중앙청과,20260811,오이,백다다기(오이),10 kg 박스,,,,6500,,,,trade
광주각화,광주중앙청과,20260811,오이,백다다기(오이),10 kg 박스,,,,13500,,,,trade
광주각화,광주중앙청과,20260811,오이,백다다기(오이),10 kg 팰릿,,,,6000,,,,trade
광주각화,광주중앙청과,20260811,오이,백다다기(오이),10 kg 팰릿,,,,16000,,,,trade
광주각화,광주중앙청과,20260811,오이,백다다기(오이),10 kg 팰릿,,,,28000,,,,trade
광주각화,광주중앙청과,20260811,오이,백다다기(오이),10 kg 팰릿,,,,16500,,,,trade
광주각화,광주중앙청과,20260811,오이,백다다기(오이),10 kg 팰릿,,,,21000,,,,trade
광주각화,광주중앙청과,20260811,오이,백다다기(오이),10 kg 팰릿,,,,14500,,,,trade
광주각화,광주중앙청과,20260811,오이,백다다기(오이),10 kg 팰릿,,,,18500,,,,trade
광주각화,광주중앙청과,20260811,오이,백다다기(오이),10 kg 팰릿,,,,30000,,,,trade
광주각화,광주중앙청과,20260811,오이,백다다기(오이),10 kg 팰릿,,,,33000,,,,trade
광주각화,광주중앙청과,20260811,오이,백다다기(오이),18 kg 박스,,,,7000,,,,trade
광주각화,광주중앙청과,20260811,오이,백다다기(오이),18 kg 박스,,,,8000,,,,trade
광주각화,광주중앙청과,20260811,오이,백다다기(오이),18 kg 박스,,,,10000,,,,trade
광주각화,광주중앙청과,20260811,오이,백다다기(오이),18 kg 박스,,,,36000,,,,trade
광주각화,광주중앙청과,20260811,오이,백다다기(오이),18 kg 박스,,,,15000,,,,trade
광주각화,광주중앙청과,20260811,오이,백다다기(오이),18 kg 박스,,,,13000,,,,trade
광주각화,광주중앙청과,20260811,오이,백다다기(오이),18 kg 박스,,,,13000,,,,trade
광주각화,광주중앙청과,20260811,오이,백다다기(오이),18 kg 박스,,,,5000,,,,trade
광주각화,광주중앙청과,20260811,오이,백다다기(오이),18 kg 팰릿,,,,13000,,,,trade
광주각화,광주중앙청과,20260811,오이,백다다기(오이),18 kg 팰릿,,,,15000,,,,trade
광주각화,광주중앙청과,20260811,오이,백다다기(오이),18 kg 팰릿,,,,10000,,,,trade
광주각화,광주중앙청과,20260811,오이,백다다기(오이),18 kg 팰릿,,,,9000,,,,trade
광주각화,광주중앙청과,20260811,오이,백다다기(오이),21 kg 박스,,,,8000,,,,trade
광주각화,광주중앙청과,20260811,오이,백다다기(오이),21 kg 박스,,,,14000,,,,trade
광주각화,광주중앙청과,20260811,오이,백다다기(오이),21 kg 박스,,,,12000,,,,trade
광주각화,광주중앙청과,20260811,오이,백다다기(오이),21 kg 박스,,,,20000,,,,trade
광주각화,광주중앙청과,20260811,오이,백다다기(오이),21 kg 박스,,,,8000,,,,trade
광주각화,광주중앙청과,20260811,오이,백다다기(오이),21 kg 박스,,,,17000,,,,trade
광주각화,광주중앙청과,20260811,오이,백다다기(오이),21 kg 박스,,,,6000,,,,trade
광주각화,광주중앙청과,20260811,오이,백다다기(오이),21 kg 박스,,,,13000,,,,trade
광주각화,광주중앙청과,20260811,오이,백다다기(오이),21 kg 박스,,,,19000,,,,trade
광주각화,광주중앙청과,20260811,오이,백다다기(오이),21 kg 박스,,,,18000,,,,trade
광주각화,광주중앙청과,20260811,오이,백다다기(오이),21 kg 박스,,,,24000,,,,trade
광주각화,광주중앙청과,20260811,오이,백다다기(오이),21 kg 박스,,,,18000,,,,trade
광주각화,광주중앙청과,20260811,오이,백다다기(오이),21 kg 박스,,,,13000,,,,trade
광주각화,광주중앙청과,20260811,오이,백다다기(오이),21 kg 박스,,,,12000,,,,trade
광주각화,광주중앙청과,20260811,오이,백다다기(오이),21 kg 박스,,,,8000,,,,trade
광주각화,광주중앙청과,20260811,오이,백다다기(오이),21 kg 박스,,,,25000,,,,trade
광주각화,광주중앙청과,20260811,오이,백다다기(오이),21 kg 박스,,,,15000,,,,trade
광주각화,광주중앙청과,20260811,오이,백다다기(오이),21 kg 박스,,,,18000,,,,trade
광주각화,광주중앙청과,20260811,오이,백다다기(오이),21 kg 박스,,,,20000,,,,trade
광주각화,광주중앙청과,20260811,오이,백다다기(오이),21 kg 박스,,,,15000,,,,trade
광주각화,광주중앙청과,20260811,오이,백다다기(오이),21 kg 박스,,,,24000,,,,trade
광주각화,광주중앙청과,20260811,오이,백다다기(오이),21 kg 박스,,,,16000,,,,trade
광주각화,광주중앙청과,20260811,오이,백다다기(오이),21 kg 박스,,,,22000,,,,trade
광주각화,광주중앙청과,20260811,오이,백다다기(오이),21 kg 박스,,,,14000,,,,trade
광주각화,광주중앙청과,20260811,오이,백다다기(오이),21 kg 박스,,,,12000,,,,trade
광주각화,광주중앙청과,20260811,오이,백다다기(오이),21 kg 박스,,,,20000,,,,trade
광주각화,광주중앙청과,20260811,오이,백다다기(오이),21 kg 박스,,,,17000,,,,trade
광주각화,광주중앙청과,20260811,오이,백다다기(오이),21 kg 박스,,,,22000,,,,trade
광주각화,광주중앙청과,20260811,오이,백다다기(오이),21 kg 박스,,,,34000,,,,trade
광주각화,광주중앙청과,20260811,오이,백다다기(오이),21 kg 박스,,,,8000,,,,trade
광주각화,광주중앙청과,20260811,오이,백다다기(오이),21 kg 박스,,,,8000,,,,trade
광주각화,광주중앙청과,20260811,오이,백다다기(오이),21 kg 박스,,,,22000,,,,trade
광주각화,광주중앙청과,20260811,오이,백다다기(오이),21 kg 박스,,,,20000,,,,trade
광주각화,광주중앙청과,20260811,오이,백다다기(오이),21 kg 박스,,,,6000,,,,trade
광주각화,광주중앙청과,20260811,오이,백다다기(오이),21 kg 박스,,,,12000,,,,trade
광주각화,광주중앙청과,20260811,오이,백다다기(오이),21 kg 박스,,,,15000,,,,trade
광주각화,광주중앙청과,20260811,오이,백다다기(오이),21 kg 박스,,,,33000,,,,trade
광주각화,광주중앙청과,20260811,오이,백다다기(오이),21 kg 박스,,,,62000,,,,trade
광주각화,광주중앙청과,20260811,오이,백다다기(오이),21 kg 박스,,,,49000,,,,trade
광주각화,광주중앙청과,20260811,오이,백다다기(오이),21 kg 박스,,,,43000,,,,trade
광주각화,광주중앙청과,20260811,오이,백다다기(오이),21 kg 박스,,,,53000,,,,trade
광주각화,광주중앙청과,20260811,오이,백다다기(오이),21 kg 박스,,,,40000,,,,trade
광주각화,광주중앙청과,20260811,오이,백다다기(오이),21 kg 박스,,,,48000,,,,trade
광주각화,광주중앙청과,20260811,오이,백다다기(오이),21 kg 박스,,,,43000,,,,trade
광주각화,광주중앙청과,20260811,오이,백다다기(오이),21 kg 박스,,,,36000,,,,trade
광주각화,광주중앙청과,20260811,오이,백다다기(오이),21 kg 박스,,,,38000,,,,trade
광주각화,광주중앙청과,20260811,오이,백다다기(오이),21 kg 박스,,,,36000,,,,trade
광주각화,광주중앙청과,20260811,오이,백다다기(오이),21 kg 박스,,,,33000,,,,trade
광주각화,광주중앙청과,20260811,오이,백다다기(오이),21 kg 박스,,,,38000,,,,trade
광주각화,광주중앙청과,20260811,오이,백다다기(오이),21 kg 박스,,,,45000,,,,trade
광주각화,광주중앙청과,20260811,오이,백다다기(오이),21 kg 박스,,,,42000,,,,trade
광주각화,광주중앙청과,20260811,오이,백다다기(오이),21 kg 박스,,,,37000,,,,trade
광주각화,광주중앙청과,20260811,오이,백다다기(오이),21 kg 박스,,,,45000,,,,trade
광주각화,광주중앙청과,20260811,오이,백다다기(오이),21 kg 박스,,,,25000,,,,trade
광주각화,광주중앙청과,20260811,오이,백다다기(오이),21 kg 박스,,,,44000,,,,trade
광주각화,광주중앙청과,20260811,오이,백다다기(오이),21 kg 박스,,,,47000,,,,trade
광주각화,광주중앙청과,20260811,오이,백다다기(오이),21 kg 박스,,,,58000,,,,trade
광주각화,광주중앙청과,20260811,오이,백다다기(오이),21 kg 박스,,,,44000,,,,trade
광주각화,광주중앙청과,20260811,오이,백다다기(오이),21 kg 박스,,,,33000,,,,trade
광주각화,광주중앙청과,20260811,오이,백다다기(오이),21 kg 박스,,,,40000,,,,trade
광주각화,광주중앙청과,20260811,오이,백다다기(오이),21 kg 박스,,,,48000,,,,trade
광주각화,광주중앙청과,20260811,오이,백다다기(오이),21 kg 박스,,,,67000,,,,trade
광주각화,광주중앙청과,20260811,오이,백다다기(오이),21 kg 팰릿,,,,42000,,,,trade
광주각화,광주중앙청과,20260811,오이,백다다기(오이),21 kg 팰릿,,,,30000,,,,trade
광주각화,광주중앙청과,20260811,오이,백다다기(오이),21 kg 팰릿,,,,44000,,,,trade
광주각화,광주중앙청과,20260811,오이,백다다기(오이),21 kg 팰릿,,,,47000,,,,trade
광주각화,광주중앙청과,20260811,오이,백다다기(오이),21 kg 팰릿,,,,30000,,,,trade
광주각화,광주중앙청과,20260811,오이,백다다기(오이),21 kg 팰릿,,,,38000,,,,trade
광주각화,광주중앙청과,20260811,오이,백다다기(오이),21 kg 팰릿,,,,45000,,,,trade
광주각화,광주중앙청과,20260811,오이,백다다기(오이),21 kg 팰릿,,,,50000,,,,trade
광주각화,광주중앙청과,20260811,오이,백다다기(오이),21 kg 팰릿,,,,43000,,,,trade
광주각화,광주중앙청과,20260811,오이,백다다기(오이),10kg,,,,,3500,35000,17914,grade_agg
광주각화,광주중앙청과,20260811,오이,백다다기(오이),18kg,,,,,5000,36000,11550,grade_agg
광주각화,광주중앙청과,20260811,오이,백다다기(오이),21kg,,,,,6000,67000,36400,grade_agg
광주각화,광주중앙청과,20260813,오이,백다다기(오이),10 kg 박스,,,,21000,,,,trade
광주각화,광주중앙청과,20260813,오이,백다다기(오이),10 kg 박스,,,,40000,,,,trade
광주각화,광주중앙청과,20260813,오이,백다다기(오이),10 kg 박스,,,,23000,,,,trade
광주각화,광주중앙청과,20260813,오이,백다다기(오이),10 kg 박스,,,,22000,,,,trade
광주각화,광주중앙청과,20260813,오이,백다다기(오이),10 kg 박스,,,,42500,,,,trade
광주각화,광주중앙청과,20260813,오이,백다다기(오이),10 kg 박스,,,,27000,,,,trade
광주각화,광주중앙청과,20260813,오이,백다다기(오이),10 kg 박스,,,,20000,,,,trade
광주각화,광주중앙청과,20260813,오이,백다다기(오이),10 kg 박스,,,,26000,,,,trade
광주각화,광주중앙청과,20260813,오이,백다다기(오이),10 kg 박스,,,,27500,,,,trade
광주각화,광주중앙청과,20260813,오이,백다다기(오이),10 kg 박스,,,,33000,,,,trade
광주각화,광주중앙청과,20260813,오이,백다다기(오이),10 kg 박스,,,,30000,,,,trade
광주각화,광주중앙청과,20260813,오이,백다다기(오이),10 kg 박스,,,,18000,,,,trade
광주각화,광주중앙청과,20260813,오이,백다다기(오이),10 kg 박스,,,,26500,,,,trade
광주각화,광주중앙청과,20260813,오이,백다다기(오이),10 kg 박스,,,,32000,,,,trade
광주각화,광주중앙청과,20260813,오이,백다다기(오이),10 kg 박스,,,,26000,,,,trade
광주각화,광주중앙청과,20260813,오이,백다다기(오이),10 kg 박스,,,,25000,,,,trade
광주각화,광주중앙청과,20260813,오이,백다다기(오이),10 kg 박스,,,,30000,,,,trade
광주각화,광주중앙청과,20260813,오이,백다다기(오이),10 kg 박스,,,,23000,,,,trade
광주각화,광주중앙청과,20260813,오이,백다다기(오이),10 kg 박스,,,,24500,,,,trade
광주각화,광주중앙청과,20260813,오이,백다다기(오이),10 kg 박스,,,,24000,,,,trade
광주각화,광주중앙청과,20260813,오이,백다다기(오이),10 kg 박스,,,,37500,,,,trade
광주각화,광주중앙청과,20260813,오이,백다다기(오이),10 kg 박스,,,,18000,,,,trade
광주각화,광주중앙청과,20260813,오이,백다다기(오이),10 kg 박스,,,,27000,,,,trade
광주각화,광주중앙청과,20260813,오이,백다다기(오이),10 kg 박스,,,,18000,,,,trade
광주각화,광주중앙청과,20260813,오이,백다다기(오이),10 kg 박스,,,,25500,,,,trade
광주각화,광주중앙청과,20260813,오이,백다다기(오이),10 kg 박스,,,,16000,,,,trade
광주각화,광주중앙청과,20260813,오이,백다다기(오이),10 kg 박스,,,,27500,,,,trade
광주각화,광주중앙청과,20260813,오이,백다다기(오이),10 kg 박스,,,,27500,,,,trade
광주각화,광주중앙청과,20260813,오이,백다다기(오이),10 kg 박스,,,,30000,,,,trade
광주각화,광주중앙청과,20260813,오이,백다다기(오이),10 kg 박스,,,,27000,,,,trade
광주각화,광주중앙청과,20260813,오이,백다다기(오이),10 kg 박스,,,,34000,,,,trade
광주각화,광주중앙청과,20260813,오이,백다다기(오이),10 kg 박스,,,,26500,,,,trade
광주각화,광주중앙청과,20260813,오이,백다다기(오이),10 kg 박스,,,,18000,,,,trade
광주각화,광주중앙청과,20260813,오이,백다다기(오이),10 kg 박스,,,,18000,,,,trade
광주각화,광주중앙청과,20260813,오이,백다다기(오이),10 kg 박스,,,,25000,,,,trade
광주각화,광주중앙청과,20260813,오이,백다다기(오이),10 kg 박스,,,,23500,,,,trade
광주각화,광주중앙청과,20260813,오이,백다다기(오이),10 kg 박스,,,,27000,,,,trade
광주각화,광주중앙청과,20260813,오이,백다다기(오이),10 kg 박스,,,,30000,,,,trade
광주각화,광주중앙청과,20260813,오이,백다다기(오이),10 kg 박스,,,,30000,,,,trade
광주각화,광주중앙청과,20260813,오이,백다다기(오이),10 kg 박스,,,,30000,,,,trade
광주각화,광주중앙청과,20260813,오이,백다다기(오이),10 kg 박스,,,,10000,,,,trade
광주각화,광주중앙청과,20260813,오이,백다다기(오이),10 kg 박스,,,,22500,,,,trade
광주각화,광주중앙청과,20260813,오이,백다다기(오이),10 kg 박스,,,,30000,,,,trade
광주각화,광주중앙청과,20260813,오이,백다다기(오이),10 kg 박스,,,,16000,,,,trade
광주각화,광주중앙청과,20260813,오이,백다다기(오이),10 kg 박스,,,,26500,,,,trade
광주각화,광주중앙청과,20260813,오이,백다다기(오이),10 kg 박스,,,,19000,,,,trade
광주각화,광주중앙청과,20260813,오이,백다다기(오이),10 kg 박스,,,,37000,,,,trade
광주각화,광주중앙청과,20260813,오이,백다다기(오이),10 kg 박스,,,,15000,,,,trade
광주각화,광주중앙청과,20260813,오이,백다다기(오이),10 kg 박스,,,,21000,,,,trade
광주각화,광주중앙청과,20260813,오이,백다다기(오이),10 kg 박스,,,,23000,,,,trade
광주각화,광주중앙청과,20260813,오이,백다다기(오이),10 kg 박스,,,,12000,,,,trade
광주각화,광주중앙청과,20260813,오이,백다다기(오이),10 kg 팰릿,,,,41000,,,,trade
광주각화,광주중앙청과,20260813,오이,백다다기(오이),10 kg 팰릿,,,,26000,,,,trade
광주각화,광주중앙청과,20260813,오이,백다다기(오이),10 kg 팰릿,,,,27500,,,,trade
광주각화,광주중앙청과,20260813,오이,백다다기(오이),10 kg 팰릿,,,,29000,,,,trade
광주각화,광주중앙청과,20260813,오이,백다다기(오이),18 kg 박스,,,,35000,,,,trade
광주각화,광주중앙청과,20260813,오이,백다다기(오이),18 kg 박스,,,,41000,,,,trade
광주각화,광주중앙청과,20260813,오이,백다다기(오이),18 kg 박스,,,,20000,,,,trade
광주각화,광주중앙청과,20260813,오이,백다다기(오이),18 kg 박스,,,,38000,,,,trade
광주각화,광주중앙청과,20260813,오이,백다다기(오이),18 kg 박스,,,,32000,,,,trade
광주각화,광주중앙청과,20260813,오이,백다다기(오이),18 kg 박스,,,,30000,,,,trade
광주각화,광주중앙청과,20260813,오이,백다다기(오이),18 kg 박스,,,,35000,,,,trade
광주각화,광주중앙청과,20260813,오이,백다다기(오이),18 kg 박스,,,,34000,,,,trade
광주각화,광주중앙청과,20260813,오이,백다다기(오이),18 kg 박스,,,,45000,,,,trade
광주각화,광주중앙청과,20260813,오이,백다다기(오이),18 kg 박스,,,,22000,,,,trade
광주각화,광주중앙청과,20260813,오이,백다다기(오이),21 kg 박스,,,,22000,,,,trade
광주각화,광주중앙청과,20260813,오이,백다다기(오이),21 kg 박스,,,,21000,,,,trade
광주각화,광주중앙청과,20260813,오이,백다다기(오이),21 kg 박스,,,,37000,,,,trade
광주각화,광주중앙청과,20260813,오이,백다다기(오이),21 kg 박스,,,,36000,,,,trade
광주각화,광주중앙청과,20260813,오이,백다다기(오이),21 kg 박스,,,,30000,,,,trade
광주각화,광주중앙청과,20260813,오이,백다다기(오이),21 kg 박스,,,,42000,,,,trade
광주각화,광주중앙청과,20260813,오이,백다다기(오이),21 kg 박스,,,,41000,,,,trade
광주각화,광주중앙청과,20260813,오이,백다다기(오이),21 kg 박스,,,,18000,,,,trade
광주각화,광주중앙청과,20260813,오이,백다다기(오이),21 kg 박스,,,,28000,,,,trade
광주각화,광주중앙청과,20260813,오이,백다다기(오이),21 kg 박스,,,,26000,,,,trade
광주각화,광주중앙청과,20260813,오이,백다다기(오이),21 kg 박스,,,,44000,,,,trade
광주각화,광주중앙청과,20260813,오이,백다다기(오이),21 kg 박스,,,,39000,,,,trade
광주각화,광주중앙청과,20260813,오이,백다다기(오이),21 kg 박스,,,,30000,,,,trade
광주각화,광주중앙청과,20260813,오이,백다다기(오이),21 kg 박스,,,,50000,,,,trade
광주각화,광주중앙청과,20260813,오이,백다다기(오이),21 kg 박스,,,,40000,,,,trade
광주각화,광주중앙청과,20260813,오이,백다다기(오이),21 kg 박스,,,,43000,,,,trade
광주각화,광주중앙청과,20260813,오이,백다다기(오이),21 kg 박스,,,,30000,,,,trade
광주각화,광주중앙청과,20260813,오이,백다다기(오이),21 kg 박스,,,,41000,,,,trade
광주각화,광주중앙청과,20260813,오이,백다다기(오이),21 kg 박스,,,,36000,,,,trade
광주각화,광주중앙청과,20260813,오이,백다다기(오이),21 kg 박스,,,,40000,,,,trade
광주각화,광주중앙청과,20260813,오이,백다다기(오이),21 kg 박스,,,,32000,,,,trade
광주각화,광주중앙청과,20260813,오이,백다다기(오이),21 kg 박스,,,,31000,,,,trade
광주각화,광주중앙청과,20260813,오이,백다다기(오이),21 kg 박스,,,,46000,,,,trade
광주각화,광주중앙청과,20260813,오이,백다다기(오이),21 kg 박스,,,,40000,,,,trade
광주각화,광주중앙청과,20260813,오이,백다다기(오이),21 kg 박스,,,,31000,,,,trade
광주각화,광주중앙청과,20260813,오이,백다다기(오이),21 kg 박스,,,,30000,,,,trade
광주각화,광주중앙청과,20260813,오이,백다다기(오이),21 kg 박스,,,,33000,,,,trade
광주각화,광주중앙청과,20260813,오이,백다다기(오이),21 kg 박스,,,,40000,,,,trade
광주각화,광주중앙청과,20260813,오이,백다다기(오이),21 kg 박스,,,,46000,,,,trade
광주각화,광주중앙청과,20260813,오이,백다다기(오이),21 kg 박스,,,,35000,,,,trade
광주각화,광주중앙청과,20260813,오이,백다다기(오이),21 kg 박스,,,,38000,,,,trade
광주각화,광주중앙청과,20260813,오이,백다다기(오이),21 kg 박스,,,,25000,,,,trade
광주각화,광주중앙청과,20260813,오이,백다다기(오이),21 kg 박스,,,,37000,,,,trade
광주각화,광주중앙청과,20260813,오이,백다다기(오이),21 kg 박스,,,,33000,,,,trade
광주각화,광주중앙청과,20260813,오이,백다다기(오이),21 kg 박스,,,,42000,,,,trade
광주각화,광주중앙청과,20260813,오이,백다다기(오이),21 kg 박스,,,,25000,,,,trade
광주각화,광주중앙청과,20260813,오이,백다다기(오이),21 kg 박스,,,,46000,,,,trade
광주각화,광주중앙청과,20260813,오이,백다다기(오이),21 kg 박스,,,,63000,,,,trade
광주각화,광주중앙청과,20260813,오이,백다다기(오이),21 kg 박스,,,,65000,,,,trade
광주각화,광주중앙청과,20260813,오이,백다다기(오이),21 kg 박스,,,,68000,,,,trade
광주각화,광주중앙청과,20260813,오이,백다다기(오이),21 kg 박스,,,,61000,,,,trade
광주각화,광주중앙청과,20260813,오이,백다다기(오이),21 kg 박스,,,,64000,,,,trade
광주각화,광주중앙청과,20260813,오이,백다다기(오이),21 kg 박스,,,,64000,,,,trade
광주각화,광주중앙청과,20260813,오이,백다다기(오이),21 kg 박스,,,,78000,,,,trade
광주각화,광주중앙청과,20260813,오이,백다다기(오이),21 kg 박스,,,,56000,,,,trade
광주각화,광주중앙청과,20260813,오이,백다다기(오이),21 kg 박스,,,,55000,,,,trade
광주각화,광주중앙청과,20260813,오이,백다다기(오이),21 kg 박스,,,,72000,,,,trade
광주각화,광주중앙청과,20260813,오이,백다다기(오이),21 kg 박스,,,,57000,,,,trade
광주각화,광주중앙청과,20260813,오이,백다다기(오이),21 kg 박스,,,,68000,,,,trade
광주각화,광주중앙청과,20260813,오이,백다다기(오이),21 kg 박스,,,,53000,,,,trade
광주각화,광주중앙청과,20260813,오이,백다다기(오이),21 kg 박스,,,,62000,,,,trade
광주각화,광주중앙청과,20260813,오이,백다다기(오이),21 kg 박스,,,,64000,,,,trade
광주각화,광주중앙청과,20260813,오이,백다다기(오이),21 kg 박스,,,,58000,,,,trade
광주각화,광주중앙청과,20260813,오이,백다다기(오이),21 kg 박스,,,,71000,,,,trade
광주각화,광주중앙청과,20260813,오이,백다다기(오이),21 kg 박스,,,,77000,,,,trade
광주각화,광주중앙청과,20260813,오이,백다다기(오이),21 kg 박스,,,,63000,,,,trade
광주각화,광주중앙청과,20260813,오이,백다다기(오이),21 kg 박스,,,,78000,,,,trade
광주각화,광주중앙청과,20260813,오이,백다다기(오이),21 kg 박스,,,,65000,,,,trade
광주각화,광주중앙청과,20260813,오이,백다다기(오이),21 kg 박스,,,,65000,,,,trade
광주각화,광주중앙청과,20260813,오이,백다다기(오이),21 kg 박스,,,,85000,,,,trade
광주각화,광주중앙청과,20260813,오이,백다다기(오이),21 kg 박스,,,,63000,,,,trade
광주각화,광주중앙청과,20260813,오이,백다다기(오이),21 kg 박스,,,,36000,,,,trade
광주각화,광주중앙청과,20260813,오이,백다다기(오이),21 kg 박스,,,,57000,,,,trade
광주각화,광주중앙청과,20260813,오이,백다다기(오이),21 kg 박스,,,,78000,,,,trade
광주각화,광주중앙청과,20260813,오이,백다다기(오이),21 kg 박스,,,,78000,,,,trade
광주각화,광주중앙청과,20260813,오이,백다다기(오이),21 kg 팰릿,,,,46000,,,,trade
광주각화,광주중앙청과,20260813,오이,백다다기(오이),21 kg 팰릿,,,,70000,,,,trade
광주각화,광주중앙청과,20260813,오이,백다다기(오이),21 kg 팰릿,,,,68000,,,,trade
광주각화,광주중앙청과,20260813,오이,백다다기(오이),21 kg 팰릿,,,,63000,,,,trade
광주각화,광주중앙청과,20260813,오이,백다다기(오이),21 kg 팰릿,,,,83000,,,,trade
광주각화,광주중앙청과,20260813,오이,백다다기(오이),10kg,,,,,10000,42500,28582,grade_agg
광주각화,광주중앙청과,20260813,오이,백다다기(오이),18kg,,,,,20000,45000,31696,grade_agg
광주각화,광주중앙청과,20260813,오이,백다다기(오이),21kg,,,,,18000,85000,60756,grade_agg
광주각화,광주중앙청과,20260818,오이,백다다기(오이),10 kg 박스,,,,18000,,,,trade
광주각화,광주중앙청과,20260818,오이,백다다기(오이),10 kg 박스,,,,6000,,,,trade
광주각화,광주중앙청과,20260818,오이,백다다기(오이),10 kg 박스,,,,18000,,,,trade
광주각화,광주중앙청과,20260818,오이,백다다기(오이),10 kg 박스,,,,11500,,,,trade
광주각화,광주중앙청과,20260818,오이,백다다기(오이),10 kg 박스,,,,11000,,,,trade
광주각화,광주중앙청과,20260818,오이,백다다기(오이),10 kg 박스,,,,8000,,,,trade
광주각화,광주중앙청과,20260818,오이,백다다기(오이),10 kg 박스,,,,8000,,,,trade
광주각화,광주중앙청과,20260818,오이,백다다기(오이),10 kg 박스,,,,10000,,,,trade
광주각화,광주중앙청과,20260818,오이,백다다기(오이),10 kg 박스,,,,14000,,,,trade
광주각화,광주중앙청과,20260818,오이,백다다기(오이),10 kg 박스,,,,12500,,,,trade
광주각화,광주중앙청과,20260818,오이,백다다기(오이),10 kg 박스,,,,12000,,,,trade
광주각화,광주중앙청과,20260818,오이,백다다기(오이),10 kg 박스,,,,20000,,,,trade
광주각화,광주중앙청과,20260818,오이,백다다기(오이),10 kg 박스,,,,18000,,,,trade
광주각화,광주중앙청과,20260818,오이,백다다기(오이),10 kg 박스,,,,4000,,,,trade
광주각화,광주중앙청과,20260818,오이,백다다기(오이),10 kg 박스,,,,3000,,,,trade
광주각화,광주중앙청과,20260818,오이,백다다기(오이),10 kg 박스,,,,6000,,,,trade
광주각화,광주중앙청과,20260818,오이,백다다기(오이),10 kg 박스,,,,18000,,,,trade
광주각화,광주중앙청과,20260818,오이,백다다기(오이),10 kg 박스,,,,12000,,,,trade
광주각화,광주중앙청과,20260818,오이,백다다기(오이),10 kg 박스,,,,14000,,,,trade
광주각화,광주중앙청과,20260818,오이,백다다기(오이),10 kg 박스,,,,17000,,,,trade
광주각화,광주중앙청과,20260818,오이,백다다기(오이),10 kg 박스,,,,13000,,,,trade
광주각화,광주중앙청과,20260818,오이,백다다기(오이),10 kg 박스,,,,15000,,,,trade
광주각화,광주중앙청과,20260818,오이,백다다기(오이),10 kg 박스,,,,7500,,,,trade
광주각화,광주중앙청과,20260818,오이,백다다기(오이),10 kg 박스,,,,16000,,,,trade
광주각화,광주중앙청과,20260818,오이,백다다기(오이),10 kg 박스,,,,14000,,,,trade
광주각화,광주중앙청과,20260818,오이,백다다기(오이),10 kg 박스,,,,7500,,,,trade
광주각화,광주중앙청과,20260818,오이,백다다기(오이),10 kg 박스,,,,18000,,,,trade
광주각화,광주중앙청과,20260818,오이,백다다기(오이),10 kg 박스,,,,8000,,,,trade
광주각화,광주중앙청과,20260818,오이,백다다기(오이),10 kg 박스,,,,7500,,,,trade
광주각화,광주중앙청과,20260818,오이,백다다기(오이),10 kg 박스,,,,10000,,,,trade
광주각화,광주중앙청과,20260818,오이,백다다기(오이),10 kg 박스,,,,17000,,,,trade
광주각화,광주중앙청과,20260818,오이,백다다기(오이),10 kg 박스,,,,8500,,,,trade
광주각화,광주중앙청과,20260818,오이,백다다기(오이),10 kg 박스,,,,19000,,,,trade
광주각화,광주중앙청과,20260818,오이,백다다기(오이),10 kg 박스,,,,8000,,,,trade
광주각화,광주중앙청과,20260818,오이,백다다기(오이),10 kg 박스,,,,6000,,,,trade
광주각화,광주중앙청과,20260818,오이,백다다기(오이),10 kg 박스,,,,13000,,,,trade
광주각화,광주중앙청과,20260818,오이,백다다기(오이),10 kg 박스,,,,6000,,,,trade
광주각화,광주중앙청과,20260818,오이,백다다기(오이),10 kg 박스,,,,12500,,,,trade
광주각화,광주중앙청과,20260818,오이,백다다기(오이),10 kg 박스,,,,8000,,,,trade
광주각화,광주중앙청과,20260818,오이,백다다기(오이),10 kg 박스,,,,18000,,,,trade
광주각화,광주중앙청과,20260818,오이,백다다기(오이),10 kg 박스,,,,31500,,,,trade
광주각화,광주중앙청과,20260818,오이,백다다기(오이),10 kg 박스,,,,13000,,,,trade
광주각화,광주중앙청과,20260818,오이,백다다기(오이),10 kg 박스,,,,16000,,,,trade
광주각화,광주중앙청과,20260818,오이,백다다기(오이),10 kg 박스,,,,31500,,,,trade
광주각화,광주중앙청과,20260818,오이,백다다기(오이),10 kg 박스,,,,8000,,,,trade
광주각화,광주중앙청과,20260818,오이,백다다기(오이),10 kg 박스,,,,11000,,,,trade
광주각화,광주중앙청과,20260818,오이,백다다기(오이),10 kg 박스,,,,23000,,,,trade
광주각화,광주중앙청과,20260818,오이,백다다기(오이),10 kg 박스,,,,30000,,,,trade
광주각화,광주중앙청과,20260818,오이,백다다기(오이),10 kg 박스,,,,4000,,,,trade
광주각화,광주중앙청과,20260818,오이,백다다기(오이),10 kg 박스,,,,11000,,,,trade
광주각화,광주중앙청과,20260818,오이,백다다기(오이),10 kg 박스,,,,11500,,,,trade
광주각화,광주중앙청과,20260818,오이,백다다기(오이),10 kg 박스,,,,18500,,,,trade
광주각화,광주중앙청과,20260818,오이,백다다기(오이),10 kg 박스,,,,5000,,,,trade
광주각화,광주중앙청과,20260818,오이,백다다기(오이),10 kg 박스,,,,6000,,,,trade
광주각화,광주중앙청과,20260818,오이,백다다기(오이),10 kg 박스,,,,6000,,,,trade
광주각화,광주중앙청과,20260818,오이,백다다기(오이),10 kg 박스,,,,3000,,,,trade
광주각화,광주중앙청과,20260818,오이,백다다기(오이),10 kg 박스,,,,16000,,,,trade
광주각화,광주중앙청과,20260818,오이,백다다기(오이),10 kg 팰릿,,,,31000,,,,trade
광주각화,광주중앙청과,20260818,오이,백다다기(오이),10 kg 팰릿,,,,33000,,,,trade
광주각화,광주중앙청과,20260818,오이,백다다기(오이),10 kg 팰릿,,,,16000,,,,trade
광주각화,광주중앙청과,20260818,오이,백다다기(오이),10 kg 팰릿,,,,13000,,,,trade
광주각화,광주중앙청과,20260818,오이,백다다기(오이),10 kg 팰릿,,,,15000,,,,trade
광주각화,광주중앙청과,20260818,오이,백다다기(오이),10 kg 팰릿,,,,16500,,,,trade
광주각화,광주중앙청과,20260818,오이,백다다기(오이),10 kg 팰릿,,,,23000,,,,trade
광주각화,광주중앙청과,20260818,오이,백다다기(오이),10 kg 팰릿,,,,26000,,,,trade
광주각화,광주중앙청과,20260818,오이,백다다기(오이),10 kg 팰릿,,,,17000,,,,trade
광주각화,광주중앙청과,20260818,오이,백다다기(오이),10 kg 팰릿,,,,26000,,,,trade
광주각화,광주중앙청과,20260818,오이,백다다기(오이),10 kg 팰릿,,,,18000,,,,trade
광주각화,광주중앙청과,20260818,오이,백다다기(오이),10 kg 팰릿,,,,16000,,,,trade
광주각화,광주중앙청과,20260818,오이,백다다기(오이),10 kg 팰릿,,,,14000,,,,trade
광주각화,광주중앙청과,20260818,오이,백다다기(오이),18 kg 박스,,,,14000,,,,trade
광주각화,광주중앙청과,20260818,오이,백다다기(오이),18 kg 박스,,,,13000,,,,trade
광주각화,광주중앙청과,20260818,오이,백다다기(오이),18 kg 박스,,,,14000,,,,trade
광주각화,광주중앙청과,20260818,오이,백다다기(오이),18 kg 박스,,,,7000,,,,trade
광주각화,광주중앙청과,20260818,오이,백다다기(오이),18 kg 박스,,,,10000,,,,trade
광주각화,광주중앙청과,20260818,오이,백다다기(오이),18 kg 박스,,,,3000,,,,trade
광주각화,광주중앙청과,20260818,오이,백다다기(오이),18 kg 박스,,,,15000,,,,trade
광주각화,광주중앙청과,20260818,오이,백다다기(오이),18 kg 박스,,,,10000,,,,trade
광주각화,광주중앙청과,20260818,오이,백다다기(오이),18 kg 팰릿,,,,15000,,,,trade
광주각화,광주중앙청과,20260818,오이,백다다기(오이),18 kg 팰릿,,,,15000,,,,trade
광주각화,광주중앙청과,20260818,오이,백다다기(오이),18 kg 팰릿,,,,14000,,,,trade
광주각화,광주중앙청과,20260818,오이,백다다기(오이),18 kg 팰릿,,,,15000,,,,trade
광주각화,광주중앙청과,20260818,오이,백다다기(오이),21 kg 박스,,,,20000,,,,trade
광주각화,광주중앙청과,20260818,오이,백다다기(오이),21 kg 박스,,,,53000,,,,trade
광주각화,광주중앙청과,20260818,오이,백다다기(오이),21 kg 박스,,,,53000,,,,trade
광주각화,광주중앙청과,20260818,오이,백다다기(오이),21 kg 박스,,,,12000,,,,trade
광주각화,광주중앙청과,20260818,오이,백다다기(오이),21 kg 박스,,,,6000,,,,trade
광주각화,광주중앙청과,20260818,오이,백다다기(오이),21 kg 박스,,,,30000,,,,trade
광주각화,광주중앙청과,20260818,오이,백다다기(오이),21 kg 박스,,,,7000,,,,trade
광주각화,광주중앙청과,20260818,오이,백다다기(오이),21 kg 박스,,,,35000,,,,trade
광주각화,광주중앙청과,20260818,오이,백다다기(오이),21 kg 박스,,,,9000,,,,trade
광주각화,광주중앙청과,20260818,오이,백다다기(오이),21 kg 박스,,,,27000,,,,trade
광주각화,광주중앙청과,20260818,오이,백다다기(오이),21 kg 박스,,,,6000,,,,trade
광주각화,광주중앙청과,20260818,오이,백다다기(오이),21 kg 박스,,,,5000,,,,trade
광주각화,광주중앙청과,20260818,오이,백다다기(오이),21 kg 박스,,,,12000,,,,trade
광주각화,광주중앙청과,20260818,오이,백다다기(오이),21 kg 박스,,,,36000,,,,trade
광주각화,광주중앙청과,20260818,오이,백다다기(오이),21 kg 박스,,,,15000,,,,trade
광주각화,광주중앙청과,20260818,오이,백다다기(오이),21 kg 박스,,,,15000,,,,trade
광주각화,광주중앙청과,20260818,오이,백다다기(오이),21 kg 박스,,,,14000,,,,trade
광주각화,광주중앙청과,20260818,오이,백다다기(오이),21 kg 박스,,,,40000,,,,trade
광주각화,광주중앙청과,20260818,오이,백다다기(오이),21 kg 박스,,,,11000,,,,trade
광주각화,광주중앙청과,20260818,오이,백다다기(오이),21 kg 박스,,,,12000,,,,trade
광주각화,광주중앙청과,20260818,오이,백다다기(오이),21 kg 박스,,,,16000,,,,trade
광주각화,광주중앙청과,20260818,오이,백다다기(오이),21 kg 박스,,,,10000,,,,trade
광주각화,광주중앙청과,20260818,오이,백다다기(오이),21 kg 박스,,,,16000,,,,trade
광주각화,광주중앙청과,20260818,오이,백다다기(오이),21 kg 박스,,,,18000,,,,trade
광주각화,광주중앙청과,20260818,오이,백다다기(오이),21 kg 박스,,,,10000,,,,trade
광주각화,광주중앙청과,20260818,오이,백다다기(오이),21 kg 박스,,,,18000,,,,trade
광주각화,광주중앙청과,20260818,오이,백다다기(오이),21 kg 박스,,,,38000,,,,trade
광주각화,광주중앙청과,20260818,오이,백다다기(오이),21 kg 박스,,,,11000,,,,trade
광주각화,광주중앙청과,20260818,오이,백다다기(오이),21 kg 박스,,,,15000,,,,trade
광주각화,광주중앙청과,20260818,오이,백다다기(오이),21 kg 박스,,,,11000,,,,trade
광주각화,광주중앙청과,20260818,오이,백다다기(오이),21 kg 박스,,,,12000,,,,trade
광주각화,광주중앙청과,20260818,오이,백다다기(오이),21 kg 박스,,,,15000,,,,trade
광주각화,광주중앙청과,20260818,오이,백다다기(오이),21 kg 박스,,,,11000,,,,trade
광주각화,광주중앙청과,20260818,오이,백다다기(오이),21 kg 박스,,,,18000,,,,trade
광주각화,광주중앙청과,20260818,오이,백다다기(오이),21 kg 박스,,,,8000,,,,trade
광주각화,광주중앙청과,20260818,오이,백다다기(오이),21 kg 박스,,,,20000,,,,trade
광주각화,광주중앙청과,20260818,오이,백다다기(오이),21 kg 박스,,,,10000,,,,trade
광주각화,광주중앙청과,20260818,오이,백다다기(오이),21 kg 박스,,,,11000,,,,trade
광주각화,광주중앙청과,20260818,오이,백다다기(오이),21 kg 박스,,,,15000,,,,trade
광주각화,광주중앙청과,20260818,오이,백다다기(오이),21 kg 박스,,,,20000,,,,trade
광주각화,광주중앙청과,20260818,오이,백다다기(오이),21 kg 박스,,,,12000,,,,trade
광주각화,광주중앙청과,20260818,오이,백다다기(오이),21 kg 박스,,,,12000,,,,trade
광주각화,광주중앙청과,20260818,오이,백다다기(오이),21 kg 박스,,,,16000,,,,trade
광주각화,광주중앙청과,20260818,오이,백다다기(오이),21 kg 박스,,,,12000,,,,trade
광주각화,광주중앙청과,20260818,오이,백다다기(오이),21 kg 박스,,,,24000,,,,trade
광주각화,광주중앙청과,20260818,오이,백다다기(오이),21 kg 박스,,,,10000,,,,trade
광주각화,광주중앙청과,20260818,오이,백다다기(오이),21 kg 박스,,,,16000,,,,trade
광주각화,광주중앙청과,20260818,오이,백다다기(오이),21 kg 박스,,,,14000,,,,trade
광주각화,광주중앙청과,20260818,오이,백다다기(오이),21 kg 박스,,,,17000,,,,trade
광주각화,광주중앙청과,20260818,오이,백다다기(오이),21 kg 박스,,,,51000,,,,trade
광주각화,광주중앙청과,20260818,오이,백다다기(오이),21 kg 박스,,,,13000,,,,trade
광주각화,광주중앙청과,20260818,오이,백다다기(오이),21 kg 박스,,,,43000,,,,trade
광주각화,광주중앙청과,20260818,오이,백다다기(오이),21 kg 박스,,,,45000,,,,trade
광주각화,광주중앙청과,20260818,오이,백다다기(오이),21 kg 박스,,,,42000,,,,trade
광주각화,광주중앙청과,20260818,오이,백다다기(오이),21 kg 박스,,,,34000,,,,trade
광주각화,광주중앙청과,20260818,오이,백다다기(오이),21 kg 박스,,,,30000,,,,trade
광주각화,광주중앙청과,20260818,오이,백다다기(오이),21 kg 박스,,,,48000,,,,trade
광주각화,광주중앙청과,20260818,오이,백다다기(오이),21 kg 박스,,,,46000,,,,trade
광주각화,광주중앙청과,20260818,오이,백다다기(오이),21 kg 박스,,,,46000,,,,trade
광주각화,광주중앙청과,20260818,오이,백다다기(오이),21 kg 박스,,,,44000,,,,trade
광주각화,광주중앙청과,20260818,오이,백다다기(오이),21 kg 박스,,,,27000,,,,trade
광주각화,광주중앙청과,20260818,오이,백다다기(오이),21 kg 박스,,,,49000,,,,trade
광주각화,광주중앙청과,20260818,오이,백다다기(오이),21 kg 박스,,,,54000,,,,trade
광주각화,광주중앙청과,20260818,오이,백다다기(오이),21 kg 박스,,,,52000,,,,trade
광주각화,광주중앙청과,20260818,오이,백다다기(오이),21 kg 박스,,,,22000,,,,trade
광주각화,광주중앙청과,20260818,오이,백다다기(오이),21 kg 박스,,,,42000,,,,trade
광주각화,광주중앙청과,20260818,오이,백다다기(오이),21 kg 박스,,,,53000,,,,trade
광주각화,광주중앙청과,20260818,오이,백다다기(오이),21 kg 박스,,,,50000,,,,trade
광주각화,광주중앙청과,20260818,오이,백다다기(오이),21 kg 박스,,,,53000,,,,trade
광주각화,광주중앙청과,20260818,오이,백다다기(오이),21 kg 박스,,,,43000,,,,trade
광주각화,광주중앙청과,20260818,오이,백다다기(오이),21 kg 박스,,,,28000,,,,trade
광주각화,광주중앙청과,20260818,오이,백다다기(오이),21 kg 박스,,,,42000,,,,trade
광주각화,광주중앙청과,20260818,오이,백다다기(오이),21 kg 박스,,,,54000,,,,trade
광주각화,광주중앙청과,20260818,오이,백다다기(오이),21 kg 박스,,,,53000,,,,trade
광주각화,광주중앙청과,20260818,오이,백다다기(오이),21 kg 박스,,,,58000,,,,trade
광주각화,광주중앙청과,20260818,오이,백다다기(오이),21 kg 박스,,,,56000,,,,trade
광주각화,광주중앙청과,20260818,오이,백다다기(오이),21 kg 박스,,,,71000,,,,trade
광주각화,광주중앙청과,20260818,오이,백다다기(오이),21 kg 박스,,,,51000,,,,trade
광주각화,광주중앙청과,20260818,오이,백다다기(오이),21 kg 박스,,,,65000,,,,trade
광주각화,광주중앙청과,20260818,오이,백다다기(오이),21 kg 박스,,,,61000,,,,trade
광주각화,광주중앙청과,20260818,오이,백다다기(오이),21 kg 박스,,,,70000,,,,trade
광주각화,광주중앙청과,20260818,오이,백다다기(오이),21 kg 박스,,,,75000,,,,trade
광주각화,광주중앙청과,20260818,오이,백다다기(오이),21 kg 팰릿,,,,45000,,,,trade
광주각화,광주중앙청과,20260818,오이,백다다기(오이),21 kg 팰릿,,,,43000,,,,trade
광주각화,광주중앙청과,20260818,오이,백다다기(오이),21 kg 팰릿,,,,48000,,,,trade
광주각화,광주중앙청과,20260818,오이,백다다기(오이),21 kg 팰릿,,,,53000,,,,trade
광주각화,광주중앙청과,20260818,오이,백다다기(오이),10kg,,,,,3000,33000,19070,grade_agg
광주각화,광주중앙청과,20260818,오이,백다다기(오이),18kg,,,,,3000,15000,13311,grade_agg
광주각화,광주중앙청과,20260818,오이,백다다기(오이),21kg,,,,,5000,75000,42966,grade_agg
광주각화,광주중앙청과,20260820,오이,백다다기(오이),10 kg 박스,,,,5500,,,,trade
광주각화,광주중앙청과,20260820,오이,백다다기(오이),10 kg 박스,,,,5000,,,,trade
광주각화,광주중앙청과,20260820,오이,백다다기(오이),10 kg 박스,,,,16000,,,,trade
광주각화,광주중앙청과,20260820,오이,백다다기(오이),10 kg 박스,,,,8000,,,,trade
광주각화,광주중앙청과,20260820,오이,백다다기(오이),10 kg 박스,,,,16000,,,,trade
광주각화,광주중앙청과,20260820,오이,백다다기(오이),10 kg 박스,,,,12000,,,,trade
광주각화,광주중앙청과,20260820,오이,백다다기(오이),10 kg 박스,,,,15000,,,,trade
광주각화,광주중앙청과,20260820,오이,백다다기(오이),10 kg 박스,,,,9000,,,,trade
광주각화,광주중앙청과,20260820,오이,백다다기(오이),10 kg 박스,,,,16000,,,,trade
광주각화,광주중앙청과,20260820,오이,백다다기(오이),10 kg 박스,,,,8500,,,,trade
광주각화,광주중앙청과,20260820,오이,백다다기(오이),10 kg 박스,,,,12000,,,,trade
광주각화,광주중앙청과,20260820,오이,백다다기(오이),10 kg 박스,,,,13500,,,,trade
광주각화,광주중앙청과,20260820,오이,백다다기(오이),10 kg 박스,,,,10000,,,,trade
광주각화,광주중앙청과,20260820,오이,백다다기(오이),10 kg 박스,,,,5000,,,,trade
광주각화,광주중앙청과,20260820,오이,백다다기(오이),10 kg 박스,,,,14000,,,,trade
광주각화,광주중앙청과,20260820,오이,백다다기(오이),10 kg 박스,,,,6000,,,,trade
광주각화,광주중앙청과,20260820,오이,백다다기(오이),10 kg 박스,,,,6500,,,,trade
광주각화,광주중앙청과,20260820,오이,백다다기(오이),10 kg 박스,,,,15000,,,,trade
광주각화,광주중앙청과,20260820,오이,백다다기(오이),10 kg 박스,,,,11000,,,,trade
광주각화,광주중앙청과,20260820,오이,백다다기(오이),10 kg 박스,,,,15500,,,,trade
광주각화,광주중앙청과,20260820,오이,백다다기(오이),10 kg 박스,,,,5000,,,,trade
광주각화,광주중앙청과,20260820,오이,백다다기(오이),10 kg 박스,,,,12000,,,,trade
광주각화,광주중앙청과,20260820,오이,백다다기(오이),10 kg 박스,,,,15000,,,,trade
광주각화,광주중앙청과,20260820,오이,백다다기(오이),10 kg 박스,,,,5500,,,,trade
광주각화,광주중앙청과,20260820,오이,백다다기(오이),10 kg 박스,,,,6500,,,,trade
광주각화,광주중앙청과,20260820,오이,백다다기(오이),10 kg 박스,,,,11000,,,,trade
광주각화,광주중앙청과,20260820,오이,백다다기(오이),10 kg 박스,,,,11500,,,,trade
광주각화,광주중앙청과,20260820,오이,백다다기(오이),10 kg 박스,,,,6000,,,,trade
광주각화,광주중앙청과,20260820,오이,백다다기(오이),10 kg 박스,,,,15500,,,,trade
광주각화,광주중앙청과,20260820,오이,백다다기(오이),10 kg 박스,,,,6000,,,,trade
광주각화,광주중앙청과,20260820,오이,백다다기(오이),10 kg 박스,,,,24000,,,,trade
광주각화,광주중앙청과,20260820,오이,백다다기(오이),10 kg 박스,,,,10000,,,,trade
광주각화,광주중앙청과,20260820,오이,백다다기(오이),10 kg 박스,,,,4500,,,,trade
광주각화,광주중앙청과,20260820,오이,백다다기(오이),10 kg 박스,,,,7500,,,,trade
광주각화,광주중앙청과,20260820,오이,백다다기(오이),10 kg 박스,,,,4500,,,,trade
광주각화,광주중앙청과,20260820,오이,백다다기(오이),10 kg 박스,,,,6000,,,,trade
광주각화,광주중앙청과,20260820,오이,백다다기(오이),10 kg 박스,,,,18000,,,,trade
광주각화,광주중앙청과,20260820,오이,백다다기(오이),10 kg 박스,,,,3500,,,,trade
광주각화,광주중앙청과,20260820,오이,백다다기(오이),10 kg 박스,,,,10000,,,,trade
광주각화,광주중앙청과,20260820,오이,백다다기(오이),10 kg 박스,,,,16000,,,,trade
광주각화,광주중앙청과,20260820,오이,백다다기(오이),10 kg 박스,,,,4000,,,,trade
광주각화,광주중앙청과,20260820,오이,백다다기(오이),10 kg 박스,,,,5000,,,,trade
광주각화,광주중앙청과,20260820,오이,백다다기(오이),10 kg 박스,,,,17000,,,,trade
광주각화,광주중앙청과,20260820,오이,백다다기(오이),10 kg 박스,,,,26500,,,,trade
광주각화,광주중앙청과,20260820,오이,백다다기(오이),10 kg 박스,,,,22500,,,,trade
광주각화,광주중앙청과,20260820,오이,백다다기(오이),10 kg 박스,,,,16000,,,,trade
광주각화,광주중앙청과,20260820,오이,백다다기(오이),10 kg 박스,,,,3500,,,,trade
광주각화,광주중앙청과,20260820,오이,백다다기(오이),10 kg 박스,,,,4000,,,,trade
광주각화,광주중앙청과,20260820,오이,백다다기(오이),10 kg 박스,,,,5000,,,,trade
광주각화,광주중앙청과,20260820,오이,백다다기(오이),10 kg 박스,,,,6000,,,,trade
광주각화,광주중앙청과,20260820,오이,백다다기(오이),10 kg 박스,,,,2000,,,,trade
광주각화,광주중앙청과,20260820,오이,백다다기(오이),10 kg 박스,,,,4000,,,,trade
광주각화,광주중앙청과,20260820,오이,백다다기(오이),10 kg 박스,,,,5000,,,,trade
광주각화,광주중앙청과,20260820,오이,백다다기(오이),10 kg 박스,,,,16000,,,,trade
광주각화,광주중앙청과,20260820,오이,백다다기(오이),10 kg 박스,,,,13000,,,,trade
광주각화,광주중앙청과,20260820,오이,백다다기(오이),10 kg 박스,,,,24000,,,,trade
광주각화,광주중앙청과,20260820,오이,백다다기(오이),10 kg 박스,,,,6500,,,,trade
광주각화,광주중앙청과,20260820,오이,백다다기(오이),10 kg 박스,,,,6000,,,,trade
광주각화,광주중앙청과,20260820,오이,백다다기(오이),10 kg 박스,,,,17500,,,,trade
광주각화,광주중앙청과,20260820,오이,백다다기(오이),10 kg 박스,,,,6000,,,,trade
광주각화,광주중앙청과,20260820,오이,백다다기(오이),10 kg 박스,,,,9000,,,,trade
광주각화,광주중앙청과,20260820,오이,백다다기(오이),10 kg 박스,,,,17000,,,,trade
광주각화,광주중앙청과,20260820,오이,백다다기(오이),10 kg 박스,,,,20000,,,,trade
광주각화,광주중앙청과,20260820,오이,백다다기(오이),10 kg 팰릿,,,,19000,,,,trade
광주각화,광주중앙청과,20260820,오이,백다다기(오이),10 kg 팰릿,,,,9000,,,,trade
광주각화,광주중앙청과,20260820,오이,백다다기(오이),18 kg 박스,,,,9000,,,,trade
광주각화,광주중앙청과,20260820,오이,백다다기(오이),18 kg 박스,,,,14000,,,,trade
광주각화,광주중앙청과,20260820,오이,백다다기(오이),18 kg 박스,,,,14000,,,,trade
광주각화,광주중앙청과,20260820,오이,백다다기(오이),18 kg 박스,,,,5000,,,,trade
광주각화,광주중앙청과,20260820,오이,백다다기(오이),18 kg 박스,,,,8000,,,,trade
광주각화,광주중앙청과,20260820,오이,백다다기(오이),18 kg 박스,,,,10000,,,,trade
광주각화,광주중앙청과,20260820,오이,백다다기(오이),18 kg 박스,,,,12000,,,,trade
광주각화,광주중앙청과,20260820,오이,백다다기(오이),18 kg 박스,,,,8000,,,,trade
광주각화,광주중앙청과,20260820,오이,백다다기(오이),18 kg 박스,,,,13000,,,,trade
광주각화,광주중앙청과,20260820,오이,백다다기(오이),21 kg 박스,,,,68000,,,,trade
광주각화,광주중앙청과,20260820,오이,백다다기(오이),21 kg 박스,,,,5000,,,,trade
광주각화,광주중앙청과,20260820,오이,백다다기(오이),21 kg 박스,,,,7000,,,,trade
광주각화,광주중앙청과,20260820,오이,백다다기(오이),21 kg 박스,,,,15000,,,,trade
광주각화,광주중앙청과,20260820,오이,백다다기(오이),21 kg 박스,,,,12000,,,,trade
광주각화,광주중앙청과,20260820,오이,백다다기(오이),21 kg 박스,,,,8000,,,,trade
광주각화,광주중앙청과,20260820,오이,백다다기(오이),21 kg 박스,,,,12000,,,,trade
광주각화,광주중앙청과,20260820,오이,백다다기(오이),21 kg 박스,,,,8000,,,,trade
광주각화,광주중앙청과,20260820,오이,백다다기(오이),21 kg 박스,,,,18000,,,,trade
광주각화,광주중앙청과,20260820,오이,백다다기(오이),21 kg 박스,,,,14000,,,,trade
광주각화,광주중앙청과,20260820,오이,백다다기(오이),21 kg 박스,,,,7000,,,,trade
광주각화,광주중앙청과,20260820,오이,백다다기(오이),21 kg 박스,,,,7000,,,,trade
광주각화,광주중앙청과,20260820,오이,백다다기(오이),21 kg 박스,,,,12000,,,,trade
광주각화,광주중앙청과,20260820,오이,백다다기(오이),21 kg 박스,,,,16000,,,,trade
광주각화,광주중앙청과,20260820,오이,백다다기(오이),21 kg 박스,,,,8000,,,,trade
광주각화,광주중앙청과,20260820,오이,백다다기(오이),21 kg 박스,,,,12000,,,,trade
광주각화,광주중앙청과,20260820,오이,백다다기(오이),21 kg 박스,,,,10000,,,,trade
광주각화,광주중앙청과,20260820,오이,백다다기(오이),21 kg 박스,,,,11000,,,,trade
광주각화,광주중앙청과,20260820,오이,백다다기(오이),21 kg 박스,,,,10000,,,,trade
광주각화,광주중앙청과,20260820,오이,백다다기(오이),21 kg 박스,,,,11000,,,,trade
광주각화,광주중앙청과,20260820,오이,백다다기(오이),21 kg 박스,,,,18000,,,,trade
광주각화,광주중앙청과,20260820,오이,백다다기(오이),21 kg 박스,,,,15000,,,,trade
광주각화,광주중앙청과,20260820,오이,백다다기(오이),21 kg 박스,,,,25000,,,,trade
광주각화,광주중앙청과,20260820,오이,백다다기(오이),21 kg 박스,,,,6000,,,,trade
광주각화,광주중앙청과,20260820,오이,백다다기(오이),21 kg 박스,,,,11000,,,,trade
광주각화,광주중앙청과,20260820,오이,백다다기(오이),21 kg 박스,,,,10000,,,,trade
광주각화,광주중앙청과,20260820,오이,백다다기(오이),21 kg 박스,,,,31000,,,,trade
광주각화,광주중앙청과,20260820,오이,백다다기(오이),21 kg 박스,,,,13000,,,,trade
광주각화,광주중앙청과,20260820,오이,백다다기(오이),21 kg 박스,,,,13000,,,,trade
광주각화,광주중앙청과,20260820,오이,백다다기(오이),21 kg 박스,,,,6000,,,,trade
광주각화,광주중앙청과,20260820,오이,백다다기(오이),21 kg 박스,,,,22000,,,,trade
광주각화,광주중앙청과,20260820,오이,백다다기(오이),21 kg 박스,,,,13000,,,,trade
광주각화,광주중앙청과,20260820,오이,백다다기(오이),21 kg 박스,,,,10000,,,,trade
광주각화,광주중앙청과,20260820,오이,백다다기(오이),21 kg 박스,,,,7000,,,,trade
광주각화,광주중앙청과,20260820,오이,백다다기(오이),21 kg 박스,,,,12000,,,,trade
광주각화,광주중앙청과,20260820,오이,백다다기(오이),21 kg 박스,,,,32000,,,,trade
광주각화,광주중앙청과,20260820,오이,백다다기(오이),21 kg 박스,,,,33000,,,,trade
광주각화,광주중앙청과,20260820,오이,백다다기(오이),21 kg 박스,,,,18000,,,,trade
광주각화,광주중앙청과,20260820,오이,백다다기(오이),21 kg 박스,,,,28000,,,,trade
광주각화,광주중앙청과,20260820,오이,백다다기(오이),21 kg 박스,,,,15000,,,,trade
광주각화,광주중앙청과,20260820,오이,백다다기(오이),21 kg 박스,,,,34000,,,,trade
광주각화,광주중앙청과,20260820,오이,백다다기(오이),21 kg 박스,,,,28000,,,,trade
광주각화,광주중앙청과,20260820,오이,백다다기(오이),21 kg 박스,,,,29000,,,,trade
광주각화,광주중앙청과,20260820,오이,백다다기(오이),21 kg 박스,,,,33000,,,,trade
광주각화,광주중앙청과,20260820,오이,백다다기(오이),21 kg 박스,,,,32000,,,,trade
광주각화,광주중앙청과,20260820,오이,백다다기(오이),21 kg 박스,,,,29000,,,,trade
광주각화,광주중앙청과,20260820,오이,백다다기(오이),21 kg 박스,,,,27000,,,,trade
광주각화,광주중앙청과,20260820,오이,백다다기(오이),21 kg 박스,,,,33000,,,,trade
광주각화,광주중앙청과,20260820,오이,백다다기(오이),21 kg 박스,,,,35000,,,,trade
광주각화,광주중앙청과,20260820,오이,백다다기(오이),21 kg 박스,,,,35000,,,,trade
광주각화,광주중앙청과,20260820,오이,백다다기(오이),21 kg 박스,,,,36000,,,,trade
광주각화,광주중앙청과,20260820,오이,백다다기(오이),21 kg 박스,,,,35000,,,,trade
광주각화,광주중앙청과,20260820,오이,백다다기(오이),21 kg 박스,,,,33000,,,,trade
광주각화,광주중앙청과,20260820,오이,백다다기(오이),21 kg 박스,,,,28000,,,,trade
광주각화,광주중앙청과,20260820,오이,백다다기(오이),21 kg 박스,,,,36000,,,,trade
광주각화,광주중앙청과,20260820,오이,백다다기(오이),21 kg 박스,,,,34000,,,,trade
광주각화,광주중앙청과,20260820,오이,백다다기(오이),21 kg 박스,,,,29000,,,,trade
광주각화,광주중앙청과,20260820,오이,백다다기(오이),21 kg 박스,,,,40000,,,,trade
광주각화,광주중앙청과,20260820,오이,백다다기(오이),21 kg 박스,,,,38000,,,,trade
광주각화,광주중앙청과,20260820,오이,백다다기(오이),21 kg 박스,,,,30000,,,,trade
광주각화,광주중앙청과,20260820,오이,백다다기(오이),21 kg 박스,,,,30000,,,,trade
광주각화,광주중앙청과,20260820,오이,백다다기(오이),21 kg 박스,,,,36000,,,,trade
광주각화,광주중앙청과,20260820,오이,백다다기(오이),21 kg 팰릿,,,,33000,,,,trade
광주각화,광주중앙청과,20260820,오이,백다다기(오이),21 kg 팰릿,,,,45000,,,,trade
광주각화,광주중앙청과,20260820,오이,백다다기(오이),21 kg 팰릿,,,,33000,,,,trade
광주각화,광주중앙청과,20260820,오이,백다다기(오이),10kg,,,,,2000,26500,13248,grade_agg
광주각화,광주중앙청과,20260820,오이,백다다기(오이),18kg,,,,,5000,14000,9840,grade_agg
광주각화,광주중앙청과,20260820,오이,백다다기(오이),21kg,,,,,5000,68000,28253,grade_agg
광주각화,광주중앙청과,20260825,오이,백다다기(오이),10 kg 박스,,,,5000,,,,trade
광주각화,광주중앙청과,20260825,오이,백다다기(오이),10 kg 박스,,,,30000,,,,trade
광주각화,광주중앙청과,20260825,오이,백다다기(오이),10 kg 박스,,,,5000,,,,trade
광주각화,광주중앙청과,20260825,오이,백다다기(오이),10 kg 박스,,,,32500,,,,trade
광주각화,광주중앙청과,20260825,오이,백다다기(오이),10 kg 박스,,,,18000,,,,trade
광주각화,광주중앙청과,20260825,오이,백다다기(오이),10 kg 박스,,,,8000,,,,trade
광주각화,광주중앙청과,20260825,오이,백다다기(오이),10 kg 박스,,,,26000,,,,trade
광주각화,광주중앙청과,20260825,오이,백다다기(오이),10 kg 박스,,,,25000,,,,trade
광주각화,광주중앙청과,20260825,오이,백다다기(오이),10 kg 박스,,,,8000,,,,trade
광주각화,광주중앙청과,20260825,오이,백다다기(오이),10 kg 박스,,,,9000,,,,trade
광주각화,광주중앙청과,20260825,오이,백다다기(오이),10 kg 박스,,,,28000,,,,trade
광주각화,광주중앙청과,20260825,오이,백다다기(오이),10 kg 박스,,,,9000,,,,trade
광주각화,광주중앙청과,20260825,오이,백다다기(오이),10 kg 박스,,,,13000,,,,trade
광주각화,광주중앙청과,20260825,오이,백다다기(오이),10 kg 박스,,,,5000,,,,trade
광주각화,광주중앙청과,20260825,오이,백다다기(오이),10 kg 박스,,,,26000,,,,trade
광주각화,광주중앙청과,20260825,오이,백다다기(오이),10 kg 박스,,,,15000,,,,trade
광주각화,광주중앙청과,20260825,오이,백다다기(오이),10 kg 박스,,,,6000,,,,trade
광주각화,광주중앙청과,20260825,오이,백다다기(오이),10 kg 박스,,,,30000,,,,trade
광주각화,광주중앙청과,20260825,오이,백다다기(오이),10 kg 박스,,,,12500,,,,trade
광주각화,광주중앙청과,20260825,오이,백다다기(오이),10 kg 박스,,,,32000,,,,trade
광주각화,광주중앙청과,20260825,오이,백다다기(오이),10 kg 박스,,,,9000,,,,trade
광주각화,광주중앙청과,20260825,오이,백다다기(오이),10 kg 박스,,,,23000,,,,trade
광주각화,광주중앙청과,20260825,오이,백다다기(오이),10 kg 박스,,,,29000,,,,trade
광주각화,광주중앙청과,20260825,오이,백다다기(오이),10 kg 박스,,,,6000,,,,trade
광주각화,광주중앙청과,20260825,오이,백다다기(오이),10 kg 박스,,,,29000,,,,trade
광주각화,광주중앙청과,20260825,오이,백다다기(오이),10 kg 박스,,,,20000,,,,trade
광주각화,광주중앙청과,20260825,오이,백다다기(오이),10 kg 박스,,,,26500,,,,trade
광주각화,광주중앙청과,20260825,오이,백다다기(오이),10 kg 박스,,,,7000,,,,trade
광주각화,광주중앙청과,20260825,오이,백다다기(오이),10 kg 박스,,,,18000,,,,trade
광주각화,광주중앙청과,20260825,오이,백다다기(오이),10 kg 박스,,,,29000,,,,trade
광주각화,광주중앙청과,20260825,오이,백다다기(오이),10 kg 박스,,,,4000,,,,trade
광주각화,광주중앙청과,20260825,오이,백다다기(오이),10 kg 박스,,,,8000,,,,trade
광주각화,광주중앙청과,20260825,오이,백다다기(오이),10 kg 박스,,,,9000,,,,trade
광주각화,광주중앙청과,20260825,오이,백다다기(오이),10 kg 박스,,,,32500,,,,trade
광주각화,광주중앙청과,20260825,오이,백다다기(오이),10 kg 박스,,,,36000,,,,trade
광주각화,광주중앙청과,20260825,오이,백다다기(오이),10 kg 박스,,,,12000,,,,trade
광주각화,광주중앙청과,20260825,오이,백다다기(오이),10 kg 박스,,,,26000,,,,trade
광주각화,광주중앙청과,20260825,오이,백다다기(오이),10 kg 박스,,,,33500,,,,trade
광주각화,광주중앙청과,20260825,오이,백다다기(오이),10 kg 박스,,,,16500,,,,trade
광주각화,광주중앙청과,20260825,오이,백다다기(오이),10 kg 박스,,,,11000,,,,trade
광주각화,광주중앙청과,20260825,오이,백다다기(오이),10 kg 박스,,,,26000,,,,trade
광주각화,광주중앙청과,20260825,오이,백다다기(오이),10 kg 박스,,,,14500,,,,trade
광주각화,광주중앙청과,20260825,오이,백다다기(오이),10 kg 박스,,,,25000,,,,trade
광주각화,광주중앙청과,20260825,오이,백다다기(오이),10 kg 박스,,,,12500,,,,trade
광주각화,광주중앙청과,20260825,오이,백다다기(오이),10 kg 박스,,,,46000,,,,trade
광주각화,광주중앙청과,20260825,오이,백다다기(오이),10 kg 박스,,,,11000,,,,trade
광주각화,광주중앙청과,20260825,오이,백다다기(오이),10 kg 박스,,,,45000,,,,trade
광주각화,광주중앙청과,20260825,오이,백다다기(오이),10 kg 박스,,,,45000,,,,trade
광주각화,광주중앙청과,20260825,오이,백다다기(오이),10 kg 박스,,,,10000,,,,trade
광주각화,광주중앙청과,20260825,오이,백다다기(오이),10 kg 박스,,,,22000,,,,trade
광주각화,광주중앙청과,20260825,오이,백다다기(오이),10 kg 박스,,,,32000,,,,trade
광주각화,광주중앙청과,20260825,오이,백다다기(오이),10 kg 박스,,,,11000,,,,trade
광주각화,광주중앙청과,20260825,오이,백다다기(오이),10 kg 박스,,,,35500,,,,trade
광주각화,광주중앙청과,20260825,오이,백다다기(오이),10 kg 박스,,,,8500,,,,trade
광주각화,광주중앙청과,20260825,오이,백다다기(오이),10 kg 박스,,,,14500,,,,trade
광주각화,광주중앙청과,20260825,오이,백다다기(오이),10 kg 박스,,,,42000,,,,trade
광주각화,광주중앙청과,20260825,오이,백다다기(오이),10 kg 박스,,,,5500,,,,trade
광주각화,광주중앙청과,20260825,오이,백다다기(오이),10 kg 박스,,,,7000,,,,trade
광주각화,광주중앙청과,20260825,오이,백다다기(오이),10 kg 박스,,,,11500,,,,trade
광주각화,광주중앙청과,20260825,오이,백다다기(오이),10 kg 박스,,,,37000,,,,trade
광주각화,광주중앙청과,20260825,오이,백다다기(오이),10 kg 박스,,,,7500,,,,trade
광주각화,광주중앙청과,20260825,오이,백다다기(오이),10 kg 박스,,,,17500,,,,trade
광주각화,광주중앙청과,20260825,오이,백다다기(오이),10 kg 박스,,,,34000,,,,trade
광주각화,광주중앙청과,20260825,오이,백다다기(오이),10 kg 박스,,,,42500,,,,trade
광주각화,광주중앙청과,20260825,오이,백다다기(오이),10 kg 박스,,,,11000,,,,trade
광주각화,광주중앙청과,20260825,오이,백다다기(오이),10 kg 팰릿,,,,12000,,,,trade
광주각화,광주중앙청과,20260825,오이,백다다기(오이),10 kg 팰릿,,,,31000,,,,trade
광주각화,광주중앙청과,20260825,오이,백다다기(오이),10 kg 팰릿,,,,44500,,,,trade
광주각화,광주중앙청과,20260825,오이,백다다기(오이),18 kg 박스,,,,10000,,,,trade
광주각화,광주중앙청과,20260825,오이,백다다기(오이),18 kg 박스,,,,14000,,,,trade
광주각화,광주중앙청과,20260825,오이,백다다기(오이),18 kg 박스,,,,11000,,,,trade
광주각화,광주중앙청과,20260825,오이,백다다기(오이),18 kg 박스,,,,5000,,,,trade
광주각화,광주중앙청과,20260825,오이,백다다기(오이),18 kg 박스,,,,21000,,,,trade
광주각화,광주중앙청과,20260825,오이,백다다기(오이),18 kg 박스,,,,20000,,,,trade
광주각화,광주중앙청과,20260825,오이,백다다기(오이),18 kg 박스,,,,14000,,,,trade
광주각화,광주중앙청과,20260825,오이,백다다기(오이),18 kg 박스,,,,22000,,,,trade
광주각화,광주중앙청과,20260825,오이,백다다기(오이),18 kg 박스,,,,11000,,,,trade
광주각화,광주중앙청과,20260825,오이,백다다기(오이),18 kg 박스,,,,22000,,,,trade
광주각화,광주중앙청과,20260825,오이,백다다기(오이),18 kg 박스,,,,10000,,,,trade
광주각화,광주중앙청과,20260825,오이,백다다기(오이),18 kg 박스,,,,14000,,,,trade
광주각화,광주중앙청과,20260825,오이,백다다기(오이),18 kg 박스,,,,12000,,,,trade
광주각화,광주중앙청과,20260825,오이,백다다기(오이),21 kg 박스,,,,75000,,,,trade
광주각화,광주중앙청과,20260825,오이,백다다기(오이),21 kg 박스,,,,78000,,,,trade
광주각화,광주중앙청과,20260825,오이,백다다기(오이),21 kg 박스,,,,90000,,,,trade
광주각화,광주중앙청과,20260825,오이,백다다기(오이),21 kg 박스,,,,12000,,,,trade
광주각화,광주중앙청과,20260825,오이,백다다기(오이),21 kg 박스,,,,32000,,,,trade
광주각화,광주중앙청과,20260825,오이,백다다기(오이),21 kg 박스,,,,20000,,,,trade
광주각화,광주중앙청과,20260825,오이,백다다기(오이),21 kg 박스,,,,38000,,,,trade
광주각화,광주중앙청과,20260825,오이,백다다기(오이),21 kg 박스,,,,35000,,,,trade
광주각화,광주중앙청과,20260825,오이,백다다기(오이),21 kg 박스,,,,18000,,,,trade
광주각화,광주중앙청과,20260825,오이,백다다기(오이),21 kg 박스,,,,14000,,,,trade
광주각화,광주중앙청과,20260825,오이,백다다기(오이),21 kg 박스,,,,16000,,,,trade
광주각화,광주중앙청과,20260825,오이,백다다기(오이),21 kg 박스,,,,25000,,,,trade
광주각화,광주중앙청과,20260825,오이,백다다기(오이),21 kg 박스,,,,16000,,,,trade
광주각화,광주중앙청과,20260825,오이,백다다기(오이),21 kg 박스,,,,24000,,,,trade
광주각화,광주중앙청과,20260825,오이,백다다기(오이),21 kg 박스,,,,14000,,,,trade
광주각화,광주중앙청과,20260825,오이,백다다기(오이),21 kg 박스,,,,40000,,,,trade
광주각화,광주중앙청과,20260825,오이,백다다기(오이),21 kg 박스,,,,23000,,,,trade
광주각화,광주중앙청과,20260825,오이,백다다기(오이),21 kg 박스,,,,17000,,,,trade
광주각화,광주중앙청과,20260825,오이,백다다기(오이),21 kg 박스,,,,16000,,,,trade
광주각화,광주중앙청과,20260825,오이,백다다기(오이),21 kg 박스,,,,16000,,,,trade
광주각화,광주중앙청과,20260825,오이,백다다기(오이),21 kg 박스,,,,38000,,,,trade
광주각화,광주중앙청과,20260825,오이,백다다기(오이),21 kg 박스,,,,17000,,,,trade
광주각화,광주중앙청과,20260825,오이,백다다기(오이),21 kg 박스,,,,23000,,,,trade
광주각화,광주중앙청과,20260825,오이,백다다기(오이),21 kg 박스,,,,30000,,,,trade
광주각화,광주중앙청과,20260825,오이,백다다기(오이),21 kg 박스,,,,25000,,,,trade
광주각화,광주중앙청과,20260825,오이,백다다기(오이),21 kg 박스,,,,15000,,,,trade
광주각화,광주중앙청과,20260825,오이,백다다기(오이),21 kg 박스,,,,18000,,,,trade
광주각화,광주중앙청과,20260825,오이,백다다기(오이),21 kg 박스,,,,15000,,,,trade
광주각화,광주중앙청과,20260825,오이,백다다기(오이),21 kg 박스,,,,24000,,,,trade
광주각화,광주중앙청과,20260825,오이,백다다기(오이),21 kg 박스,,,,18000,,,,trade
광주각화,광주중앙청과,20260825,오이,백다다기(오이),21 kg 박스,,,,14000,,,,trade
광주각화,광주중앙청과,20260825,오이,백다다기(오이),21 kg 박스,,,,30000,,,,trade
광주각화,광주중앙청과,20260825,오이,백다다기(오이),21 kg 박스,,,,25000,,,,trade
광주각화,광주중앙청과,20260825,오이,백다다기(오이),21 kg 박스,,,,33000,,,,trade
광주각화,광주중앙청과,20260825,오이,백다다기(오이),21 kg 박스,,,,56000,,,,trade
광주각화,광주중앙청과,20260825,오이,백다다기(오이),21 kg 박스,,,,39000,,,,trade
광주각화,광주중앙청과,20260825,오이,백다다기(오이),21 kg 박스,,,,26000,,,,trade
광주각화,광주중앙청과,20260825,오이,백다다기(오이),21 kg 박스,,,,34000,,,,trade
광주각화,광주중앙청과,20260825,오이,백다다기(오이),21 kg 박스,,,,31000,,,,trade
광주각화,광주중앙청과,20260825,오이,백다다기(오이),21 kg 박스,,,,20000,,,,trade
광주각화,광주중앙청과,20260825,오이,백다다기(오이),21 kg 박스,,,,62000,,,,trade
광주각화,광주중앙청과,20260825,오이,백다다기(오이),21 kg 박스,,,,81000,,,,trade
광주각화,광주중앙청과,20260825,오이,백다다기(오이),21 kg 박스,,,,70000,,,,trade
광주각화,광주중앙청과,20260825,오이,백다다기(오이),21 kg 박스,,,,48000,,,,trade
광주각화,광주중앙청과,20260825,오이,백다다기(오이),21 kg 박스,,,,70000,,,,trade
광주각화,광주중앙청과,20260825,오이,백다다기(오이),21 kg 박스,,,,63000,,,,trade
광주각화,광주중앙청과,20260825,오이,백다다기(오이),21 kg 박스,,,,63000,,,,trade
광주각화,광주중앙청과,20260825,오이,백다다기(오이),21 kg 박스,,,,68000,,,,trade
광주각화,광주중앙청과,20260825,오이,백다다기(오이),21 kg 박스,,,,85000,,,,trade
광주각화,광주중앙청과,20260825,오이,백다다기(오이),21 kg 박스,,,,70000,,,,trade
광주각화,광주중앙청과,20260825,오이,백다다기(오이),21 kg 박스,,,,75000,,,,trade
광주각화,광주중앙청과,20260825,오이,백다다기(오이),21 kg 박스,,,,74000,,,,trade
광주각화,광주중앙청과,20260825,오이,백다다기(오이),21 kg 박스,,,,74000,,,,trade
광주각화,광주중앙청과,20260825,오이,백다다기(오이),21 kg 박스,,,,78000,,,,trade
광주각화,광주중앙청과,20260825,오이,백다다기(오이),21 kg 박스,,,,75000,,,,trade
광주각화,광주중앙청과,20260825,오이,백다다기(오이),21 kg 박스,,,,70000,,,,trade
광주각화,광주중앙청과,20260825,오이,백다다기(오이),21 kg 박스,,,,67000,,,,trade
광주각화,광주중앙청과,20260825,오이,백다다기(오이),21 kg 박스,,,,65000,,,,trade
광주각화,광주중앙청과,20260825,오이,백다다기(오이),21 kg 박스,,,,80000,,,,trade
광주각화,광주중앙청과,20260825,오이,백다다기(오이),21 kg 박스,,,,60000,,,,trade
광주각화,광주중앙청과,20260825,오이,백다다기(오이),21 kg 박스,,,,71000,,,,trade
광주각화,광주중앙청과,20260825,오이,백다다기(오이),21 kg 박스,,,,80000,,,,trade
광주각화,광주중앙청과,20260825,오이,백다다기(오이),21 kg 박스,,,,65000,,,,trade
광주각화,광주중앙청과,20260825,오이,백다다기(오이),21 kg 박스,,,,64000,,,,trade
광주각화,광주중앙청과,20260825,오이,백다다기(오이),21 kg 팰릿,,,,45000,,,,trade
광주각화,광주중앙청과,20260825,오이,백다다기(오이),21 kg 팰릿,,,,68000,,,,trade
광주각화,광주중앙청과,20260825,오이,백다다기(오이),21 kg 팰릿,,,,73000,,,,trade
광주각화,광주중앙청과,20260825,오이,백다다기(오이),10kg,,,,,4000,46000,26084,grade_agg
광주각화,광주중앙청과,20260825,오이,백다다기(오이),18kg,,,,,5000,22000,14378,grade_agg
광주각화,광주중앙청과,20260825,오이,백다다기(오이),21kg,,,,,12000,90000,56164,grade_agg
광주각화,광주중앙청과,20260827,오이,백다다기(오이),10 kg 박스,,,,17500,,,,trade
광주각화,광주중앙청과,20260827,오이,백다다기(오이),10 kg 박스,,,,35500,,,,trade
광주각화,광주중앙청과,20260827,오이,백다다기(오이),10 kg 박스,,,,26500,,,,trade
광주각화,광주중앙청과,20260827,오이,백다다기(오이),10 kg 박스,,,,15500,,,,trade
광주각화,광주중앙청과,20260827,오이,백다다기(오이),10 kg 박스,,,,10000,,,,trade
광주각화,광주중앙청과,20260827,오이,백다다기(오이),10 kg 박스,,,,17500,,,,trade
광주각화,광주중앙청과,20260827,오이,백다다기(오이),10 kg 박스,,,,18500,,,,trade
광주각화,광주중앙청과,20260827,오이,백다다기(오이),10 kg 박스,,,,26000,,,,trade
광주각화,광주중앙청과,20260827,오이,백다다기(오이),10 kg 박스,,,,13000,,,,trade
광주각화,광주중앙청과,20260827,오이,백다다기(오이),10 kg 박스,,,,25000,,,,trade
광주각화,광주중앙청과,20260827,오이,백다다기(오이),10 kg 박스,,,,10000,,,,trade
광주각화,광주중앙청과,20260827,오이,백다다기(오이),10 kg 박스,,,,21000,,,,trade
광주각화,광주중앙청과,20260827,오이,백다다기(오이),10 kg 박스,,,,5500,,,,trade
광주각화,광주중앙청과,20260827,오이,백다다기(오이),10 kg 박스,,,,8000,,,,trade
광주각화,광주중앙청과,20260827,오이,백다다기(오이),10 kg 박스,,,,23500,,,,trade
광주각화,광주중앙청과,20260827,오이,백다다기(오이),10 kg 박스,,,,9000,,,,trade
광주각화,광주중앙청과,20260827,오이,백다다기(오이),10 kg 박스,,,,9000,,,,trade
광주각화,광주중앙청과,20260827,오이,백다다기(오이),10 kg 박스,,,,26500,,,,trade
광주각화,광주중앙청과,20260827,오이,백다다기(오이),10 kg 박스,,,,11000,,,,trade
광주각화,광주중앙청과,20260827,오이,백다다기(오이),10 kg 박스,,,,23500,,,,trade
광주각화,광주중앙청과,20260827,오이,백다다기(오이),10 kg 박스,,,,20000,,,,trade
광주각화,광주중앙청과,20260827,오이,백다다기(오이),10 kg 박스,,,,11000,,,,trade
광주각화,광주중앙청과,20260827,오이,백다다기(오이),10 kg 박스,,,,17000,,,,trade
광주각화,광주중앙청과,20260827,오이,백다다기(오이),10 kg 박스,,,,7000,,,,trade
광주각화,광주중앙청과,20260827,오이,백다다기(오이),10 kg 박스,,,,12000,,,,trade
광주각화,광주중앙청과,20260827,오이,백다다기(오이),10 kg 박스,,,,11000,,,,trade
광주각화,광주중앙청과,20260827,오이,백다다기(오이),10 kg 박스,,,,19000,,,,trade
광주각화,광주중앙청과,20260827,오이,백다다기(오이),10 kg 박스,,,,26000,,,,trade
광주각화,광주중앙청과,20260827,오이,백다다기(오이),10 kg 박스,,,,21500,,,,trade
광주각화,광주중앙청과,20260827,오이,백다다기(오이),10 kg 박스,,,,10000,,,,trade
광주각화,광주중앙청과,20260827,오이,백다다기(오이),10 kg 박스,,,,19000,,,,trade
광주각화,광주중앙청과,20260827,오이,백다다기(오이),10 kg 박스,,,,3500,,,,trade
광주각화,광주중앙청과,20260827,오이,백다다기(오이),10 kg 박스,,,,6500,,,,trade
광주각화,광주중앙청과,20260827,오이,백다다기(오이),10 kg 박스,,,,15000,,,,trade
광주각화,광주중앙청과,20260827,오이,백다다기(오이),10 kg 박스,,,,4500,,,,trade
광주각화,광주중앙청과,20260827,오이,백다다기(오이),10 kg 박스,,,,22000,,,,trade
광주각화,광주중앙청과,20260827,오이,백다다기(오이),10 kg 박스,,,,8000,,,,trade
광주각화,광주중앙청과,20260827,오이,백다다기(오이),10 kg 박스,,,,33000,,,,trade
광주각화,광주중앙청과,20260827,오이,백다다기(오이),10 kg 박스,,,,9500,,,,trade
광주각화,광주중앙청과,20260827,오이,백다다기(오이),10 kg 박스,,,,11000,,,,trade
광주각화,광주중앙청과,20260827,오이,백다다기(오이),10 kg 박스,,,,10000,,,,trade
광주각화,광주중앙청과,20260827,오이,백다다기(오이),10 kg 박스,,,,24000,,,,trade
광주각화,광주중앙청과,20260827,오이,백다다기(오이),10 kg 박스,,,,7500,,,,trade
광주각화,광주중앙청과,20260827,오이,백다다기(오이),10 kg 박스,,,,28500,,,,trade
광주각화,광주중앙청과,20260827,오이,백다다기(오이),10 kg 박스,,,,9000,,,,trade
광주각화,광주중앙청과,20260827,오이,백다다기(오이),10 kg 박스,,,,22000,,,,trade
광주각화,광주중앙청과,20260827,오이,백다다기(오이),10 kg 박스,,,,12000,,,,trade
광주각화,광주중앙청과,20260827,오이,백다다기(오이),10 kg 박스,,,,13500,,,,trade
광주각화,광주중앙청과,20260827,오이,백다다기(오이),10 kg 박스,,,,11000,,,,trade
광주각화,광주중앙청과,20260827,오이,백다다기(오이),10 kg 박스,,,,15500,,,,trade
광주각화,광주중앙청과,20260827,오이,백다다기(오이),10 kg 박스,,,,29000,,,,trade
광주각화,광주중앙청과,20260827,오이,백다다기(오이),10 kg 박스,,,,43000,,,,trade
광주각화,광주중앙청과,20260827,오이,백다다기(오이),10 kg 박스,,,,7000,,,,trade
광주각화,광주중앙청과,20260827,오이,백다다기(오이),10 kg 박스,,,,20000,,,,trade
광주각화,광주중앙청과,20260827,오이,백다다기(오이),10 kg 박스,,,,6000,,,,trade
광주각화,광주중앙청과,20260827,오이,백다다기(오이),10 kg 박스,,,,12000,,,,trade
광주각화,광주중앙청과,20260827,오이,백다다기(오이),10 kg 박스,,,,16000,,,,trade
광주각화,광주중앙청과,20260827,오이,백다다기(오이),10 kg 박스,,,,41000,,,,trade
광주각화,광주중앙청과,20260827,오이,백다다기(오이),10 kg 박스,,,,33000,,,,trade
광주각화,광주중앙청과,20260827,오이,백다다기(오이),10 kg 박스,,,,9000,,,,trade
광주각화,광주중앙청과,20260827,오이,백다다기(오이),10 kg 박스,,,,11500,,,,trade
광주각화,광주중앙청과,20260827,오이,백다다기(오이),10 kg 박스,,,,26000,,,,trade
광주각화,광주중앙청과,20260827,오이,백다다기(오이),10 kg 박스,,,,15000,,,,trade
광주각화,광주중앙청과,20260827,오이,백다다기(오이),10 kg 박스,,,,30000,,,,trade
광주각화,광주중앙청과,20260827,오이,백다다기(오이),10 kg 박스,,,,32000,,,,trade
광주각화,광주중앙청과,20260827,오이,백다다기(오이),10 kg 박스,,,,6000,,,,trade
광주각화,광주중앙청과,20260827,오이,백다다기(오이),10 kg 박스,,,,12000,,,,trade
광주각화,광주중앙청과,20260827,오이,백다다기(오이),10 kg 박스,,,,45500,,,,trade
광주각화,광주중앙청과,20260827,오이,백다다기(오이),10 kg 박스,,,,11000,,,,trade
광주각화,광주중앙청과,20260827,오이,백다다기(오이),10 kg 박스,,,,15000,,,,trade
광주각화,광주중앙청과,20260827,오이,백다다기(오이),10 kg 박스,,,,31000,,,,trade
광주각화,광주중앙청과,20260827,오이,백다다기(오이),10 kg 박스,,,,9000,,,,trade
광주각화,광주중앙청과,20260827,오이,백다다기(오이),10 kg 박스,,,,14000,,,,trade
광주각화,광주중앙청과,20260827,오이,백다다기(오이),10 kg 박스,,,,36000,,,,trade
광주각화,광주중앙청과,20260827,오이,백다다기(오이),10 kg 박스,,,,29000,,,,trade
광주각화,광주중앙청과,20260827,오이,백다다기(오이),10 kg 박스,,,,17000,,,,trade
광주각화,광주중앙청과,20260827,오이,백다다기(오이),10 kg 박스,,,,44000,,,,trade
광주각화,광주중앙청과,20260827,오이,백다다기(오이),10 kg 박스,,,,34500,,,,trade
광주각화,광주중앙청과,20260827,오이,백다다기(오이),10 kg 박스,,,,9000,,,,trade
광주각화,광주중앙청과,20260827,오이,백다다기(오이),10 kg 박스,,,,16000,,,,trade
광주각화,광주중앙청과,20260827,오이,백다다기(오이),10 kg 박스,,,,41000,,,,trade
광주각화,광주중앙청과,20260827,오이,백다다기(오이),10 kg 박스,,,,28500,,,,trade
광주각화,광주중앙청과,20260827,오이,백다다기(오이),10 kg 박스,,,,36000,,,,trade
광주각화,광주중앙청과,20260827,오이,백다다기(오이),10 kg 박스,,,,12500,,,,trade
광주각화,광주중앙청과,20260827,오이,백다다기(오이),10 kg 박스,,,,16000,,,,trade
광주각화,광주중앙청과,20260827,오이,백다다기(오이),10 kg 팰릿,,,,22000,,,,trade
광주각화,광주중앙청과,20260827,오이,백다다기(오이),10 kg 팰릿,,,,46500,,,,trade
광주각화,광주중앙청과,20260827,오이,백다다기(오이),10 kg 팰릿,,,,28500,,,,trade
광주각화,광주중앙청과,20260827,오이,백다다기(오이),18 kg 박스,,,,17000,,,,trade
광주각화,광주중앙청과,20260827,오이,백다다기(오이),18 kg 박스,,,,18000,,,,trade
광주각화,광주중앙청과,20260827,오이,백다다기(오이),18 kg 박스,,,,24000,,,,trade
광주각화,광주중앙청과,20260827,오이,백다다기(오이),18 kg 박스,,,,12000,,,,trade
광주각화,광주중앙청과,20260827,오이,백다다기(오이),18 kg 박스,,,,28000,,,,trade
광주각화,광주중앙청과,20260827,오이,백다다기(오이),18 kg 박스,,,,21000,,,,trade
광주각화,광주중앙청과,20260827,오이,백다다기(오이),18 kg 박스,,,,18000,,,,trade
광주각화,광주중앙청과,20260827,오이,백다다기(오이),18 kg 박스,,,,13000,,,,trade
광주각화,광주중앙청과,20260827,오이,백다다기(오이),18 kg 박스,,,,22000,,,,trade
광주각화,광주중앙청과,20260827,오이,백다다기(오이),18 kg 박스,,,,12000,,,,trade
광주각화,광주중앙청과,20260827,오이,백다다기(오이),18 kg 팰릿,,,,22000,,,,trade
광주각화,광주중앙청과,20260827,오이,백다다기(오이),21 kg 박스,,,,13000,,,,trade
광주각화,광주중앙청과,20260827,오이,백다다기(오이),21 kg 박스,,,,88000,,,,trade
광주각화,광주중앙청과,20260827,오이,백다다기(오이),21 kg 박스,,,,40000,,,,trade
광주각화,광주중앙청과,20260827,오이,백다다기(오이),21 kg 박스,,,,37000,,,,trade
광주각화,광주중앙청과,20260827,오이,백다다기(오이),21 kg 박스,,,,35000,,,,trade
광주각화,광주중앙청과,20260827,오이,백다다기(오이),21 kg 박스,,,,33000,,,,trade
광주각화,광주중앙청과,20260827,오이,백다다기(오이),21 kg 박스,,,,12000,,,,trade
광주각화,광주중앙청과,20260827,오이,백다다기(오이),21 kg 박스,,,,25000,,,,trade
광주각화,광주중앙청과,20260827,오이,백다다기(오이),21 kg 박스,,,,35000,,,,trade
광주각화,광주중앙청과,20260827,오이,백다다기(오이),21 kg 박스,,,,18000,,,,trade
광주각화,광주중앙청과,20260827,오이,백다다기(오이),21 kg 박스,,,,17000,,,,trade
광주각화,광주중앙청과,20260827,오이,백다다기(오이),21 kg 박스,,,,12000,,,,trade
광주각화,광주중앙청과,20260827,오이,백다다기(오이),21 kg 박스,,,,28000,,,,trade
광주각화,광주중앙청과,20260827,오이,백다다기(오이),21 kg 박스,,,,22000,,,,trade
광주각화,광주중앙청과,20260827,오이,백다다기(오이),21 kg 박스,,,,24000,,,,trade
광주각화,광주중앙청과,20260827,오이,백다다기(오이),21 kg 박스,,,,28000,,,,trade
광주각화,광주중앙청과,20260827,오이,백다다기(오이),21 kg 박스,,,,23000,,,,trade
광주각화,광주중앙청과,20260827,오이,백다다기(오이),21 kg 박스,,,,16000,,,,trade
광주각화,광주중앙청과,20260827,오이,백다다기(오이),21 kg 박스,,,,28000,,,,trade
광주각화,광주중앙청과,20260827,오이,백다다기(오이),21 kg 박스,,,,22000,,,,trade
광주각화,광주중앙청과,20260827,오이,백다다기(오이),21 kg 박스,,,,14000,,,,trade
광주각화,광주중앙청과,20260827,오이,백다다기(오이),21 kg 박스,,,,16000,,,,trade
광주각화,광주중앙청과,20260827,오이,백다다기(오이),21 kg 박스,,,,24000,,,,trade
광주각화,광주중앙청과,20260827,오이,백다다기(오이),21 kg 박스,,,,18000,,,,trade
광주각화,광주중앙청과,20260827,오이,백다다기(오이),21 kg 박스,,,,24000,,,,trade
광주각화,광주중앙청과,20260827,오이,백다다기(오이),21 kg 박스,,,,14000,,,,trade
광주각화,광주중앙청과,20260827,오이,백다다기(오이),21 kg 박스,,,,22000,,,,trade
광주각화,광주중앙청과,20260827,오이,백다다기(오이),21 kg 박스,,,,20000,,,,trade
광주각화,광주중앙청과,20260827,오이,백다다기(오이),21 kg 박스,,,,60000,,,,trade
광주각화,광주중앙청과,20260827,오이,백다다기(오이),21 kg 박스,,,,14000,,,,trade
광주각화,광주중앙청과,20260827,오이,백다다기(오이),21 kg 박스,,,,29000,,,,trade
광주각화,광주중앙청과,20260827,오이,백다다기(오이),21 kg 박스,,,,28000,,,,trade
광주각화,광주중앙청과,20260827,오이,백다다기(오이),21 kg 박스,,,,24000,,,,trade
광주각화,광주중앙청과,20260827,오이,백다다기(오이),21 kg 박스,,,,72000,,,,trade
광주각화,광주중앙청과,20260827,오이,백다다기(오이),21 kg 박스,,,,78000,,,,trade
광주각화,광주중앙청과,20260827,오이,백다다기(오이),21 kg 박스,,,,82000,,,,trade
광주각화,광주중앙청과,20260827,오이,백다다기(오이),21 kg 박스,,,,78000,,,,trade
광주각화,광주중앙청과,20260827,오이,백다다기(오이),21 kg 박스,,,,78000,,,,trade
광주각화,광주중앙청과,20260827,오이,백다다기(오이),21 kg 박스,,,,85000,,,,trade
광주각화,광주중앙청과,20260827,오이,백다다기(오이),21 kg 박스,,,,53000,,,,trade
광주각화,광주중앙청과,20260827,오이,백다다기(오이),21 kg 박스,,,,60000,,,,trade
광주각화,광주중앙청과,20260827,오이,백다다기(오이),21 kg 박스,,,,65000,,,,trade
광주각화,광주중앙청과,20260827,오이,백다다기(오이),21 kg 박스,,,,68000,,,,trade
광주각화,광주중앙청과,20260827,오이,백다다기(오이),21 kg 박스,,,,72000,,,,trade
광주각화,광주중앙청과,20260827,오이,백다다기(오이),21 kg 박스,,,,62000,,,,trade
광주각화,광주중앙청과,20260827,오이,백다다기(오이),21 kg 박스,,,,55000,,,,trade
광주각화,광주중앙청과,20260827,오이,백다다기(오이),21 kg 박스,,,,55000,,,,trade
광주각화,광주중앙청과,20260827,오이,백다다기(오이),21 kg 박스,,,,63000,,,,trade
광주각화,광주중앙청과,20260827,오이,백다다기(오이),21 kg 박스,,,,60000,,,,trade
광주각화,광주중앙청과,20260827,오이,백다다기(오이),21 kg 박스,,,,63000,,,,trade
광주각화,광주중앙청과,20260827,오이,백다다기(오이),21 kg 박스,,,,73000,,,,trade
광주각화,광주중앙청과,20260827,오이,백다다기(오이),21 kg 박스,,,,74000,,,,trade
광주각화,광주중앙청과,20260827,오이,백다다기(오이),21 kg 박스,,,,72000,,,,trade
광주각화,광주중앙청과,20260827,오이,백다다기(오이),21 kg 박스,,,,82000,,,,trade
광주각화,광주중앙청과,20260827,오이,백다다기(오이),21 kg 박스,,,,65000,,,,trade
광주각화,광주중앙청과,20260827,오이,백다다기(오이),21 kg 박스,,,,65000,,,,trade
광주각화,광주중앙청과,20260827,오이,백다다기(오이),21 kg 박스,,,,72000,,,,trade
광주각화,광주중앙청과,20260827,오이,백다다기(오이),21 kg 박스,,,,41000,,,,trade
광주각화,광주중앙청과,20260827,오이,백다다기(오이),21 kg 팰릿,,,,78000,,,,trade
광주각화,광주중앙청과,20260827,오이,백다다기(오이),10kg,,,,,3500,46500,25999,grade_agg
광주각화,광주중앙청과,20260827,오이,백다다기(오이),18kg,,,,,12000,28000,19519,grade_agg
광주각화,광주중앙청과,20260827,오이,백다다기(오이),21kg,,,,,12000,88000,55182,grade_agg
